,face_baseline,face_kde,face_eps,bayesace_nf_v0,bayesace_clg_v0
0,4.435086320850582,6.6101163910682486,6.497103630014633,3.8946856140169497,4.705230695721447
