,face_baseline,face_kde,face_eps,bayesace_nf_v0,bayesace_clg_v0
0,0.9041834224331349,0.9048125642010706,3.02504469520405,0.8352494255879923,1.1919521478508197
