,face_baseline,face_kde,face_eps,bayesace_nf_v0,bayesace_clg_v0
0,,5.162710855512785,6.56524883803189,4.515780671407747,5.552215444222244
