age,MonthlyIncome,NumberOfOpenCreditLinesAndLoans,NumberRealEstateLoansOrLines,SeriousDlqin2yrs
-0.41129366,0.8559911,1.0893749,-0.80389756,1
-0.8490749,-0.6316406,-0.036112983,1.0249897,0
0.96909285,-0.084003,-0.5002628,0.8534141,0
-1.322217,-0.5172618,-0.40420356,-0.51871264,1
0.8125,-0.1495251,1.3495057,2.1749108,1
0.13361195,0.038008645,-1.0942497,-0.57504386,0
1.1586179,-0.042502508,-1.362912,-0.65539324,0
0.5224453,0.73918456,1.3163452,0.05002739,1
0.54540646,-0.6319682,-0.2730458,-0.4122337,0
-0.55904317,1.6681044,-1.7159339,0.1013865,0
1.9250658,-0.4417302,-0.64063203,-0.31155035,0
0.56389755,-0.43181574,1.826888,0.65853345,1
0.74362016,0.006946318,-0.2532347,-0.7669767,1
-1.2839622,-0.25032288,-0.15197125,0.27707863,0
0.09222561,-0.66925436,-0.19440335,-0.6358422,1
0.12277728,0.24897493,0.10518,0.6500703,1
0.79337066,0.97129846,1.009937,-0.59471536,1
0.69137806,0.032695405,-0.8762593,-0.62531435,1
-1.4898479,-0.7772073,-0.41322288,-0.7127402,0
1.3368206,-0.31314272,-1.454977,0.5649309,0
0.85388553,-0.307392,-0.43163574,-0.24629818,0
1.7925457,-0.5648499,-0.21407914,-0.7936155,0
-1.6580362,-0.40117884,-0.7186419,-0.79777575,1
0.02626814,-0.62713027,-0.8685388,-0.705747,1
-0.17280628,-0.657467,0.17316511,-0.036074854,0
1.3041601,2.9589021,-0.53416955,0.16632749,1
0.16823027,0.10267848,0.9210732,-0.9991763,1
0.786463,-0.04620511,-0.773312,0.5899489,0
-1.3994575,-0.11474654,-0.32877064,0.032917004,1
-0.6395768,0.37406912,-0.31860173,0.6724376,0
-0.6474595,-0.84100354,-0.28347346,-1.0779226,1
0.13699344,-0.18784568,0.6648078,1.5021138,1
-0.32651192,0.105071105,0.77507293,0.96721333,1
0.1352289,0.29720116,0.28261787,0.56008375,1
-0.9161021,-0.15707716,0.22021191,-0.100183696,1
-0.93635464,-0.20732915,-1.07175,-0.85491854,1
-0.70585275,0.5399887,0.80797875,-0.447397,1
1.1349509,0.1941902,2.7200422,0.9244751,1
-0.69696873,-0.38423374,-0.6542336,-0.8669117,1
1.1417712,-0.2627318,-0.1791414,-0.88588285,0
-0.2806046,0.45878953,1.1913369,0.24980943,0
0.8145853,0.69331926,-1.1766409,-0.63166875,1
1.7520341,0.9539218,0.6359765,1.0564075,1
0.5532736,-0.52466154,-0.058442492,-0.020075727,0
0.6573315,-0.060342968,0.50065696,1.3869761,0
-0.4063331,-0.015770346,0.118112445,0.57712626,1
-1.4625839,-0.29070747,-0.9971884,-0.5905152,0
-1.3033155,-0.03670828,-1.1876111,-1.092357,1
1.1977952,0.092747875,-0.102733225,0.1082567,0
-0.85462236,-0.20892122,-1.0821251,0.8708431,1
-0.39712915,1.1921525,1.0193303,0.809505,0
0.093676865,0.1905558,0.5415188,1.1458714,0
0.87231547,-0.6612259,0.42519605,0.7005121,0
0.20600447,-0.5648229,-0.26705196,-0.9261031,1
-0.29898277,0.41409075,0.05739378,-0.09843815,0
-0.63298523,0.31932878,0.20762587,-0.785393,1
-0.93039465,-0.7422821,-0.4697756,-0.61430883,0
1.2202799,0.88345784,3.143371,1.6674507,1
0.66176116,-0.4240536,1.3504097,-0.32950282,0
-2.0085535,-0.4187551,-1.3710215,-0.8499052,1
-0.77503955,-0.5501582,-1.0815681,-0.7417065,1
-1.2666163,-0.3046411,-1.2448028,-0.77568746,0
-2.164722,0.7529509,0.78080857,-0.73064625,1
0.20146489,-0.54323506,0.28953516,-0.2197771,1
0.8365995,0.012944505,-0.3678667,-0.29717746,0
1.4782059,-0.05890453,-1.109834,-0.158652,0
-1.4003122,-0.56762755,-1.5367343,-0.7781934,1
-0.3461391,-0.4584208,0.90359086,0.5268357,1
-0.2320505,0.6714288,1.3182521,1.1969038,0
0.54861826,-0.30510098,-0.27648574,0.9743781,0
-1.2123898,-0.5393508,-0.9463153,1.3267794,1
-1.5520408,-0.748302,-0.2602998,-0.699177,1
2.7290113,-0.4155765,0.0934945,-0.841386,0
-0.57550657,0.12267399,1.9079732,0.7298254,1
1.1960485,0.24489287,-0.07921097,0.54688734,0
-0.21830821,-0.96549726,-0.06032276,0.48330435,0
-1.7470385,-0.36529803,0.15805109,-1.07104,1
1.638138,-0.48897395,1.4110023,-0.8234116,0
-0.44247413,0.6806119,-0.9121002,-1.1248014,0
-0.8123483,-0.32100898,1.1602354,0.7578273,1
0.26389664,1.6867263,2.3527997,2.2642872,0
-0.003878869,0.63535327,-0.09828606,0.6575011,0
2.6570723,-0.05070746,0.23995423,0.03600863,0
0.14949858,0.6236278,2.2049453,0.71933967,1
0.9761811,-0.13759716,1.1387749,1.3800821,1
0.46331328,-0.13800892,-0.8151446,-0.16347359,0
-0.011309467,0.87222075,-0.79597485,0.85115516,1
0.25172752,-0.8392654,-0.23340759,0.18688795,0
-0.11176015,0.41088322,1.0853163,0.0971079,0
1.2021188,0.3285803,4.2761374,-0.2877333,0
-0.036573157,0.05436653,0.0049265847,-0.2814824,1
-1.6184999,-0.44368365,0.23949985,-1.028512,1
1.4165814,-0.3648111,-0.9451394,-1.2873222,0
0.7700686,0.8574032,3.2006354,-0.40913156,0
0.2973012,6.7849455,-0.9130768,-0.80580854,0
1.5702708,-1.0092273,-0.32661638,-0.23888384,0
-0.40739936,0.6239942,0.4616491,0.31299314,0
0.11034115,3.1640973,-0.5270366,-0.4753752,0
-1.5464319,-0.19374092,-0.4401391,-0.08245328,1
-0.66373533,-0.323763,-0.49732572,0.05104993,0
0.19980149,-0.105724126,-0.66717917,-0.53126967,1
-1.4015182,-0.16742194,0.26805574,-0.5203517,1
2.483513,-1.1247897,-0.06948912,-0.5388688,0
0.26774335,-0.37657928,-0.604491,-0.9123688,1
0.18981293,1.0942478,-0.12884447,0.88116693,0
-0.23111674,-0.8160084,-0.7162095,0.7613153,0
-1.5585965,-0.74297565,-0.5134271,-0.94710505,0
-0.41154948,-0.47607952,-0.4247281,0.104484215,0
-0.06810835,-0.30294576,0.24506898,-0.909969,0
1.0892626,-0.23604932,-0.08417568,0.15433747,0
0.5422148,-0.43948832,-0.12178473,1.1747781,1
-1.2301971,-0.4207259,0.88593465,1.548477,1
-0.016448416,1.2468665,-0.71247584,0.7473992,0
0.49046263,-0.46658254,-0.28981167,0.606261,0
0.20251608,0.14465734,-0.7980423,-0.019403256,1
-0.18935274,-0.087866716,1.8089101,-0.083434954,0
0.18620487,0.41937104,-0.36790356,0.755118,0
-0.34346125,-0.80108,0.16779286,0.39237717,0
-0.3275613,-0.47333825,-2.0131423,-0.8655281,0
1.6700857,1.3886169,2.2458494,2.275522,0
0.6016154,-0.45107603,2.0129948,1.4657389,1
-1.2712297,0.35089928,1.2385862,-0.5455644,0
1.1314344,-0.71726096,0.030917682,-0.32314885,0
0.915691,-0.025701057,0.2136327,-0.402318,0
-0.40040177,0.549091,-0.17243823,-0.717433,0
1.2387477,-0.48509064,-0.41158232,-0.09081242,0
0.55873275,0.2299707,-0.36272523,-0.8345257,0
0.36258736,1.0208069,-0.4188463,0.7715773,0
0.95555997,0.18885523,2.3739724,-0.79811627,1
-1.4822501,-0.012261584,-1.0995381,-0.13578254,1
0.9039923,-0.32726175,-0.07963729,-1.2338786,1
-0.5479303,-0.43762794,-0.11400749,0.5674329,1
-1.0889038,-0.11014588,1.3009931,0.9836841,1
2.0152562,-0.070394546,1.1777594,-0.95132947,0
-0.88327885,0.28313255,0.37870774,0.7586494,1
-0.61814016,0.024194665,1.1016346,0.65618944,1
-1.7647632,-0.8046168,-1.2686584,-0.6713717,1
-0.16024885,-1.2398266,-0.6576271,-0.16354465,0
0.9043433,0.58838075,-0.2465243,-0.15358843,0
0.9373793,0.1669234,0.33192414,0.16447034,0
-1.2512684,1.0425452,-0.13648115,0.8311234,0
0.22182569,-0.6990022,-1.0061705,-0.5692748,0
0.29610604,0.61504143,-0.2757986,0.8515085,0
-1.3063196,-0.6806956,-0.554652,-0.64940864,1
0.10424584,-0.6211006,-1.4058391,-0.82262284,1
-1.6483967,-1.0487207,-0.82286096,-0.5944317,1
0.58765244,-0.4819984,1.3350794,-0.19694707,0
-2.1236496,-0.93695825,-0.9410276,-0.9033145,0
-0.8046712,-0.47742012,-0.9245959,-0.40960035,1
-0.64176816,-0.16475022,-0.38388097,0.019031625,0
-0.7943429,-0.17363349,-0.02297879,0.08185986,1
0.6731625,0.00089007616,1.4404746,1.8706492,1
-1.9624615,-0.18969329,-1.7813296,-0.75704914,1
0.5081818,-0.4744501,-1.5812184,-0.850321,1
-1.4135818,0.16463993,0.05840943,0.76345015,0
0.22179179,-0.49776673,0.15215334,-0.17716992,1
-0.8913293,-0.58520824,-0.86272824,-1.0078917,1
-1.4611483,-0.31704497,-0.88791275,-1.080791,1
1.0027914,9.13247,-1.7062926,0.083145455,0
0.19555154,-0.007282747,1.3576803,1.4576865,0
-1.9801931,0.0775273,-0.3741956,-0.45885152,0
0.77000505,1.4042975,-0.41604355,0.5061265,0
0.3041366,-0.16532885,-1.3802524,0.30506998,1
0.8823438,0.7832799,0.12340961,0.05056875,0
2.522984,-0.48819092,0.10201194,-0.78280646,1
-0.9405007,-0.8331008,-1.8145938,-1.0239352,1
0.94336,-0.057735883,-0.42326248,0.07800518,0
0.7966778,1.3232154,2.3557363,-0.034970626,1
-0.82714486,-0.069466785,0.4676801,2.5900745,1
-0.48620433,-0.29347622,0.2643403,0.086444095,0
0.60934544,0.32071403,-0.53012466,0.19862704,0
-0.54355556,0.18312666,0.43205696,-0.8520137,0
-0.7367353,-0.76948285,0.73532003,-1.2684366,1
1.2625228,-0.28510356,-0.4606299,0.66494244,0
1.2741903,0.9069922,0.9753536,0.6135893,1
-2.0636327,-1.1348871,-1.4249622,-0.57341415,0
0.36271626,-0.123387605,0.38990974,1.1064591,0
-0.033306137,0.62512493,0.011033468,0.29150403,0
-0.7673285,4.353931,0.19962831,0.9871255,1
-0.120955124,0.23541526,-0.02824971,1.0594465,1
0.3864772,0.5696748,0.6548182,0.7869331,1
1.1550028,0.3395158,1.2257711,0.65887403,1
-1.6892142,-0.049351394,0.12233491,-0.57907104,1
-1.6854676,-0.3416225,-0.8425375,-0.88568914,1
0.019233346,-0.13939428,0.88985527,-0.11409277,1
-0.6178397,-0.10010632,-1.2961609,-1.0877601,1
0.07109344,-0.29836938,0.8703311,0.3626799,1
-0.8721911,-0.72671086,-1.0275192,-0.69833773,1
-0.65335536,0.55664575,0.22949204,0.6999837,1
0.06301983,-0.12684548,-0.235138,-0.72007036,0
0.8037952,-0.9049599,-0.18714237,-0.49042988,0
-1.9758315,-0.7767098,-1.4303963,-0.9040453,0
-0.75763863,-0.11653009,-0.6270318,-0.6620441,0
0.45943928,0.12589073,-0.34271067,-0.41359928,1
-1.613499,-0.084263995,-0.5432239,-0.8089848,0
0.68087465,0.9074759,0.10480869,-0.21087895,0
-0.16412032,-0.339325,0.2172275,0.111528516,0
-1.034523,-0.061164334,-0.042877674,0.1365235,1
1.6827819,-0.42865062,-0.6924514,-0.6760871,0
2.1137383,-0.54714304,1.2255106,1.0242693,0
0.4308544,0.73424804,-0.25175595,1.5601593,1
1.6482362,-0.4594444,0.54714525,-0.81306624,0
0.24671513,-0.39936286,0.052020572,-0.9050598,0
-0.1862309,-0.92917985,-0.39923492,-0.2689452,1
0.024978876,0.9412378,-0.40767553,0.4512602,0
-0.6028096,-0.31432542,-1.0477831,0.36142662,0
-0.21516518,0.26147473,0.96726084,-0.30470443,0
0.1534628,-0.47477815,1.4749627,1.4339746,0
-1.4986047,-0.71592987,-0.68945587,-1.0500735,1
0.95804715,-0.69594705,-0.72324026,0.7415977,0
-1.292771,-1.3119489,-0.48304975,-0.52265435,0
-0.012311794,-0.54411423,0.41899788,0.07293126,1
0.8907132,0.20285171,0.15311155,1.4965072,0
0.21894419,-0.115265116,3.0286832,0.98310006,1
0.7222508,-0.34673262,0.38641483,0.5160316,0
1.2117815,-1.0184299,-0.27217177,1.4885422,0
3.3350415,-0.4618817,-1.3100977,-0.3647803,0
0.58805776,0.2462092,-0.1850745,0.24476387,0
-1.3392551,-1.0479006,-0.9679336,-0.87551516,1
-0.5491736,0.36692435,-0.38582712,0.53307396,0
0.5744929,-0.23845881,0.53917956,1.2881988,1
0.36850336,0.30590355,1.3899236,0.3304748,1
-1.4184549,-0.3565867,-0.62746793,0.047785167,0
-1.8445446,-0.8595742,-0.71534187,-1.0651743,1
-1.3020395,-0.6998826,-0.4044407,-0.9190847,0
-1.5106412,0.080533534,-0.0042023063,-0.687728,1
-0.95555866,-0.7824494,-0.64923775,-0.29027402,0
-0.13867345,-0.40004408,0.16184728,-0.85408306,1
-0.6824598,0.44943395,-0.27761197,-0.6709297,0
-0.48801076,-0.0801733,-0.7821676,0.21729128,1
-0.5845405,-0.40756702,-0.5925856,-0.48698053,1
-0.4236337,0.3207407,-1.3148763,-0.8833952,0
-0.4456737,0.028356358,1.8237716,0.39151078,1
-1.7950987,-0.71457195,-0.058968782,-0.780441,0
-1.6595482,-0.6729685,-1.3386774,-0.7253538,1
2.458903,-0.6549797,0.6917672,0.68774736,0
-0.9887384,-0.15630162,-1.0331899,-0.6567199,1
-1.6704348,-0.92770296,-1.1164951,-0.79100066,1
-0.99578977,-0.14689088,-1.1087259,-0.94435835,1
1.5487268,1.5348556,-0.20925228,-0.64441144,0
1.2347306,-0.70301276,-0.60384524,-0.6626918,0
0.034107644,0.6106459,-1.5343183,-0.13767137,1
-0.26044384,1.0921985,0.44441402,2.7430007,1
1.8569413,0.51838267,0.027550094,-0.3056314,0
-1.0612805,-0.7391602,-0.3428106,-1.2532257,0
-1.3692112,-0.576103,-1.2567508,-0.91545016,1
2.6534522,0.37018013,1.309129,0.066348284,1
-0.5977274,-0.79054254,-0.73805135,-0.72947085,1
-1.6119313,-0.19911557,0.6899817,3.4581742,1
1.8454282,-0.90528774,-0.8468021,-0.9991024,0
-0.13620563,0.54071546,0.35796016,-0.01776423,0
-0.32258373,0.08539219,-0.6029141,0.12041831,1
2.6226878,-0.2431444,-0.02879119,-1.0095638,1
0.19798823,0.21715248,1.1177143,3.0050564,0
-1.41033,-0.7507255,-1.87201,-1.2951174,0
0.6418776,-0.10901222,1.8709122,-0.021489112,0
-1.328355,-0.4616552,-0.8299948,-0.97073555,0
0.6022383,-1.515043,-0.049457334,-0.25637844,0
-1.7435101,0.14227098,0.4811552,-0.8335785,0
-1.1453732,-0.7064608,-0.43342057,0.8244119,1
-0.58235043,0.27550408,-0.74196994,0.7684248,1
0.940517,-0.46465892,-0.8050804,-0.9041279,0
-0.90535474,-0.23287793,0.0318065,0.045996394,0
-0.62665963,-0.27937067,-0.88598907,-0.60478604,1
-0.85516745,-0.44031072,0.3542733,-0.042423766,1
0.378225,-0.821674,-0.24705271,-0.0201705,0
2.1738327,0.32037577,-1.3902187,0.03495721,0
1.2649966,0.68310314,0.6247684,-0.05465211,0
-0.08030933,0.67196524,0.039110668,0.70838326,0
-0.61902297,-0.18704072,-0.39121005,0.08961284,1
0.711254,5.865551,-0.3964834,1.0082937,0
-0.43770593,1.0925422,-0.14390078,-0.11159146,1
2.0390162,-0.45711306,0.34705234,0.019865151,0
0.5938565,0.3349792,-1.4493062,0.11368388,0
1.1763633,0.43375123,2.3678246,-0.14639209,1
0.93743074,-0.41542208,0.74697685,-0.14455444,1
-0.5889318,0.6623774,0.24515405,0.7333824,1
-0.22310632,-0.50182635,-0.06400268,-0.9648938,0
-1.4900885,-0.68315536,0.22953035,-1.1590788,1
2.0196736,-0.87513787,0.11564389,-0.928261,1
-1.2926521,-0.12430358,-0.9584312,-1.1317084,1
-0.61941385,-1.3832005,0.2036033,0.84209305,1
-1.4331009,-0.55832374,-1.2327316,-1.0222518,1
0.7456455,0.13758963,-0.52908754,0.59843713,0
0.4324447,0.4247084,0.37689966,0.7057913,0
1.7356918,-0.51476717,-0.10801068,0.2661772,1
-0.19266409,-0.45222178,-0.81125194,0.14401498,1
-1.1792115,-0.30392545,-0.84501255,-1.2471329,1
-0.69016874,0.8178548,1.022744,-0.6253018,1
0.86210835,0.14502981,1.1091858,0.8387933,0
-1.9069157,-0.74398106,-0.7445442,-0.83030057,1
0.33394435,0.09338561,1.1141893,0.95467013,1
0.5290279,0.0805608,-0.87020415,-0.9783405,1
1.046549,-0.033490688,2.190204,-1.0702752,0
0.6525626,-0.48895252,-0.6660034,-1.1222954,1
-0.87660205,-0.5527612,-0.3177731,-0.016291175,0
0.35852146,0.76556623,-0.16445494,1.0000467,0
0.93714803,-0.7284251,-0.6259599,-0.6745249,1
0.42397082,-0.7398864,-0.12375909,0.058896866,0
0.704954,-0.18793404,-0.33254412,0.68702596,1
-0.54908144,-0.20659685,0.073328406,-0.7201908,1
-1.3279718,-0.445279,-0.6764097,-1.2859462,0
-0.41716105,-0.108779475,-0.18820484,0.8440627,0
1.8717163,-0.73507404,1.382083,0.7723169,1
1.917923,-0.54004,2.1015089,-0.37991107,0
-0.83354425,-0.1033026,0.7048495,-0.9296386,1
-1.1211227,-0.12787691,0.30995113,-0.949623,1
1.9561931,-0.6070219,-0.17105168,-0.12869999,0
-0.6095928,-0.31076708,-0.5769811,-0.63030803,1
1.9752533,-0.00606519,0.4761776,-0.70622057,0
-0.57115966,-0.20797807,-0.94837314,0.33652413,1
-0.5026877,-0.46816134,-1.1517667,-0.8953098,1
1.0385628,-0.39511186,0.6812593,0.76042414,0
0.862631,-0.36021093,-0.047367305,0.62509155,1
0.84629107,-0.53383565,-0.7826648,0.22637843,0
0.88196576,-0.33163428,0.15988979,-1.2285969,0
0.021098774,-0.35480878,0.5288722,0.81070274,1
-0.06779081,0.5801635,1.227241,1.7063835,0
1.7913864,-0.53279656,0.3471351,-0.9071318,1
1.7479806,0.13429007,0.6444578,-0.24837911,1
1.8454509,0.3030003,2.6177404,-0.9604119,0
1.5909383,-0.26353443,0.8324058,1.2842863,1
0.78194857,1.7829251,-0.15366943,1.6069102,0
-0.8966753,-0.25409535,0.3882599,0.70858,0
1.3196863,-0.1978685,0.81702733,0.06807774,0
-0.14599521,0.07137573,0.97879845,-0.17046951,1
0.8073844,1.5439198,1.6113958,0.56458575,0
-1.5168817,-0.62371874,0.19247568,-0.23338181,1
-0.24486837,0.120789826,0.5129863,-0.90226364,1
1.5675992,-0.23040995,-0.5689322,-0.9394213,0
-0.10431856,-0.48267958,-1.5551149,0.07459624,1
-1.2348123,-0.4330501,-1.0407026,-1.194514,0
0.45729184,-0.41692713,-0.922219,-0.12846765,1
0.06628628,1.745467,-0.21131635,0.4338094,1
-1.0037581,0.085331,-0.8909283,-0.87874943,1
-1.4255468,-0.61178553,0.37975383,-0.91200155,1
-0.46710235,0.021321692,-0.63972646,0.69006133,1
0.3018176,-0.43368495,0.09016687,-0.8239909,1
-0.06156063,-0.20928352,-0.57584393,-0.12443538,1
0.579465,-0.42034116,-0.61162806,1.1265562,0
1.0274868,-0.28677443,-0.6672158,-0.1195932,1
-1.2708762,0.061179817,0.5663733,-0.09781811,1
0.09960005,-0.10831919,0.023810044,1.1959825,1
-1.2780087,-0.10250658,-0.69453275,-0.8028924,1
-0.9505941,0.31270462,-0.80126405,-0.017264817,1
-0.39188763,1.2778322,1.3707714,1.8019612,0
0.36837593,-0.22348662,-0.2363539,0.7470696,1
0.5420884,-0.5452717,-1.3834839,-0.9503811,1
0.9071917,0.14096448,3.2466326,1.4094936,1
-0.90171105,-0.6400366,-0.009188116,-0.79286706,1
-0.6427299,0.052886553,-0.78835493,-0.7937949,1
0.29791757,-0.24716449,-0.44714528,0.24386506,0
0.39379263,-0.38171628,0.07909315,-0.85720503,0
1.0659301,-0.84768003,-0.29855132,-0.6858989,1
0.61865324,-0.6515924,-0.026034534,-0.10504389,0
0.14185321,-0.24630904,-0.086966515,0.03979307,1
0.0040925173,0.5273,0.31610197,1.4417989,0
-0.27150497,1.2467595,0.9686632,2.4279022,0
1.8985653,-0.564911,0.27463177,-0.062466376,1
0.6017841,0.75823784,0.99835956,-1.0500832,0
0.23106682,-0.29114103,-0.910777,-0.8676497,0
-1.2692873,-0.21041986,-0.8436662,-0.22953038,1
-1.5046751,-0.082650535,-0.8776753,-0.43833488,0
-1.3395365,-0.364294,0.4061383,1.7461846,1
0.44885448,-0.3694062,-0.4284555,-0.12550113,1
0.9687473,0.07675344,0.11543694,0.8165139,0
0.40535963,0.3358496,0.3163969,2.7669547,1
0.13696678,-0.5511639,1.2118297,1.9137818,1
0.3073672,0.34975618,-0.3797355,-0.9983563,1
0.7658737,0.5563147,0.46046358,-0.080344304,0
1.5283796,0.7107835,-0.42350638,0.15173045,0
0.33420774,1.2494216,-0.84741205,0.7163857,1
0.4639495,0.7426034,2.7397375,0.9410638,0
0.83695143,-0.15030581,0.13915832,-0.08915617,0
-1.471842,2.429779,-0.40647396,-0.81775594,0
-0.54842526,0.45532277,0.3316419,0.46082872,1
-1.2951839,-0.4149902,-1.1268173,-0.6193092,1
-0.5320068,0.22148417,0.71629703,1.8665917,1
-0.77955353,-0.3732606,-1.7556176,-1.0014267,1
-0.3891982,-0.9023188,0.7508798,0.26612535,0
-0.5577548,-0.87053835,-0.8578216,-1.0781722,1
1.7544285,-0.080003455,1.5620054,-0.18790577,0
1.438501,-0.35808972,-1.0147798,-0.7186892,0
-0.45706663,-0.59844524,-0.01294443,-0.04034695,0
-0.21865554,-0.07498052,1.2788469,0.69899166,1
-0.96529603,-0.06486431,1.4081488,-0.80620074,0
0.44022915,0.24955836,1.9830517,-0.20753351,0
-0.4735076,-0.08046614,0.24919142,-0.3365714,0
-1.3929682,-0.4788511,-1.6358957,-0.61540353,1
-1.123962,-0.65324575,-0.72083735,-1.1199584,1
-0.27692634,0.21250129,0.6686983,1.7711911,1
-2.0501792,-1.1054231,-0.92195326,-0.959417,1
1.1364131,-0.8186983,-0.74017,-1.0779368,0
-0.3576308,-0.36894882,-0.19549343,-0.024621736,0
-0.5726429,-0.60853636,0.42438152,-0.54368144,1
-0.87150806,-0.2698766,0.38783807,0.44869038,0
-0.5448867,0.066866934,-0.49214453,1.7815833,1
0.71824175,-0.8034125,-0.107282884,-0.04182074,1
-1.445076,-0.7021503,-1.5453684,-0.89723355,1
0.010183059,-0.50073785,-1.0400931,-0.5160111,1
0.548609,-0.09680348,-0.14771238,-1.127365,1
-0.48985544,-0.559224,-0.7469083,-0.15547839,1
-0.4773678,-0.34754986,0.13510938,-0.8577146,1
0.26681617,-0.52171606,-0.77592516,-1.2715709,1
-0.43654042,0.37598208,-0.26830548,-0.84765273,1
-0.9872677,-0.36595622,-0.76585793,0.5466557,1
-1.6566483,-0.12221484,-0.34541813,0.4113485,0
0.40668687,-0.07776379,0.6098453,-0.1332776,1
-0.9366154,0.40706718,-0.5683712,-0.06684338,0
-1.558789,-0.32187882,-0.48789483,-0.84931445,0
0.6980085,-0.5187346,1.1599543,-0.0073094387,1
0.7085842,-0.07689656,-0.35976166,-0.09326434,0
0.41607067,0.8988924,0.899365,-0.38741204,0
1.2422255,-0.4970305,0.34183973,0.35969105,0
-0.972165,0.48776346,0.67498934,4.134148,1
-1.968221,-1.2827183,-1.102565,-1.1239452,0
-1.6034725,0.3792193,-1.357162,-1.0620023,1
0.48195788,-0.65676427,-0.6243982,-0.17981471,0
1.1577652,-0.71371126,-0.18571454,0.857817,1
-0.21353945,1.1486546,1.6479102,-0.2725951,0
0.023420602,0.044895962,1.020825,-1.0858523,1
-1.4602292,2.5398426,-0.5480505,2.3561466,1
-0.41492406,0.68066657,0.85652804,1.0068382,0
-2.005503,-0.22481658,-0.79031855,-0.9020133,1
-0.1599642,0.080074765,-0.43798035,-0.04308694,0
-0.15843454,0.6821553,-0.14985834,0.25430745,1
-0.16588517,-0.39741182,0.5426384,0.15168078,0
-0.19179761,-0.5310452,-0.6399715,-0.6459812,0
-1.6587954,0.3350106,-0.68584806,-0.834453,1
2.561177,0.87787604,1.1483477,-0.72628045,1
-1.3418938,-0.2772759,-0.7408509,-0.90460205,0
-1.0315735,-1.1007985,-1.5511742,-0.6417464,1
-0.5718352,-0.1951633,-0.3506635,0.1743885,1
-1.3444681,-0.4692704,-0.89834446,-0.7727012,0
0.027117878,1.068028,-0.17966408,-0.068602845,1
0.39115354,-0.7841394,-0.27507544,-0.77782136,0
-0.7793999,0.52123094,1.3808535,0.12139833,0
-1.38759,-0.52717805,-0.15103357,0.8923353,1
-0.27537787,0.18659803,-1.1860007,-0.57610863,1
0.6554461,0.93654597,-0.3587755,0.7273806,0
-0.15472451,0.06499529,1.167312,1.6724874,0
0.25640962,-0.08188078,-1.0334417,-1.0850528,0
-1.3503083,-0.89030933,-0.4481875,-0.645422,0
-0.832023,0.7779748,-0.87497807,0.42534116,0
-0.5915577,-0.5236117,-0.8957639,-0.55062443,1
-0.07664021,0.6431246,1.9422694,0.4098141,1
0.81387866,-0.41484457,0.71371615,0.83050096,0
1.7798308,0.4030117,0.42175522,0.25366175,0
2.2742856,-0.38750628,-1.3610613,-0.6010242,0
-0.09080802,-0.40594518,-0.019617043,0.58531284,0
0.68535185,-0.79847944,-1.6352769,-1.1040714,1
0.5929302,-0.77754074,-1.0603771,-0.62992406,1
1.5220883,1.0569848,-0.5519555,0.09000063,0
-0.7347131,-0.3681655,-0.7620988,-1.24841,0
0.27821133,-0.3554987,1.1681849,-1.0188975,1
-1.8743049,0.15229928,-0.42701983,1.6235288,1
-0.9089087,-0.5673544,-0.74808776,0.18108657,1
1.0781226,-0.5643342,-0.24263388,-0.79629934,0
-0.5154388,-0.019463016,-0.74837947,0.21588828,0
0.3185023,-0.9630261,-1.6293496,-1.0671201,1
0.16652697,-0.61845744,0.10384284,-0.74077725,1
-0.568732,-0.40095475,1.1574696,-0.095073864,1
0.25109276,-1.1219847,0.0103049055,-0.77777773,0
-0.52670777,-0.6221941,-1.013793,-0.9821576,1
-0.21410333,-0.012142524,0.42342925,0.57425743,0
-1.1304688,0.448838,-0.81952393,0.03712065,1
0.709043,0.07559698,-0.7159071,-0.81586665,1
0.18377227,0.3939693,-0.20824018,0.14359573,0
-0.9601394,-0.6859435,-0.32457146,0.1124834,1
2.5756688,-0.6366921,0.28227568,-0.9064879,0
-1.1878046,0.1582503,-0.25697687,-0.04231275,0
-0.8311597,-0.33018908,-0.7285726,0.5870292,0
1.4226729,0.18344131,-0.18342201,0.1553277,0
0.06284423,-0.48411205,-0.36578438,-0.702138,1
-0.040137075,0.5417605,-0.06896241,1.517443,0
-1.5047641,-0.5266584,-0.8286372,-0.9790238,1
0.39352262,0.4711573,-0.92856425,-0.14125991,0
0.54305935,-0.29281607,-0.26894388,-0.5662677,0
-0.9214668,-0.043501105,-0.41329673,0.99444616,0
-0.20080328,-0.25360888,-0.18888867,0.4234634,1
-1.1695671,0.17484786,-0.31860664,-0.6645227,0
1.5783204,0.23001917,-0.96239346,-1.0233045,0
-1.5918269,-0.041166484,-1.2044626,-0.7080548,1
-0.5202043,1.3741695,1.3411443,0.7449603,0
1.0305885,-0.60061795,0.09268764,-0.9296892,0
0.24677663,-0.2405664,-0.28903756,0.78630537,1
-0.26350784,-0.49297944,0.82109743,-0.6943265,1
0.5471428,1.0026319,0.006521702,0.13585275,0
-0.28860715,-0.472687,-0.75100505,-0.9462083,1
-0.70069176,0.23918493,0.9089941,-1.0228665,0
0.38726366,-0.44475865,-0.6589372,-0.2989044,0
0.37228632,-0.7516757,-0.6690709,-0.0143011995,0
0.90608567,-0.45314145,0.08567253,0.24200334,0
0.3136295,-0.45506924,-0.17779833,-1.0860955,1
-1.0970825,-0.5312084,0.87078726,-0.8946766,1
0.811994,-0.35831514,-0.26004788,-0.22615163,1
-0.44233575,-0.36536792,-1.2138686,-0.66830766,0
0.58868754,-0.41783988,-0.44479042,-0.21011183,0
0.52769685,2.2833636,3.1636314,2.332288,1
-0.6800357,0.6950943,2.244753,0.29823104,1
-1.0395342,-0.57482165,-0.4159289,-0.18225344,0
1.7196157,0.39524043,-0.3710478,0.00534188,0
0.31953198,-0.61139244,-1.3273262,-0.6351795,1
1.9375194,-0.42983854,-0.82831085,-0.9035843,0
2.2434773,-0.706465,1.6039083,-0.7013769,0
-0.30311263,1.7721783,-0.67733324,-0.31682724,0
-0.9329083,-0.78462183,-0.75755024,-0.89416087,1
0.11145952,0.37646815,0.8002707,0.878,1
1.5170786,2.987715,0.43157393,0.2084684,0
0.50513494,0.04890816,-0.021292984,0.3460357,1
-0.13592055,0.32022548,0.84926677,1.07495,0
-1.4256285,-0.39851004,-1.0452824,-0.6583762,1
1.0163592,0.452351,-1.159758,0.38717148,0
-0.17802873,0.43281907,0.7567879,-0.1343004,1
-0.75065476,-0.059009835,-1.2831793,-0.6759912,0
1.1454074,0.06659782,-1.5690964,-0.7048107,1
-0.85829425,0.94735515,2.069293,0.19516055,1
0.18645155,-1.0919008,-0.4482126,1.5279427,1
-0.8268321,0.24419294,0.7780539,-0.06790115,1
-1.691579,-0.6005829,-1.4884793,-0.75142753,1
-0.062611,-0.07884337,-0.61977506,-0.24126036,1
-0.37263343,0.27961206,-0.14259681,0.79034567,1
-0.9364786,-0.15469837,0.6782289,-0.7775275,1
0.88663167,-0.095502056,-0.35487902,-0.18625885,1
-0.7370667,-0.050739557,-1.058879,-1.502685,0
1.4405608,-0.3593865,2.6612587,-0.006120948,0
-0.6985401,-0.34021538,-0.27801216,0.26896426,1
-1.06291,0.03724745,0.089256644,-0.9608882,0
-1.1986468,-0.25605994,1.9019526,0.8377257,0
0.5166875,-0.073159754,-0.6958546,0.7641754,1
-0.08477318,3.026158,0.2779354,-0.13729624,1
0.318393,0.12902856,0.791189,1.3067477,0
-0.8291613,-0.16637425,-0.1633262,0.16260129,1
-0.5070875,-0.5258801,0.11692355,-0.61785793,0
-0.38854426,-0.14346668,-0.16194603,-0.8736307,1
0.42215472,0.62455815,-0.85784477,0.63683194,0
-0.28449032,0.31082773,-0.98291504,-0.83719707,0
0.10396254,1.1063949,-0.34745085,-1.0118909,0
1.1036038,0.29121935,-0.9108224,-0.72159684,1
0.18555376,0.2801047,0.10125275,0.089730576,1
-1.0738275,-0.74886185,-0.43001902,-0.72598886,1
-1.0614841,-0.4448858,-0.549711,0.5034798,1
0.6176711,-0.6523215,1.2060747,0.19826385,0
-0.4580074,0.06810366,-0.21051882,-0.60783315,1
-0.550076,0.6672961,1.2433181,0.85636735,0
-0.37560096,0.13965815,-0.35658628,-0.7354077,0
-0.8593372,-0.60539055,-0.5442908,-0.88397646,0
-0.80592024,-0.049123257,-0.70868695,-1.0009437,1
0.008287072,0.89261633,0.43239996,0.6216908,0
-0.8384941,-0.32470447,-0.73069686,-0.27521455,0
0.8022232,-0.56953603,-0.97638565,-1.1452687,0
0.029073909,-0.82719624,0.32818073,-0.9513568,1
-0.42057407,-0.28093594,0.66021967,1.4307051,0
0.25377598,-0.15110222,-0.7308098,-1.1248182,0
-0.95998335,-0.24987008,-0.41445675,-0.0011122078,1
-0.2903214,0.947726,0.109179705,-0.044846084,0
-0.0812788,1.730886,-0.7532345,1.6337186,0
0.4276946,-0.5400342,-1.4697815,-0.9733294,0
-0.305793,-0.46944866,-0.10162927,-0.065443195,1
-0.5408983,-0.389546,-0.5929012,0.11609395,0
0.5905412,-0.39429736,-0.9785137,-0.30882832,0
1.1622345,1.2170436,0.9516547,0.75791705,0
-0.94499815,-0.1572612,-0.96394324,-0.19836321,0
0.21042153,0.1400139,-0.42384815,0.85102814,1
-0.6627612,0.0024013221,-0.920017,-1.1952429,0
0.096427344,0.62638086,2.0921926,0.5862869,1
-0.42050752,-0.7283825,0.42676833,-0.5617203,1
-0.54031795,-0.42685843,0.88869256,-0.020380009,1
1.5789056,0.5031932,-0.23101169,-0.0888869,0
-0.42772767,-0.5806414,-1.6706252,-0.5674223,1
-1.2191437,-0.2697803,-0.30737594,0.6713894,1
-0.25094533,0.59560907,-1.0789269,-0.31420338,0
1.0759084,0.2606903,0.64338917,0.87266785,1
1.8675865,-0.51357853,0.43454683,-0.0043304935,0
-1.4228528,-0.617236,-0.65644264,-0.75796056,1
0.0012025684,-0.64987487,-0.06313461,-0.6620264,0
-0.28037792,-0.025306478,-1.3186218,-0.7715,1
-0.15304574,-0.817726,-0.4449123,-0.6546984,1
-1.1908262,0.39406052,-0.6599884,-1.0322355,0
-0.03353092,0.78378564,-0.8583777,-0.104307756,0
-0.7366649,-0.49686944,-1.13256,-1.1370772,0
2.3560085,-0.07604852,2.2766125,-0.5791922,0
0.11084148,0.794879,0.84821695,0.5225041,0
0.005249396,0.07817841,1.127436,0.65954494,0
0.29205322,-1.3084114,1.2641454,0.6485572,1
0.006427914,1.1550198,3.0533068,-0.29689407,0
-0.76595455,-0.17002985,-0.2456259,-0.9979521,0
0.19235238,0.7315404,0.074545234,0.9597455,1
0.6475142,-0.7869874,0.16905951,-0.50939375,0
1.3230278,0.4026931,-0.346511,0.16777095,0
0.8235695,0.7464355,-0.5030122,1.1812694,1
-0.049756333,0.53613967,0.8586394,0.21328877,1
-0.48566607,-0.6395949,-0.785426,0.046995003,1
-0.015553921,-0.9698199,0.057215698,0.5973373,1
-0.12883446,0.7537546,2.342678,1.4314348,1
-1.6366777,-0.26456162,-0.12008007,-0.5216664,1
-0.42163777,-0.6947951,-1.5713494,-0.7295391,1
0.513865,1.5772377,0.9475409,0.043556374,0
0.7517717,-0.46687624,0.9893117,-0.6810594,0
1.1297741,-0.25629446,-0.505749,-0.70392835,0
-0.9341779,-0.6150643,-0.31500384,-0.9325561,1
0.10871693,-0.41006243,-0.5570937,-0.6401489,1
-0.7263215,-0.6699435,1.1631508,0.65722746,0
1.5305905,-0.10087079,-0.413332,-0.6457382,0
-0.26018906,-0.05968298,-0.081643805,-0.051554248,0
-0.51795846,-0.44868183,0.073602505,-0.4790121,1
1.7989905,0.24095395,2.3809528,-0.107290745,0
1.0525441,-0.52817345,-0.3359557,0.6493722,0
-0.2605202,-0.72294164,-1.0074893,-0.7057823,0
-1.3465297,-0.29527017,-1.427122,-0.44999442,1
-0.15235311,-0.06174113,-0.95193654,-0.7107788,1
0.13278802,-0.20210224,0.32546583,0.7612918,1
1.0052555,0.27109018,-0.17484906,-0.99954623,0
-0.940852,-0.011119954,-0.24344069,-0.8730412,1
-0.7802343,-0.72835654,-0.5360689,-0.55644673,0
-0.44993252,-0.4915513,-1.1270854,-1.2267363,0
-1.1020628,-0.17345265,0.69014746,-0.7263713,1
-0.23328972,-0.4688552,-0.49405658,-0.15463795,1
-1.768303,0.3817873,0.10283652,1.4609454,1
1.4201744,0.36622337,0.5057538,0.5709807,0
-0.49445498,0.5775736,0.09072896,0.8929577,1
-0.6032482,0.31094897,0.49569184,1.5940583,1
-0.97143483,-1.0511696,-0.07910792,0.023150206,0
-0.27430862,-0.6222745,0.18694068,-0.57217336,1
-0.2892594,-0.8797124,0.79406446,0.90828145,1
0.3506443,1.7815378,-0.3773354,0.68254316,0
-0.20273304,-0.80378175,0.71748775,-0.8182901,1
-0.22462103,0.54649264,-0.15838888,0.8063754,1
-0.0022427067,-0.029872477,-0.60344017,-0.82540727,1
-0.85250276,-0.089273825,0.32794547,0.74709135,1
-0.12812604,1.2576852,0.62458885,-0.6885558,1
-0.3906964,-0.1900244,-1.3217455,-0.087894514,1
2.2179143,0.07895802,-0.21823305,-0.11549501,0
0.7879362,0.22271556,-0.0063657165,0.61993504,1
-0.26375306,-0.8115453,-0.79646826,-0.37359172,1
-1.5295806,-0.5117219,0.4376672,-0.7475718,1
-0.17462617,-0.33185375,-0.70477736,0.6280952,0
-0.34690994,0.56468904,1.136725,0.04761667,1
-1.2140429,-0.45562834,-0.11377382,-0.8959381,1
-0.47922832,-0.5150209,-0.69289535,-0.807444,1
1.1372286,-0.8604351,-0.92757237,-0.6506939,0
-0.302532,0.6697974,0.17054194,-0.8720758,1
0.5425911,0.13066497,-0.30719978,0.96330607,1
0.74959874,2.9166844,3.062268,1.296744,0
0.84522164,-0.14232749,-0.9042871,-1.0366594,0
1.2903674,-0.28744587,-0.26862258,-0.24286743,0
-1.5133272,-0.8400664,-0.18022448,-1.0168306,0
1.7264332,0.04287452,0.14500386,1.2007825,1
0.047131702,-0.038838588,-0.27124006,-0.03786083,1
1.0037177,0.16245478,-0.5400255,0.501205,0
-1.9495538,-0.5140048,0.93273336,-1.1471735,0
-0.23968643,0.026806444,0.5992785,0.05814934,0
-1.5433273,-1.4566791,-0.3427529,-1.2504612,1
-0.27660218,-0.63519126,-0.9080341,0.11375499,1
1.8105127,0.94719297,0.056852944,0.724386,1
0.10205364,-0.5479973,0.17672423,-0.6572427,0
0.09984292,-0.14218849,0.85277975,1.5072973,1
0.06840581,0.45489934,0.17181063,0.72938436,1
1.2174659,-0.58501357,0.09117473,-0.79809386,1
-0.59702104,0.4767381,0.12182802,1.1417444,0
0.04191926,-0.012658104,-0.020644665,1.1774117,0
-1.0542924,-0.39127925,1.660963,0.8766994,1
-0.07019284,-0.7686049,-0.75266844,-0.097008996,0
-0.05842921,0.74382716,0.32920456,0.1726033,0
0.78372014,-0.12863277,-1.2773402,-0.020677477,1
0.910961,0.17090896,-0.035516094,1.7135626,0
0.41407156,-0.046371803,0.99231786,0.076607704,0
0.11782631,-0.61868185,0.6890093,-0.84514093,0
-0.34795022,-0.9533326,-0.23143467,1.7219411,1
-1.6041377,-0.42188758,-0.61810374,-1.0384163,1
0.8272838,-0.2448198,-1.4006097,-0.7220623,1
0.5261841,0.7814685,-0.5427941,0.955258,0
-0.93381286,-0.5567243,-1.529114,-0.72169876,1
-1.8949128,-0.5198625,-0.86131,-0.91115814,0
-1.5784558,-0.84296995,-0.6610786,-0.7084557,1
0.8792144,0.46497786,1.0165813,0.22801371,0
1.8992447,-0.5658836,0.67027235,-0.01099455,1
0.917666,-0.024032094,-0.017030165,0.032992106,1
0.18379378,-0.03629952,-0.4947309,0.041483287,1
-1.612309,-0.049500167,-0.03259097,-1.0017967,1
-0.007106304,0.64886785,-0.15989394,0.38485053,0
0.47801515,-0.5286759,3.0878096,-0.059534773,1
0.91626304,0.9321444,2.6787047,-0.3686295,0
0.6905859,-0.16868702,1.7929282,0.9388367,1
0.72397655,0.20041333,-1.0619925,-0.9802256,1
-0.2440604,0.090721235,0.13139051,0.7597028,1
0.27813986,0.2868794,1.8964915,3.4297407,0
-0.88718206,0.061883956,-0.3375158,-0.35387993,0
-1.4890964,0.26558733,-0.9363426,0.0831444,0
-0.22262588,-0.5144867,0.24375951,-0.9328678,1
0.1774038,-0.39332232,-1.2080554,-0.7260556,1
-0.09192994,-0.05858153,-0.80537355,0.30362833,0
0.58211136,0.015583202,0.5808449,0.03420956,0
2.3109007,-0.120614536,-0.15708134,-0.045577846,0
-0.9649581,-0.1697998,-0.36458227,-0.20060255,0
0.20699215,0.40912017,0.21131262,2.1645627,1
2.5461786,-0.36382508,1.1908311,-1.058362,1
-0.2503127,-0.24515036,0.81394196,0.80287915,0
0.64240867,-0.62387985,-0.056701213,-0.82016003,0
1.287071,-0.07056463,-0.23336321,-1.0920807,0
2.3010345,-0.72571236,0.95112616,-1.1540054,1
1.0855775,0.02065751,-1.2353172,-0.6929706,0
-0.48232788,0.16620536,2.0623019,-0.17505026,1
1.333558,0.6819688,-0.10557134,-0.93733597,0
-1.2118511,-0.3014933,0.40919685,-0.8128543,1
0.99431384,-0.8272748,-0.19660857,1.3297561,0
1.1978896,0.74373186,1.0647393,0.09858905,0
-0.4006429,-0.04186338,0.81951153,0.54902536,1
-0.072915316,-0.8961101,-0.7875422,0.7242758,1
0.6915709,0.3241088,1.8648691,0.7221372,1
0.8287992,-0.48458695,1.3765689,0.38281044,1
-0.10860877,-0.84094423,1.5101306,0.005652122,1
1.3565102,-0.48517877,-1.7086034,-0.6357715,1
0.12607756,-0.33562112,2.3771513,0.96431094,1
-0.81646425,-0.84405625,-0.78031206,-0.6851764,0
-1.0351106,-0.338069,0.039908074,-0.7584021,0
-2.0403244,-0.9574543,-1.5925783,-0.84702694,1
-1.7603934,-1.0228194,-1.044377,-0.92270875,1
0.025030881,0.5008134,-0.22236043,-0.1854325,1
-1.2062076,-0.7042722,-0.04119891,0.6567196,0
0.20181371,-0.47046772,-1.2494594,-0.27657583,1
-0.044581234,0.265744,0.8928067,1.4211394,0
-0.82388633,-0.2306642,0.26980132,-0.7932071,1
0.8852562,0.40702492,-0.76253366,1.1237457,0
-1.3658233,0.4280526,1.581365,-0.6173059,1
-1.3055623,-0.3394873,-0.33256435,-0.37439695,0
-1.5877265,-0.2837029,-1.149996,0.16016828,1
2.9546921,-0.37802482,-1.1765909,-0.059439667,1
-0.8002693,-0.5278014,-0.548188,0.41262516,0
-0.06778443,8.7705145,-0.65167433,0.36941594,1
0.40927616,0.9411179,0.051454004,1.5530832,1
-0.37340876,0.7819747,-0.15081157,0.996573,0
-0.1938717,0.40477002,0.30588177,-0.975091,0
-0.08380393,-0.28602847,0.36435276,0.7945079,0
-0.14429535,-0.45430678,1.1591597,-0.020518983,1
-1.1143343,0.52326137,1.1493992,1.0727232,0
0.70115906,-0.70536447,-0.4976425,-0.7516009,1
0.5876968,0.000615716,1.6448767,0.89720845,1
0.12492114,-0.16278705,-1.1930959,-0.66918707,0
-1.0497895,0.0825253,0.0075542927,-0.9859189,0
-0.16038218,0.16947167,-0.30268815,-0.20415908,1
-1.0421994,1.066557,0.058365703,0.4668349,0
-0.36499035,0.1475917,-0.88784504,-0.95324767,1
0.88947916,-1.3192317,0.32939643,-0.6088128,1
0.90287304,-0.38257748,-1.6582961,-1.0335289,1
1.3327065,-0.66993475,-0.8894224,-0.32056427,0
1.5499139,-0.75229985,0.24461439,-0.87273127,1
0.86816025,1.8661289,-0.0046290755,0.5888752,1
-1.5601792,-0.037032768,0.11363578,0.9836136,1
0.6198808,-0.29134113,2.6610472,-0.15913992,1
-0.15219006,-0.017844118,-1.0759026,-0.62762994,1
0.7527004,-0.7951657,-0.33963922,-0.13700221,0
-1.5144674,-0.54999566,-0.55211115,-0.3612264,0
0.58457935,-0.109112054,-1.2803328,-0.68659097,1
-0.28470156,0.772679,0.7541951,0.62478364,0
-0.86820334,-0.31779313,0.20446053,0.15064465,1
-1.0978013,-0.6713392,0.11358931,-0.7601976,1
0.6513889,-0.6438085,-0.64160895,-0.8235639,0
-1.4844503,-0.22567752,-1.1927961,-0.7797698,1
0.13688532,-0.18186074,0.9457438,0.9072626,0
0.20386052,-0.7352198,0.77399385,-1.1408257,1
-0.04077439,-0.31895483,1.0515493,0.77019554,1
-0.17460181,0.7239196,-1.0441092,0.70801497,0
-0.93161905,-0.39160222,-1.5987139,-0.8618427,1
-0.013915658,-0.38125724,1.4213687,2.779409,0
-0.8163508,-0.3687952,-1.1607678,-0.007645892,1
0.57439464,-1.112013,-1.8999708,-0.4052494,1
0.1341357,0.4392258,0.5873831,0.7809484,0
2.3847158,-0.7590254,-0.033470258,-0.47751355,0
-0.028545022,5.8209996,-0.043311536,2.479455,0
-0.7254742,0.5609395,-1.8778831,-0.105724305,1
-0.13596293,0.5247003,0.15452474,-0.9586096,0
-1.0383502,-0.016166717,-0.36265504,-0.99167275,1
-0.47649547,0.06449813,-0.84212595,-0.32090855,1
0.77377224,0.013263468,0.11912177,-0.68663174,0
-1.3906254,0.3056995,-0.6860302,-0.20485532,0
0.37201694,-0.95909786,-1.6816862,-0.75412804,1
0.71555805,0.36788768,0.316958,1.0266923,1
2.1011086,0.25354704,0.2668533,0.9396727,0
0.46200478,-1.0004611,0.17236175,-1.0275744,1
-0.5551285,-0.3798277,0.23957998,-0.16046828,0
-0.23972854,0.2812442,1.946922,1.6649559,1
-1.6353831,-0.6710458,-1.1508008,-0.65355575,1
-0.22350907,0.07054739,0.57074416,0.917489,1
-1.3582733,0.4670322,1.8243557,4.439808,1
-0.17846939,-0.4100966,-0.76222485,-0.24810202,1
0.49079484,1.0282573,0.25050017,1.8687834,0
1.2445028,-0.13670379,-0.035457164,-0.6521133,1
-0.57006806,1.2427119,0.8434525,0.74011546,0
-0.50569874,-0.22580278,0.23560262,-0.10059881,1
0.17241924,-0.673542,1.9694465,0.5744722,1
-0.01941961,-0.122280836,-0.62875265,0.722082,0
0.30519772,-0.02345863,-1.3666534,0.2101175,0
-1.0559969,-0.79182005,-1.1724094,-0.8889247,1
1.7565738,-0.0039791465,-0.13532227,1.1166539,0
-0.14644542,-0.19194107,-0.5343479,-0.29991752,1
-0.83642066,0.9334428,0.52813494,0.65171915,0
0.043317676,0.2606721,0.41584396,0.18906069,0
2.852595,0.2798554,-0.2223913,-0.6792604,0
0.06610027,-0.29301655,-0.04032156,0.6779303,1
0.8849016,-0.7127461,0.6753998,0.9086553,1
-1.3403414,0.02435422,-0.34479052,0.65979445,1
0.72458124,0.37832868,0.27628523,0.8927637,1
-0.95312387,0.15624197,-0.18358919,0.6929445,0
-0.32071334,0.17324433,-0.21906975,0.29070768,0
-1.7676151,-0.7810938,-0.37565392,-0.8384627,0
2.2897956,0.32495332,-0.33854938,-0.18876734,0
1.3312097,0.372252,1.1027539,0.42705843,0
0.692369,1.1783024,0.8391234,1.6375533,0
1.393906,1.8307296,0.06550623,0.5904151,1
-0.52384853,-0.14037862,0.48944175,-0.2009369,1
-0.1263675,-0.4646043,0.74801654,0.77176976,1
-1.2642711,-0.07253556,-1.0145627,-0.90449196,1
0.5831254,-0.688847,-0.6354167,-0.56291676,0
-0.332249,-0.3695945,0.03717408,0.9010315,0
0.3454819,-0.11815421,0.1744056,-0.07368055,1
0.9773291,-0.77384514,-1.4521176,-0.11592464,0
0.4394715,-0.4460586,-0.6286861,0.63445586,1
-0.98381877,-0.794209,-1.0972275,-1.255661,1
-1.0541208,-0.5397817,-0.45590937,0.12759455,0
-0.8695761,-0.5481436,-0.47475138,-0.8359979,1
1.8616534,0.26468813,2.8212557,0.3100923,1
1.1191612,-0.032909542,0.5565563,0.107443884,1
0.011744328,1.106648,1.3615875,1.2905377,1
-0.9370416,0.80495906,-0.6606415,0.057753447,1
0.9884497,-0.3154106,-0.74900395,0.012951542,0
0.5261618,0.8476053,0.16633716,0.56910515,0
-0.08644043,0.571313,-0.7359752,0.52959263,1
-0.072567254,0.9072599,0.4762811,1.8358917,0
-0.54199815,0.91729724,1.8598869,-0.33981052,0
-1.3392308,-0.41420373,-0.29814932,-0.39644247,1
-1.220336,-0.5433127,-0.4308492,-0.82175064,1
-0.77937466,-0.47469205,-0.06148328,-0.656863,1
-1.3299443,0.44447026,0.41924334,0.007700924,1
-0.65581393,0.70627093,0.7909745,1.5972071,1
0.6678621,0.046721995,1.1068704,1.5462183,1
0.08440669,-0.73426044,1.0086323,-0.48495758,1
-1.6284641,-0.1120528,-0.09304313,-0.8072061,1
-0.7309233,-0.7871795,-0.78397053,0.058489192,1
-0.5466264,4.9965105,-0.30023864,-0.13839504,1
-0.96658605,0.41680944,-0.6908596,0.8062095,1
-1.5436784,-0.64243114,-1.7191031,-0.7958478,1
-0.061063036,-0.6175782,-0.37450212,-0.9601071,0
1.155867,0.68008775,0.7991147,0.023010705,1
-0.43073863,-0.06676981,-0.3715139,-0.32915625,0
-2.100669,-0.62384284,-0.66472733,-1.1922764,1
-1.2922337,0.5071923,-0.35377446,-0.04631718,0
1.0792507,-0.671302,-0.29459816,0.7577397,1
-1.2609458,-0.77641803,-0.19590627,-0.18938254,1
-1.9071748,-0.6927073,-1.667976,-0.60775256,1
-0.64249957,-0.54558647,1.568818,-0.009726059,1
-0.9544674,0.12416226,1.2642386,-0.0075108483,0
-1.8571258,-1.0830114,-1.4691523,-0.80221087,1
0.8602706,-0.23205286,1.3970946,-0.8984672,0
0.6196723,1.3198775,0.64559287,0.7097158,0
-1.4807111,-0.32624158,-1.5709403,-0.0948243,0
-0.98496795,-0.37416837,1.9489849,-0.2434859,0
-0.48162717,-0.03420444,-0.27990994,0.14842924,0
0.627427,-0.16871561,1.5103883,0.15031402,1
1.295437,-0.65550303,0.101197295,-1.1104796,0
-0.52013654,-0.22742051,-0.10688223,0.17877069,1
-1.14796,0.10827851,0.4116779,0.6680485,0
-0.72301805,-0.36459315,-0.8081517,-0.6823593,1
2.5418882,-0.046753258,-1.1656077,-0.67509085,0
0.12938365,-0.20980674,2.3218038,0.54732925,0
0.16374269,-0.320109,0.52949035,-0.09325309,1
0.49318027,0.8793639,-0.39768332,0.55129814,0
-0.38910192,0.05902061,1.85142,0.8734107,1
-0.42094433,0.111477494,-0.57870525,0.55984175,0
-0.16071202,-0.030004904,0.033577166,2.3547285,1
-0.6322632,0.71430033,1.0159118,0.06745897,0
-2.3760939,-1.04632,-1.6053685,-0.27154863,0
-0.5352243,0.86535645,-0.38224018,0.90361047,0
-1.0669026,0.6493717,0.7301783,-0.88584965,1
1.3457793,-1.1854175,-0.5154939,0.011100788,0
-1.1817145,-0.14788836,-0.44447836,0.16889188,0
-0.37504697,0.2740053,0.1894022,0.6861798,0
-0.816513,-0.3566434,-0.43671456,0.652972,0
0.35484815,0.83293235,2.4273334,0.47229955,0
-1.4803567,-0.15685983,-1.3586526,-0.8479092,1
-1.1648446,-0.1834773,-0.40496966,-0.9389924,0
1.1751312,-0.5167811,0.83682257,-0.7552465,0
0.67423034,0.11692296,0.5744038,-0.28059924,0
0.8894677,0.95876706,-0.32916498,-1.1103717,0
-0.6411943,1.0413753,-0.46492103,0.44510266,0
1.2019798,-0.1749186,-0.14322777,-0.8632977,0
1.5998622,1.2225171,0.39668435,-0.86206186,0
-1.4016662,0.8557311,0.023720078,0.5562323,0
0.6241311,-0.6233211,1.5154381,0.3402976,0
-0.2510803,0.39532962,0.3382894,-0.90281963,0
-1.1516871,-0.16684258,-0.6997562,-0.39143535,1
-0.2940943,-0.6797198,0.47193602,-0.050903954,1
0.9485483,-0.65601623,-0.29614913,0.6785717,1
-0.09019321,0.48299918,0.4450754,-0.58504516,0
-0.7671294,-0.64401615,1.8346875,0.09348397,1
0.20735662,-0.55531013,-0.27812916,-0.6391119,0
-0.1738917,-1.1389353,-0.063749865,1.5250593,1
-0.3004039,0.030271977,-0.05644689,-0.1637918,1
-1.1455488,-0.50400865,-0.37615883,-0.040507216,1
-1.6037828,-0.7371503,-0.75020593,-1.0272576,1
0.9491785,-0.21867436,0.61129516,-0.13666154,0
-0.98071575,-0.728614,-1.0130059,-0.5954073,1
-0.71744186,-1.1465716,-0.3783297,0.2133608,0
0.101175636,-0.51522225,0.008042641,-0.51875234,0
-0.057109788,-0.04043705,-0.35619712,-0.27058724,0
-1.9958955,-0.17632827,0.3163278,-1.0694509,0
0.9927859,-0.55512094,-1.0848367,-0.85993195,0
-0.28317538,-0.5209114,-0.9779258,-0.70717347,0
-0.8066918,-0.66317093,-0.28894734,-0.937094,0
-0.361001,-0.17617485,-0.3400133,-0.21049772,0
-0.25268435,0.28626332,-0.42828745,0.92224205,0
-0.11172813,3.384108,-0.05387269,-0.26421097,1
-0.051401556,0.7994025,-0.045430765,-0.05067697,0
-0.6008456,-1.0370213,-0.34591278,0.25726646,0
-0.5512029,-0.3749469,0.2746725,0.71958244,0
-1.236659,-0.44105095,0.115661964,1.571449,1
-0.7493484,0.93299043,-0.80956817,2.490207,1
0.06668275,1.212939,-0.83770704,-0.0625404,1
-1.064512,-0.43228388,0.075023934,0.033900443,0
-0.6526728,-0.658687,-0.5432907,-0.68666565,1
-0.45495516,0.60686,-0.1720896,-0.67795867,0
0.07982916,0.4577914,-0.5583727,-0.98091066,1
-0.5855157,-0.516543,-1.0436649,-0.43999285,1
2.1814585,-0.15276392,1.4073609,-1.0462562,0
0.003704004,-0.62925476,-0.29427958,-0.14262298,0
-1.3279676,-1.0272757,-0.6097189,-0.7570773,1
1.4617028,1.9200292,-0.18125114,0.87176734,0
0.49404123,-0.45530987,-0.45988375,0.11948563,1
0.3150199,2.4973276,-0.18462858,0.26244146,1
0.48083726,0.05249262,-0.89246583,0.03511605,1
0.3997364,0.009124309,1.290677,0.842079,0
-0.33313736,1.0691357,0.1712485,-0.29499802,0
0.6767803,-0.34670833,-0.201776,-0.76379657,1
-1.4934894,-0.1583777,-0.98860824,-0.82641023,0
-1.470206,0.0917847,-0.32460302,0.6067803,0
-0.24105172,-0.18757686,-0.95370275,-0.96853954,1
1.4791694,-0.16219355,1.0860069,0.7914918,0
-0.30290204,-0.2475802,-0.3725044,-0.18694559,1
-0.6645813,-0.048849687,-0.67491317,-0.104252875,0
-1.0493281,0.027253792,0.30580756,-0.7813091,0
-1.5081813,-0.91217804,-0.8157068,-1.0713027,0
0.3104694,0.48406267,-0.87825716,0.013912443,0
2.2772362,0.32446292,1.901177,0.7732227,0
-0.58106494,-0.07943698,-1.2165573,-0.023112811,0
1.1895012,0.0677349,1.7129298,0.53693646,1
-0.32874423,-0.09990633,-0.075325,0.031696055,1
-0.8802323,-0.42438647,-0.3501732,-0.19261722,1
0.5326666,-1.0900853,-0.46182364,-0.16395819,0
1.1051388,-0.44674098,-0.96810865,-0.77416134,1
0.7684928,-0.9741072,-0.8034635,0.086805284,1
-0.57137126,-0.3349513,-0.9039514,-0.87387496,0
0.41420522,0.69947255,0.15616277,0.047780182,0
-0.4901245,-0.08473343,0.6585136,1.3349509,1
-0.36807352,-0.5401374,-1.4167168,-0.725603,0
-1.6187034,-0.7646971,0.26822296,0.07488088,1
0.3110073,-0.12374848,2.4515731,-0.17305198,0
-0.8181447,-0.59858066,-0.9254648,-0.7364073,1
1.599506,-0.12988798,1.7452692,1.572047,1
-0.48470786,-0.7575302,0.10336426,-1.3651903,0
0.79367185,-0.06822683,-1.177257,-0.48645067,0
-1.2086282,-0.84754014,-0.87424254,-0.555785,0
1.2383974,-0.29853234,-0.3778034,-0.053657744,0
1.6224624,-0.1144733,-0.9563806,-0.023712192,0
-0.23316187,-0.5711043,0.12483546,-0.29841042,1
0.16409802,0.5633565,1.753793,1.6902786,1
0.013256416,-0.074120134,0.603393,0.080096096,0
0.38924345,-0.08110401,1.2061765,-0.24839506,0
-0.14844954,0.95749474,2.762582,1.2656044,0
0.5065504,0.31892887,0.3979814,1.9526641,0
0.686628,-0.21576324,1.7611809,-0.12921953,0
-0.47459838,-0.62046635,-0.6907833,2.3504152,0
-1.2542057,-0.82670623,-0.90907174,-0.97878957,0
-0.6340903,-0.5753726,-1.6132152,-1.0776111,1
-0.032528546,1.685468,-0.20652604,-1.239536,0
-2.005125,-0.8547703,-0.6071072,-1.1259996,0
0.77017236,-0.7590768,-0.14312881,0.08126201,0
0.002322523,-0.22197214,-1.0769824,1.2873273,1
0.12675904,-0.34624577,-0.24944827,0.2512571,0
-0.69408214,-0.936926,-0.71076214,-1.133696,1
0.6208972,0.2441318,-0.9595557,0.3152921,0
0.96409357,-0.3889978,-0.76695234,0.15815783,0
-1.5400015,-0.22097695,1.1328328,-0.8354071,0
-1.3222587,0.9487825,0.14522128,0.74356294,1
0.082257085,-0.82079417,1.2523301,0.77648723,0
-0.06255205,0.41628915,1.1927396,0.6635841,0
-1.1936874,-0.28926963,0.10705464,-0.12621997,0
-0.7522434,-0.5076763,0.3303071,-0.4673985,0
1.9117527,-0.82780206,0.18652737,-0.12517017,0
-1.4565036,-0.9112502,-0.23417936,-1.1257755,0
0.38036793,-0.039831817,0.05337426,0.5472565,1
0.55878824,-0.16656014,-0.42518166,-0.19889928,1
-0.65852654,0.6169064,-1.0063049,-0.8342848,0
0.7262176,-0.65863943,-1.0981725,-0.7817251,0
-1.0397604,-0.8087193,0.70401096,0.13064864,1
2.9783351,2.5545478,-0.8676053,-1.1874503,1
2.0263007,-0.7898095,-0.59785044,-0.9436127,0
0.981571,0.38456404,0.5922833,-0.045660216,0
-0.16183376,0.14269355,-0.3937996,0.100491285,0
0.066592656,-0.46039343,-0.47593164,-0.27350238,1
1.7157717,0.3167715,1.268228,-0.15756506,0
1.3587184,-0.39056125,-0.92041075,-0.8536183,0
0.27731958,-0.38080138,-0.8265294,-0.026004657,0
-0.29691005,0.06416812,-1.1213434,-0.43432513,1
1.247331,0.110831685,0.14191858,-0.06210298,0
-0.45362198,0.6183615,-0.48296532,1.5381845,0
0.108106665,-0.16214827,-0.55677974,0.5737237,0
1.3166792,-0.5458639,0.6297201,-0.11563426,1
0.91003186,0.38527575,1.9512293,0.32784396,0
-0.3280661,-0.47867325,-0.0999988,-0.29745674,0
-0.51065683,0.3524376,0.2258052,1.410533,0
0.3124539,-0.2525612,0.46025276,-1.389801,1
1.3315535,-0.52752715,0.3491279,-1.115485,0
-1.3555379,-0.37187135,-0.37687686,0.6986002,1
1.050278,-0.0026949942,-0.34765857,-0.6041726,0
-1.5303079,-0.1333018,-0.10814418,-0.060311686,1
0.77891076,-0.73450434,-0.60093874,0.6023471,0
-0.8934331,-0.03907129,0.9175274,-0.058747683,0
1.8647568,-0.69266623,-0.76868355,0.17048173,0
-0.95846504,0.21096921,-0.5856105,-0.006327709,1
2.861974,0.95367575,-0.12815757,-0.9115774,0
-1.242754,-0.59030724,-0.15838292,-0.86172605,1
1.5394539,1.9941914,1.993064,-0.059809074,0
1.0201952,-0.8284987,-0.4213544,-0.5343442,1
0.43413544,-0.37972885,0.23296764,0.3803643,1
-0.20727192,-0.002787307,-0.09489784,-0.62337536,1
-1.395354,-0.28935304,-1.229402,-1.0072412,1
0.26172328,0.4654639,-0.17446773,-0.9785964,1
1.8582206,-0.25467008,0.99387765,0.73474723,1
0.10322982,0.34855312,1.171695,0.056478817,0
0.71130395,0.07339099,-0.5686413,-0.77762425,1
0.169405,2.6479905,0.71396947,0.8793052,0
-0.3175297,-0.46717376,-0.5623869,0.099935204,0
1.140454,0.6898343,2.3192718,0.3421557,0
-0.75814205,-0.85859,-1.2770127,-1.0324427,1
1.3452895,0.32951674,-0.925754,0.13043584,0
0.6980747,-0.5707592,-0.24664061,-0.9628733,1
0.63357705,-0.42206877,-0.9916463,-0.60127145,1
-1.104654,-0.39208123,0.71592826,-0.15176366,1
0.5977958,0.08063563,0.29721522,0.6297817,0
0.17624335,0.9096837,0.6841545,1.3828576,1
-0.20063864,-0.44824767,-0.4953882,-1.2265738,1
0.033618227,-0.19671173,-0.82622504,-0.99957156,1
0.9721554,-0.04501351,0.80542743,0.078728005,0
0.14434795,-0.35931647,-0.7476926,0.4835483,1
0.2049223,-0.25185853,-0.7074623,0.043694485,0
-1.1642458,2.3592153,-0.2861379,-0.64063895,0
-1.7932265,-0.67907065,-0.629286,-0.6527884,1
-0.10523689,-0.3887378,-0.35779697,-0.92789745,0
3.2146304,-0.6925116,-0.051988408,0.21764095,0
0.6798935,0.16557764,-0.5350551,-0.16084664,1
0.42033952,-0.015848614,1.1618159,-0.32017794,0
-0.81696504,-0.6244929,0.8467577,-1.0995531,1
0.022230953,-0.4779694,-0.46700525,-0.76555496,1
-0.08516001,-0.80850065,0.04470081,2.9953194,1
-0.80984074,-0.10693084,-0.2483976,0.81871027,1
0.25487885,2.2544005,-0.18151811,1.1606542,0
-0.4932717,-0.013483554,-0.14168696,-0.91966486,0
1.3521585,0.04874491,-0.9322242,-0.6663065,0
-1.7575389,-1.1268095,-1.6774505,-0.75660527,1
-1.6606271,-0.3590191,-0.30887324,-0.40756822,0
0.5087435,-0.19594795,0.8350247,0.7499707,1
0.0036118403,-0.11829827,-0.3179354,-0.031946752,0
-0.49761492,-0.5157249,-0.68566597,-0.8261158,0
0.28684014,-0.32009917,1.3610616,-0.45642406,0
-0.1244114,1.2367909,0.24373083,0.2598686,0
0.5020714,0.8979814,0.57963365,-1.0287002,0
-1.1195992,-0.344978,0.21379551,-0.083632536,0
0.07541753,-0.23611508,0.8187775,0.22875305,0
0.7022139,0.45611316,-0.89867675,-0.27453476,0
0.5256325,0.46972355,-0.5158119,-0.055142716,0
-1.6539367,-0.29054922,-0.0455407,-0.71201926,1
-0.47672614,0.7759686,0.02882956,0.10888617,1
1.3984876,-0.051156044,0.105213165,-0.93930465,0
3.0727112,-0.78480595,0.18418726,0.31638074,0
-1.3190892,-0.7121818,-1.2640811,-0.7244846,1
-0.045739472,0.0023991428,2.1964748,-0.96594274,1
0.7109088,0.53188187,-1.152078,-0.59031975,1
-1.2054888,-0.3056171,-1.621402,-0.63279384,1
0.98306245,0.9778254,1.0476873,0.63688433,1
1.8112509,0.0016049184,0.72126275,0.6815982,1
0.62803745,-0.9063246,-0.18336655,1.0219407,0
-0.58552736,0.08524369,-1.2019753,0.022530403,0
-1.4274584,-0.39520898,-0.89074653,-0.661539,1
0.7201983,-0.883402,-0.68382865,0.14426933,1
-2.1739647,-0.60404295,-0.30563647,-0.6694385,0
0.8045317,-1.0056851,-1.5857205,-0.7346791,1
0.01947806,-0.29687452,-0.51839566,-0.24895479,1
-0.1737976,0.6414715,-0.79450846,-0.7749864,0
-1.4344989,-0.53494537,0.6853411,-0.21414694,1
0.35943824,-1.197425,0.8417572,1.0187228,0
0.5794914,-0.35130888,-1.3389592,-0.2511665,1
-0.93921804,-1.0207899,1.6484671,4.204126,1
-0.2635409,-0.07772258,-0.94139856,-1.1261195,1
-0.5598516,-0.90272886,-1.3926734,-1.0071288,1
-0.2997513,-0.8376495,-0.35913566,-0.6814833,1
0.10134058,-0.58305424,-0.48443517,0.5275239,1
0.805126,2.7087908,-0.670049,-0.21870516,0
-0.07290809,0.2702195,-0.2973324,0.5646176,0
0.26644313,-0.24913718,1.2229798,1.256254,1
-0.90873414,-1.0954044,0.55763626,0.39646736,1
0.28374636,-0.33884233,-0.5389085,0.2393762,1
-0.97188425,-0.47683552,1.6441163,0.777058,1
0.25297868,-0.5979474,-1.2073324,-0.53133637,1
0.8211358,1.018505,0.6823027,1.3137835,0
1.0308954,-0.22828405,-0.26059094,-0.8434864,0
1.0304878,-1.0397276,-0.37201884,-0.7122439,1
-1.1038358,0.2518223,0.6994468,1.1209948,0
-1.6408668,-0.77848566,-0.4103599,-0.98047346,1
0.7427136,-0.37014478,-0.22666569,-0.38624227,1
0.42106107,-0.89863485,-1.3034183,-1.0691998,1
3.1982713,1.2970263,1.0460013,-0.4563377,1
0.97741985,0.23081042,2.0842855,1.6856347,0
0.966575,0.3950473,0.9047662,-0.52028924,0
0.3216632,-0.3664993,0.22735752,-1.1067309,0
-0.24340993,0.23753673,1.495943,4.8515105,1
-1.357102,0.23642364,-0.7346672,-0.13023087,1
1.7621495,-0.5981318,0.19449002,-0.041746993,0
0.46707916,-0.88465244,-1.0735527,-0.68695223,0
-1.6805195,-0.33282733,-1.4331772,-0.7005938,1
1.2322288,-0.8467163,-0.68763727,-0.36992344,0
-0.87709653,-0.7855367,-1.0947533,0.3696833,1
-0.35838562,-0.09821144,-0.062767185,-0.22879995,1
-1.7084668,-0.4901342,-1.1169367,-0.93840355,0
-0.43648985,-0.6933089,0.06423494,-0.407246,0
-0.124948606,0.123352095,0.8314789,1.1938854,0
-1.9239833,-1.052505,-0.09635876,-1.1573178,1
0.1292431,-0.006623879,-0.95728946,-1.0552479,0
-0.17147212,-0.28255707,-1.4179645,-0.61631906,1
-1.0641806,-0.3819107,-1.299246,-0.70701236,0
-0.99453294,-0.40725553,-1.0052799,0.86123276,0
0.22202718,-0.25981504,-0.2957465,-0.38209465,1
-0.508125,-0.052405536,0.87912333,-0.0105934385,0
1.6898316,1.0124741,0.017632663,1.2784095,0
0.018061012,-0.5859124,-0.8615332,-0.06601259,1
-0.71878093,0.60299355,-0.35657206,2.0199122,0
-1.3486779,-0.40871173,-1.5426904,-0.7035616,1
0.052372336,0.604604,-1.1866426,-0.050432894,0
-0.66690654,-0.25596935,0.37306586,-0.59461886,0
1.0414431,1.1317769,2.6283033,1.339352,0
-0.5272395,-0.25638178,-1.3073767,-0.4612488,0
-0.5576577,0.47821295,-0.14180182,0.74119455,0
-0.38037908,-0.29154435,-0.36021632,-0.77349436,1
-0.16931233,0.127125,0.17414281,-0.24395089,0
0.60958475,0.00894326,-0.8923498,0.21726896,0
-0.26409784,-0.39199203,-0.46578115,0.12551211,1
-0.96279496,-0.16195221,-0.39372608,0.16361578,1
-0.43703404,-0.8635462,0.7855746,0.3116015,1
0.27547696,-0.52812064,0.10515775,-0.065962404,0
-0.34201586,-0.6520066,-0.058447048,0.25124663,1
-1.2864808,-0.3151036,0.52253103,0.6647601,0
1.9425037,0.53815156,0.03663458,-0.70032704,0
-0.78378826,0.51186544,0.8939183,0.15769526,1
-0.92635345,-0.550703,0.2158289,0.45563394,0
-0.18492591,-0.03169161,-0.32483596,-0.20377702,1
1.0738972,0.83300114,1.1024532,0.26041603,0
-1.7664586,-0.15363339,-0.91953266,-0.84278166,0
0.44684014,-0.43908244,-0.20502092,-0.853259,0
1.6948111,-0.1107347,0.7381204,-0.34339666,1
1.583536,1.7899874,1.771472,0.88227963,1
-0.20018683,-0.21570787,-0.52939624,0.12196019,0
-0.28589407,0.786505,-1.2461962,-0.78296286,0
1.2103235,-1.061233,-0.31689265,-1.1341403,0
1.0250955,-0.47765163,-1.4778197,-0.9773351,1
-0.24859029,-0.67297465,-0.7980779,-0.7313698,0
0.52681935,-0.22716147,0.5102527,-0.70604014,1
1.7782038,1.0705094,-0.608372,-0.6179614,1
-0.32411492,1.8031399,1.1706393,1.3299167,0
-0.4885238,-0.29412863,-0.41734892,-0.95831025,0
0.5874452,1.6793021,-0.7711211,-0.43702555,0
-0.98346066,1.5056038,0.53291804,1.3293352,1
0.14819719,-0.74600357,-0.78286713,-0.8754431,0
-1.0744734,0.665125,-0.39152542,0.4916915,1
0.73859274,0.4896499,0.43510312,-1.2484031,1
-0.89225173,0.018882856,-0.24194783,-0.0790755,0
-1.0566869,-1.1052542,-1.4317439,-0.7707115,0
1.7994127,-0.41878766,0.13435999,0.2087922,0
1.5725253,0.6535003,0.9575594,0.7298705,0
0.25400248,-0.07585867,-0.43931794,-0.89357257,1
0.26603532,0.2594357,-0.22583106,1.6150031,0
-1.4256274,-0.5875947,-0.6964379,0.024864703,1
-0.3808825,-0.44765013,-0.55074996,-0.72171694,0
1.2419673,-0.55627054,-0.6741144,-0.14198247,0
0.8801415,-0.7454829,0.42715704,4.6846843,1
3.1827927,0.0776514,-0.105382875,-0.9289058,0
2.0458217,-0.61515456,0.66036284,-0.24432412,1
0.6357979,1.4260297,-0.12167528,1.1178797,1
-0.5870994,0.10736795,-0.4481547,0.3335152,1
0.8532616,-0.34423757,-0.40177888,-0.38726413,1
-1.7284851,-0.4810519,-0.74674356,-0.71465534,1
0.10211438,-0.16972038,1.670086,0.023643859,0
1.0844568,-0.22805764,-0.5815079,-0.105967,0
-0.85151416,0.08153382,0.11022556,-0.04026095,1
1.884335,0.43815467,0.07651112,-0.098692805,1
-0.09020348,1.3101063,-0.60317844,1.3232203,0
0.9560765,0.11731278,3.7419214,-0.16916537,1
0.5200443,-1.0471674,2.763486,1.499063,0
-0.5194851,-1.0796198,-0.6434288,-0.22457525,0
-0.36766824,-0.4465703,0.093043454,1.6713469,0
2.7213838,0.37635761,0.103041686,-0.015458731,0
-0.6614152,0.23712957,-0.12060304,-0.3197976,1
-0.18817304,0.12619567,0.1509268,-0.31127194,0
0.8282947,-0.27954546,-0.5777158,-0.42097044,0
0.06586358,-0.7124797,-1.147952,-0.05117913,1
-1.1163726,0.07640013,0.0764365,0.9980996,1
1.0087008,-0.3527828,-0.5050587,-0.52470934,0
-1.5127227,-0.6215574,0.0049406737,-0.162317,1
1.8087851,-1.0235412,2.496249,0.71965677,0
0.09886369,1.198291,1.3487277,0.691044,0
-1.0259099,0.8982583,0.4122494,1.6868784,1
0.661373,1.4521581,0.06311096,0.8237966,0
-0.26059285,-0.05369609,0.76126605,-0.64351535,1
0.5516572,-0.2764527,-0.6894091,0.47432002,1
-0.63473666,0.735966,-0.46208447,1.4124866,0
-1.7589362,-0.8213981,-0.6057877,-1.1165615,1
1.3269625,-0.17781904,-0.1786308,-0.007402947,0
-0.13812916,0.38387802,1.4367564,4.2346044,0
0.6895167,-1.0649252,0.10454154,4.809338,1
0.18397933,2.4551506,2.498726,3.233712,1
-0.4737947,-0.47824088,-0.31939766,-0.69844663,0
1.5724728,0.34366378,0.63189375,0.9154367,0
0.29761714,-1.0389975,-0.95749927,-1.3586487,1
0.7438109,-0.5820855,0.67304265,0.7317182,0
0.33103827,-0.34820372,0.038127504,-0.062445715,1
-0.65746033,0.09199388,-0.40754163,-0.08714312,1
0.76140046,-0.58916456,-0.43898416,-0.64424694,1
0.34468406,-0.68849546,0.6027547,-0.15606882,1
0.37590784,0.4238859,0.2655206,-0.18488483,1
-0.8928266,-0.26975468,-0.26461166,-0.49520794,0
0.11752369,0.533354,-0.7118142,-0.0793504,1
-0.03239532,-0.48704657,-0.6669669,-0.42602733,1
-0.8835417,-0.4183034,0.014794618,0.54252017,1
0.70224285,-0.2517628,2.1926048,0.42476788,1
-0.6623347,1.4978794,0.051669024,1.3700831,0
-0.47928518,-0.62336457,-0.6199811,-0.9004377,1
0.68403035,-0.031025447,-0.79144764,-0.8245856,1
0.6781282,-0.07323608,1.0035355,0.5646729,0
-0.04278869,1.129709,-0.6759616,0.8501052,0
1.2117444,-0.033278257,1.1594065,0.8409544,1
-0.14057301,-0.7877172,-0.27292484,-0.091389105,0
-0.34344158,-0.34629366,1.7427546,0.36034426,1
1.1610273,-0.2481029,-1.2622464,-0.8132005,1
-0.13722098,0.17095709,1.5398976,-1.1529922,0
-0.2295874,-0.36739615,-0.043056965,-0.84322816,1
1.5996147,-0.19146109,1.0382776,0.6484169,1
1.0513207,0.45596126,-0.9032726,0.08174625,0
-0.26618493,0.3030806,-1.4063447,-1.18474,1
-0.49814862,-0.17814481,1.1798301,1.738831,0
1.3154554,-0.0771427,-0.4790415,-0.108072504,0
0.5700527,0.96078616,0.6857308,1.0423691,0
-1.7017114,-0.58220756,0.055165388,0.8784352,0
0.471779,-0.74504983,-0.6786343,-0.8423898,1
1.1364931,0.44984064,1.1079081,-1.1201048,0
-1.7086883,-0.5264791,-0.9578913,-0.95907944,1
-0.14322147,0.12113815,1.2598562,0.5341843,1
-0.38776287,-0.30180314,-0.19982725,-0.9769055,0
-0.653502,-0.88339764,-1.6004775,-1.1484826,1
1.1877536,-0.19819798,-0.016236007,-0.8762422,0
0.7218169,0.54680276,-0.026174128,0.75310886,1
2.081189,-0.36688143,1.6125698,0.93794733,0
1.3364849,-0.32541168,-1.0932188,-0.7372391,0
0.7818113,-0.31525266,-0.9518048,-0.67487746,1
-0.10897739,0.21669345,1.1273758,2.5103464,1
-0.63941157,-0.5986062,-0.0932844,-1.0354115,1
0.046901442,-0.15539707,1.3212843,3.2860441,0
0.6593569,0.5802427,-0.3185798,-0.983226,0
2.3940084,-0.37360096,-1.458641,-0.55595636,1
0.5039235,-0.0928954,1.0133713,0.22037481,0
-0.6757202,0.51767564,-0.30964923,-0.8243174,1
1.1253262,0.63357335,-0.62554485,-0.03769794,0
0.19863027,-0.19441639,2.5441911,-0.81293815,1
0.26059377,1.3758581,0.3814923,1.2826773,1
-0.48515874,-0.34413928,0.008037895,0.006062746,1
0.69351596,0.36996678,-0.19142133,-0.99811435,0
2.0944781,-0.1387923,-1.2173448,-0.5254446,1
1.1952188,-0.39774087,1.604652,-0.0811197,1
-0.8076848,0.085435376,-0.729575,-0.10042316,0
2.0359714,0.3762557,0.57826877,-0.32727414,0
0.91732454,0.30407315,-0.96747553,-0.039869387,1
-1.6840959,0.5823407,-0.98171496,-0.9032816,1
-1.5921115,-0.68156826,0.108408436,0.48004955,0
0.24158707,0.5115667,0.4595138,-0.015851678,1
0.43032658,38.85284,1.722457,3.7669282,1
-0.09397334,-0.6295012,-0.8952464,-0.31957567,1
0.7135223,0.43411344,-0.37273818,-0.40719956,0
-0.13411775,-0.21664175,0.9905839,2.0362308,0
1.3754482,-0.5248616,-0.7905604,0.10513869,0
1.0469577,-0.43601182,-0.19298014,-0.8430625,1
-2.0374262,-1.1918789,-1.0744071,-0.4860591,0
-0.009324461,-0.2765503,1.7024763,-0.20078804,0
-1.2176079,-1.1558402,-0.08530803,0.72910947,0
0.4415205,-0.11609459,-0.849337,-0.6347828,0
-0.13562173,3.4682088,0.19593057,0.09323807,0
-2.1254668,-1.0464077,-1.0029434,-0.77389294,1
-1.5691636,-0.63826585,-1.2732991,-0.52203906,0
2.6530569,0.5084828,-0.033269126,-0.07271713,1
0.83749664,0.28386617,2.21889,0.0040007606,1
0.8573536,0.08041578,-1.1206574,-0.87583023,1
1.7122315,-0.40999478,0.14868635,0.1984222,0
0.9884341,-0.7721199,-0.63010305,0.014885537,1
-0.8026998,-0.24291554,-0.76879984,-0.90274733,1
1.1854589,-0.5643382,-1.1366441,0.19112831,1
-0.7057844,-0.48252618,1.3975363,-0.018114671,0
-0.92239815,1.533105,-0.5525875,-0.9543389,1
-1.9731299,-0.2051402,-0.8149239,-1.2315295,1
-0.5642648,-0.03269723,0.70037663,2.361687,1
-0.4640925,0.041699015,0.5278672,-0.07666178,0
0.30699724,0.061638594,3.8889604,-0.0515599,1
-0.6145413,-0.2755595,-1.1110625,-0.9199936,1
0.0508077,1.4213986,0.06179497,0.16970807,0
1.1970198,-1.2550248,-1.3544714,-1.1291873,1
-0.16268307,1.1674176,0.24235635,0.0004892051,0
1.7839245,-0.44838557,-0.4823686,-0.5010718,0
0.26097867,1.5769317,2.1106188,-0.077819735,0
1.1396387,1.0177196,1.0142281,0.6092392,0
0.5006204,-0.41491523,0.92167026,-0.7003898,1
-0.41120207,-0.440278,-1.5294591,-0.697085,1
-0.43327278,0.2744312,0.4813515,2.0898519,1
1.7425311,1.440485,2.0236096,0.77212596,0
0.5357542,0.32658446,-1.0053289,-0.99008214,1
1.3761014,-0.28803176,-0.63586926,-1.0994718,1
-0.037833266,-0.47388238,-0.90341437,-0.82012933,1
1.8302128,0.29498893,0.19198781,0.5130017,0
-1.4720014,-0.57467705,-0.12729968,-1.1063415,1
0.50588447,-0.5512842,-1.1135974,-0.69357204,1
-0.5575629,-0.2526248,0.4964999,-0.716366,0
-0.6190868,-0.12193744,-0.5660591,-1.0145073,1
-0.88172436,-0.316006,-0.5483936,-0.5967234,1
1.4473175,0.8725607,1.4352425,0.8554115,0
-0.26283067,0.077711314,-0.9538867,1.0602543,0
0.3567775,-0.38869447,-1.4850078,-0.88270164,1
-0.9430672,1.0592117,0.5803851,-0.13731104,1
-0.8256827,-0.30489904,-0.53331244,-0.8731257,1
0.31499276,0.39818257,0.5715683,-0.18035701,0
1.3189359,-0.15348728,0.31629312,-0.90616566,0
0.5675887,1.1636686,-0.59257567,-0.043336093,0
-1.8577013,-0.7581089,-0.48616976,-0.73527825,1
-0.010586558,0.2888847,0.24054031,0.37652582,1
-0.48197886,-0.8637424,-1.207626,-0.83071584,0
0.7225813,0.8333641,0.28349146,0.08713798,0
0.6276783,-0.22157767,-0.06895113,-0.51130295,1
-2.0000906,3.402999,-0.49639457,-1.1649561,1
1.1571165,-0.40408355,2.4740205,0.1529211,0
-0.8641515,-0.48224324,-0.50147116,-0.58837956,1
0.8316685,-0.6120912,1.0608518,3.1806164,0
0.81312907,-0.08881128,0.7657751,-0.48953506,1
0.65317154,-0.5993675,0.46338457,0.11692321,1
-0.9943872,0.016532838,-0.44247818,0.62710404,0
-0.52379394,-0.18892324,-0.9992933,0.103872985,1
-0.75516415,-0.15956503,0.884443,-0.72537637,1
-0.121393725,-0.6737203,1.663197,-1.0870632,1
-0.5657823,-0.50170016,-0.5741205,-0.11452684,1
-0.49875987,-0.2769193,-0.038417086,-0.7659604,0
0.16299851,0.22840913,1.2179601,0.12515761,0
0.2566357,-0.48321256,0.2228102,-0.852581,1
1.7366672,0.30876076,0.78771865,-0.09345417,0
0.5635284,-0.15125917,-1.028183,-0.69975823,1
-0.13619652,0.09114784,1.3252907,0.07347706,0
1.8034953,-0.07994441,-0.3649434,-0.32954997,0
1.2258948,0.75507015,-0.5178408,0.4008222,0
0.11609048,0.14849725,1.8855077,0.895821,0
1.1141894,-0.8061202,2.0351655,-0.5803213,1
1.0773892,-0.12716144,-0.11676535,-0.027612312,1
1.0065025,0.93454695,-0.4930957,-0.25220346,0
-0.82309985,-0.3377963,1.1956974,0.8211978,0
0.82584256,0.32906955,0.34496188,-0.37346888,0
-1.8286805,0.3228417,-0.2771104,-0.5850725,0
-1.4619906,-0.76340353,-0.60733896,-1.0693028,1
-2.094302,-0.8467999,-1.2972898,-0.9650277,0
1.1363661,0.38889122,0.53621113,0.5297397,0
0.9662963,0.92745066,-0.2990188,1.1262673,0
1.2324481,-0.46996158,-1.2706347,-1.0833694,0
1.396549,-0.5164023,-1.0454875,-1.3687117,1
-1.4940724,0.19346529,-0.716028,-0.44211078,1
-0.22207955,-0.57947147,-1.1163318,-1.0589744,1
-0.45572165,0.71283984,0.18352485,-0.04407349,1
-0.766683,0.8753921,1.371974,1.7984197,1
-1.0978526,0.14545421,-0.19594422,0.72862124,0
-1.628823,-1.305274,-1.184902,-0.74726874,1
1.8824983,-0.9732513,-1.1588652,-0.9914125,0
1.5000187,0.3805794,2.0436473,-0.27942884,0
-0.06826463,-0.8360669,0.97064835,-0.12694658,1
-0.2776909,0.30545706,1.2903733,-0.19266042,0
0.215968,0.26342976,0.8361492,2.9442472,0
-1.2683674,-0.38753486,-1.0579225,-0.15131548,1
-1.7682911,-1.1783745,-1.5594201,-0.96783376,1
-0.5595348,-0.25586867,-0.7015745,-1.2221438,0
-0.23355454,0.41648084,-0.57747173,0.7510497,0
0.869683,-0.016496211,-0.14059964,0.7763827,0
-0.52508247,0.46388948,-0.821581,-1.0466894,1
-1.2503306,-0.39430618,-1.2947273,-0.61107635,0
0.5162931,0.21492106,-1.2446058,-0.2281578,0
0.8164685,0.17701027,-0.35827515,0.7584425,0
0.104042426,1.1959214,0.6133995,0.21050197,1
-0.02250753,-0.7712146,-1.018614,-0.96614385,1
0.34115687,0.8632029,-0.9175831,-0.09999408,0
-1.4448401,-0.39786124,-1.8287175,-0.8795711,1
-0.6877064,-0.7789937,-0.7423841,0.21465622,1
-0.37009054,0.09806178,0.21395457,0.7509897,1
0.05037248,0.3066442,-0.1360299,0.6736086,0
-0.09271337,0.061763808,-0.57951117,0.5716599,1
0.46037698,-0.5631161,-0.14730811,0.20876895,0
0.20417008,-0.0913132,-0.98824847,-0.26983184,1
1.8011619,-0.29444933,-0.3844787,-1.0984211,0
0.6482327,0.049815163,1.7139853,0.06842333,0
0.8079352,-0.71566826,-0.8928916,-0.73017335,0
-0.981261,-0.27886808,-0.9338014,0.11064099,0
-1.6280812,-0.36281985,-0.3314038,-0.6293217,1
-1.0396281,0.031766012,-0.09535855,-0.0563315,0
-0.6474614,-0.15048286,0.63514477,0.14918073,0
1.3902054,-0.05446706,0.49446246,-0.34816128,1
1.0857301,0.27463788,0.49668676,-0.9466162,0
0.82522976,-1.0191519,-0.63446796,-1.1958029,0
1.3886675,-0.40394348,-1.1409742,-0.46306673,1
-1.6230438,-0.77504194,-1.1746286,-0.96836936,0
0.48877627,0.50334674,0.92592347,-0.7166885,0
-0.4775286,-0.8118242,-0.71116805,-0.6974066,1
-0.89717764,0.119067706,-0.5293158,-0.8840649,1
0.31778213,-0.5336065,0.77940685,1.0422422,1
-0.7615082,0.33687904,0.0025647357,0.47547555,1
0.5522227,-0.5895972,-1.381366,-1.1160312,0
-1.6045719,-0.24993809,3.2766302,-1.0521661,0
-0.7966856,-0.33141008,0.23496105,-0.093624346,0
-0.025720477,0.9435725,0.12550882,-0.34308895,0
-0.33779716,-0.2247662,0.7478171,3.095606,1
0.14004639,0.6961851,-0.35511664,0.6273604,0
0.682094,-0.4559735,2.2799587,-0.17872941,0
-1.0769093,-1.1192238,0.2960615,-0.5169164,0
1.3458639,-0.2747365,-0.0027746558,0.11128761,0
-0.472624,-0.07650162,-0.93731046,-0.63076067,0
0.9868039,0.04980152,0.1533941,0.53422165,1
2.3354154,-0.44217086,-0.71870273,-0.5342846,1
1.0797659,-0.2527904,0.84256095,-1.143492,1
0.8813093,-0.11241311,1.117706,-0.2858312,0
1.6720916,0.3757252,-0.5057596,-0.12751088,0
-0.26055953,-0.39731136,-1.458374,-1.0824965,1
-0.08044926,-0.03398566,-0.5156455,0.7017711,0
-0.8500974,-0.9075186,-0.8400411,-0.38900992,1
-0.85737056,-0.075755626,1.4567819,0.6791136,0
-1.9223022,-1.3609252,-0.7242116,-0.82684135,1
-0.9993024,-0.6001786,-0.90145993,-0.61304665,0
-0.067080766,-0.15422928,1.1877323,0.7322148,0
0.6813506,-0.54116654,-0.16071698,0.761903,1
0.59812427,-0.20000905,0.44410425,0.43421915,1
0.38262033,-0.62368524,0.8445256,-0.030920621,0
-1.030089,-0.55080825,0.48265505,-0.92448497,1
-0.061123237,-0.3406533,-1.1335618,-0.9823574,1
0.6290668,0.8205047,2.3996487,0.850287,0
0.49157417,-0.63685215,0.16027004,0.8293826,1
-1.5878258,-0.4731267,-1.3166978,-0.8070211,0
-1.1070806,0.29235375,-1.028978,-0.75578517,1
1.5260603,0.20660421,0.8549081,0.027292643,0
0.5516345,-0.27047396,0.51921564,1.6030443,1
-0.84128433,-0.20693314,-1.2449229,-0.60639864,0
-0.85442877,-0.2606132,-0.982318,-1.1270169,0
-1.2761934,-0.73878783,-0.5963344,-0.8622926,0
-0.4380436,-0.24825004,-0.46495044,-0.82783043,0
-0.8667226,-0.6395289,-0.91691816,-0.32418036,0
-0.48798442,0.22472847,1.4368916,0.972679,0
-0.9095536,-0.22962248,-1.0140508,-0.4897592,1
0.58850145,-0.6001189,0.23283364,0.53275126,0
-0.33475593,-0.44619906,0.010567851,0.61395335,1
-0.8470051,-0.26713085,-1.3179829,-0.78371274,1
1.0124027,-0.86612487,0.2791729,0.93192464,0
0.94682986,-0.8380244,-0.7069373,1.504918,1
-1.4557272,-0.63144124,-0.8011947,-0.8280857,1
-0.0057093054,-0.19506502,0.13020179,-0.25920665,0
0.46062985,0.55398697,-0.043550417,0.74272037,0
1.0658313,0.14389828,1.70992,0.043461796,0
-0.08348948,0.095598534,-1.0558875,-0.9321808,1
1.1026505,-0.6529977,-0.12607753,-0.8325552,0
0.3827585,-0.20438264,0.3194685,-0.20088866,0
1.5639673,0.84952235,1.3037544,2.965062,0
-1.3494599,-0.31216437,0.061920516,0.24160208,0
1.3266456,-0.10688687,1.8449678,0.71226275,0
1.2245303,-0.52313966,1.3238237,0.7568784,0
0.34556583,0.5333128,-0.6459358,-0.8242363,1
-0.8602053,0.16238806,-0.5680067,-0.060712554,0
0.1595093,-0.32113153,-1.0428418,-0.24149461,0
0.18222068,-0.41231123,0.40667266,-1.2325597,1
-0.339724,0.566084,0.13526335,0.7416978,1
0.09336974,0.7316291,-0.040427834,0.24493562,1
-1.1037182,-0.12120953,0.20243415,-0.8358454,0
-0.07927677,0.2791542,0.69177055,-0.098334074,1
0.33112124,0.5106604,0.33427596,1.3161573,0
0.97502595,-0.45212007,0.24690744,0.032126244,0
0.11670722,-0.20754836,0.11014901,0.020324424,1
1.0040982,0.5197787,1.5310631,0.6199808,0
0.18852335,1.687389,0.34959936,1.4945755,0
-2.0438938,-0.40930414,-1.2266347,-0.8900947,1
-0.0897944,-0.0005725026,-1.2692144,-0.9857638,1
-1.9064995,-1.1643816,-1.1830513,-0.9590184,1
-1.7739006,-0.5908345,1.4878412,1.4347236,1
-1.0979028,0.08103045,0.8689791,-0.8131808,1
-0.2719212,1.06873,-0.8473405,-0.31784877,1
1.4217521,0.2735858,0.22658455,-0.24244978,0
2.136192,-0.16773885,-0.5478082,-0.04417404,0
0.31621695,0.4068908,-1.3808849,-1.2448243,1
2.717029,0.30277383,-0.33506292,-0.59236944,0
-1.3038958,-0.9015761,-1.1073875,-1.113636,1
-0.1756816,0.52022815,1.4065875,0.047838707,1
0.70202637,-0.11442913,0.054171745,-0.96244043,1
-1.2205228,-0.3767447,0.7684345,-0.75010717,0
-0.57628584,0.42163372,-0.3481416,0.025217313,1
-1.143134,-0.56309605,0.093782395,0.003427133,1
-0.883712,-0.27365673,-0.44961876,-0.5586522,1
0.9395083,0.6312911,0.37877008,0.6936377,1
0.8285898,-0.37249702,0.35062286,1.425394,0
-0.8578904,-0.61591357,-1.9268627,-0.76183355,1
0.6966328,-0.31211907,-1.0786667,-0.88450396,0
-0.520544,-1.1548605,-0.79414123,-0.6432357,1
-0.45608422,-0.25695387,0.01744482,0.75721824,1
0.37255254,0.4655292,-0.44737035,1.7773045,1
0.4126519,0.36508188,2.76795,0.43935153,0
2.2536545,4.444374,-0.2773977,-0.26509166,0
0.6501807,0.48948997,-0.43434978,-0.4416706,0
-0.39534426,-0.38278097,0.87071,-0.94944876,0
0.26995105,2.0838284,1.5863444,6.2289205,1
0.28802297,-0.3907877,-1.2588497,-1.0495523,1
-0.24127756,-0.49462274,-1.3408045,-0.6849941,0
-1.4662871,-0.12507945,-1.2973326,-0.6061822,0
-1.0459543,0.07279274,0.43511662,0.8262892,1
-1.3534955,0.63779926,-0.8382547,-0.88783056,1
0.04920891,0.68840826,1.6929963,-0.24905756,1
-0.13807623,-0.5635345,1.1737642,-0.29379192,1
-0.48264176,-0.49467057,-0.8024076,-0.9855505,0
-1.3264219,1.1918322,0.30906963,-0.65555286,0
-1.7011135,-0.91484207,-1.6830223,-0.54902506,1
-0.30888852,-0.5920869,-1.0708936,-0.7786805,1
0.8503642,-0.23866601,0.7693801,-0.16250153,1
-0.58279943,-0.71431,1.0616627,-0.7849255,0
0.9491365,-0.43260545,0.43984318,-0.020963678,0
-0.7077084,-0.89928156,-1.379131,-0.8500284,1
1.9511983,-0.6355507,-0.25783724,0.5995158,0
0.20004484,0.1746012,-1.2004231,-0.7989542,1
1.8935637,1.3259212,1.0820286,-1.0549476,0
-0.27065375,-0.8981261,-0.29403085,-0.1278181,0
0.86664116,-0.31759322,-0.19986811,0.2675509,0
0.58434165,0.24434802,-0.42027518,1.7660288,1
0.31270418,-0.48586375,-1.0675911,0.1008216,1
1.7981888,-0.27957067,-0.023993231,-1.1627233,1
-1.025816,-0.8386197,-0.7323353,-0.68724823,1
0.5762584,0.96061414,0.19323966,0.19360034,0
2.4333675,0.054184724,-0.6283558,0.034203004,0
1.7354568,-0.8020604,-0.5506127,0.5315759,0
-0.26535892,-0.032089043,0.15673822,0.90643644,0
-0.54372233,-0.2609036,0.7294272,0.114270955,1
-1.1362941,-0.8858022,-0.14935116,-0.6238415,0
0.7298198,-1.09866,-0.87449867,-0.57540685,0
1.7500389,1.6375544,-0.5106342,1.3071566,0
-0.273625,-0.5440872,1.6177329,0.8283998,1
0.33940235,-0.67327285,-0.34724826,-0.22796665,0
-1.6440967,-1.3954883,0.192891,-0.7672595,0
1.0394323,-0.6366718,0.0036931932,-0.96739066,0
-0.52918184,-0.24421676,-0.70981824,0.4327144,1
-0.97803855,0.076246075,-0.72948194,0.31334156,0
-0.4168419,0.30341974,-0.8860829,-0.6906588,1
-0.8561705,-0.24840167,-1.4959443,0.061140347,1
0.75361335,-0.4919262,1.5153801,0.06748147,1
-1.0348221,-0.14695078,-0.50019497,-0.87243474,1
0.21289326,-0.589849,-0.4716841,-0.048167575,0
-0.50433064,0.18419828,2.237115,0.23673697,1
-1.059371,-0.17067724,0.47222733,0.24848698,0
-0.08285087,1.4884446,0.73610497,0.7820516,1
-0.84524363,0.16354692,-0.13488394,-1.2007746,1
0.9112699,-0.437378,0.1463088,-0.8150396,1
0.61398035,0.56087744,-0.47221977,-0.043875832,1
-1.0412874,-0.06442574,-1.3666652,-0.803595,0
1.5826013,0.117632404,-1.3432002,-0.8656672,1
-0.032865837,0.62720084,0.9298726,1.475232,1
0.3652362,-0.22211815,-0.6261589,-0.7786399,0
0.47829914,0.53745663,-0.16852257,-0.96708626,1
-0.10155721,0.79663765,0.055615757,-0.5615765,1
0.08535653,-0.28893474,1.5578262,3.2162273,1
0.34402362,-0.47011626,0.7715646,1.4467865,1
-1.1151906,-0.022796743,-0.24770758,0.6581774,1
0.72290903,0.9507955,1.391563,0.82594097,0
-0.11330859,-0.34202543,-0.28435528,-0.08674112,1
-1.5411611,-0.75373495,-0.21041629,-1.0856341,1
2.189298,1.5175196,1.7364676,-0.1437215,1
-1.3943601,-0.34876886,-1.0618782,-0.070245676,0
-2.1167483,-0.919023,-1.2644277,-0.6711508,0
0.27806878,-0.5835742,0.026081093,-1.1896267,1
-0.31524077,-0.010041662,0.16314515,0.5424421,1
2.3563335,0.113781124,-0.26677975,-0.090955794,0
0.33792263,-0.5561527,-0.29349038,-0.08681719,0
0.80589485,-0.06234902,-0.94307315,-1.0382627,0
-1.0951443,-0.84391415,0.12761465,-0.7781536,1
-1.0384454,-0.28661603,-0.49122345,-0.53037566,1
0.146634,0.5001844,-0.12003142,-0.18911105,1
0.33383974,-0.071132965,0.75261116,2.0492072,1
-0.06222801,-0.5746299,0.2911682,0.63847834,1
-0.47320122,-0.090572715,-0.2781016,-0.8261877,0
-1.9220418,-0.9322984,-0.95579493,-0.7003973,0
0.76285976,-0.6516875,0.22803025,-1.1741543,1
-1.1931548,-0.061338782,-0.12497798,0.52409834,0
1.0521967,-0.41555727,0.25283906,0.14715311,0
0.035501856,0.1713055,-0.65050226,-0.41552937,1
0.62745315,0.21380994,0.7088427,0.62939435,0
2.7937791,0.11659944,-0.41101012,-0.9927994,1
-0.6613841,-0.1779984,-0.6182957,-0.32490453,1
1.27789,1.0350368,0.18709123,0.32441613,0
2.4181306,-0.045559436,-0.70489675,0.31489614,0
-0.40297022,-0.8314941,0.4472913,-0.036236398,0
0.23327556,0.13371836,0.112786084,0.68923056,1
-1.350482,-0.09699178,0.07096833,-0.2612959,0
1.08902,0.9549484,0.0053433776,-0.9558863,0
0.98057735,-0.25635627,0.45541242,-0.09731116,0
-1.5948398,-0.8132274,-0.9216744,-0.42995346,1
-0.17443644,-0.41724128,0.7617792,1.1401063,0
0.15392861,0.91420096,2.4615088,0.9183604,0
-0.095273376,-0.37451923,-0.53351045,-0.100695685,1
-1.4456866,-0.31111956,-0.0390175,-0.81403244,1
-0.26253325,1.0123674,-0.6063084,0.8001912,0
-1.7758908,-0.8957618,-0.846742,-0.83461493,0
0.030639946,-0.6049471,-0.5743716,-0.28669327,0
0.48665732,-0.46232718,1.3379997,-0.8841016,1
-0.997795,-0.483751,-0.62962615,-1.2189219,0
-1.185252,-0.45394534,-1.2076536,-0.615729,1
-1.8296485,-1.0973426,-1.3413999,-0.57779634,0
-0.4581545,-0.56391555,-1.461023,-0.07894835,1
-1.7541062,-1.1598674,-0.77842236,-0.94053084,0
2.0996478,-0.8056427,-0.23868056,-1.0658623,0
1.2625023,0.26809633,1.2881204,-0.68664265,0
-1.1707098,-0.64120597,-1.711161,-0.53345895,1
-1.6495352,-0.22343385,-1.4456391,-0.4629622,1
-0.19560543,-0.4391598,-0.26530325,0.13945216,0
-0.5797749,-0.75616133,-1.2175884,-0.44573724,1
0.30510288,-0.84726644,-0.74536854,-0.26693982,0
1.1963782,0.5946251,-0.80984545,1.2991208,0
-0.91087097,-0.54007226,-0.38795266,0.11117379,0
0.20517626,0.9256946,-0.092916474,1.60534,1
-0.8753029,-0.052319005,1.417568,-0.8940499,1
-1.2944108,-0.36328167,-0.19022071,-0.23374848,0
0.053508654,-0.13507013,0.012593098,1.1424221,1
0.10772297,-0.47442633,0.056861922,0.72463185,0
-0.854046,-0.19323501,0.16729951,0.8996228,0
-0.5094375,-0.88572764,-0.5315273,-0.50405097,1
0.6046134,1.029329,0.069331676,-0.7316968,0
-0.33079273,-0.46301717,-1.099278,-0.9101709,1
0.27061945,-0.19371238,1.3912678,-0.16828837,0
1.3702744,1.1675671,2.7614255,0.52667385,0
0.8047868,-0.63801396,0.26108938,-0.7777456,0
-0.93305093,-0.29146641,-0.25734735,0.04200281,0
-1.2360405,0.3375141,-0.70366913,0.5129289,1
-1.4246843,-0.96975577,-1.3812444,-1.0025473,1
-1.4909683,-0.7508999,0.54087305,-0.75182605,1
-0.91370666,-0.7960098,-0.58057755,-0.66130054,0
2.1408796,-0.384743,-0.43890643,-0.56834465,0
0.7790931,0.21456322,2.4208183,-0.38029215,1
0.31952313,-0.57951725,-0.59349567,-0.31279403,0
0.29721788,0.6200462,0.8731804,1.8182105,0
-0.9449461,1.9024668,-0.45247337,-0.26154038,0
-0.013188466,0.30914146,0.032968566,-0.13707381,1
-1.4822292,-0.5479371,-0.87885916,-0.6185605,1
-0.085497245,-0.24808595,0.12252918,0.025407877,0
-0.9536576,-0.33467764,0.9439077,-0.8395797,1
-0.44321832,0.21984932,0.7181787,2.3352988,1
-0.39758018,-0.6203088,1.9804657,0.3094025,1
1.1958575,1.3962198,-0.30121553,0.120282754,0
-1.7108951,-0.37877017,-0.06661701,0.01793478,0
-0.55253667,0.063680515,-0.116191626,0.6246601,1
1.0583851,0.6753105,0.6123874,-0.2653404,0
-1.6318475,-0.43531942,-0.9423575,-0.7635152,1
-0.17920846,0.7190441,-0.81106627,0.49042952,0
0.25556314,-0.14220782,0.09719987,-0.84797853,1
2.2619154,-0.51362586,-1.2971939,-0.6682506,0
-0.8623345,0.16648288,0.3920471,0.78183234,0
0.6363285,0.3656127,0.76177436,2.3599858,1
-1.1791672,-0.7194793,-0.81502676,-0.79659635,1
1.3324574,-0.3074991,1.8289961,0.06206849,0
-0.8276281,0.6031675,0.05033801,-0.63065314,0
-1.043157,-0.26672974,-0.7487566,-0.41788402,1
1.144814,-0.67163986,0.68825024,1.7255629,1
-0.34225896,-0.08028722,1.3993354,0.6128926,1
0.019553125,0.14073355,-1.1016785,-1.0965693,1
-0.84695256,-0.49305713,-0.75045127,-0.7982463,0
0.284787,0.8077706,0.35144132,0.7289877,1
-0.4393838,-0.5610583,-0.9333408,0.2926225,1
-1.7536641,-0.38697654,-0.78629744,-0.022941578,0
-0.025399074,-0.16816692,0.57149076,1.0146064,0
-1.6152517,-0.40124938,-0.67944205,-0.71139205,1
1.0647109,-0.5042427,0.48674995,0.8762955,1
0.22152081,-0.021460993,2.3752787,0.2575161,1
-0.7052509,0.35666877,-0.8934734,-0.65745556,1
0.077732146,-0.40611985,-1.1747397,-0.09463442,1
0.29951182,0.26832175,1.3245045,0.6731886,1
-1.5262784,-0.86238825,-1.6217296,-0.6601105,0
0.5308315,-0.22898333,-0.1723456,-0.9177089,1
0.731348,-0.5824918,0.29143193,-0.90631294,1
1.3955102,1.4179361,1.2991643,1.6062279,1
0.4756702,0.6012808,1.3097217,0.4562923,1
1.4191626,-0.17163745,-0.26005945,-0.16608787,0
-1.0530839,0.86057615,1.3304591,-0.59255767,1
-0.3098588,-0.95181227,-0.96877027,-0.62548923,1
0.46024156,-0.6576984,-0.2934194,-0.48642778,1
-0.4351541,0.5859431,1.1965727,0.8475386,0
1.1315134,0.13204011,-1.6288768,-0.5867437,0
-0.07905491,-0.5251249,-0.87269866,-1.0905235,1
1.1160609,1.0425426,-0.47262645,-0.02176292,0
-1.0755697,-0.5023712,-1.6501461,-0.5225117,1
0.4118042,0.88056326,1.038038,0.8027171,1
-1.0881972,-0.8453446,-0.67955494,-0.7935638,0
-0.77481496,-0.61056614,-0.11286526,0.22877629,0
1.6812692,-1.0178202,-0.34339452,-0.053753994,0
1.368299,-0.42110312,-1.2164949,-1.3123953,0
0.99227154,1.1688591,3.188428,1.2417442,1
-0.18552965,-0.2739585,-0.98230964,-0.13536207,1
0.9352738,-0.6283429,-0.77542675,-0.9551723,1
-0.6484287,0.34415472,0.2152665,0.6388381,0
0.6269609,-0.82750356,-0.8776874,-0.29620892,1
-0.13814345,0.364089,-0.09081519,0.94536394,0
-1.822922,-1.2911942,-1.0548096,-1.3030529,0
-0.37184775,-0.21722284,0.7596868,1.1255655,1
-0.36072403,0.4573503,0.39181775,0.75692564,1
1.0402871,-0.6660549,-0.68975985,-0.8479396,1
-0.083921105,-0.53113383,-0.47240946,-0.6428737,1
-1.9840907,0.4530074,-0.6841615,-0.78989553,1
-0.84833026,0.6463989,0.30939826,0.4108866,1
0.35572863,0.48966432,-0.42882174,0.005407486,0
-1.3278718,-0.23737511,0.04741759,-0.8181156,1
-0.6755498,-0.3010399,0.06682339,-0.94997925,1
0.1960297,-0.6961531,-0.0017412603,0.3737531,0
-0.8026578,0.12968865,-0.6156627,-1.0254562,0
-1.1421902,-0.65376663,0.8421333,-0.757066,0
-0.21390727,-0.32416797,0.1417785,0.1742977,1
0.58523476,1.1024284,0.6388102,-0.2430528,1
-1.4986221,-0.059462637,-0.049656224,0.8959391,0
0.4450407,-0.23332773,-0.7631443,0.728342,1
0.48156282,0.8122776,1.4705225,0.61827064,0
0.2612809,-0.91002077,0.08166945,-1.0905838,0
0.41626158,2.229552,-0.7323637,-0.2667042,0
0.056523606,2.4968505,-0.58741784,-0.02413882,0
-0.34447503,0.0189066,-0.39303583,0.09497671,1
-1.4347278,-0.009145096,-0.0034189299,-0.7974838,1
0.45162597,0.28567165,0.7688944,1.1359878,1
0.093478635,-0.2054936,0.20719215,-0.72939104,0
0.2318272,0.20024224,0.77597684,-0.69198805,0
-0.42303205,0.14241184,-0.123485684,-0.60229427,0
0.89934355,0.07612917,-0.024473287,0.05331606,1
-1.0814154,-0.77415574,-1.0554674,-0.54424465,1
0.85223216,-0.56561136,-0.4786346,-0.1479683,1
0.1790029,-0.58251256,-0.6092301,-0.90815115,1
2.2170901,-0.5347277,1.555241,0.94775456,1
-0.3537225,-0.4942547,0.5453215,2.877941,1
-1.085052,-0.20304932,-0.39582804,-0.09868852,0
-0.16643973,-0.525238,0.15957773,-0.33304727,1
-0.2318781,0.23381437,-0.5258787,-0.9923939,1
-0.7405262,1.0262722,-0.1841825,0.021814436,0
1.0585824,-0.3394413,0.2108491,0.19113186,0
0.69411665,-0.50300777,-0.023934513,-0.9586065,1
-1.6666999,-0.5187937,-0.7043163,-0.6677686,0
-1.251226,-0.59417516,0.96501863,0.72825193,0
-0.034070432,-0.055561922,0.7124759,1.057646,1
-0.97330403,0.6148506,1.161077,-0.83967865,1
-0.41593787,-0.7535423,-0.20617959,0.3394316,1
0.44237784,-0.46634096,-0.15111336,0.09147237,0
1.8967737,0.66340303,-0.49380767,0.013800621,0
0.8887127,0.042220756,-0.7004657,0.017545205,0
-1.108592,0.45125425,-0.8136719,-0.10125394,1
0.42691645,-0.5862962,0.40948862,-0.30200693,1
-0.23889297,0.17721966,-0.21074772,2.2622886,0
0.41016635,-0.16857469,0.32457566,-0.39873236,0
-1.8331369,-0.9841909,0.044420138,-0.8170354,1
-1.1248367,-0.87289226,-1.3652843,-0.8588339,1
0.4557692,-0.31323195,2.3008018,-0.7909218,1
-0.76164174,-0.1979658,-0.10314615,-0.12956262,0
-0.5559706,-0.502609,1.9084098,-0.20811833,1
-0.343728,1.5524994,0.43505242,0.8478414,1
-0.15847711,0.03689748,-0.0538584,0.5930606,0
0.23873125,-0.05101198,0.37155056,0.62359756,0
-1.4011704,-0.7304414,-0.36202562,-0.75189865,0
0.9452543,2.1349616,-0.25919396,1.8153197,0
-1.0812292,-0.33545122,-0.57992554,-0.75021183,1
-1.1753112,-0.26228496,-0.6903871,-0.9101358,1
-1.5548507,-0.49498916,-0.7267548,-0.9499525,1
-1.5825605,-0.8946983,0.55879486,0.03538173,1
-0.683115,0.7292297,1.2667025,1.9887624,1
-1.1209853,-0.14619333,0.3107095,0.08665003,0
0.29548106,-0.25351545,0.15386808,-0.03888627,1
-0.942271,1.1389087,-0.88927835,0.6858312,0
0.2742179,-0.10675162,-0.6745075,-1.1425587,1
-0.26783794,-0.32838878,-0.21795052,0.14132692,1
-0.6059674,-0.74559253,0.49071,-0.8130751,1
0.11392011,-0.49854112,-0.96700245,0.024069488,1
0.8546097,1.2463121,0.5089444,0.39321935,1
0.14834204,-0.11961985,-0.3836194,0.5993466,0
-1.6122115,-0.0115939975,-1.7718475,-0.7901147,1
1.4236909,-0.094391644,-0.8969972,-0.7752264,0
0.8131696,0.18171853,0.94564474,0.4549006,1
1.2891922,-0.3387015,0.13944799,-0.99218404,0
-0.2824965,0.052228004,1.7168889,0.20027582,0
-0.08387482,0.09746198,-0.9460316,0.6027467,1
-0.018220723,0.081748396,-0.24556753,0.10408206,1
-0.6415521,-0.63595575,-0.11210376,0.19455053,1
0.25238815,5.7252936,1.8500307,4.835429,1
-1.2382513,-0.22136626,-0.5736274,-0.75866026,0
1.5534614,-0.23585117,0.10283787,-0.8296775,0
-1.646652,-0.9313741,-0.30884686,-0.96702474,1
0.933472,-0.82351756,-0.16603616,0.293239,1
0.07524507,0.0655868,1.001509,0.7085329,0
0.3270454,0.28942358,0.19074225,0.8404651,1
-0.4577595,-0.0022095293,-0.17785847,-0.09032519,0
0.6464777,0.71837044,1.1526263,-0.42645997,0
0.0594037,-0.32367554,1.7422738,1.7389241,1
-1.0060803,-0.059126563,-0.97530234,0.14475565,0
0.13523841,-0.5635798,-0.14160195,1.1509714,1
0.5516461,1.2034694,0.7181953,3.0632102,0
-0.9992417,-0.52718574,-1.0085957,-0.7307733,0
0.49470147,-0.16173276,-0.16641301,-0.4400456,1
-0.3593765,-0.39313355,-1.7210865,-0.9057348,1
-0.33851504,1.1604092,-0.6558511,1.6120504,1
-1.0065812,-0.4612278,0.47268665,-0.28991488,0
1.5567505,0.43263176,-0.8287083,-0.19962361,0
0.8851846,-0.14441004,0.57325983,-0.15589616,0
-0.92405814,-0.6540958,0.45589012,0.76115733,1
-0.8623094,0.87356395,1.3566364,0.6787447,0
1.5342512,-0.6656728,-1.101439,-0.79498,0
-0.43841818,0.33886367,1.3296998,2.3559072,1
-1.712396,-0.43595296,-0.46640885,0.84399825,0
-0.40137,0.3415827,1.3700306,-0.7098063,1
0.08634956,-0.92442894,-1.4093108,-0.7741129,1
-1.392611,6.664691,-0.71790785,-0.510021,1
0.72922957,-0.14418149,-0.328524,-0.7290249,1
0.17681548,-0.37017003,-1.2211901,-0.40753043,1
-0.33440995,0.26980677,-0.06639099,-0.106291205,1
0.1936205,0.36932075,0.75614536,0.7667776,1
0.42785025,-0.6080614,0.06121874,-0.23714729,0
1.7434884,-0.84775466,-1.4461603,-1.0051391,0
0.36226904,-0.55929655,-0.48123014,0.3948645,0
0.60161304,-0.013806868,1.0151442,-0.1459492,0
1.1883323,-0.3642515,-0.49182647,-0.93068665,1
0.61350256,-0.28781125,-0.2774531,-0.16066426,1
0.6300085,-0.097293094,2.7725117,2.3251371,0
0.39603788,-1.1117257,-0.9786992,-0.8771099,0
-1.8121858,-0.71665645,-1.2048792,-0.8942873,1
0.57144845,-0.7125238,0.00033732504,0.017720118,1
1.0742921,1.6275693,0.35402945,-0.5100043,0
0.22138679,0.7446551,-0.53221506,-0.39411783,0
-0.28833824,0.5896658,-0.56781024,-0.1327079,0
-0.6834072,-0.27321756,0.18398249,1.3001971,0
-1.3384397,-0.11747271,-1.5064359,-0.4952432,1
2.7888527,-0.37362927,-0.8860139,-0.9715787,0
-0.9159692,-0.6351601,-0.40166584,-0.94966066,1
-0.27888942,0.06985149,0.53025144,1.5765234,1
-0.88711584,0.3139469,-1.3645219,-0.1388332,1
-1.0986117,-0.6759268,-0.8881421,-1.1995554,0
-1.0863415,-0.88415724,-0.96790755,-0.6173727,1
-0.15005198,0.0892964,0.04336989,-0.8099745,1
-0.93935835,-0.6144337,-0.8573832,-1.0569756,1
-0.28459218,0.52340555,1.3809457,0.02332507,0
2.803136,-0.5427537,3.5499647,-0.23359528,1
-1.3629732,-0.52024895,-1.287929,-0.8508015,1
2.8602254,1.4102044,0.85513616,-0.775672,1
0.13140188,0.5138963,1.0618166,-0.09836635,0
0.7601985,-0.4035733,-0.45647776,-0.3718157,0
0.24466836,0.77536476,0.3861164,1.5220534,0
-0.65991485,-0.72260445,-1.0260159,-0.43665653,0
-1.1063098,-0.07916062,0.014413029,0.89378595,0
0.9652926,0.97843426,0.25529143,0.48101267,1
0.057526752,-0.25570673,-0.31922314,-0.30101165,1
0.6102454,0.43607876,-0.34502354,-0.2769224,1
-0.083668925,1.0315428,-0.45891982,-0.34781468,1
0.5967748,0.7187565,2.504181,-0.19008511,1
1.2014186,-0.80342114,0.056260034,-0.3542411,0
-0.5939677,1.6792575,0.12934953,0.8931297,1
-0.91845137,0.15746301,0.56485134,0.5733358,1
-0.7234537,-0.7974434,-0.55156606,-0.9693748,0
-0.54863197,-0.4042202,-0.8000598,-0.7069175,1
1.3885833,1.032758,-0.49542886,0.05231491,0
-0.39961258,0.29831266,0.3485763,0.90054005,0
1.0116934,-0.12125055,1.7540174,0.5854208,0
-1.431837,-0.575388,-0.00846941,-0.8303611,1
-0.42523775,-0.2092679,-0.5024134,-0.68938327,1
-1.2876816,-0.11275947,0.112319715,-0.99308217,0
-1.1281166,-0.48873252,-0.88389516,-0.6496473,1
1.6873336,0.09827845,-0.35108352,-0.09439785,0
0.3715967,0.45937178,-1.2777518,-0.54721457,1
-0.3028655,-1.2345654,0.7851529,-0.86647594,0
2.2870722,-0.6264348,0.30207282,0.20664051,1
-1.2750657,1.2557812,1.0156683,0.061520245,1
-1.5285506,-0.42896482,-0.91688246,-0.71292794,0
1.6053029,0.15524763,-1.6355914,-1.1585897,1
1.4173182,-0.895967,-0.5166731,-0.827704,0
-0.37138385,-0.6948543,-0.117699176,0.55248326,0
0.90377027,2.6723645,1.1450105,1.0414554,0
0.9918964,0.027703807,0.5708819,0.78142744,0
-1.4379978,0.4133743,-0.5068873,-0.897462,0
1.0259206,-0.5178354,-0.11071709,0.2914155,0
-1.3594275,-0.73349243,-0.54051375,-0.774527,0
-0.75326353,-0.8767228,-0.8131813,-1.2568824,1
-1.2031052,-0.17843619,0.12794635,-0.5947046,1
-1.2569321,0.031282276,-0.46454123,-0.9916887,0
-0.59179443,-0.39965665,2.3946161,-0.023242217,1
1.0770756,-0.1824286,-0.5088719,0.7593371,1
-1.0359029,0.3096023,-1.5332067,0.45066568,0
0.84323406,-0.3643734,-0.35465384,-0.050865646,0
-0.21912697,-0.5419991,-0.97255284,-0.7920935,1
-1.5841686,-0.7171415,-1.8805237,-0.62505364,1
-1.5996866,-0.9859911,-0.9270891,-0.6906375,0
0.5826766,0.8410633,-0.2861718,-0.8393034,1
0.43350238,0.65809834,-0.7055493,-0.8918607,1
-0.21659346,0.5447663,-0.70831347,-0.62212133,0
-1.1972793,0.15532793,1.1817068,0.7954134,0
0.97176737,-0.27777743,0.39401624,0.8433286,0
-0.12968501,0.40021288,-0.9315586,0.97882175,0
0.2943752,0.24776573,-0.11530164,0.9644339,0
-1.5146875,-0.90430784,-1.5180095,-0.5505012,0
-1.88088,-0.8427477,-1.343936,-0.7584728,1
-1.5069475,-1.0338495,-1.2690938,-0.6868189,0
0.7842764,4.2033796,-0.9952044,-0.6617266,0
-0.58780736,0.78597933,-1.04223,-0.28969142,0
-0.9718685,-0.4480881,0.29228175,0.25245318,0
-0.66795456,0.19324052,1.8059704,-0.2850637,1
2.265272,-0.3889886,-1.6792754,-0.69451004,0
-0.13720742,-0.08135128,0.36804205,0.2218886,0
0.117933825,-0.6153807,-0.28056842,0.6011382,1
-0.50251985,0.106072605,0.94906,0.16851993,1
-0.79670125,-0.2902962,0.8803222,-0.50400865,1
-1.5241293,-0.6919986,-0.757015,0.5956594,0
-1.0311975,-0.8847777,-0.80652887,-0.8466584,1
1.2128441,-0.36277533,0.25052994,-0.12303932,0
1.567253,0.5627527,0.61291414,-0.01882917,0
-0.12419313,6.435197,-0.88414776,0.081824824,0
-0.90140563,0.75017166,0.6535455,-1.1786778,1
-1.5452002,-0.7192754,-1.2964792,-0.8443765,0
0.04845801,-0.5297951,-0.2578979,-0.6716049,0
-0.424067,0.11708379,-0.021935724,0.021199543,1
0.57946956,0.23115599,-0.014390707,0.89243996,1
-0.6567272,0.018988624,1.0854965,0.9956385,1
0.008320999,0.2406366,-0.20236883,0.09257299,1
0.07650083,-0.32263127,-0.09274067,-0.97181267,0
-1.7915235,-0.39049393,-0.6310967,-1.0175571,1
-0.4404497,-0.14226507,-0.31518066,-0.0039123185,1
0.6866706,-0.6821891,-0.6879853,0.21153691,0
-0.97904944,0.8418977,-0.7766726,0.3981105,1
-0.51870006,0.7445235,-0.76571333,-0.052100323,0
1.0087351,0.02891083,-0.5281228,-0.18016057,0
0.22354332,-0.1240837,0.8083188,-0.24188727,0
0.34059432,0.31096312,-0.32895824,0.9069461,0
-1.0123715,0.25626197,-0.48663527,-1.0507514,0
-1.6140164,-0.25505447,-0.5660026,-0.6166866,0
0.6793385,0.34822428,1.3975959,0.15386014,0
-0.841728,0.07295002,-0.037109345,-0.78200185,0
-0.6908603,-1.2563151,-0.5236435,0.2086101,0
-0.51872814,-0.75835305,0.16458024,-0.13230427,0
-1.3005822,-0.15579905,-1.2141418,-0.9834001,1
0.80811566,1.1500647,-0.38465476,-0.86281705,0
0.75265014,-0.41158953,0.10078898,-0.68414336,1
-0.9874395,-0.0035059694,-0.0043703467,-0.45680025,0
1.862681,-0.32735047,0.48619503,-0.31000358,1
-1.5641487,0.14226165,-0.32347724,0.47832713,1
0.7395121,-0.10600668,-0.4330963,-0.3239711,0
-1.0473323,-0.50621676,-0.55951077,-1.2055784,1
0.32116768,1.1016718,1.9554693,0.83416396,1
1.354489,-0.44359732,0.4626366,-1.3296889,0
-2.2082694,-1.2074459,-1.0300038,-0.52841973,0
-0.6419394,-0.5627123,-1.1035696,-0.6193266,1
-1.1415976,0.4130174,0.8432358,1.5089349,1
-1.2015572,-0.22008595,-0.39129278,-0.47224447,0
-0.72473633,-0.23066212,0.076193415,0.18400191,0
1.2870452,0.62697935,-0.60927814,0.8201298,0
1.262447,-0.5948535,-0.3977772,-0.98356557,0
-0.5882815,-0.6432037,-0.76935196,-0.46732,0
-0.23946117,0.0099736005,1.7830933,1.9255382,0
-1.7354435,-0.76381254,-1.2983867,-0.9648768,1
-0.9390321,-0.59875387,-1.3197038,-0.7714921,1
0.3356569,0.17416942,-0.2860044,-0.44344255,0
-0.59776515,0.32591298,-0.67073196,-0.11743811,1
-0.22626129,-0.22266644,-0.1282329,1.0683651,0
-0.3491102,1.4741215,-0.41744122,0.14252782,1
-0.23783907,1.019124,-0.49005622,1.0569206,0
0.71016353,-0.015211865,4.074107,0.64394003,1
-0.8652309,-0.11640921,-0.6764436,0.6590964,1
0.65130806,-0.44374818,0.36865345,0.6391884,1
1.0723506,-0.8457652,-0.93536943,-0.62422484,0
0.17366768,-0.13504665,-0.50321007,0.72979283,0
0.02564765,0.006028861,0.32805803,-0.5416601,1
0.9108347,-0.23968191,-0.14465676,-0.8554139,0
-0.49077553,0.07201224,0.3419001,0.6492242,0
2.4497056,0.8920364,1.0290987,0.2760682,0
1.3520775,-0.26919034,0.7845858,-0.20374824,0
-0.4062575,0.36679122,0.20159921,0.68304336,1
0.62491035,-0.6554066,-0.8125126,-0.668636,0
-2.3278973,-0.68034524,-1.7722516,-0.87034374,1
0.23191261,-0.242106,0.93572265,0.08279021,1
1.8326881,-0.3465979,0.2552495,-0.05287197,0
-0.44474316,0.76706886,-0.03181532,-0.44413728,1
1.5652243,1.1222876,2.256546,0.75420153,1
1.6921842,0.42140037,0.32179305,0.5686525,0
-0.15174928,-0.4309504,-0.9773914,-1.0440767,1
0.15008248,-0.013703883,-0.9504461,0.66329956,1
-0.55188,-0.5074601,-0.552759,-0.7909687,1
1.4219499,0.049606293,0.8102588,0.8422787,0
-0.77258265,0.070172206,1.1900982,-0.047702897,1
-0.30428717,0.10874836,-0.25705442,0.80703205,0
0.62772125,-0.6268151,-1.3302268,-1.2050605,0
0.648793,-0.6219435,0.45242223,0.20819293,0
-0.95087785,-0.63528377,-0.1635645,0.38877025,0
0.80840206,0.14867067,0.9548758,-0.40260664,0
2.1311276,-0.002521664,0.49500483,0.061239276,0
-1.1528674,-0.36651373,-0.15767014,-0.5892818,0
-0.58055776,-0.22837129,1.4433755,-0.7275765,0
-0.6003322,-0.8221051,-1.2329688,0.11598681,1
-1.2194147,-0.69082505,0.17235419,-0.63227326,1
-0.6959169,-0.622177,-1.6774522,-0.6340771,1
0.08322042,-0.2808074,-1.2386407,-1.0370531,0
-1.4456875,-0.8881959,-0.83466244,0.91465765,0
0.25962505,0.9771219,-0.9488923,0.06579532,1
3.2855508,0.27552554,0.7238818,-0.88566357,1
1.6099657,0.6493168,0.24849713,-0.7203076,0
-0.10565664,0.09483321,-0.57346886,0.50824696,0
-1.6204699,-0.6247542,-0.9737843,-0.90430826,1
1.0765872,1.8117325,1.7044703,1.4505794,0
-0.94615835,-1.0310135,0.0742529,-0.2839588,1
0.120927095,-0.3656447,-0.3157426,0.30251068,0
0.036423143,-0.1900837,-0.9401058,-0.15867458,0
-1.3835953,-0.35502464,-0.9659952,-0.6556943,1
-1.7610426,0.027085096,-1.3207633,-0.9765134,0
-0.33721718,0.17045662,-0.90739155,0.04783922,0
-1.2019038,-0.34512413,-0.760984,-0.4459692,1
1.2942395,1.2887667,-0.58690953,-0.29480338,1
-0.4073599,-1.0298058,-1.48693,-0.51593757,0
0.56126916,0.7438866,-0.6845225,-0.2733361,0
-0.013602614,-0.43356344,-0.7100587,-0.59943116,1
-1.5338455,-1.0115625,-0.26814017,-0.22927421,1
-0.7274263,0.017225694,0.56382245,-0.9411712,1
-0.6262872,2.1665995,-0.39628333,-0.20768382,0
-0.4927904,-0.67220294,-0.6186001,-0.6985718,0
0.14931516,-0.03856852,-1.0007312,-0.654819,1
0.33473125,0.34311435,0.2122739,-0.8064037,1
1.724404,0.64708906,1.1932181,0.24780758,0
0.9852207,0.874385,-0.2585099,-0.071351215,1
0.5076273,0.8528944,2.4492536,0.9109034,1
2.2715344,-0.075529724,0.06542059,-0.9981668,0
0.34771734,0.22460222,-0.8085104,0.7893106,0
1.9268185,0.16704571,-0.7286435,1.9013772,1
-0.35185993,-0.29247752,-0.45971045,-0.334347,0
-0.9052205,0.0998168,-0.43811768,-0.0024128146,0
-0.078069806,-0.428464,-1.0398376,-0.46221295,1
-1.0196267,0.20434052,-0.8107836,0.57899594,0
1.4057693,-0.38811746,-0.062210307,0.043855477,0
1.3147585,-0.56517994,1.3047051,0.15753554,0
0.17877364,-0.3344875,-1.1664923,-0.6720621,1
0.05018169,1.6311255,0.026276201,-0.104730025,0
1.1109724,-0.079271704,-0.6168313,-0.85796034,1
0.43027884,-0.07125911,2.1260943,0.6852104,1
-0.57519704,-0.060648587,0.46133536,0.5882831,0
-1.9359939,-0.023980156,-1.3112752,-0.98121405,1
-0.6035899,-0.16375042,-0.026332363,1.1576394,1
-0.901155,-0.43782088,-0.16947368,0.058020715,1
0.527766,-0.37630764,0.1071073,1.1356672,1
-1.1806484,-0.7289661,1.503946,-0.2846667,1
-1.5455995,0.17872149,-1.6044813,-0.9392348,1
-0.8607118,-0.366562,-1.0721971,-0.7597078,1
1.2742202,-0.2530919,-0.080612406,-1.0298059,1
-0.888453,-0.5363108,-0.53018475,-1.0407336,1
-1.6004567,-0.84189194,-0.14573342,-0.93730533,0
-0.060247898,7.211252,-1.3909097,-0.7758919,0
-0.8782497,-0.2560038,-0.78418106,-1.0827181,1
-0.642347,-0.072067976,-0.44697177,1.8278859,1
-0.94968176,0.32537228,0.79002595,1.7983265,1
-1.3271122,-1.1040401,-0.81140167,0.23906927,1
-1.6495395,-0.13994315,1.0312387,2.2702045,1
-0.550791,0.04230854,-0.15291642,0.6165435,0
-0.20829429,-0.21584816,-0.4509462,-0.8526078,0
-0.8398627,0.088417485,-0.5324174,-0.5067589,0
-0.051346004,0.12700741,0.9127294,0.15326095,0
1.3350381,-0.051007226,0.42107764,0.03575859,0
0.8879399,-0.0022862107,4.048139,0.76196134,1
0.26459202,-0.028212547,-0.19654587,0.10554339,1
-0.056253955,0.25327212,-0.6984221,-0.622459,0
-0.13163781,0.24170166,1.1359774,0.7647654,0
-1.2578591,-1.0042288,-0.61747634,0.22757171,1
1.4240166,-0.5942389,1.0296543,0.72555804,1
-0.42145887,-0.76478815,-0.41623235,-0.76978564,1
-0.261445,1.0246562,0.50569373,1.512233,0
-1.1940678,-0.16072205,-1.0931633,-1.057056,1
-1.0744843,-0.21083632,-0.49014506,-1.0548475,1
-0.9584865,-0.051472776,0.12443903,-0.9396794,0
-0.3880722,0.32219318,-0.29341376,-0.5358359,0
0.041355997,0.6811855,0.50333023,0.45284984,0
2.2875602,-0.068897426,-1.2666945,-0.7170507,0
0.78084433,-0.9221695,-0.5824347,0.08382423,1
0.5596944,-0.6365734,0.664511,-0.94812787,0
1.1184587,-0.33995578,1.7547995,-0.39227536,0
0.5073779,-0.23413739,1.5151472,-0.7882717,1
1.6856734,-0.43693832,-0.7237744,-0.9373939,0
-1.0782199,0.5037306,-0.3081009,1.1278117,1
1.105973,-0.47036773,-1.3024744,-1.0207814,0
0.07064724,0.66347563,1.4662045,0.5588394,0
-0.28437373,5.9475603,1.3230479,1.8977637,0
0.069931254,-0.4889832,1.4886224,0.017088305,1
0.25768396,-0.42356795,-0.7685162,-0.46357885,1
0.33494085,-0.15242346,1.5426862,0.6289281,1
0.53147376,0.16460069,0.027152851,-0.013726871,1
-0.23587787,-0.89280194,-0.6033908,0.5707576,0
-1.3975734,-0.52447,-0.99255157,0.3047122,1
0.37573177,0.91818917,2.3033996,1.9022945,0
-0.21127021,0.82952356,1.7552971,1.7930057,0
-0.1429202,-0.11848646,-0.46840483,-0.37709174,1
-1.0041556,-0.88294065,0.18838975,-0.5156883,1
0.40166026,1.7680591,-0.29549408,1.6213852,0
-1.6494571,-1.070509,-0.64082164,-0.9268422,1
0.86614215,-1.0558968,-0.1784566,-0.83496684,1
1.4731212,-1.293951,0.73756176,-0.8172271,0
-0.5581369,-0.4637102,-0.113516524,-0.7252285,1
-1.0414121,-0.19243145,-0.06983557,0.13220236,1
-0.12735797,0.3490974,-0.87975883,-0.6676805,1
-0.59603685,-0.25456232,-0.5035924,0.9154278,0
-0.24347985,-0.19804347,-1.1055822,-0.99413383,1
1.71523,-0.8603824,2.8705263,0.56298035,0
1.0623282,2.027184,-0.9057588,1.361925,0
0.54206777,0.13647293,-0.36974302,0.1394545,1
-1.7200997,-0.22572154,0.008810647,-1.004013,0
-0.9396792,-0.5071349,-0.75856155,-0.6767018,1
0.19482788,-0.7397887,-0.097198,-0.79067475,1
-0.90215415,-0.296696,-0.7328215,-0.9793773,1
3.2034068,0.25827825,-0.042163834,-0.7192806,0
2.3192215,-0.037983358,-0.6734525,-0.8889063,0
0.13252996,0.75382096,-0.12595578,0.78856,0
0.20868894,-0.48555207,-0.89632076,0.058464643,1
0.41532522,-0.121697314,-0.7718118,0.15522754,1
1.0435934,0.57392293,0.97019535,0.5214746,0
-1.347589,-0.8090392,-0.7834091,-0.6781542,1
0.3677883,2.2096715,-0.2957921,-1.1271169,1
0.83214927,-0.9230821,-1.0741217,-0.8371355,1
-0.35995,-0.7269212,-0.3042878,-0.7466246,1
-0.6404815,-0.41739455,-0.22770867,0.24787338,1
-0.42563677,0.3003254,0.104259625,-0.32190976,0
-0.7961844,-0.21030593,-1.361646,-0.65652364,1
-0.037139744,1.116466,0.66394955,-0.7828636,1
-0.1865305,-0.8600745,-0.5603185,0.17104249,0
0.08774379,-0.9173765,2.715837,0.7006821,1
-0.8554894,-0.2221145,-0.31799927,-0.10042077,1
-1.3244001,-0.19706509,0.3818226,0.57990444,0
-0.23814854,-0.06057091,0.034611933,1.908777,1
-1.2073339,-0.9558012,-0.38824606,-0.9349879,0
1.6637559,0.97304523,-0.8839921,-0.7126498,0
-1.5176965,-0.54247797,-1.109259,-1.0789394,1
-1.0096445,-0.77007365,0.21015456,-0.6459874,0
1.0741241,-0.015611645,0.7188426,1.2205848,0
-0.48210207,-0.23650937,0.9527608,1.6097791,1
0.37093404,2.1617424,0.6684877,0.6717582,1
-1.1259621,-0.43559635,0.79497945,0.5678115,0
0.16053224,0.75303483,-0.4893484,-0.111696824,0
-0.8340306,0.4497198,-0.71767664,-0.23328623,0
-1.4803798,-0.32434672,0.53291595,-1.0390929,0
-1.3244507,-0.6511793,-1.2339292,-0.6986628,1
0.4150107,1.5055534,1.2140467,-0.013329996,0
-0.90016097,-0.80024487,0.99082714,-1.2130523,1
-0.04126981,-0.27921855,-0.09440755,-1.1065965,0
0.20423646,0.12834513,1.7550092,1.8659955,1
-0.28710422,0.0034053326,0.722833,0.8730775,0
-0.4752491,0.50397635,-0.54213035,-0.029310726,1
-0.8141954,-0.08471382,-0.07136862,-1.4536015,0
0.45646262,1.5063174,-0.85832727,1.250878,0
0.6582112,-0.53878444,-0.009477347,1.5721173,1
-0.62560105,-0.57031786,-0.26924184,-0.01769169,0
-0.9522333,0.035666395,-0.23915434,-0.5916658,1
-0.046874657,-0.04949732,-0.17172953,0.7267555,0
-0.91259176,-0.58259964,-0.5275309,-1.1871042,0
-0.23207319,-0.21565013,-0.6440485,0.6277231,0
-0.42177653,-0.08642002,-0.862965,0.18190528,1
-0.9983977,0.7151621,-0.071073435,0.6557061,0
2.0897808,0.4482064,0.80552185,-0.04367565,0
0.1945898,-0.3608597,-0.6592376,0.15636677,1
-0.4126378,0.58660173,-0.83192194,-0.40142348,0
0.28340858,0.73226106,0.43032363,-0.20294201,0
-0.57742065,0.1574766,0.47532627,0.22879635,1
-1.7159915,-0.5877322,-1.5809164,-0.9730544,1
-0.3964258,-0.6843513,-0.9485871,-0.50315833,1
2.9955785,1.9006552,3.8150914,-0.44174063,1
-0.4194379,-0.6206466,0.9416286,0.04480913,1
-0.8980833,0.34640288,1.178051,0.23932813,1
1.4990873,-0.9864905,-0.53703415,-1.0209574,1
-0.8038489,-0.117164984,-0.13302834,-0.13970123,1
-0.22178754,2.040844,1.3265948,1.4485214,1
0.69464177,0.9471617,0.46800342,1.0131497,0
-1.6935773,-0.2544508,-0.42417452,-0.7974927,0
-0.60598516,-0.51802075,-0.69028306,0.20589118,1
-0.18212414,-0.0052771047,-0.3399013,0.8224707,1
-1.2447014,0.38835406,0.058918037,0.730576,1
-1.04215,-0.58083177,-1.249657,-0.11442557,1
-0.62871623,-0.50339305,-1.2130746,-0.96716315,0
-0.98086333,-0.37163374,-0.62863666,-0.23932976,1
0.13230744,-0.19386826,-0.59324276,0.7362075,1
0.12446462,-0.5644051,-0.23046926,-0.0018274635,0
-0.4664214,0.5682316,1.0931298,0.45068422,1
1.3318921,-0.3826259,0.59899807,0.54461145,0
-0.51306987,-0.9744407,-1.108845,0.44776553,1
-0.018287182,-0.44318488,0.1316037,-0.011795202,1
1.8289428,3.5296226,0.33237416,-0.115145475,0
-0.57542104,-0.6039161,1.8963265,1.0383625,1
-1.7894888,0.28478694,-0.4215931,-1.1432941,0
-0.66066647,0.7383866,-1.485018,0.29208466,1
-0.39573318,-0.31725666,-0.8543117,0.9763827,0
-0.19745834,1.081288,0.35600987,1.4197958,1
-0.61864746,-0.39429402,0.5890971,-0.68314934,0
1.2322773,0.22749738,-0.61349624,-0.015291046,1
-0.3671285,-0.23177877,-1.142359,-0.75745785,0
-0.34138715,-0.20462103,0.5702195,-0.061535403,1
-0.43917498,-0.16332021,-0.601298,2.2833743,1
0.20015484,0.041290272,-0.87811476,-0.70648307,1
-0.16362414,-0.51163745,-0.4642725,0.31755677,1
0.26398414,0.2039325,-1.0369816,-0.1405862,1
0.58682466,-0.97039837,-1.6799594,-0.66142744,1
-1.3307711,-0.62927234,-1.3492179,-0.727072,1
-0.5497037,-1.2107253,-0.72424483,-1.1420748,1
-1.0217777,-0.121423304,-1.2516127,-0.18686637,0
-1.4762098,-0.49215516,-1.0379298,-1.0317959,1
-1.8898981,-0.95423484,-1.3313161,-0.9575925,1
-1.5471009,0.21549043,-0.10889655,-0.6811271,0
-1.2944539,-0.10524339,-1.3185927,-0.7682242,1
0.6617369,1.2247226,-0.3591175,-0.055513196,0
-0.51872826,-1.1879201,-0.6558458,-0.8065164,1
0.36940047,-0.41196787,0.0932116,-0.24216752,1
-0.4562416,-0.7283939,-1.5694548,0.17174952,1
-0.81764984,1.2741793,-0.42458662,-0.2929647,0
0.13129409,1.2451484,-0.98295796,-0.38596112,1
-1.0119283,-0.40640908,-1.0735021,-1.0367075,1
-1.7179298,-1.0084672,-1.3011853,-1.0155048,0
2.3134265,-0.2130445,-0.1019724,-0.6103368,0
1.1907761,-0.30187967,-1.000718,-0.15262951,0
-0.89403176,0.3739128,0.7333264,-0.9502171,1
-0.90223736,-0.5671531,-0.036715776,-1.0495874,0
2.6810675,-0.4618566,-0.95953065,-0.961466,0
1.401781,0.60562205,0.5861156,2.5103817,0
-0.19213335,1.001732,1.3745881,1.4470047,0
-1.4588852,0.05533634,-0.35441253,0.9356438,1
1.8114411,-0.22900063,0.85106206,0.08299887,1
-1.1929271,-0.91912735,-0.59597987,-0.8145071,1
-0.1369923,0.3354442,-0.61568403,0.088803664,0
0.246025,0.858769,0.86262625,0.0077466667,0
0.068869136,-1.0805326,-1.3129098,-1.1611223,1
-0.23055214,0.22990161,0.8086791,1.178669,0
1.9663918,0.5818925,-0.8947354,-0.23181047,0
-0.86678994,-0.624743,-1.8750815,-0.9529985,1
-1.4684117,-0.6608074,-0.41448882,0.10436721,0
0.9761083,0.39249653,1.3407452,-0.4280221,0
2.4920614,-0.54860145,2.1782475,0.22898771,1
1.8515012,0.25978452,-0.76230335,-0.9294625,0
0.4545262,-0.024152339,0.0834168,3.122133,1
1.0681546,-0.10461758,0.16344526,-0.22994655,0
0.11260789,0.14825672,0.39617622,2.3039794,0
-0.1256472,-0.29119,-0.54142106,0.032081317,0
-0.7025993,0.029668212,-0.22963987,0.9143686,0
-0.37316793,-0.23721066,-0.22015892,-0.48143703,0
-0.53044635,0.34062472,1.0236107,-0.013684295,0
-0.149735,3.089894,-0.65388095,0.92973566,0
0.4909235,0.5088744,1.0548928,0.5922279,0
-0.049629807,0.72352237,1.6664513,0.6495114,0
-0.79400903,-0.25600058,0.086281866,-0.2130687,0
0.8802993,0.63261896,1.5016454,-0.03872259,0
2.1697135,0.085521914,0.354913,-0.10352291,0
1.140006,0.25674772,0.77926314,0.58612734,0
1.5569211,-0.075805366,0.31671202,-0.6048003,0
1.2375045,-0.19424134,-0.6297879,-0.05254352,0
-2.1039248,-0.33829907,-0.55017626,-0.82813746,1
0.4262437,0.46853077,0.14959878,1.2708875,0
0.57378983,0.12272552,-0.49400586,1.7319613,0
-0.30077684,0.2543505,-1.5796893,-1.0863767,0
-1.2199091,0.18287554,-0.83014655,-0.8154872,0
-0.6504663,-0.32363772,-0.6508018,-0.015242398,0
-0.9197831,0.9015505,-0.10481411,-0.13947283,1
0.7301683,-0.4164326,-0.97441494,-0.32097372,1
0.73512673,-1.1427062,0.8974779,0.82300895,1
-0.8199188,-0.16470066,-0.088191286,0.27556512,1
0.040532585,0.46379006,-0.014948517,-0.06532262,1
-0.21270566,-0.39055145,-0.24515903,0.6297445,1
0.62933785,0.07562996,0.83597666,6.681888,1
-0.7007922,-0.54155153,-1.0222746,-0.7907552,1
0.5330425,-0.6583394,-0.52556443,-0.30912012,0
-0.82017165,-0.46646136,-0.61256,-0.88762593,1
0.0068355436,-0.60623705,-0.52070695,0.27166918,1
1.8077509,-0.614627,-0.6285926,0.6096704,0
-0.6448139,0.74124175,-0.19892317,0.48445222,0
-1.3718699,-0.7994822,-1.0485293,-1.0754097,0
-0.28864983,2.7264786,3.4270735,5.513687,1
-0.2696916,-0.3468701,0.88213146,0.75091755,1
-0.38488925,3.8001347,-0.6086451,-0.23218569,0
-0.6507924,-0.62752,0.48424062,1.52159,0
0.65750015,-0.39447954,0.66492033,-0.17816147,1
-0.5289144,-1.0979041,1.7057275,-0.16601442,1
-0.45665634,0.65802366,1.4165689,1.456428,1
0.16307193,-0.28078625,-1.2764325,-0.26650602,0
-1.4060911,-0.47629935,-0.6534142,-0.6386431,0
-0.7390489,-0.28425127,-0.5642381,-0.12136087,1
-0.3756649,-0.5367838,1.7196949,1.2039233,1
-0.36676177,0.012769774,-0.62406254,-0.017456576,0
0.9670721,-0.4783625,-1.1321462,-0.8592447,0
0.9226651,-0.4096626,1.3318666,-1.1007588,0
1.9485571,0.8792979,-0.14680387,-0.14538413,0
-0.05380906,-0.7780036,-0.89186525,-0.8627626,1
-1.487562,-0.6073902,-1.005697,-0.7243769,1
-0.41272414,-0.06154138,0.18223579,-0.24147522,0
1.8600907,-0.40361574,1.0684988,0.04694319,1
0.32107526,-0.29254976,1.4287707,-0.38125852,1
-0.64739347,0.1722741,0.5769788,0.86408055,1
0.93217874,0.4923208,-0.7729201,-0.23497964,0
0.5395846,0.93819356,4.412131,2.0623484,0
-1.2199211,-0.0086098015,-0.92105055,-0.65352327,0
-1.0412712,-0.25928572,-0.905674,-0.89858246,1
1.0829082,-0.28881788,-0.2820658,0.14487045,0
0.52704406,-0.021574207,-0.65480167,-0.99637824,0
-0.77331835,-0.53297544,-0.26363456,-0.10421012,1
-0.02220093,0.1290388,0.762395,-0.85609186,0
0.34821123,3.4698958,-0.891528,-1.1501136,0
-0.5973228,-0.3183898,-0.3134481,-1.0273076,1
-1.0051807,-0.50736797,-0.15749958,-0.6866212,0
0.5474136,-0.717901,-1.5712605,-0.4657326,0
-1.0722402,-0.1415602,0.27755767,0.32517788,1
0.07624079,1.2418236,0.30737495,1.4401156,0
-1.1666325,0.53845465,-0.5459646,-0.45902675,1
0.32060796,-0.37386918,-0.15548652,0.9147027,0
1.0335728,2.0225573,-0.36694673,-0.2601449,0
-1.6559346,-0.45423198,0.89617896,-1.0094266,1
-0.5326436,-0.08447723,-0.97064626,0.090514496,1
0.39755827,-0.5482177,0.82377124,0.68109906,1
0.52175415,-0.37799174,-1.5100273,0.0047791526,1
-1.045052,-0.14352807,-1.5636392,-0.7498095,0
0.9032177,0.55457294,-0.85116357,-0.72108513,1
-1.4733797,-0.26660314,0.59380937,-0.9239774,1
1.642133,-0.12447612,0.26934177,1.0946844,0
-0.38887438,-0.30328143,2.5495806,4.996331,1
0.818809,0.06026359,0.12678963,-0.1402224,0
-0.06963331,0.29125327,0.29174024,0.5345752,0
1.393957,-0.01882577,0.3253172,0.19463912,1
-1.3332717,0.53582543,-0.22603256,-0.8509346,1
-1.8854804,-0.8260296,-1.5324491,-0.8299037,1
-1.7930617,-0.5188041,-0.80509406,-0.81233674,0
-0.4446952,0.01343891,-0.021050602,-1.1623855,1
0.75358295,-0.18261166,0.007317275,0.8099587,0
-0.6490094,0.28595483,-1.0490457,-0.31786507,0
0.768158,0.05721438,0.28092375,0.009329442,0
-1.0643116,0.07953316,-0.22368792,0.90118384,0
-0.12514576,-0.86315274,0.71497095,1.0185052,0
0.78340447,-0.29239467,0.25475666,-1.0213763,1
-0.49542797,-0.2610066,-0.37128127,0.852051,0
-1.2233598,-0.23755968,-1.5478452,-0.8853205,1
-0.52208775,0.14029315,2.0689332,-0.16478343,1
-0.4275087,-0.648076,0.543717,0.37958845,0
2.0325449,0.17647918,-0.57916516,-0.7967816,0
1.388365,0.1726136,1.0504726,0.9582414,1
0.534536,-0.59962744,1.4461396,1.7112117,1
0.9968401,-0.092699535,-1.4344604,-1.1308742,0
0.93697745,-0.4835044,-0.009308957,-0.85312,0
1.6270522,-0.54451656,-0.09759113,0.032184247,0
1.6888735,-0.8466432,2.0508726,3.4007702,1
-1.2775667,-0.18998541,-1.3281487,-0.7509394,1
1.8267726,-0.150736,0.52422446,-0.2679463,0
-0.9051342,-0.015713692,-1.076769,-0.82197475,0
0.27624354,-0.64578414,0.27708948,1.381623,0
-0.5436515,4.296265,0.37130335,3.9642372,0
0.27520674,0.3393778,1.0763845,2.5377584,1
0.06673178,0.011010572,1.2156973,1.1184493,1
1.2756795,-0.017490149,0.3049775,0.003934607,0
0.028638538,0.07516144,-1.5784738,-0.66647327,1
1.2505469,0.8286504,1.2880678,0.97670025,0
-1.0781668,-0.24127322,-0.24201125,-1.008155,1
-1.0511917,-0.018368147,-1.2822459,-0.6153294,1
0.35786384,0.93207794,0.8267422,-0.2491825,0
0.68883765,0.8286941,-0.111165136,-0.10352412,0
1.7475189,-0.64646703,-0.005972445,-1.0062616,0
1.0007195,-0.37783846,-0.1742555,-0.8936067,1
-0.48126775,-1.0998371,-0.6797306,0.062802315,1
0.099913314,0.113107085,-0.62519026,0.8275797,1
0.8629352,1.4871116,0.7234117,1.2297184,1
-1.3785383,-0.60488725,-1.6373216,-1.0750527,1
0.27169058,0.3979178,-0.49268013,-0.7674164,0
1.003505,-0.63189137,1.990411,0.50638396,1
-1.5022149,-0.94307625,-1.4377389,-0.6197612,1
-0.28406903,-0.37293312,0.27731392,1.77423,1
-0.7196374,0.40793258,0.5150399,-0.8918937,0
0.40289655,0.16794094,-0.90073913,0.06487656,1
-0.56637037,0.13770916,-0.6513979,-0.64745414,1
1.5966915,-0.1945158,-0.93935096,-0.7406707,0
0.064367294,-0.027691811,1.2489576,-1.039212,1
1.2569513,-0.6017191,-0.8381622,-0.48675463,0
0.17060158,0.36903232,-0.28395867,-0.16618943,0
0.11560648,-0.3659268,-1.5579209,-0.59163475,0
-0.96944064,-0.76343954,-0.12565544,-0.4010573,0
-1.7081997,-0.64957136,0.35945645,-0.41120154,1
0.86201924,-0.38346952,-0.50791734,0.31486267,1
0.20608224,-0.046256006,2.7723114,0.08063373,0
1.1276741,0.79898196,-0.38873047,-0.679894,0
1.6381915,-0.059086993,2.8070545,0.88237906,0
0.09549862,-0.4834853,-0.69976085,-0.8579496,0
0.4296626,-0.62306404,0.6027022,0.49555868,1
-1.0758264,0.10834774,-0.16428325,-0.64498025,0
0.7646128,-0.7333469,-0.13350819,0.034385692,0
-0.7724687,-0.61926174,0.5113533,-1.0557604,1
-1.6657155,-1.1062661,-0.17273605,0.49147013,1
-0.5730921,0.19494149,-0.13917682,-0.071329504,0
0.35327986,0.22893737,2.067129,1.2266855,1
-0.32292974,0.109194696,-0.3891912,-1.0665433,1
1.1009767,-0.08163976,0.4418701,0.120299876,1
-0.0020455867,0.17411722,-0.09964287,0.07674329,0
0.3541587,-0.05445367,-0.60609704,0.13674162,0
0.78107136,0.05101452,1.6546197,-0.81876093,0
-0.051720344,-0.050017953,0.9763204,0.33518776,1
0.69791734,0.61199486,0.446517,0.10952251,1
-1.384865,-0.7507727,-0.34787786,-0.8345627,0
-0.5509254,-0.80739725,-1.5151124,-0.519551,0
1.0971429,-0.79550284,-1.6070579,-0.98818564,1
1.0352391,0.1283361,-0.20319319,0.040827844,0
0.52243745,-0.71607536,0.9943724,0.009393934,1
-0.09734964,0.468307,0.8149446,1.1801758,1
1.7721975,-0.28806674,0.419406,-0.6224651,0
-1.0510956,-0.08249843,-0.8805109,-0.7373062,0
-0.48689342,-0.67425835,0.05579023,-0.8589569,1
2.4442542,-0.7411951,-1.2376523,-0.582168,0
-1.0939276,-0.3848043,-0.5034703,-1.0691273,1
-1.1213282,0.19146071,-0.67089903,-1.1073612,1
-0.8793099,0.64687675,0.74172926,0.92891014,1
-0.05694773,-0.8538344,0.16775635,0.14439896,0
0.053586185,1.7072544,1.686815,0.76904184,0
-1.7372943,-0.39211383,-0.48692736,-0.7509777,1
-0.04849466,1.8081602,-0.19212706,-0.8897725,0
0.8833195,-0.6243775,-1.0483541,-0.94738555,1
1.2023271,0.47041148,-1.5384821,-0.04420194,1
0.46920303,0.05965512,1.2680483,3.1128721,0
-0.6662336,0.52279514,1.3664829,1.6678658,1
-0.4260525,-0.13910174,-1.0959873,-0.9280541,1
1.2532674,0.45665967,-1.1933196,0.032502953,0
-1.2631221,-0.32363594,-0.4833117,-0.95570004,1
-1.0786982,-0.55587614,-1.274216,-1.0949798,1
-0.78918934,-0.46168137,-0.7559438,0.09160407,1
0.646445,1.1163298,-0.7045352,0.7007591,0
0.38073823,1.4635628,0.22762929,1.4204706,0
1.9172826,-0.23652762,1.6135116,-0.8924623,0
-0.72936594,0.3824523,-0.98466396,0.036574822,1
-0.10077216,0.44862095,-0.09791564,0.14868271,0
1.1565512,-0.32746047,0.35801613,-0.7388022,0
0.15051234,1.0722425,-0.6476383,0.64192045,1
0.43460083,-0.4543245,-1.7291759,-1.0106014,1
0.4701616,-0.48242903,1.6953503,-0.7668905,0
-1.6483519,-0.2803625,-1.5581145,-1.2014995,0
-0.584214,-0.35419774,-1.3045369,-1.1270592,0
0.25283533,-0.24127871,-0.589576,0.18579689,0
0.41741103,-0.63391435,0.6227059,-0.88549787,1
0.23776364,0.11421411,0.27675074,-0.7384508,0
0.6590979,-0.1530302,0.8663415,1.0638852,0
0.6622312,-0.23493402,0.315269,-0.9140254,0
-0.16391936,-0.07003473,1.4275792,-0.27864888,1
1.122688,-0.6571578,-0.66206586,0.18258604,1
1.4517162,-0.79196453,-1.6126381,-0.82164496,0
-0.38208276,-0.72528875,-0.29389918,0.47664014,1
2.4226296,-0.27037477,-0.26858616,-0.9340914,0
0.19935402,-0.09665582,-0.64955497,-0.8115204,0
0.033504937,0.41385385,-0.8352647,-0.8192554,1
0.13009304,-1.094545,-0.2289339,-0.8468548,0
-1.4877942,-0.15790722,-0.19719358,-0.19856042,0
1.3100415,0.7502502,0.04517325,-1.0036633,0
-0.21115607,0.6552037,-0.6916667,1.519882,0
0.004212305,-0.17768162,0.4316419,-0.4035619,0
-0.77059555,0.21227586,-0.54865086,-0.86247593,0
-0.19463126,-0.89197123,-0.45293435,-0.43106848,0
-1.0550246,-0.5662801,-0.9665736,-0.85294324,1
1.6023347,-0.0044565722,0.16674954,-0.24026437,0
1.687301,-0.45676988,0.2528537,-0.18014558,1
-1.771893,-0.55472136,-0.74861956,-1.0936487,0
0.40228224,1.9929276,1.3200359,-0.1527018,0
-0.623572,-0.7847219,-0.78239787,-1.1933277,0
1.8702798,-0.9983641,-0.053117752,-0.79837376,1
0.4539345,0.37784645,0.19031617,0.07720052,0
-0.51135457,0.54647964,0.28376344,-0.59292966,1
-1.9153669,-0.8268431,-1.2174152,-0.6772484,1
-0.9767122,-0.31745028,-0.15328431,-0.6355118,1
-0.5795475,-0.076615326,0.77362186,1.5306664,0
-0.59831244,0.2839092,-0.5853329,-0.3666266,0
0.299189,-0.31308487,-0.94282013,0.5193429,0
-0.2513762,0.14752977,0.3014087,0.13441046,0
2.038915,0.4085626,1.3878766,-0.2001822,0
0.84158415,-0.9801559,-0.08905293,-1.1117995,0
2.2766602,-1.0776219,0.054876298,-0.68541163,1
-0.59198093,0.41270217,-0.063031614,0.08062604,1
-0.6646403,-0.49321458,-1.0290381,-1.1315893,1
-1.5630828,-0.84958565,-1.0879079,-0.80254865,0
-0.19054377,-0.7855879,-1.2879313,-0.7018168,1
-0.27917314,-0.2555127,1.2934626,0.9731524,0
0.47603214,-0.26683274,-0.20363334,0.11890197,0
0.14420918,-0.42739335,-0.1027509,-0.7420658,1
-0.6994212,-0.242806,-0.24991463,0.39309168,1
1.013972,1.472811,-0.103473455,-0.95980906,0
0.09231125,-0.5300564,-0.036768734,0.79338807,1
2.473587,-0.38327843,0.2109639,-0.9087153,1
0.40803987,-0.15562749,0.9942432,0.07251856,0
-0.6290815,-0.45168686,-1.0271052,-1.1809571,1
0.20433447,0.15203069,0.27321663,-0.084615886,1
-0.31296962,-0.4764853,-0.4096499,-0.21591434,1
-0.1874676,-0.98405045,0.007092029,0.03216706,0
-0.3099267,-0.71866375,-1.244594,-0.33844334,1
-1.431102,-0.51399046,-0.77325237,-0.90706825,0
-0.4726109,-1.0167913,-0.6919828,-0.65890545,1
-1.5788234,0.22064215,-0.67727315,-1.0499878,1
1.3015418,0.48402962,-1.4807392,-1.0964813,0
0.70850146,1.5749699,1.946953,0.39763415,0
-0.23541847,1.8824897,0.5774921,0.65012765,0
-0.19520044,0.02728714,-1.2611213,-1.1710035,1
-1.4099097,1.1337078,0.78488654,0.8228905,1
1.41137,-0.45227635,-1.1087227,-0.6112459,0
0.26249832,-0.70570695,0.1082288,-0.9452138,1
-0.35207868,0.11322305,-0.97295684,-0.09461625,1
0.9848671,-0.33826566,-0.9562125,-1.2898521,0
-0.54560494,-0.23728755,0.7876849,0.8213959,0
-0.0073693395,-0.13481349,0.13636826,-0.65404606,1
1.8136045,0.020290196,0.7055683,0.3306202,0
0.13508122,0.51285946,-1.7964277,-0.6494155,1
-1.1072859,-0.116094425,-0.1690378,-0.8179981,1
-0.38750744,-1.0577011,-0.44584113,0.019128386,0
1.095388,0.111958265,0.152396,0.42849398,1
-1.0250667,-0.022855446,-0.9604342,-0.98210454,0
-0.0390656,0.2674836,0.71295804,0.019792076,1
0.30145797,0.122474864,1.7294326,0.5055249,1
0.78108025,-0.15657125,-1.6848783,-0.25440255,0
-1.0839849,4.3977695,0.18248734,0.09295654,1
1.6540918,-0.5258975,0.24728078,0.7678788,1
-0.0012427568,2.8664832,1.1842458,1.0638956,0
-0.7150829,0.24572161,0.024477497,0.6216474,0
-1.9136275,-0.6281199,-1.2764095,-0.9868922,0
0.71325034,-0.55908924,-1.400408,-0.54222655,1
-0.25722426,-0.3366148,2.7341206,-0.35439387,1
1.0341222,-0.38789603,-1.0311368,-0.7055089,0
-0.056328803,-0.24828795,0.5569681,0.77838874,1
0.18405063,-0.26558858,-0.53733456,-1.3057673,1
-1.1900336,0.017555892,-0.3769338,0.793212,0
-1.789841,-0.5564599,-0.5714162,-0.7112973,0
1.1896608,1.025136,2.49891,0.9424648,0
0.4422641,0.40911454,0.67839295,-0.29743806,0
0.19193146,-0.54950166,0.12203706,-0.14434764,0
0.7737547,-0.3643047,-0.055134516,-0.34455228,0
-0.75691676,0.15743986,0.5147598,0.018972684,1
-0.650113,-0.24543992,-1.1334882,-0.5607912,1
2.0290742,0.419433,-0.49867105,-1.1230581,0
-1.1896256,-0.13716237,-0.2611618,-0.4674433,1
-0.33503565,1.698514,1.5089649,1.4108481,1
0.55049026,-0.6578503,0.85792124,0.31837854,0
1.8376148,-0.79482067,-0.6177511,-1.2415454,0
0.2541326,-0.054055303,-0.6565459,0.014968131,1
0.113316774,-0.22781971,-0.2918011,1.0426061,0
0.39711905,-0.6564859,-0.6782682,-0.5187603,1
-0.33031374,0.10657701,-0.44525748,-1.1390367,1
1.9602681,-0.5903519,-0.5695413,-0.7057313,1
0.31224528,-0.4187177,-0.6972247,1.3069153,1
0.6095267,-0.31343368,-0.8719522,0.067444324,0
0.95883715,-0.6164185,0.7027357,0.110074595,0
0.1194388,0.010799907,0.37381124,-0.07441035,0
0.10589227,0.13183458,-0.41241765,0.2216598,1
-0.12819105,-0.4468947,-1.1379753,-0.4836295,1
0.2721308,-0.31553233,1.6279523,-0.2464882,1
1.9169971,-0.8997147,-0.20132887,-1.1353335,0
0.9915326,-0.3742141,0.77145886,0.12745757,1
-1.113083,-0.6297648,-0.2422972,-0.8526077,0
2.2677712,-0.081706665,0.6308003,-0.021559918,0
1.6393456,0.22888201,-0.4442921,-0.7443589,0
0.57636094,2.4021175,0.20425154,0.090670705,0
-0.38045806,-0.0679127,0.09660545,0.7391554,0
-0.03871958,-1.4554052,-0.16564372,-0.2495123,1
-1.28165,-0.23925257,-0.7734884,-1.0010232,1
0.74129456,0.48355523,-0.39727116,0.7635631,0
1.0529677,0.5794929,0.6746642,-0.96753836,0
-1.2655027,0.33636624,-0.9821815,-0.61912435,1
2.6317625,0.9016825,-0.92546976,-1.13432,0
-0.38364038,-0.6851517,1.1460526,-1.0377904,0
2.2481053,0.3011728,-0.7599815,-0.8562058,0
-1.4455848,-0.26614195,-1.2041738,-0.6469557,1
-0.30358756,0.1359122,1.1214777,0.9148791,1
-0.59152526,0.4764528,0.16996755,-0.46172214,1
-0.347476,-0.015479991,-1.0443836,0.058363225,1
0.7675327,-0.4827525,1.8150747,-0.9140307,1
-1.3567283,-0.51595163,-0.93171793,-0.41839376,0
-0.53340495,-0.48184046,-1.0833726,-0.7508722,1
0.5471778,0.7720072,1.828949,0.72971255,0
0.64297956,-0.48640224,1.09178,0.9511643,0
0.015885048,1.2182208,-0.41025168,0.8952626,0
-1.5985163,-1.0302433,0.4100715,-0.58775014,0
-0.030277826,0.7402512,2.7529793,0.99178666,0
-0.34643087,-0.29598162,-1.2751517,-0.8204685,1
1.3719492,0.3652896,-0.25071204,0.006130796,0
-0.5637385,-0.45601186,-0.8846375,-1.0412431,1
0.10950713,-0.20176713,-0.658527,-0.77192545,1
-0.8960224,0.012459174,-0.5047332,-0.8913406,0
0.85504234,-0.8332778,0.9934833,-0.2099341,0
-0.75148386,-0.5351385,-0.6278289,-0.1306133,0
-1.757491,-0.7581316,-1.3019848,-0.6477019,0
1.9987388,-0.96163094,0.75167185,-0.358163,0
-0.11486745,-0.6396813,-0.43190372,-0.56999767,1
0.32449174,-0.9931285,-1.1601597,-0.7279833,1
-0.9191974,1.9909257,1.0034933,5.6241336,1
-1.3430691,-0.4218867,0.75488436,-0.6351459,0
-0.8925773,-0.1033373,-1.4544475,-0.5320666,1
1.6425973,-0.5983592,-1.0451897,-0.18283658,0
-1.3487382,1.495921,0.796318,0.1846256,1
-0.41752857,0.050176434,-1.0729873,-0.18784906,1
2.0137448,-0.2895992,-0.18367207,-1.1729989,0
0.30307126,0.14760578,1.6753329,-0.35038507,1
0.42651096,0.4161234,-0.19451195,-0.07407822,1
0.48064196,0.8701807,-0.41481113,0.44405815,0
-0.7820733,-0.06144265,0.46283507,5.2567754,1
2.694312,-0.5524505,-1.212524,-1.1675569,0
-0.11320977,0.13580725,-1.2099354,-0.84033346,1
2.8271866,-0.65541697,-1.2141992,-0.89383477,0
-0.4872229,0.39273053,0.0737809,0.827917,0
-0.14683115,0.39288685,0.435326,-0.034127735,0
-1.3158067,-0.85768414,-1.107869,-0.42065442,0
-1.4240396,-0.26421067,-1.5179734,-0.7171545,1
0.5805898,-0.04240991,-1.0753881,-1.0005391,1
0.8257849,0.14239308,0.46525583,0.019655567,0
-0.46736458,-0.26563343,0.17907667,0.7417596,1
1.7431934,0.12247489,2.010563,0.37143448,0
-1.1632118,0.17725831,-0.9725782,-1.1397309,0
-1.0732157,1.620034,0.03096198,-0.22606412,1
-0.31253913,0.9300843,1.7623984,1.5025882,1
-0.121175826,-0.31354833,1.2295275,0.56927586,1
-1.0444692,-0.5301457,-1.1874636,-0.90964085,0
-1.2742867,-0.5293494,-0.84231436,0.100751355,0
0.7735225,0.6862737,-0.23671354,1.4130634,0
-0.6719444,0.64069617,3.6900334,1.6586884,1
-0.9084358,-0.25204268,0.051534817,0.024496041,1
1.6057485,0.040756136,-0.19087383,-0.24424808,1
2.3583138,-0.6037046,-0.6444674,-0.77656937,0
-0.66504186,-0.090383306,0.5635371,-0.19994548,1
-0.064380154,-0.21505712,-0.95303285,0.51273274,1
1.4558214,-0.57009274,-0.5546693,-0.5511529,0
0.31390887,-0.81223166,-1.1732005,0.34363127,0
0.07930148,-0.43670413,0.05471862,0.052364197,1
-1.4467627,-0.60223037,-1.3838075,-0.89901066,1
-0.86612135,1.8750234,0.86759955,1.5091174,0
0.42259002,-0.105475865,-0.11918506,0.25432795,1
0.87649816,0.7371627,2.0884833,-0.9070836,0
-0.78692,-0.33639795,0.5324881,-0.87714916,1
-0.44125804,-0.049110517,-1.2463259,-0.9598045,0
-1.1248828,-0.049613386,0.17864996,0.76447225,1
-0.8352603,0.42805323,1.9857982,0.7423561,1
-1.0953695,0.0073979497,-1.5792246,-1.129528,1
-1.7434131,-0.69446474,-0.89730805,-0.8986102,1
0.87566996,0.36361033,0.93898135,0.5640946,0
-1.3687718,-0.38467377,-0.31787747,-1.0370202,0
-1.3445361,-0.04453972,-1.5842396,-0.7550345,0
-0.48184398,-0.3418783,-0.007069342,-0.038350284,1
-1.5374463,-0.6064944,-1.7025088,-0.9968725,1
-1.311533,-0.5236141,-0.9768441,-1.0263013,1
2.2849247,-0.4745804,0.5801265,-0.06948625,1
0.16567962,-0.4602093,0.61965245,-0.08486335,1
-1.0281585,-0.5462562,-1.5145136,-1.2554684,0
0.53072387,-0.7415986,0.19463867,-0.07256713,0
0.67648757,4.523334,0.5215236,1.8082091,0
-0.44986632,-0.34575608,0.34946153,2.313456,1
-0.4737103,-0.060716614,0.04906193,-0.21745941,0
-0.92967904,-0.0075008236,-0.598603,0.27276346,1
1.3558567,-0.6068623,-1.1937293,-0.8861648,0
1.0630672,1.4032031,0.42231655,0.7885458,0
-0.81251204,-0.32374486,-1.058332,-0.44679573,1
1.1049439,-0.05237023,0.24111655,0.7072322,1
-0.20489597,-0.17200762,-0.4382088,0.06726205,0
1.3968183,-0.10220195,0.76857245,1.6553551,1
0.23981456,1.1166909,0.13342728,0.7020203,0
-0.70069236,-0.4709567,0.87876344,0.3596957,0
0.25125,-0.16353142,-0.7951749,-0.64379424,1
0.14131285,0.70798564,-0.1286624,-0.7997939,1
-1.9321843,-0.76688683,-0.89241105,-0.6603112,1
-0.47556975,-0.2103949,-1.0169227,0.27220002,0
0.08346763,-0.7158142,-1.6327344,-0.9257654,1
-0.48975337,-0.317243,-0.067746475,-0.93181854,0
-2.0396335,-0.28870752,-1.2972153,-1.5700328,1
-0.8336917,-0.0024894476,-1.0846999,-1.401073,1
0.35749713,0.07537677,-0.12941687,0.9808308,1
-1.227429,-0.5415645,-0.857407,-0.89042234,1
-1.6970731,-1.132934,-1.3437026,-0.8503721,1
-0.18943498,0.09187411,-0.52356267,0.7009827,0
-1.9183583,-0.60073584,-1.0974206,-0.66955525,1
-1.4420868,-0.48839188,-0.5923486,-0.7226145,0
-0.59464973,-0.46239236,0.28428566,1.0420465,1
-1.9738035,-0.6098088,-0.9839234,-0.76920575,0
-0.5538874,0.173421,0.72310334,1.6174252,0
0.26621306,2.905694,2.3580554,6.153666,1
-1.2108402,-0.44339663,-1.4311011,-0.7234087,1
0.29057282,-0.8696031,-0.044780612,0.08313957,0
-0.44493258,-0.30715185,-0.4905328,-1.082875,0
0.46259326,-0.333987,1.1775177,1.1309054,0
0.1589156,-0.45164612,-0.71470416,0.27238837,1
1.2595098,0.7615185,2.642408,-0.3743989,0
-0.27293238,-0.041751266,0.027140468,0.20701876,0
0.51395905,0.032007515,1.5768206,-0.022321004,0
-0.6629202,0.10857344,-0.10595473,0.5493022,0
-1.4681765,-0.98816586,-0.8421439,-0.7640584,1
0.6782239,0.8731698,-1.0507514,-0.0038948022,1
-0.54219127,-0.37705958,1.559463,-0.39778835,1
-0.11146177,-0.55442035,-0.49012178,0.512484,0
1.9895607,-0.2085122,-0.8963135,-0.6336236,0
0.70375013,-0.07777631,0.6794094,0.78257966,1
0.87218887,-0.1448032,-0.24481449,-0.22976662,1
0.09991327,0.03610207,-0.19929317,-0.01755243,1
-0.22681728,-0.43210837,-0.63936466,-0.4987166,1
2.3330066,-0.98923063,-0.9772938,-0.94736147,0
1.0714302,0.737453,0.64146835,-0.17765374,0
-0.44017506,-0.3893935,-0.47543138,-1.0103846,1
1.0372616,4.2548122,-0.63465005,-0.99725604,0
0.18223782,0.1276507,0.38053262,0.13228375,1
0.9579855,1.2368605,-0.42798454,0.70490354,0
-1.690957,-0.61552215,-0.85050595,0.18205748,1
-1.4986658,-0.54829824,-1.149887,-0.93752795,1
0.063957006,-0.573467,-0.9575233,-0.9551881,1
2.071562,2.212586,4.486463,1.4055526,1
-0.47527057,0.48774707,-1.5584329,-0.8834477,1
-0.3516008,0.686298,-0.63636804,0.13139267,0
1.1121044,0.78528434,0.12537041,-0.7562231,1
1.7871776,-0.4501928,-0.45139295,-0.6628459,1
0.7616905,0.8601045,0.770015,0.5830878,0
-0.9326832,-0.040990442,-0.48586017,-0.19405636,0
1.4169558,1.598738,-1.334239,0.103313476,1
-0.7443745,-0.33406928,-0.38125986,-1.1029508,0
-0.50028574,-0.6630317,0.34277016,-0.18103155,0
1.1505696,-0.22833347,-0.4077869,1.614675,1
-0.17952192,-0.6490972,0.19463867,0.5243301,1
-0.68291664,-0.7659519,-0.044213682,0.5942061,0
-0.5703522,-0.49004897,1.5221248,-0.7935284,0
-1.6153551,-0.19081223,-0.3021754,0.047757912,1
-1.2221342,0.05945903,0.13987973,-0.14022143,0
-1.4557426,-0.33803108,-0.2848116,-0.7091178,1
-0.65307546,-0.17285857,1.0736395,0.44992074,1
-0.16566119,-0.24490544,2.0557458,1.1712246,1
1.0713242,1.1084031,0.0032990798,0.29337466,0
0.1752568,0.40695643,0.49959236,-0.44324395,0
1.8018029,0.110654235,-0.090617865,-0.42220688,0
1.2941761,-0.13637018,-0.23750482,1.373534,1
-0.36184394,0.5153606,1.8444611,0.7550018,1
0.67473084,-0.745426,-1.3219612,-0.84765756,0
-1.3861461,0.9026523,0.2729615,2.446001,0
0.19740742,-0.3219453,-0.41980678,-0.6139753,1
0.12971883,1.4649365,0.49304134,1.7602892,0
0.22606719,-0.60005605,-0.27047557,0.009436309,0
0.12718636,-0.6824158,0.5626857,1.4709347,0
-0.28390247,0.28097343,-1.1252472,1.4683421,0
-0.6150596,-0.19906998,-0.498955,0.82272786,1
0.99628437,0.6751112,0.0006645918,0.56064785,0
-0.9825209,-0.2134949,0.09268,-0.263022,1
-0.37357354,-0.26090258,-1.5408783,-0.78320366,1
0.529245,-0.5899467,-1.1883763,-0.682939,0
-0.3277051,-0.00035901368,-0.7727042,-0.75369346,1
2.727327,0.23590405,2.3284097,0.014385864,0
0.31025186,-0.19528835,0.39043725,1.0102489,1
-1.46287,-0.63639843,-0.7202618,-0.87189084,0
0.4328626,-0.3244189,-0.0190574,0.093390584,0
-1.067769,-0.25737065,-0.40004456,-0.26856166,0
-0.035623252,0.024585396,-0.23485726,-0.053411614,1
1.5566499,-0.5150455,-1.1019777,-1.1933385,0
1.1470132,0.13240306,0.991732,0.73623383,0
-1.244622,-1.2066436,-0.66237247,-0.39890954,1
2.6515095,-0.26330256,-0.3587684,-0.3770779,1
-0.26010674,-0.5206742,-0.57164544,0.03340103,0
-0.43105194,0.08292076,0.559391,0.7121739,0
0.083281025,-0.021049619,1.359255,-0.33903837,1
1.207393,-0.15518719,0.7508243,0.0032552965,0
0.076989286,0.124592096,1.549762,-0.40569088,1
-0.7846556,0.034316465,0.33384943,0.7103271,1
-1.0949469,-0.285434,-1.4576173,-0.8399701,0
-1.0178499,-0.31979248,0.22652106,-0.81552666,1
0.17969796,-0.5700869,0.7330219,0.79561216,1
1.9315801,-0.7434703,1.3728951,-1.2844454,1
1.7444826,-0.70965105,-0.3777679,-0.87744546,1
2.317356,-0.56210196,1.0402164,0.13486874,0
0.55724394,-0.9105867,-1.6223825,-0.5803082,1
-1.2533317,-0.5132276,-0.057613015,-0.81527823,1
-0.79137444,-0.30514365,-0.5293653,-0.9318,0
0.59041715,-0.6752387,0.95714086,0.24262588,0
-0.54666054,-0.32442892,0.7531581,-0.08195429,1
-1.4928266,-0.4532298,0.27769992,-0.60687554,1
0.91681236,-0.2895651,0.39765504,-0.090760946,0
0.6050116,0.3317423,1.7171569,2.526031,0
-0.453975,0.068250515,-0.45028397,1.090949,1
-1.338307,0.2910946,-0.39104772,0.31928992,0
-0.785396,6.069939,0.9771022,-0.20352077,0
0.650373,-0.16778165,0.3532896,-1.1324663,1
1.6592066,-0.33770654,-0.7133631,-0.010904508,1
1.0584002,-0.5970801,1.0732329,-0.03074262,0
0.70675886,-0.8722007,0.75273556,-0.055324253,1
-0.62824667,-0.32106045,2.3987331,0.67329824,0
-1.6012009,-0.82520205,-1.0058457,0.13029817,1
-1.7121855,-0.43222824,-1.0205944,-0.7217276,1
1.0349613,-0.44939333,0.5722492,-0.9990599,1
-0.5115769,-0.6263795,-1.0355862,-1.1462963,1
-0.82754785,0.42252713,-0.7505813,0.048366684,0
-0.2940228,0.69234544,-1.0196649,-0.761393,0
0.016336601,-0.21330872,0.49435392,-1.2462505,0
-0.17071104,-0.30366716,-0.8177985,-0.8865389,1
1.5270714,-0.14295328,-0.10270052,-0.78454965,0
-0.5022995,-0.40758613,-0.24294339,0.64778495,0
1.2459276,0.12659036,-0.735989,-0.83299416,0
-1.5051064,-0.50703317,-0.33629528,-0.6739345,0
-1.7613618,-0.6957717,-0.4331461,-0.37406218,1
-0.69206667,-0.6207098,-0.24929592,0.36457086,1
0.8105916,0.1572789,2.5208173,0.16035536,1
0.022862256,-0.1995472,-1.507452,-1.0717884,0
2.0146463,-0.43911088,-0.9174897,-0.9762536,0
1.4194598,1.2956133,0.6471721,1.3212348,1
1.5794705,0.28179976,0.553395,0.5368223,0
-0.5331212,-0.1481163,-0.27155596,0.1763502,1
2.6905162,0.34722975,-0.54917115,-0.79588443,0
-0.035942048,-0.58454275,1.9169635,-0.4483834,1
1.5088909,-0.12912416,1.0752355,0.9376688,0
-1.1029637,-0.05026102,0.77354324,0.57902515,0
0.3406288,5.211569,-0.3847428,0.7571989,0
-1.2748716,-0.21921039,-1.0749707,0.25177065,0
-0.21400964,0.24593356,0.5927745,0.7362106,1
1.7006956,-0.16619757,-0.26201043,-0.4616272,0
1.17191,-1.0084333,0.94619846,0.36044124,0
-1.0490258,-0.70453644,-1.3827502,-0.9091098,0
-0.46468848,-0.77665997,-0.9080842,-1.135479,1
1.9744915,-0.24028233,-0.18870616,-0.7302158,1
-0.03521517,-0.19822675,0.0491808,-0.41071436,1
-0.05876799,-0.17167485,-0.43523458,-0.37192863,0
0.9879502,-0.36217165,-1.3286773,-0.024855204,0
0.80578077,-0.7718347,1.051806,-0.6026013,0
-0.47690174,-0.28133598,-0.41573817,1.6870908,1
-0.9281307,-0.17818381,0.53434896,-0.07247611,0
1.5659021,-0.21630442,-1.2163589,-0.72329366,1
1.8508408,-0.3446195,-0.47869438,-0.21568488,1
-0.27754882,0.2821015,0.10675262,0.7014773,0
-0.50696814,0.8345516,-0.46612126,0.7458051,0
0.5731423,-0.28238398,0.82066447,0.018526148,0
-1.7291951,-0.91704565,-0.5965399,-0.92812014,0
-0.66756886,-0.06321123,-0.23736387,-1.2025845,1
-0.34092456,-0.5558194,3.888913,0.17402992,1
2.1760738,-0.5760528,2.240196,0.47521636,0
-0.28154808,0.5386207,-0.7311572,1.0592628,0
-0.56044495,0.20701222,-0.5931222,-0.9515836,0
0.31024867,-1.175929,-1.0674665,-0.9725294,1
-1.6947737,-0.29543418,0.5651847,0.1055512,1
0.009435132,0.16407081,1.0447626,-0.9580822,1
1.3100026,0.7376723,0.6887023,-0.0076768994,0
-2.508598,-0.7251513,-0.8264827,-0.28685975,0
0.8963147,-0.8637156,-0.039759487,-0.46339014,0
0.70047385,-0.54661804,-1.7820482,-0.7949218,1
-0.6340257,0.07812643,-0.6892369,-0.9982751,0
-0.15330562,0.062412597,1.9377913,0.71348953,1
-1.0872825,0.4456753,-0.62947005,-0.6907255,0
-1.0464587,0.093298495,-1.2670251,-0.70903975,1
-0.60881305,0.061321393,-0.76925373,-0.46509466,1
0.84609586,0.40685326,0.546055,0.4130848,0
-0.12761685,0.539661,-0.7743515,0.70864356,1
-1.8236294,-0.8641268,-0.7488564,0.14686991,1
-1.2230222,-0.4523204,-0.8923819,-0.370506,1
-0.30425864,0.29821432,0.52279544,-0.099469535,1
1.96591,0.87482566,-0.4046291,1.2512116,0
-1.2507403,-0.6035042,-0.01031971,-0.3604945,1
0.70340896,0.96031576,1.4352454,0.20734778,1
-0.17343614,0.11199215,0.15667132,-0.7886632,1
-1.0251856,-0.55401444,-0.603323,-1.0039071,1
-1.5017123,-0.19798931,-0.3827904,-0.15519106,0
0.22019197,1.0153656,-0.48532814,-0.9321721,1
-1.263505,-0.7379775,0.2938504,3.4182217,1
0.690126,0.21548727,-0.85046124,-0.06444864,1
0.8121409,-0.3915773,-0.1464534,-0.088953994,0
1.3904219,-0.017155498,1.7471868,0.7859092,1
-0.9141598,0.3997153,1.3536091,1.7206258,1
0.07406688,-0.56913114,-0.09852557,1.4033242,1
1.9709188,0.9131543,0.12355591,0.688854,1
-0.80128324,-0.41499,-0.17298281,-0.82325643,1
3.4881778,-0.4153753,-0.34384358,-0.5491022,1
0.08721556,0.40199143,-0.1517043,0.16444775,1
0.016721189,0.28220478,0.39825594,-0.37515792,0
1.4238919,-0.62342215,-0.42148402,-0.5866772,1
0.3257914,-0.54241174,1.286614,0.023361988,1
0.46872845,0.8446358,0.081225,-0.2446606,0
0.33490562,0.56877774,-0.3650786,-0.36439413,0
1.1050925,-0.056972407,1.2586402,-0.51912403,1
-1.5942914,-0.32630554,-1.2200376,-1.0693398,1
-0.05106163,-0.29536328,1.2438028,0.63447446,1
0.31811655,2.2275293,2.387785,4.1683955,1
1.0958706,5.278218,0.043722257,2.3206234,0
-0.15288137,0.85305667,0.41601077,-0.54554355,1
0.48809516,-0.42954794,-0.50036836,0.9313752,1
-1.3523369,-0.22199239,-0.01564531,-1.1942813,1
-0.40942192,-0.7206303,1.113194,0.82540816,1
-0.30842417,-0.5511074,-1.4280623,-1.1405256,1
-1.0684152,-0.86465967,-1.4893082,-0.6827435,0
0.12008312,-0.7255768,-0.5840131,-0.8218068,1
-1.193556,-0.30954364,0.6390931,0.7753443,0
0.22360674,-0.3462054,0.49073258,-0.00887949,0
-0.92233855,1.2978446,-0.034175083,0.10780138,0
1.5867175,-0.5150152,-1.6665944,-1.0408868,0
1.049325,0.46606636,0.9458939,0.4424838,0
-1.3048143,-0.3904064,-1.4199578,-0.9933795,1
-0.94644856,-0.14068788,0.3191055,0.89910865,1
-1.2554103,0.3727514,0.4453647,0.6662672,1
-1.5699081,-0.2463716,0.13851827,-0.7291664,1
-0.7791223,-0.2762587,-0.6555537,-1.0826671,0
-1.1274961,-0.8919015,-1.3456562,-0.7450998,1
0.4103522,0.70176965,-0.7576318,-0.74733907,0
-1.5866853,-0.109096766,-0.70464134,0.5483439,0
-1.713443,-0.707353,-1.0191289,-1.0673813,1
-1.7843049,-0.65820616,-1.2429945,-1.0333488,1
-0.5937583,-0.53604686,-0.048612446,-0.32901785,0
-0.38722253,0.3640377,-0.9373504,-0.94694054,1
0.64921606,0.11266003,-0.7114954,0.81171435,0
0.4226107,-0.060638703,-0.44744307,0.8156476,0
-0.9082853,-0.3397891,-0.9501761,-0.75490403,0
0.81300527,-0.808068,-0.27824137,-0.9577271,0
-0.6930088,0.23733588,0.33766115,0.6868603,0
-1.0086304,-0.80574656,0.19069672,-0.11433938,0
0.44601595,-0.57670856,-0.7797123,-0.013541436,0
-1.39379,-0.56078017,-0.71561867,-1.067715,1
-0.8383996,-0.017403245,7.1827765,-0.900103,1
-1.5624169,0.18435848,-0.18219194,-0.85753506,0
1.3069841,-0.32306084,-0.89124113,-0.87698877,0
-0.7266222,-0.07272722,0.08879923,0.07961744,1
-1.3364092,-0.014862537,1.1312428,1.4996896,1
2.9905758,-0.6786674,0.7859487,2.342022,0
-1.1329278,-0.602782,1.4326569,1.7182007,1
-1.9342401,-0.90778065,-0.9764079,-0.7062211,0
1.264231,-0.4636844,-1.7808743,-0.7208618,1
-0.278046,-0.6571447,0.32758835,0.7731993,0
-1.3325552,-0.5098372,0.8035414,-0.5572611,0
-1.0883974,-0.75420433,-1.224026,-0.21015239,1
0.030171573,0.20872341,0.041603155,0.0582642,0
-0.94806033,0.74018914,0.8476095,-0.5876368,1
-0.89709187,-0.39173365,-0.061619446,-0.18283646,0
-0.40427616,-0.025347054,0.88268435,0.77304095,0
0.79515934,-0.12638381,1.7056979,0.04906523,1
1.7029552,0.012909554,-0.4364921,1.2711934,0
-0.17577814,0.37219313,0.8845462,-0.09019171,1
1.6409332,-0.024924912,-0.018429331,-1.278523,0
-1.0640591,-0.16761166,-1.0678142,-0.74002224,1
-1.3737309,-0.9004464,-0.83047885,-0.8861776,1
-0.52136284,-1.156244,-1.2127358,-0.8368404,1
-1.547714,-0.1913028,-0.15455087,-0.72367877,1
-0.34831122,1.1555642,7.221982,-0.5311095,1
0.9149258,-0.5464318,0.26928765,0.09753643,0
-1.0785687,0.12103537,-0.60981,-0.8820409,1
0.17803505,-0.039470047,0.7770705,0.47170955,0
-1.5856739,-0.42649043,-1.2438635,-0.93232757,1
1.2004305,0.04785658,-0.34097058,-0.22301288,1
-0.75703764,-0.9128487,-0.8055822,-0.36124173,1
-0.6458694,0.63075554,-0.05361551,0.5581795,0
-2.2551622,-1.2584577,-1.2562904,-0.821452,1
2.94912,-0.9841307,-1.1933949,-0.9332219,0
-0.20627011,-0.3182816,0.52359295,-0.4227188,0
1.9185922,-0.5384689,0.21422257,-0.75765437,0
-0.99587697,0.15167351,-1.0524344,-0.74572563,0
1.0845959,-0.59023345,-1.4923241,-0.89978635,1
0.6841929,1.5552574,1.0716895,-0.41999778,1
-0.3802658,-0.024246085,2.7011569,-0.14930071,1
0.25628588,-0.06831011,-1.1261938,0.0055142045,1
-0.062485386,1.4648821,2.9127011,-0.3405055,1
-1.1227702,0.37444147,0.42751175,-0.71604973,0
0.15680185,-0.028333552,1.5457344,0.74629104,0
-1.1372944,-0.6829605,-1.5749408,-0.57466245,1
1.6592758,-0.3261618,1.8808184,0.96582377,1
1.4183071,-0.26868483,1.3034238,-0.37206265,0
-0.026097521,0.3438678,1.7857378,0.8358686,1
-0.80530554,-0.7084987,-0.7155366,0.065914795,1
0.28008485,0.0053165853,1.0362141,0.6902031,1
0.11645482,14.744123,2.0151215,0.42335835,0
1.2730885,0.1713919,0.3683214,0.22163554,0
-0.5418984,-0.023962937,-0.07635969,-0.72039,0
-0.12281061,-0.2498774,0.12910947,0.3841074,1
-0.6624997,-0.4313603,-0.6051058,-0.9206501,1
1.9905055,-0.07333559,-0.5111565,-1.0273688,0
-0.2974948,-0.548084,-0.38894707,0.040772367,0
0.69828564,0.0104815215,3.0716622,-0.56025696,0
-0.14830628,-0.72387964,-0.397766,-0.5990524,1
-0.3322636,-0.32606167,-0.19470283,-0.7959221,1
-1.4646995,0.021482341,0.6096305,-0.25301734,1
-1.7988142,-0.092956305,-0.6248315,-0.7456147,1
1.0526599,0.5261848,0.8770391,-0.53304756,0
-0.8536521,-0.271089,0.5261165,-0.5374359,0
2.0445852,0.566063,0.15811244,0.70412666,0
-0.5685054,0.3481398,0.9302784,0.029012378,0
-0.17440727,-0.42091194,-1.9710494,-1.1854615,1
-1.5885242,0.14017698,-0.90255105,-0.6703111,1
0.9105725,0.9304619,-0.05543579,0.9837602,0
0.0037587434,-0.5014888,0.49002546,-0.11312106,1
0.5421437,0.5141644,1.8286017,-0.10393883,1
-1.1553249,-0.462727,0.7198005,0.28103516,1
0.5398096,0.945771,-0.13308904,2.9020007,1
-0.020319432,-0.107702345,0.92197376,0.75931656,0
-0.5002251,-0.13698418,0.29419535,0.12873203,0
0.15486956,-0.22265954,-0.8140342,-0.7069371,0
-0.71750486,-0.061051566,-0.68098253,-0.34988496,1
-0.6756474,2.2691414,-0.001451619,0.7216622,0
0.9921382,-0.15658857,0.3749127,0.8529578,1
2.1451235,0.37659723,0.5377703,0.69467854,0
0.22258905,-1.2161427,-0.71734357,-0.87492204,1
0.28301278,-0.039354652,1.3197573,4.116221,0
-0.6811285,-0.59795225,-1.0563194,-0.7994243,0
0.22368509,-0.885224,-0.9000015,0.008104809,0
0.6370108,-0.5110925,0.9575854,-0.7474944,0
1.3334808,-0.25412688,1.2639093,0.074092835,1
0.6119614,-0.07614348,0.84945923,1.0246954,0
1.2902657,-0.68107927,-0.9322736,0.07406129,0
-0.5931878,-0.6599002,0.1316153,0.10143067,0
3.660675,0.1774061,0.78034043,0.5900937,0
-0.86604,-0.119713664,-0.8943464,-0.5280775,1
-1.6186892,-0.21084169,-0.31760192,-0.004063621,0
-0.17778133,0.37319303,-0.53485143,-1.0710347,0
1.2076312,0.45549113,2.2110715,0.8775251,1
1.1638508,-0.5221412,-0.008634418,0.10981323,0
-0.026275307,0.36751395,1.2969782,0.1925601,0
-0.481151,-1.1242025,-0.55713946,-0.03028079,0
-1.0913264,0.28205696,0.4603308,-0.8200778,0
-0.37369698,1.1192902,1.5311625,1.9816085,1
1.139518,0.7422816,-0.8725194,-0.31309366,0
-0.6682939,-0.6367369,-0.9171785,-0.25754827,1
0.54872584,-0.11008456,0.7078072,0.20589748,1
-0.9025211,-0.4990515,-0.7176399,-0.9205091,1
0.8862253,0.20253965,1.0962728,-0.056042656,1
2.0055344,-0.069780536,-0.97420615,-1.3208901,0
0.56905925,0.40459973,-0.036070198,-0.59630996,0
-0.117930084,0.7339318,0.6198795,0.87052965,0
-0.048458904,0.6579307,0.69582194,1.473381,0
-0.22009844,-0.26039296,0.9157998,-0.029641677,1
0.014322552,0.60837424,0.38300577,0.6996554,1
-1.0054705,-0.38772318,-1.3087455,-1.0098934,1
-0.6460546,-0.29890072,0.52544,-0.26002595,1
-0.7816646,-0.71880066,-0.8450692,0.028672252,1
0.3666673,1.5586457,0.07212187,0.2259772,0
-1.377525,-0.7002861,-0.70957035,0.10159333,1
0.7689263,1.9172839,0.45376498,0.66674376,0
1.5788656,0.7591288,-0.33447528,-0.51620674,0
-0.4176148,0.5265861,0.8654666,-0.98047435,0
0.3126522,-0.051868476,1.855311,0.62740904,0
-0.22524387,0.09500026,-0.4476207,-0.056308597,0
-0.08589988,-0.50325537,-0.12733637,-0.5613315,1
-0.31037155,1.4257677,2.5209334,2.5186164,0
-0.8119604,-0.24283612,-0.24741876,1.0295202,1
-0.8996977,0.57368296,-0.47194996,0.62549424,1
0.2275871,0.1788337,2.0657902,-0.031105952,1
-0.67800057,0.4455386,-0.38873494,0.083293945,0
1.1039058,-0.37975422,0.22688356,-0.5155362,0
2.7677653,-0.37478924,0.14372218,-0.7939324,1
-0.29149616,-0.30655813,-0.6846271,-0.7561257,0
1.0279611,0.24926183,2.61011,-1.1886438,1
0.633142,-0.61093396,0.21752957,0.08606434,0
0.34288856,1.1123904,3.363715,0.18709962,1
0.7930817,0.5097264,2.322412,0.19106922,0
-1.252692,-0.47552168,-0.9257928,-0.62162757,1
1.174886,0.5387803,0.3732281,-0.062436942,0
-1.4542992,-0.3459909,-1.1183214,-0.14044236,0
0.87926674,0.24600759,0.5828934,0.4893052,1
-0.63060546,0.13401023,-0.36625707,0.77808595,1
0.19269645,0.32515165,1.6974279,0.39603287,0
-1.019106,-0.34441793,-0.20583864,-0.77172804,0
0.62667745,0.5212749,-0.77719426,0.060055066,0
0.23060465,-0.58716565,1.264114,-0.117576376,1
1.9236444,-0.7479039,0.38433105,0.047795523,1
-1.0680441,-0.09141174,0.9932169,-0.31334874,1
1.409926,-0.62919533,0.5288888,-0.15710706,0
1.0195093,-1.0180525,-1.0764939,-0.43324032,1
-0.8308661,-0.78343546,-1.0645695,-0.8850473,0
-0.0072193313,-0.06717723,-0.17471728,0.110747576,0
0.28979373,-0.4290532,1.1611304,-0.31001127,1
-0.6095144,-0.8537719,-0.7892629,-0.83559334,0
0.425842,-0.16731848,-0.4375074,0.36816385,1
-0.95058143,-0.15651129,2.181548,0.6454162,1
2.863089,0.013555855,-0.3145398,-0.5037626,1
0.5066799,-0.03593483,-1.2806187,-0.99638426,1
-1.2586432,0.54139024,1.1793182,3.6183457,1
-0.71236384,1.6472805,2.2066154,1.7302483,1
-1.3969768,0.019080378,-0.8620692,-0.48710424,1
-1.7941464,-0.8086345,-1.1607057,-0.85064626,1
-0.1146124,-0.32818207,-1.0576489,0.7495013,1
1.9589765,-1.2257979,1.257312,0.45184478,1
-0.1647157,-0.6817101,0.042512894,0.56647027,0
-0.48784214,0.8222008,0.2968088,1.1231415,0
0.9746625,-0.26511326,-0.82563484,-1.4645227,1
-0.15842344,0.100967176,1.1517059,0.5547914,0
-0.5030806,1.3517212,0.114218526,0.71082634,0
2.5677197,-1.0641248,-1.507664,-0.56676203,0
0.24839425,-0.00688006,0.0815049,-0.86924857,0
-1.3024153,0.2224929,-0.5793989,-0.120492175,0
0.41170114,-0.40952197,1.2126001,-0.08786079,0
-0.7708915,-0.351623,-0.7516036,-0.7799195,0
0.33097345,-0.4103434,-0.38772517,-0.7618331,0
0.48010084,1.2096305,2.9200776,1.7869378,0
1.8064586,0.08206767,1.7574359,-0.08913248,0
0.48893493,-0.65294874,-0.11213748,-0.74209565,1
1.5387428,-0.23642942,-0.06817359,-0.105251506,0
0.42843968,-0.5869255,-0.87752086,-0.90116394,1
0.8214702,-0.87179893,3.7165625,-1.0426205,0
1.1023569,-0.31142482,-0.55041564,0.3068007,0
1.3964984,-0.1416315,0.40083173,0.83487487,0
0.3788975,1.3816787,2.1793005,-0.30324373,1
-1.4430908,-0.71932745,-0.5641124,-0.94031715,1
0.9214438,-0.19159949,-1.0064284,-0.13859528,0
-0.015945926,0.48299962,3.102922,1.3894457,1
0.2501355,0.08173191,-0.19363591,-0.15178494,0
-0.4686542,-0.60639083,1.8391262,0.67583793,1
0.22870822,-0.84857917,-0.91923636,-1.0214213,1
0.2204364,2.2963228,-0.0002773404,0.90968287,0
-1.9077868,-0.6940691,-0.6472248,-0.6792212,0
1.2597595,-0.7223927,0.22550528,2.7258954,1
2.0145445,0.083467096,-0.7339632,-0.87599236,0
-0.79397154,0.31639287,-0.3611129,0.49853122,0
1.2983128,-0.98296285,-1.2718871,-0.5180324,1
-0.01858595,-0.116776034,0.06703344,-0.4415143,0
0.7629784,-0.2142306,-1.6460239,-0.5649452,0
-0.1548211,-0.103397936,-0.7246151,-0.21074948,1
-0.8429402,-0.5469826,-0.83739316,-0.5927828,1
-1.073693,-0.118212044,-0.23790005,-0.62568814,1
-1.0258526,0.0019740015,-1.3703587,-0.864559,1
-0.2697765,-0.54194367,-1.4628878,-0.5526808,0
0.79594857,-0.34703872,1.0659095,-0.93162465,1
-0.8480649,-0.41315964,-1.4510529,-0.89274967,1
0.7483128,-0.48444927,1.3919897,0.8413963,1
-1.3359244,-0.5791545,-0.15982687,-1.2832329,1
-1.2453127,0.041656338,-0.9249304,-0.7115318,0
-1.7671717,-0.12489766,0.44422138,2.6111138,1
1.9765879,0.19988164,-0.49883354,-0.013656421,0
-0.49279875,0.5689193,-0.55224574,0.015224136,1
-1.3289361,-0.47483563,1.2330968,-0.80231094,1
-1.4485768,-0.6220436,-1.289017,-0.93635464,0
1.1868103,-0.6220517,-0.523789,0.5279553,1
-0.4607758,0.54348326,0.7608068,-0.09376414,1
0.4964504,0.29928628,-0.45837632,-0.048438855,1
-1.2665353,-0.7617733,-0.47777665,0.33010885,0
-0.86100674,12.591583,-0.56670463,-0.80813736,1
-1.6497314,-0.18316345,-0.4169601,-0.52480495,0
-0.69570976,-0.43978244,0.52635795,-0.75349987,0
-1.0923399,-0.54273415,0.10861952,-1.0318686,1
2.2654536,-0.61249775,-1.116529,-0.9143454,0
1.3230691,0.33457184,1.3293227,0.4020636,0
-0.22939129,-0.51158553,-0.24411717,-0.9867462,1
-0.053297408,-0.5247066,0.7933574,-1.1873395,0
0.6745457,1.2789903,2.7657523,1.1569905,1
-0.1912187,0.8087565,1.7244242,0.03562179,0
1.9617721,-0.1502123,0.8374636,-0.3460408,1
-0.98850006,-0.5169078,-0.34114766,-0.34924632,0
-1.7729928,-0.19047609,0.10857633,-0.8262002,1
-0.21102056,0.3839515,1.0927696,1.1171784,0
-0.40129954,-0.016434118,0.5700235,-0.8888741,0
-1.382208,-0.29365012,-1.1179055,-0.70532167,1
0.44209194,0.15691549,0.15048401,-0.24077967,0
0.3609693,0.620366,0.45290402,0.7487999,0
0.5549332,0.6869087,1.2392398,-0.06568007,1
0.4844064,0.04519815,-0.7297405,1.0977447,1
-0.41012526,-1.0528823,1.3850689,-0.17853077,1
0.03395684,0.19803655,1.2344824,0.7003713,0
-0.24199802,0.84537435,-0.12300341,0.7222491,1
-0.15784094,-0.5260591,-0.18102884,-1.1341325,1
0.21205294,0.017839983,2.7133832,-0.00999264,0
-1.201762,0.28094208,-0.12892273,1.0402522,0
0.5480559,0.055740267,-1.1735437,-0.829009,0
0.30975974,-0.11379999,1.6724201,0.9855374,0
2.0020313,0.22371848,2.7902186,0.6867662,0
-1.507938,-0.6682866,-0.46728817,-0.81403726,0
1.1648474,0.078118116,-0.5641806,0.07486969,0
-1.3426328,-0.2977787,-0.50321937,-0.2631572,0
-1.2661154,-0.4651842,-0.8761415,-1.0241735,1
-0.876099,0.093811035,1.4130068,-0.00862943,0
1.4928122,0.24334842,0.50976825,0.17168655,0
-0.17523856,0.25248146,-0.277596,0.6572416,0
2.1142552,-0.30481446,0.5367157,2.0367742,0
1.0972726,0.762463,2.7777662,-0.23191907,0
-0.026671678,1.4141525,0.582497,0.39788604,1
2.7272243,0.70989513,0.55344224,0.14487264,0
0.2618029,0.5022058,0.5153306,0.2522048,0
-1.5522116,0.4116545,-0.5390617,0.17614204,1
-0.824783,-0.50433254,0.69710875,-0.68508327,0
0.36315498,0.21131049,-0.52266026,0.37865272,1
0.32498494,-0.16739269,0.5373041,0.9114569,1
0.005969256,-0.29336762,0.063548826,0.043604154,1
-0.2363311,-0.30939692,-0.5053859,-0.015284583,0
-1.0097641,-0.21228807,-0.8539781,-0.5663214,1
1.055788,-0.03597292,-0.12217625,-0.49722937,1
-1.9574218,-0.5092264,-1.9138181,-0.76918924,1
-1.3422705,-0.71078783,-0.61031586,-0.90154094,0
0.6834533,-0.691059,-0.6007823,-0.17049563,0
-1.3597399,-0.6441424,-1.0489473,-0.9223929,1
-1.1221514,-0.6337291,0.14110705,-0.67733824,1
-1.0321376,6.0039945,-1.5149294,-0.7794812,1
-0.03655067,-0.07080688,0.8663494,-0.24369673,1
0.8641532,0.04667873,-0.025860712,0.00085245445,0
-0.075597346,-0.41158018,-1.1568061,-0.1510846,1
-0.2935521,-0.67180187,-1.0094965,-1.1852251,1
-0.8591721,-0.54997075,-1.3449936,-0.29460007,0
0.2804261,-0.21872723,-1.2457597,-0.6015893,1
-0.8178317,-0.764371,-1.2609135,-0.81243837,1
-1.0157601,-0.45563805,-1.5120177,0.052768473,0
0.69636804,-0.72501457,0.37829095,-0.37305024,0
0.5359407,-0.21024904,-0.26790696,1.4589043,1
1.6878927,0.05287379,0.17250964,0.14947441,0
1.3318572,-0.43012047,-0.6173227,-0.19712582,0
0.62201655,0.010775417,-0.6116442,-0.53194225,0
-0.63749945,-1.0515105,-1.4886378,-0.97031486,0
-0.4350837,1.3928717,1.2124338,0.70533997,0
-1.8133147,-0.14148515,-1.8207667,-1.0761247,1
-1.2680905,0.18407512,-0.6518696,0.59692013,0
1.0278417,1.1709598,2.1448667,1.1927764,1
-0.53009593,-0.4410671,-0.21109684,-0.047943965,1
-0.18046936,-0.44151726,-0.5670326,-0.72607887,1
2.3355575,0.08087501,-0.12053996,-1.2270893,0
0.08002797,0.7589903,-0.4639904,-1.0430286,0
-0.46175247,-0.37775195,-0.84032184,-0.6353369,1
0.41174364,0.25807688,1.6554196,0.012221925,0
0.8020448,2.242651,1.650535,1.3922405,1
3.0409613,-0.6429638,-0.6553571,-0.18021634,0
0.94977546,-0.48368886,-0.87836766,0.26613083,1
0.29297507,-0.06616466,0.18321723,0.032774698,0
-1.3207331,-1.0387933,0.38619363,-1.0539707,1
-0.9527867,0.5733044,-0.29301915,-0.6839134,0
-1.5854843,-0.37861067,-1.6089752,-0.6753547,1
1.4328767,2.2140942,-0.60225785,0.53204477,0
0.7092767,-1.4158733,-0.6201146,0.043759417,0
-0.5058695,-0.03262748,0.16684502,0.70972365,1
0.20945102,0.22705394,0.34007168,-0.41980988,0
-1.3469756,-1.0316709,-0.926471,-0.8610153,1
-1.0113294,0.39365947,-1.1409687,-0.28036153,0
-0.66355604,0.37580913,-0.14799425,0.21538667,1
-0.67905784,6.2912416,-1.567316,-0.7539968,1
-1.9339163,-0.3797741,-1.2652377,-0.9256325,0
-1.0992212,-0.0773949,-0.25930053,0.9606833,0
-0.5980501,0.050891913,-1.3175923,-0.29538417,1
0.3194945,0.66003513,0.9116558,0.64737713,0
1.4030806,-0.5847702,-0.8896867,-0.9745544,0
-1.6578194,-0.6882431,-0.2799899,-1.0845461,0
0.95387703,-0.93517673,-1.6302403,-1.3335907,1
1.091497,1.0656868,2.374721,0.61586016,0
-1.3661301,-0.2784179,-0.9263243,-0.83619016,1
-1.1527387,0.478064,0.6007393,-0.23413111,0
0.17181616,2.876741,0.6623741,0.8720189,0
-0.1061,-0.038676493,-1.0062547,0.30953142,0
0.6538663,0.037646577,-0.5732007,-0.539096,0
-1.9206423,-0.41349253,-0.22223365,-0.5925818,1
-0.942713,0.24024554,1.1307042,0.12569538,1
-0.42109096,0.7244421,0.027936399,0.60775197,0
-0.650131,-0.002016876,1.9294009,0.73068565,1
1.7871978,-0.015853763,-1.6161084,-0.4805338,0
-1.1690016,-0.111920916,-0.62942284,0.48138124,0
-0.5433742,0.10059065,-0.69756126,-0.056530703,1
-0.042003885,-0.98684096,-0.55864865,-0.9632702,1
-0.04430841,0.31365496,-0.19025567,0.47125053,0
-0.04006481,0.061672956,-0.41670942,0.09997721,0
0.35549968,-0.68200433,0.7174631,0.05075143,1
0.36060852,-0.3963325,-0.23914078,-0.8347301,1
0.38149405,-0.23053671,-0.70422584,1.2724326,1
-0.91311836,-0.08459447,-0.7335448,-0.7141658,1
-0.94304967,-0.87154824,-0.86560076,-0.942538,0
0.65334725,0.20208113,-0.7822746,-0.29539913,0
0.3160541,-0.06784807,0.5788389,6.134518,1
-1.4879277,-0.37342155,-1.3354901,-0.7623374,1
1.0616057,0.5952213,-0.51316696,-0.19081447,0
-0.7946574,0.053672247,0.28844526,-0.2951298,1
-0.07348025,-0.11067844,0.103254765,0.23951156,1
-1.1734002,0.3255995,-0.23955297,-0.53178644,1
0.7145039,0.957115,1.1417181,1.1130604,0
-1.0915877,-0.5545049,-0.29940793,-0.3715553,0
1.0422608,-0.59192693,-0.4782923,-0.16625032,0
-0.6810716,0.061450824,-0.69336593,-0.8347945,1
-0.9292998,-1.0176226,0.14623812,-0.3255926,1
-0.6742456,-0.39629078,-0.74163955,-0.9466319,0
-1.7297127,-1.0214912,0.31047112,0.5844484,1
-0.009079829,-0.9762631,-0.80038685,-0.85370594,1
-0.19908522,-0.06400429,-0.3855566,0.6311583,1
-0.11771281,-0.53758204,0.7314968,1.0329866,1
-0.28848156,-0.2864954,-0.03286159,-1.0552942,1
1.1274563,-0.6743258,0.4143027,0.2934894,0
-0.7888851,-0.2450605,0.053021405,-0.89338386,0
-0.5555081,-0.48583475,0.6790805,-0.15901396,1
0.06989987,-0.07836716,-0.49043536,0.11226095,1
1.0791461,0.31239772,3.7364266,2.8416047,1
0.2508387,4.563818,-1.2131753,-0.80290556,0
1.15352,-1.0523016,1.1863445,2.3337705,0
-0.07904454,0.42022783,-0.8475136,-0.33828145,0
-0.7975277,-0.027340041,-2.0432196,-0.8718175,1
-0.095185496,0.25183472,-0.9718378,-0.3970093,1
0.19314954,-0.815931,0.30408707,0.089526355,0
-0.9989356,1.4282962,0.5493538,2.6116152,1
1.4418769,-0.44533342,-0.12861179,-0.14031495,0
-1.1489716,-0.74940807,-0.57509196,0.39088053,1
-1.1186239,0.03504929,-0.28382388,0.4649361,1
-0.657497,-0.11897359,-0.6303243,0.79249436,1
-1.7967392,-0.6315544,-0.55657387,-0.90627956,0
-1.2301041,-0.6030831,-0.67076015,-1.0043267,0
0.28828487,-0.50432473,0.3806905,-0.8057254,1
-0.5268649,-0.18721068,-0.03195296,-0.046549816,0
-0.4908575,1.7780865,-0.63244665,1.512066,1
0.14550085,0.085842,-1.3499588,-0.16437021,1
-1.5999556,-0.4297666,-1.1761777,-0.87823087,0
0.6917299,1.4187595,-0.19192562,1.4396936,0
1.3029602,-0.22939143,-0.46307772,-0.045784693,0
0.65002346,-0.1283454,1.2642976,0.21677206,1
-1.0932359,-0.52301943,-0.91491073,-0.004240934,0
0.817048,1.015772,0.53958714,2.5562022,1
0.50140023,0.24094784,-0.12144649,0.30977556,0
-1.7783288,-0.87339616,-0.7811784,-1.1261632,0
0.20542881,2.7041461,0.4288503,0.5456914,0
0.2775214,0.43013865,0.011564031,0.72571194,0
-1.596517,-0.8813848,-0.5274866,-0.53218687,1
-0.24492332,0.033082135,-0.52633226,-0.32909238,1
0.57601655,0.39521483,1.6035826,-0.42865363,0
0.69409436,0.59763813,-0.5160247,0.037285376,0
1.2996545,0.5792444,0.7474989,0.105253115,0
0.017747045,-0.26828584,-0.9019791,-0.62765753,1
-1.0228599,0.3411631,-0.36544824,0.123166576,1
-1.8723592,-0.62526655,-1.7989967,-0.6014168,0
0.8216989,-0.14427218,0.36559123,-0.3500222,1
1.2956431,-0.3274293,-1.318799,-0.06506539,1
0.4653482,0.35155132,-0.90465504,-0.29258177,0
0.40647596,-0.17858624,-0.7053143,-0.80586237,0
0.03715214,-0.93678916,-0.8569954,0.25765058,0
-0.66159433,-0.8282206,-1.2828274,-0.7632686,1
1.1028607,-0.31812137,1.1629709,2.5264246,0
-0.6154565,-0.19192001,1.4220895,0.22573192,1
1.8207709,2.0869753,1.7444956,0.6850789,0
-1.9605398,-0.6890111,-0.73461854,-0.8623023,1
0.5439456,-0.8152663,-0.3892767,-0.22021854,1
-1.1328466,-0.63437295,-1.1891341,-0.5505867,1
0.9850073,-0.8159361,0.22199512,-0.3883064,0
0.9989199,1.1880056,0.3296471,1.8770614,0
2.9259555,0.2794348,-0.95768964,-0.74831825,0
-0.2994469,-0.07505797,-0.67035735,0.12413955,1
0.6370746,-0.36273018,-1.5906829,-0.65596855,1
-0.8851887,-0.5512129,-0.37860593,0.08753021,0
-1.5867356,-0.029476345,-0.42427644,-0.057802983,0
0.9220621,0.13892907,0.4212091,0.7479382,0
-1.9866259,-0.39896846,-0.7111081,-0.8820733,1
-1.5344807,-0.20367727,-0.35682458,-1.033499,0
1.2956862,-0.23420233,0.226126,0.5272401,0
-2.09877,-0.90092444,-0.40810728,-0.93861794,1
-0.29908305,0.29142845,0.88254124,0.4578614,1
0.33655483,-0.3732412,-0.33207488,-0.9288076,1
0.16095643,0.2250444,0.25443196,-0.2525207,0
0.04047321,1.436512,0.57932115,2.7207685,1
-0.5570124,-0.0014163516,0.5293894,0.77467716,1
0.11716801,0.0010674074,0.42297313,-0.17881808,0
-1.7370588,0.32514787,-1.7527933,-0.6337967,1
0.91441673,0.7296697,0.9273206,0.46663448,0
0.20600158,-0.58690464,-0.8466187,-0.8883238,1
-0.19114588,-0.40964258,-0.61673737,-0.69561374,1
-0.19996867,-0.5160912,-0.40851516,-0.07160097,1
0.14898536,-1.1498483,-0.0890661,0.5142173,1
-1.3465606,-0.68852615,-1.601322,-0.89271396,1
1.5003479,1.6439251,1.0701742,0.35144395,1
-0.9040291,-0.5825567,-1.2458205,-0.78666145,0
1.3188497,-0.6116051,-0.23929554,0.13009955,1
0.104956105,-0.46233487,-1.0784827,-0.23941612,0
0.46047518,-0.76849794,-1.1538199,-0.76725703,1
-0.13848609,-0.39581734,-0.20171437,0.76375,0
-2.3470988,-0.68711334,-0.43893334,-0.2756048,1
1.4541209,0.28589326,1.3490527,0.058720965,1
-1.3781648,-0.5129251,-0.9972626,-1.0032865,1
1.399256,-0.9289905,0.2230389,0.08252959,0
0.7914691,0.19112414,0.150955,-0.118580714,0
-0.77584994,-0.7746871,-0.017715596,-0.9624315,1
-0.0016806461,0.5566079,0.22606163,2.456086,1
-0.40513295,-0.78482467,-0.7950223,-0.93735087,1
-0.1837404,-0.58695686,1.1274067,0.030647378,1
1.1612116,-0.74273014,0.08581701,0.13083616,1
0.07453146,-0.41890278,0.15467802,0.16208315,1
-0.7620889,-0.40396994,0.8884727,-0.39687786,1
0.110814616,-0.4574632,0.48188648,-1.0190232,1
-0.96308225,-0.06433332,-0.680321,-0.8714539,1
-0.40145093,-0.6826858,-0.8080418,-0.7276494,0
-0.3455687,-0.3040715,-1.2617086,-0.8755721,1
1.3950162,-0.14677659,0.20115918,-0.040956352,0
0.5736584,-0.07031894,1.3024936,0.5457644,0
-1.632029,-0.3215903,-0.49801406,-0.8156905,1
1.9936885,0.0068592504,0.1137541,-0.8028128,1
-0.08600807,-0.38400084,0.32697573,-0.72731936,1
0.46281195,-0.5912189,-0.46665588,-0.8714286,1
-0.036417723,0.5565958,1.0398635,-0.005602788,0
0.58536345,-0.7566105,-1.7416934,-0.9985583,1
-0.15402937,0.17030972,0.46766666,1.091314,1
0.7384668,0.38539326,-0.16377068,2.4320304,1
0.21815969,0.9105125,-1.8548558,-1.0164728,0
2.0277536,-0.36792663,-0.2995501,-0.7736885,0
1.0518327,-0.26149637,-0.17546585,0.9051945,1
2.2457147,-0.13200973,-0.5511347,-0.009953184,0
-1.2339106,-0.697027,-0.83853155,-0.022007644,1
-0.641242,1.0946634,0.70474505,0.73336405,0
0.7335565,0.069006234,-0.30391294,-0.7108086,1
-1.2751517,-0.1292451,0.529172,-0.29124907,1
-0.046936143,0.44859663,1.8161602,0.6325971,0
1.2544979,-0.009395707,-0.38162354,0.24449138,0
-1.3931527,1.3344954,-0.16666803,-0.79166657,0
1.619005,2.556742,0.6097469,0.10641262,0
-1.5335982,-0.33522642,-1.2191848,-1.0672307,1
-1.0159731,2.229351,-1.0786458,-0.8286679,0
0.055493236,0.74601185,-0.49236828,-0.03720308,0
-1.2888668,0.21023291,0.1704728,2.856081,1
0.09121658,0.69969964,3.2022467,3.3320532,0
0.92238104,0.34470865,2.390449,0.90840966,1
0.77871937,-0.007511139,-0.69272214,-0.90446985,0
1.7434235,-0.6837337,-0.36853054,0.26146668,1
0.23713143,0.9300041,0.6588088,0.5383848,1
1.4364755,-0.7145736,-0.8873087,-1.0696168,0
-0.77595866,-0.29977953,0.111212276,1.3233496,1
-0.47855377,-0.09304634,-0.5897398,-0.6141216,1
-1.6954339,-0.2639482,-0.9821507,-0.9288698,1
-0.6224879,-0.6703563,-0.111372024,-1.0481495,1
0.3267726,-0.22462063,-0.36005858,-0.5364113,1
-0.43751904,0.37651753,-0.067203864,-0.0487398,0
-1.1035322,-1.0469236,-1.1985607,0.39473596,0
0.7136634,0.58807975,-0.56760275,0.7809356,0
-1.1120492,-0.53253895,-0.06669515,-0.49931198,1
-1.0704795,-0.3965097,-0.2268971,0.87999594,0
-1.5741498,-0.40021577,0.012382723,-0.088671386,1
0.0054653287,1.2909666,0.40366971,0.5970409,1
-0.61518705,-0.0067117065,-0.031024903,-0.12506993,1
-0.63148963,-0.70532554,0.99244165,-0.9240766,1
-1.5335382,-0.92326033,-0.9110893,-0.042263743,0
-0.18843475,0.26550332,0.6968437,0.76047605,0
-0.8348944,-0.18530834,-0.13913119,1.0247458,1
0.07952371,-0.5628982,-0.6444379,-0.43623438,1
-0.49015677,-0.09088906,-0.032133624,0.08434577,0
0.22397472,0.9001314,-1.66274,-0.7738473,1
1.0933918,-0.9560869,2.6704216,-0.6837698,0
-0.70258904,-0.6494796,0.36280727,-0.6681864,0
0.54407084,1.2388988,1.0946956,2.3763428,1
0.17962429,-0.45521453,1.0131966,0.8841102,1
1.9990715,0.16681279,1.6122326,0.43232104,0
-0.017029174,0.5574474,1.6987141,0.9390402,0
0.74663234,-0.3236283,-0.17404094,0.9083908,0
0.41279402,-0.789463,-0.8464526,-0.81074435,1
-0.096472204,0.4632096,0.3226414,2.4167397,0
-0.13949737,-0.55442744,-1.389682,-0.7664535,1
1.7092402,0.22362363,1.3545481,-0.935041,1
-0.43032697,0.060935885,-0.9868833,-0.9942911,1
2.1113997,-1.0348874,-1.4015294,-0.5240302,1
0.19773963,-0.3921991,-0.02781327,-0.52100813,0
-0.6345546,-0.21841478,2.3744586,-0.846467,0
-1.0153197,-0.61471117,0.371899,-0.08800287,0
1.8270454,-0.81800526,-0.4917397,-0.71240896,1
-0.3189222,-1.0996186,-0.9738883,-0.0650006,0
-1.3504663,-1.1634479,-0.498364,-1.2476623,1
-0.18314776,-0.13251597,1.4666593,0.5927934,1
-1.5259347,-0.27950704,-0.14962396,-0.4229479,1
0.5986965,0.76240265,-0.9542825,-0.030952621,1
-0.012910873,1.9046304,2.2077167,4.2048817,1
0.11137329,-0.18674219,0.018286355,-0.94089586,0
1.2031221,-0.4845049,-0.1407779,1.0256176,0
1.2702341,-0.019654334,0.14292672,-0.286197,0
-0.4858601,0.2685535,-0.0929167,-0.037024606,1
0.50033295,-0.25462663,0.23268245,0.5597353,0
-1.1400963,-0.24435169,0.11923504,0.4847035,1
-0.68322647,-0.4734094,0.4837147,0.8920835,1
0.58693194,0.74947,-1.0576181,-0.56749177,1
-1.8631281,-1.1182415,-1.4989247,-0.65099186,1
0.92987055,-0.51477426,-1.4648969,-0.93349236,0
-0.74428177,-0.37493825,-0.89312434,-0.7518545,0
-0.8614383,-0.5866679,-0.009656869,-0.8253908,1
1.9589124,-0.57564414,-0.028609216,-0.15475015,0
2.108619,-0.45206344,-0.3107444,-0.74223435,0
1.5510948,-0.006293863,0.6856749,-0.29932934,0
0.8918911,-0.5347331,0.47201335,-0.06610086,1
2.232698,-0.9256853,-0.09225872,-0.406758,0
-0.46216995,-0.91488254,-0.37644112,0.29915386,0
-0.048366457,1.3246644,1.1614947,0.23014404,0
1.8452255,-0.20474917,0.9267759,0.872704,1
0.696944,-0.24989039,2.3926184,-0.99643385,0
-0.68954813,-0.63924164,0.25795874,0.11048035,0
0.20938689,0.25473025,0.652821,-0.12838364,1
0.1718339,0.31717375,-0.002713032,0.122886404,0
0.4806732,1.065593,-0.29955083,1.0710477,0
1.5210614,0.07692269,-1.068953,-0.91755456,0
-1.2171236,-0.49875683,-0.80713564,-0.8034534,1
-0.7136016,0.3170245,0.64995265,-1.3089478,1
-1.1026632,0.25818646,0.3630893,1.2462274,1
0.023775548,0.6248342,1.3409638,2.1305015,1
0.04329043,-0.30229896,-0.6293195,-0.5382607,0
-1.2451215,1.7998766,0.33179888,0.3513728,1
2.056847,-0.44714674,-0.31741858,-0.5605196,0
0.7857654,-0.003910415,0.4932288,-1.3478713,1
-0.16403595,-0.22122242,-0.834182,-1.4846689,0
-0.77491724,-0.004648447,1.8533149,0.8259324,1
-1.9773955,-0.89334536,-1.4356252,-0.820665,0
-0.33664936,0.22424582,-0.49614576,-0.7266069,1
0.24430804,-0.3804484,0.89027894,1.7930336,1
1.2251161,-0.68487376,-1.0304157,-0.059036244,0
-0.63725287,0.069929175,1.3656211,1.8809156,1
0.5037997,-0.13336441,-0.7422945,-1.030203,0
-0.59487766,0.62456703,-0.1555163,-0.049818132,0
0.8985574,0.63942623,1.5339801,2.6003432,1
1.711857,-0.33542994,-0.9611778,0.54418457,1
0.24107628,-0.3162903,1.3729337,-0.1892501,1
-0.54984665,0.036125705,-0.16283649,0.5260504,0
1.0900984,0.24705812,-0.47026926,1.0516449,0
-0.1588957,-0.3822603,0.3358027,2.3105567,0
-0.48369575,-0.3639927,0.6640713,-0.33182746,0
0.2525323,-0.37229043,-1.1424742,0.03851777,0
-1.2721765,0.9087605,-0.013519317,1.0590756,0
-1.6355008,-0.16180015,0.009820193,-0.5408827,1
-0.06619841,1.0715774,0.8487065,5.3755445,1
-0.7024541,-0.18184331,-0.22577512,-0.28868163,0
0.40086198,0.6582242,0.15313219,3.2006896,1
-0.33305374,0.24692652,0.8360917,0.8823469,0
0.78803045,8.870599,-0.90081143,-0.3298867,0
-0.051131338,0.24096626,-0.59139764,0.25807974,1
-0.11373648,0.8725273,-0.13361603,0.43199292,1
-0.56093043,1.5269022,0.8565934,0.83787966,1
0.99078566,0.46423307,0.05620101,-0.9929588,1
-0.30193636,-0.5119917,-0.683861,0.26619768,1
-0.7130754,0.27786535,0.654784,-1.0778449,1
-0.5661403,0.5798399,-0.16113226,0.677153,1
0.5076103,1.2861489,1.1745423,2.6877756,0
0.17648369,-0.52606225,-0.6200789,-1.2411711,1
0.055053454,0.38291192,-0.10499079,0.53587675,1
1.1139897,0.5032563,-1.0803183,-0.97399926,0
0.6081029,0.3257629,-0.36547157,-0.03300582,0
1.5909284,0.23289911,-0.20038226,0.004491795,0
1.6392232,2.224641,0.5148235,3.8335881,0
1.8559517,-0.35086983,-0.3583479,-1.2012882,1
0.26387697,0.022512108,2.345918,0.5301802,1
1.1317022,0.11887382,0.90507305,0.8149972,0
-0.7350435,0.49316263,0.5365138,1.5423356,1
-0.47416815,-0.4650685,-0.5761764,1.0743185,1
-1.7190479,-0.9080355,-0.47518694,-0.92567205,1
0.9609531,0.20980577,2.2207623,-0.18343389,1
1.0006576,8.348346,-1.5678364,0.23797126,0
0.42831808,0.017894596,1.6786885,0.3634135,1
-1.041374,0.4152925,0.57844543,0.89951706,1
1.1720967,-0.22924972,-0.6371173,-1.0834069,0
1.6717885,-0.33527976,1.7787317,-0.93121284,0
0.01702147,0.26653638,-0.68308616,1.1204073,1
-0.48833257,-0.39591286,0.5290726,1.7517881,0
1.2993726,0.86754227,0.67738396,0.6116918,0
-1.7829242,-0.551887,-0.36872298,0.7856489,1
-1.8343804,-1.0092762,-1.3771855,-0.54983807,1
-1.8222392,-0.8369347,-0.0027846992,-0.53103185,1
-1.9329695,-0.9291503,-1.4134312,-0.35013682,1
-0.47500363,0.09525135,-0.9966137,0.7054611,0
0.7825806,1.5981815,1.2581983,1.3056495,0
-1.4751997,-0.7179009,-0.8780149,0.13897666,0
-1.2650917,-1.302605,-0.8759982,-0.94043034,0
0.5881784,-0.058776483,-0.6468003,-0.6831222,0
-1.737427,-0.7992997,-1.4409894,-0.43461016,1
-1.0635947,-0.6314903,-0.7031073,-0.7435576,0
-1.1069969,-0.9465309,-0.5044664,0.06304723,0
-0.57852143,-0.57012355,-0.16845816,-0.10059558,0
0.44603848,0.61622095,-0.007566072,0.87181056,0
0.61713386,0.46719855,-0.565591,-1.1196316,1
0.019457296,-0.4890313,-0.7216245,-0.9150856,1
0.21098895,0.7457779,-0.35677207,-0.07672438,0
1.2000818,-0.20128913,1.702396,-0.12897418,0
0.43365353,0.15045469,-1.5686221,0.17467837,1
-1.2067523,-1.0956643,-0.62780035,-0.6333635,1
0.7550143,0.12956278,4.2731733,2.2307842,0
-0.32470408,-0.08425492,-0.95614344,0.16698381,0
0.5009948,-0.07367915,0.77809554,2.2279422,1
0.82967263,0.29405084,-0.6392626,-0.42309856,0
0.47767028,-0.8037976,-1.3487334,-0.8879465,1
2.0444696,-0.051784575,0.21094616,-0.9624917,1
-1.0401276,-0.2854392,-0.5654454,-0.53878963,0
0.98083645,-0.84675527,4.111171,-0.8037268,0
0.22221673,-0.30727297,-0.38326445,-0.22316921,0
0.09436158,-0.1011603,-0.011301428,-0.9399655,0
-1.3799775,-0.27969763,-0.3977957,-1.0671301,0
0.21754894,-0.83118397,0.78132445,1.1125493,0
-0.26599276,-0.013417721,-1.1633871,-1.3229955,1
0.27506596,0.6664146,1.0594858,2.0950453,0
-0.08091077,3.4560397,-0.08742729,-0.14114627,0
-0.7376342,-0.753579,-0.07265214,0.23829146,1
0.9439633,0.5508261,-0.88213295,0.38680997,1
0.43202746,-0.68789244,0.26221287,-0.8369092,1
-0.72006947,0.40452313,-0.7020948,0.10795392,0
0.9010331,-0.9856434,0.21437308,0.68844193,0
-1.9216989,-0.7984241,-1.1679236,-0.9004048,1
0.61305857,0.26398945,1.6715101,0.6902716,1
-0.3390759,-0.6633221,0.036174707,-0.05840135,1
-0.70320666,-0.37758136,-0.7192971,-1.0965321,0
-1.279132,-0.89828765,-0.316036,0.017962199,0
-1.3206213,-0.70558274,0.73993635,0.93702996,1
-1.4029938,-0.7605248,-1.2311097,-0.8335821,1
-0.92958707,0.2977644,1.0433033,0.8551145,0
1.1043828,-0.22694919,0.054459445,-0.47733054,0
1.5898703,-0.38248903,-0.90800816,-0.81936496,0
0.859856,0.5119177,-0.026918381,0.80831534,0
-1.7353935,-0.384007,-0.02224958,-0.89706653,0
-1.6408627,-0.52459246,-0.70795995,-1.1395338,1
0.69635403,0.6651755,1.6771944,0.69914156,1
0.14563483,-0.5869059,0.57679844,0.07068761,1
-1.714948,-0.75283355,-1.5042058,-0.95852935,1
0.17597929,1.3931195,1.0700458,-0.002328042,0
0.23201178,0.65753245,0.7640605,1.2456557,1
-1.193016,0.55628633,0.045259766,0.38370976,0
-0.48648962,-0.3404799,-0.47832912,-0.74120915,0
1.0963268,0.03202358,0.40870172,0.40448508,0
0.22414516,-0.9510071,-0.4051391,-0.07680185,0
-0.05167973,-0.3747923,-0.9217561,-0.2120924,1
2.6598918,-0.61507964,-1.4352634,-0.8621473,0
-1.0172108,0.012998626,0.5066297,-0.6059741,0
1.3677846,0.44897828,-0.619969,-1.1788859,0
-1.8883455,-0.8583154,-0.75745845,-0.78947866,0
1.4663823,-0.8692173,-0.5820799,-0.7788127,1
-0.68070304,-0.17414099,-0.09955889,-0.69099426,0
2.0819643,0.22426052,-1.1276333,-1.1163869,0
-0.20232114,0.88649756,-0.10264237,-0.12189573,0
1.7630551,-0.730011,0.7512781,-0.47631896,0
1.7175474,-0.5546278,0.7960332,0.97059363,1
-1.2487553,-0.056474775,-0.83586496,-0.032752484,1
1.0570991,1.8120071,-0.60162425,-0.124405935,1
-0.91979957,-0.73212576,-1.1094501,-0.80866814,1
-0.10144952,-0.27809903,-1.2243915,0.09519613,0
1.8052332,0.9321795,0.17443252,0.14663798,0
0.60375154,-0.37941968,-0.022954278,0.46201965,1
1.2818757,0.28037217,0.49483055,0.18012297,0
1.1309115,1.214817,0.83521676,-0.12792242,0
0.9522464,-0.53943753,-0.49054694,-0.7606214,1
0.23260158,-0.8481334,-0.99090755,-0.85965157,1
-0.26695332,1.4234049,-0.6197233,0.905707,0
-1.6285768,-0.68601775,-1.3835666,-1.0088679,1
-0.7397249,0.13561282,-0.51656777,-0.33844054,0
0.9348818,0.5036562,0.7159637,0.40780124,1
-0.82628345,0.18280615,-0.85938156,0.38383067,1
0.8662385,-0.23775625,-0.7539929,-0.007144898,1
-0.108875155,1.2392097,-0.25323406,0.8206971,0
0.7880614,0.95000815,-1.4699546,-0.5503248,1
0.50980306,-0.13578935,3.5992296,0.058008317,1
1.4272931,0.32698655,0.55573297,-0.34351644,0
1.4351755,0.6571276,1.2344012,0.8361778,1
1.0535171,0.13736671,2.4209816,-0.21272577,1
-1.699925,-0.1449866,-0.5319995,-0.818395,0
-0.061730817,-0.16847649,0.39373916,0.7813106,1
1.3367469,-0.2674713,0.9909797,0.17454222,0
0.50262004,-1.1796392,-1.333642,-1.0920204,0
0.7059825,-1.0036489,-0.08522056,-0.81030244,1
0.5695071,-0.03897071,0.3122607,-0.022692787,1
0.3837127,1.1041062,0.79244375,0.99301875,1
-0.42465538,0.785018,0.096827224,0.51625675,1
-1.1518966,0.17693794,-0.86932975,-0.63863915,0
-1.1813161,-0.37242687,-1.2786397,-0.75292605,0
1.7981827,0.6868715,0.15987837,1.3981099,0
-1.6953142,-1.0545453,-0.6995066,-0.48542553,0
0.638536,-0.42430356,1.7582005,-0.9844762,1
0.6450581,-0.632837,0.12089509,-0.34572855,0
0.61310154,-0.2810213,0.16419527,-0.97229815,0
0.6565912,-0.26247084,0.69543093,0.056080673,1
-0.45470747,0.017291188,-0.8110306,0.26516333,1
0.36469448,0.3339824,2.0565166,0.75323063,0
-1.4373336,-0.62334085,-1.246168,-1.0699855,0
-0.6497643,-0.13279295,0.9586313,0.15523018,1
-1.0010996,0.13559344,-0.3069323,-0.18839055,0
0.9756795,-0.13713738,1.0900389,-0.101519376,1
0.72748566,0.45212808,1.3992192,1.3590732,1
-0.26725757,-0.33264095,-1.4216567,-0.9292151,1
-1.4740007,0.07075448,-0.7795368,-0.95263374,1
1.6059011,0.1151469,0.6931793,-0.019660644,0
-0.36664364,-1.0700568,-0.27645475,0.08940181,0
1.0547807,0.13162312,0.15724507,0.12932502,0
1.8932586,-0.4241609,-0.41234803,0.8232181,0
-1.2769465,-0.7930691,-0.6493496,-0.5258457,1
-0.83512574,-0.4118078,1.1045552,-1.0021775,1
1.1352495,-0.022073567,-1.3678143,-0.607687,0
0.33334252,0.053290136,0.39033464,0.81327325,0
-1.4216089,0.0121818185,-0.82742286,-0.78796375,1
0.7392019,1.3153005,1.0569904,0.86447084,0
-0.31352752,-0.5081059,-0.82022494,0.31384245,0
-0.9649228,0.2753418,-0.8678461,-0.25910008,1
0.20295294,0.47948912,1.405895,0.08409876,0
1.2730982,0.03458293,2.342273,-0.18173447,0
-0.29096138,-0.47561383,1.7631311,0.70350534,1
-0.76736236,-0.47677273,3.3592508,-0.8231667,0
0.84377587,0.06991182,1.1384819,-0.9921357,0
0.64904386,-0.2980764,-0.15415344,0.26361233,0
1.0856588,-0.08577171,0.21779725,-1.1130729,0
-0.28373498,0.4989145,0.31682283,1.6446457,1
-1.189132,-0.4846046,-1.0687546,-0.7333507,1
0.31243515,0.38573387,0.4059744,-1.0183394,1
-0.75835925,-0.14025252,-0.9558669,-1.1900603,1
-0.44107038,-1.2387764,-0.7953938,0.6694398,0
-0.8338601,-0.34229714,0.7877991,0.28813145,1
-1.9343268,-1.0359131,-1.4980662,-0.5685551,1
-0.42447895,0.3653766,0.45632428,0.9307096,1
1.4019471,0.10526034,-0.96996635,0.15391958,0
-0.29833493,1.9348185,4.4424343,9.180559,1
1.6840256,0.08061889,0.014013171,0.13819203,0
-1.6150165,-0.42512345,-0.6630801,-0.9666835,0
0.36740303,-0.79637194,-1.4155263,-1.1962662,0
-0.7579725,0.0040232334,0.09693828,1.311687,1
0.70136863,-0.49394226,-0.7473395,0.08361104,0
0.5604578,-1.0037504,0.91548884,0.9124274,0
0.544191,-0.32721597,0.97675705,-0.036931407,0
-1.09218,1.765444,0.25609124,0.014653798,0
1.455695,-0.078613795,-0.21606633,-0.87862456,1
-0.4735148,-0.041788436,1.2882372,1.0375459,1
1.0981817,-0.15990579,1.1329004,0.28846934,0
0.9656154,-0.8171122,-1.3396391,0.056773994,1
-0.5509027,-0.007833276,-0.56745416,-0.6409565,0
-1.1753138,-0.35599864,-0.38240746,-0.7927677,0
0.67555773,-0.24899195,0.85173875,0.15952234,1
0.5328417,-0.008601181,-0.8007732,-0.20695566,0
-0.75431013,-1.0648108,-1.239383,-0.62555206,1
1.0027885,5.227438,-0.5642859,1.040043,0
0.33606,0.2720129,0.095116496,-0.36099216,1
-0.061878487,0.36108166,-0.78251994,0.75445676,0
1.269465,-1.0130605,-1.1946337,-0.49812004,1
1.811921,-0.91594565,0.2734664,0.037243668,1
0.5904699,-0.36522958,0.56757903,0.6704885,1
-0.55351865,-0.3762012,-0.22651425,0.02036915,1
1.0781755,2.9386213,3.8116734,0.58515406,0
1.194661,-0.34924418,0.45109463,-0.68555784,0
0.53769016,0.39333278,-0.54520667,0.91080666,1
0.8405835,-0.41773972,-0.55950713,-0.20421396,0
-0.5227667,-0.5723245,-0.70995295,-0.75916564,1
-0.9876394,-0.44384772,1.3184249,1.7836295,1
-1.8209574,-0.7532116,-1.0060159,-1.0618597,1
1.0954297,0.39227355,-0.62956417,0.045109604,0
-1.6271901,-0.014454955,-0.4118566,-0.34731564,0
0.537232,-0.29376176,1.0371617,0.52979094,1
1.3101038,0.3305888,1.1298246,0.14028841,0
-1.7786736,-0.6497412,-0.52033025,-0.9676076,1
0.16078216,-0.953327,0.69678974,0.9783941,0
0.40204084,-0.18537945,0.7565489,-0.8363413,0
-0.425904,0.047149375,0.38114774,-0.116602585,1
1.354688,1.655552,-0.9496116,-0.082017615,1
0.13414182,-0.36650532,0.54454297,-0.03933268,0
0.3402592,-0.4806895,0.7281152,-0.8112649,1
0.2559446,-0.56040514,-0.2318424,-0.8493886,1
0.49065024,1.1721905,2.0376656,1.3624388,1
1.0215687,0.05683537,-0.10213664,0.055697132,0
0.8704392,-0.6269133,1.3391076,3.789267,1
0.4588905,-0.46845165,0.40153417,-0.4923374,0
0.25991523,-0.7091358,-1.2349133,-0.64541173,1
0.122552186,0.7825102,2.861683,0.86877245,1
-0.15167858,-0.028827846,0.105555296,-0.11670928,1
-0.5575136,-0.5759304,-0.73410547,0.8446737,1
1.0755341,0.24379367,-0.14659736,0.96432304,0
0.8818441,-0.16287725,0.003011614,-0.8044781,1
-0.10281043,0.06877819,-0.35706776,0.37066522,1
-0.6633757,0.21881533,0.8012407,-0.35407412,0
0.07100375,-0.56933737,-0.4720899,-0.702187,1
0.70063853,0.7498969,0.75003153,0.5473423,0
2.013655,-0.34858185,-0.046940446,-0.5645189,0
-1.708595,0.11347473,-1.8016613,-1.2674303,1
-0.1955119,-0.59056854,-1.0985872,-0.8330034,0
-0.8068817,-0.2041299,0.8033439,0.8118423,1
1.7248429,0.43447596,-0.7587605,0.26196393,0
0.24613297,0.3777551,-0.046294183,-0.2871368,0
1.1515417,0.5408638,-0.07212915,-0.013036139,0
2.1003225,-0.4906108,-1.4895977,-0.6609089,0
0.19642119,0.43772018,-0.015336931,0.097875535,1
0.63508546,-1.1195786,-1.4527609,-0.49525878,1
2.2139149,-0.9223114,-1.0862037,-0.97967374,0
-0.36900944,0.14779422,0.068270445,-0.18461724,0
1.4513677,0.67633295,0.031222083,0.15753447,0
0.29397175,-0.08114475,0.777652,-0.58847535,1
0.060620923,0.33531988,0.5615158,-0.11273414,0
0.5691908,-0.034932345,0.16930503,1.3581971,0
1.2644005,-0.1976325,-0.81110525,-0.7982974,0
-0.17940617,-0.6242396,0.533629,-0.007069541,1
-0.41299334,0.8171484,0.7278319,0.79771084,1
0.07264222,-0.43819124,0.41138655,0.275592,0
-1.8047175,-0.14816362,-0.8494063,-0.8471524,0
0.8017725,-1.1101129,-0.73600096,-0.5766051,0
0.3941626,0.005393207,0.99610275,1.1265061,0
-0.23047353,0.16299316,-0.9732297,0.07821876,1
-0.102491915,1.0543345,-0.83576643,-0.35064882,1
-0.968283,-0.6006087,0.69797367,0.8454079,1
-0.72004825,-0.9590515,-0.36780015,0.3030194,1
0.055127174,-0.3638213,1.1013281,-0.21045981,1
0.56689715,-0.15487756,0.2737696,-0.3459425,1
-0.40681607,-0.62177074,0.20782949,0.827,1
0.6314057,-0.27243793,-1.0450649,-0.8354108,1
-1.2114547,-0.18872657,-0.60654193,-0.770793,1
-0.33837175,-0.44239286,-0.015001312,0.55541384,0
-0.4257667,0.27675587,0.07531972,-0.1327847,0
0.20526771,0.14839464,0.9710515,0.8526271,0
0.99114233,-0.41648102,1.3486776,0.029094253,0
-0.46681,-1.1791964,-1.3508575,-0.6305598,1
1.4197193,-0.56762695,2.0472898,2.9711316,1
-0.72092783,-0.93654174,-0.1255527,0.4692848,0
-1.9314164,-0.78559303,-1.731777,-0.82161117,0
0.1975179,-0.40976894,-1.2179382,-0.7517115,1
-0.30207628,-0.5350548,-0.45639244,0.1517938,0
0.50807077,1.1729622,-0.20215943,0.62787664,0
0.65015554,-0.13443749,-0.8434175,-0.06718097,0
-0.3684784,-0.012989104,0.17358458,0.03827581,0
0.00807282,-0.039359882,-0.6899643,0.862956,1
-0.53734666,0.33008248,0.6583682,1.840652,0
0.34882563,-0.38847184,-0.12524724,0.4326034,0
-0.3874309,-0.31027776,-0.10879812,-1.0560322,0
-0.46926302,-0.12074023,0.5198614,0.59011424,0
-0.02435451,0.046225786,0.18504149,0.46318933,1
-0.8492634,-0.07964945,0.17730123,-0.93448406,0
-1.9415059,-0.42586145,0.39753693,-1.051411,1
-1.2177123,-0.1419289,-1.0794476,-0.5839217,1
0.42363784,0.57716936,-0.15309851,1.0060649,1
-0.38453805,-1.3087661,-0.69010025,-0.9999915,1
0.14113903,-0.29305834,1.1948421,0.835623,1
-0.43422225,1.7157259,0.48760882,0.9446787,1
0.29306698,-0.557499,-0.630009,0.042288784,1
-1.2149078,-0.57141125,-1.5797116,-0.3868684,1
-0.6214335,0.71065384,0.92610157,0.8288398,0
1.7619189,0.26735854,0.44120732,-0.10579313,0
0.77636147,-0.35225537,0.06616381,0.7771508,0
0.42646,0.7321831,0.48089942,-0.8845841,1
-0.39826298,-0.47301728,-1.0396293,-0.8140564,0
1.8432957,-0.2477653,0.08792185,0.6548563,0
0.36413568,-0.03604868,0.15790981,0.044396136,0
-1.1013163,0.16179967,0.44362462,0.40427068,1
-0.056935117,1.8024367,-0.44212955,1.0400915,1
0.61123824,-1.1286672,-0.58693004,0.17394517,1
-0.47343582,0.5511807,1.711827,0.995793,1
-0.20463902,-0.26578873,0.2193785,0.019246921,0
-0.165171,0.061959803,-0.5824076,0.4572813,0
-0.6997695,-0.7958882,-0.8490523,-0.6675519,0
0.07638174,-0.56759334,-0.48598558,-0.5193585,1
0.10145533,1.284382,1.1155905,-1.1096781,1
-1.5451454,-0.26969033,-0.4693042,-0.9972371,0
-1.6944526,-0.11504778,-0.33959693,0.5631062,1
1.3069137,1.7178822,0.03785839,0.6927603,1
0.34634078,-0.3703195,1.6341586,0.88375163,0
-0.4410522,-0.48336497,-0.82130677,-0.5776301,1
-0.6617917,-1.2177893,-0.5984105,0.25148073,0
0.48415366,-0.41517383,-0.9699626,0.45746106,0
-0.19200078,0.7089453,0.19655383,0.053598855,1
-0.7825461,-0.47877094,-1.3076761,-0.273029,1
0.3108682,1.5253714,-0.78050935,0.0528883,0
-1.8109624,0.05581566,-0.91882265,-0.81084883,1
-0.1852268,-0.42312807,0.98849577,0.6187371,1
-0.23737217,0.56267834,-0.87771845,0.6241807,0
1.1695048,-0.46099216,-0.13352191,-1.588195,1
-1.6444658,-1.1105158,-0.9715995,-0.5845287,1
1.4567326,-0.49790114,-0.03614776,0.09135261,0
1.2302974,-0.18755186,-0.2509739,0.053320136,1
1.196021,-0.9528649,0.8024277,-0.007509012,1
-0.07685074,-0.583376,-0.9437355,-0.7927433,0
-0.5513935,-0.3862579,-0.15476705,-0.40654132,1
-0.49990794,0.8334815,-0.58767205,0.6840985,0
-0.1234847,-0.7811247,-0.99164164,-0.26219213,1
-1.0233715,-0.83382416,0.0007682219,-0.5137423,0
0.8209888,1.5200373,1.2636049,0.7729195,0
-0.33668536,0.2603943,-0.7262209,-0.29521674,0
-1.5983858,-0.79621065,-1.1263642,-0.6625384,0
2.3301024,1.31261,-1.461609,-1.029252,1
0.40403265,-0.17344262,1.1086563,0.010901999,0
-0.5015461,-0.28060678,-0.22971159,1.0107435,1
0.9231298,-0.53627574,-0.3729759,0.055058945,1
-0.53407824,-0.014115952,1.4238675,0.4120838,1
-0.72779566,-0.15014923,-0.47035703,0.9034021,1
-1.6615155,-1.2816919,-1.4713715,-0.5848201,0
-0.09367633,1.3666624,-0.90627825,-0.020598976,0
-0.9287138,0.41839737,-0.33395898,-0.61066014,0
1.0298859,-0.33372948,-0.19184157,0.73842037,1
1.2804209,0.76634616,-0.12712744,-0.7538865,0
-1.2873863,-0.6676857,0.7104675,-0.82109374,1
0.6049926,-0.52135146,-0.26419777,-0.9881565,0
-0.36106297,0.59597653,-0.7490379,0.73832566,1
-1.0252911,0.67136276,-0.80810744,0.2441443,1
-1.8207793,-0.37423104,-0.5027646,-0.8430124,1
-1.2444525,0.84463555,0.41494176,-0.78422946,1
-1.3168265,-0.29145896,-0.3312884,-1.1232982,1
-0.20356299,-0.22667909,1.8466095,1.501585,1
-0.82351875,0.7268718,-0.42103407,0.73459125,1
-1.8170879,-0.66641307,-1.3244565,-0.30113834,0
0.6154358,-0.51695037,1.0659136,-0.18179074,0
-1.6398332,-0.37725696,0.80745935,-0.15883563,0
1.200807,-0.8412888,1.0693597,0.15982038,1
0.95636165,-0.804284,-0.88605076,-0.88340956,1
0.5382797,-0.19675605,-0.5536007,0.012117326,0
-1.4987181,-0.66900015,-0.21098869,0.9438708,1
1.9229376,-0.4275294,0.90026695,-0.16114181,0
-0.6719643,0.58557445,-0.1951769,0.9157887,0
-1.5549017,-0.98125243,-1.4969401,-1.1219833,1
-0.8556342,-0.44457096,0.030760705,0.19213703,1
0.75697845,-0.27353036,-0.393813,-0.63604033,0
1.7132406,0.3046875,-1.0054951,-1.0279058,0
0.26001537,-0.6069466,1.0975199,-0.028419096,0
0.8889896,0.11837438,-0.35318485,-0.0024431609,0
1.1700937,0.2131141,0.523726,0.9229785,0
-1.1919945,0.030828644,1.1510935,0.13930076,0
1.0381044,-0.78258616,-1.0904863,-0.65518004,1
0.5886556,-0.4103991,1.8552408,0.8815245,1
-1.985804,-0.4329509,-1.5071838,-0.8415723,1
-0.9144876,-0.9036665,0.12304744,-0.9980957,1
-2.0338197,-0.7890129,-0.52561754,-0.66169536,1
-0.7866466,-0.58997124,0.3780706,-0.06982164,0
-0.84670657,0.1837068,-0.25811937,0.119026005,1
-0.4581468,5.8357315,-0.07254012,-0.0702496,1
-2.0486372,-0.8949028,-1.7522999,-0.97126245,0
-1.1773419,-0.79184693,-1.114605,0.021473978,0
-1.2333984,0.13011697,-1.686549,-0.6143714,1
0.77486825,0.571511,1.4629712,0.80852985,0
-0.37886637,0.4479645,1.4194633,0.7998458,1
1.6932316,-0.6420531,-1.529628,-0.9756669,0
-0.012329549,0.09979741,0.76165426,0.5607106,0
1.0194601,-0.613521,2.730827,0.1852717,1
1.2408941,0.7768431,1.7833308,0.90340596,0
1.0659087,0.30229917,1.247656,1.3672172,1
-0.61411154,0.8190951,0.79939413,1.600827,0
-0.30003476,-0.17931058,0.21799062,-0.564135,1
-0.5326756,-0.46490034,-1.0121822,-0.7174985,1
0.79468524,0.16042215,0.88368225,0.27256677,1
0.8648695,-0.5582011,1.4430605,0.00027099624,1
-0.9422803,0.8466836,0.9813237,-0.66412884,1
-1.9021568,-0.27032918,-0.58383125,-1.0465151,1
-1.2447239,-0.041099984,-1.232664,-0.86766714,0
-0.7122439,-0.15810189,1.2869968,-0.24417233,1
-1.0185153,2.5567029,0.91185325,2.402024,1
-0.8700129,-0.15003991,-1.1612328,-1.1207327,0
1.6668533,0.19522631,1.7253656,0.14001553,0
1.1293579,-0.33659768,-0.94456565,-0.071464755,0
-1.5508817,-0.4136399,-0.41668504,-0.851775,1
-0.52698994,-0.25178948,0.98181283,-0.40144065,1
-0.51031834,-1.3246241,-1.0387522,-0.58334327,0
-0.9374919,0.480809,-0.9490465,0.17220351,0
1.103416,0.02833968,-0.12758963,0.24727447,1
-1.5391147,-0.15800333,-0.09190659,-0.019171996,1
0.32335845,-0.38406718,1.8113966,0.27268404,0
-0.48997968,-0.31227288,-0.46266535,-0.09447031,1
1.1808788,-0.08705322,-0.69722223,-0.021710731,1
0.35951674,-0.57029116,0.71944654,-1.0262944,1
1.9049355,-1.0921069,-1.0574101,-1.1540804,0
1.0266217,-0.48629406,-0.36971816,0.25878468,0
0.21763259,0.84951854,0.811331,0.98650444,0
0.9539013,-0.42390212,-0.32018697,-1.0719159,1
-0.7327229,-0.10155708,-0.31094873,-0.8885856,0
1.078134,-0.95648456,0.14513615,-0.9587663,0
-1.4495797,0.085125536,-1.4398764,-0.89003515,0
-0.16888556,-0.43276152,-0.4243759,-0.84451586,0
0.9878475,-0.31526336,1.0194434,-0.8441096,1
1.5039738,-0.1624561,0.33622712,-0.019650105,0
-0.7579439,-0.8223883,0.35769618,-1.1139085,1
-1.3090773,1.8720989,0.20548585,0.030709814,0
-1.229381,0.563494,0.5875794,0.05254193,0
-1.326628,0.45071346,-0.46070176,0.92496395,1
2.051954,-0.93810207,3.2929473,-0.6621312,0
-1.2381607,-0.80890584,-0.56365806,-0.86442214,0
0.52047455,-0.41347843,0.58463395,-0.2482228,1
0.5670686,1.1667283,-0.018096536,0.799434,1
0.93393123,0.7878962,0.70653874,0.18005225,0
-0.47168228,0.024109527,-0.81432575,0.4160221,0
0.59901893,-1.1562469,-0.42872915,1.5018767,0
-0.060993984,-0.07981116,0.08936718,-0.6528694,1
1.144734,-0.02884867,-0.18969458,2.7442245,0
0.6892093,0.14548814,2.312477,0.6155419,1
2.5464349,-0.85526454,-0.3753302,-0.6411292,1
2.2763736,0.4075929,-0.4737541,-0.605592,0
-0.81763065,-0.6611743,-0.22912762,-0.86154217,0
0.53803605,-0.3838758,-0.63606954,0.062314045,0
1.1375796,0.4451098,1.0243112,0.71569633,0
-1.652193,0.1060037,-1.1913382,-0.9734047,0
-1.7611805,-0.24456622,0.38724938,-0.26001126,1
2.7731638,-0.36115536,1.1299753,-0.2769831,0
-0.45658794,-0.493622,1.3258092,-1.1345065,0
1.9225818,-0.33851907,1.1165762,0.954876,0
0.41195706,1.0604191,1.2161336,-0.3297031,0
0.015372872,-0.30529198,-1.3454869,0.22851856,1
0.009620488,2.4292984,-1.279444,-0.61976826,1
-0.91778207,0.80335647,-0.041294374,1.5987979,0
0.3555548,-0.36107007,1.3840817,0.83130205,1
-1.307811,0.00015323795,0.26019296,0.22778262,1
0.8292515,0.8846173,-0.3042332,0.072002515,0
-1.3860959,-0.042298466,-1.4971336,-1.2117022,1
-0.5758026,-0.025830343,-0.39441186,0.19373249,0
0.5271531,0.9071214,2.234459,0.69853044,1
0.04128176,0.30907637,2.8617613,6.396888,1
1.0489211,0.43384916,0.08941743,0.6960941,0
1.8988016,-0.50760627,-0.3639969,-0.9700501,1
-0.11558469,-0.24487188,0.5242536,-0.854295,1
0.43028593,-0.67900395,-0.35231203,-0.98004836,0
-1.2587271,-0.46584806,-0.8232106,0.10235438,1
-0.7235738,0.07277346,-0.17570278,1.1549205,1
0.03125098,-0.26074147,-0.28908432,0.78996456,0
1.4488176,0.041515112,-0.24848354,1.47779,1
-1.4845498,-0.70976365,-1.356919,-0.92735785,1
1.2563558,-0.32162315,-0.092701465,0.65284777,0
-0.024816096,-0.200382,-0.6366251,0.5900052,1
2.2532856,-0.54834616,0.2676,0.5008905,0
0.9188741,2.3764277,-0.7799517,-0.17942305,0
-0.15870935,0.5676868,0.61945903,0.28601187,1
2.4964166,-0.06580672,-0.74121726,-0.7691378,0
-0.64086676,-0.6375533,-1.6161591,-0.95313805,1
-0.53104347,0.15509512,0.09112874,0.81371266,1
-0.20090994,-0.40881705,0.9843347,2.354314,1
-0.27476662,-0.34735116,-0.58457136,0.478943,1
0.63552433,0.6828752,2.5770905,2.941302,0
0.459764,2.1084785,0.05302798,0.1614202,0
-0.86474144,-1.1121868,2.320406,-0.45498487,1
-0.85819465,-0.54246604,-0.43650347,-0.7427908,1
-1.3239856,-1.172321,-2.1133964,-0.80512756,1
-0.046055205,0.38551843,-0.30503225,0.23156452,1
0.7321087,-0.5563244,-0.4684816,-0.11667268,1
0.52448297,-0.18719795,-0.25625354,-1.1287785,0
-0.5990518,-0.8503382,1.5278645,-0.07010356,1
-0.11291951,-0.6055241,0.7952168,0.8022664,1
-0.5044593,-0.6109578,-0.2630214,-0.08335833,1
-1.0098376,-0.046554416,-1.1559258,-0.5954038,1
0.13294686,-0.3015917,-0.85557026,-0.89949226,1
-0.038548335,-0.20427594,-0.39556417,-0.11446473,1
0.78447354,-0.32483435,0.8941734,0.7243882,0
-1.1184992,-0.7712306,-0.08214325,-0.7837024,1
-0.57415664,-0.38755807,2.3694532,0.092889294,1
-0.24060677,0.7249602,0.068071425,0.17999585,0
-0.5566027,-0.106592484,-0.8742739,-0.49048275,1
-0.75214857,-0.35649672,-0.5654341,-0.14608274,0
-2.140362,-0.57313406,-1.6207956,-0.67108405,1
2.2751834,0.9746934,1.3783644,2.3329782,0
0.51664597,-0.6226122,-1.0435512,-0.5039491,1
0.7483701,-0.51378286,0.23228611,-0.023477478,0
0.07381761,-1.4202201,-0.8195771,-0.86863405,0
0.5915868,0.39549094,1.244832,0.57187045,0
0.66248,1.0355648,3.3320918,-1.1656647,0
-0.70577997,0.30837414,-0.7683554,-0.020382378,1
-0.46653473,-0.767994,-0.556933,-0.6515872,1
-0.63768494,-1.2317543,-1.1801511,-1.1146483,1
-0.30798188,-0.6112506,-0.23810455,-0.07778977,1
1.9195114,-0.8336476,-0.24612048,0.58686596,1
-0.273673,0.94980824,0.36096668,-1.3202534,1
0.4078319,-0.2758268,0.49234924,0.9757081,1
-0.26795274,-0.48094916,-0.68602854,-0.84449536,0
0.039904412,0.34077555,-0.22940847,-0.8497298,0
0.80947495,-0.03445481,-0.23098132,-0.32144976,0
0.27095982,-0.55026484,-0.02294594,0.33935845,0
-0.013772458,0.46455628,0.025959216,0.4669486,0
0.23050866,0.050232746,0.389555,1.3548211,0
-1.1257024,-0.17909813,-1.3016585,-0.5793851,1
2.6278675,-0.24116242,0.3709069,0.96772075,0
-0.64663374,0.267368,-0.14915708,-0.808751,1
-1.0498884,-0.49466643,1.3078558,-0.005330842,1
1.3674257,-0.6370821,-0.18116432,-0.72394603,1
0.7993661,-0.5335288,-0.40339422,0.88930637,0
0.69856113,-0.22275183,-0.6267946,-0.024124589,0
-0.5290026,-0.18234435,0.69579744,1.6409211,0
-0.27362865,0.18370984,-1.1481733,0.27949396,1
1.8827946,0.074833155,-0.62116027,1.8114798,1
-0.27581605,-0.22813964,0.099598914,0.75993437,1
-1.7090135,-0.30277574,-0.4100223,-1.1160148,0
0.27292004,-0.49703366,0.22151573,-0.9296058,1
-1.1957319,-0.4300905,-1.0228024,-0.7340485,1
-0.047485054,0.38903266,2.4982653,-0.88389164,1
0.34176922,0.5588918,-0.2824927,0.3702417,0
-0.66400605,0.5325334,-0.95709,0.25892738,1
0.7953056,-0.017980516,2.5295904,1.0113368,0
-0.13683677,0.52440894,-0.7872357,1.027878,0
-0.20793122,0.056739002,-0.29594326,-0.24247918,1
0.65456104,-0.5829681,0.40616655,-1.1969873,0
0.172756,-0.08507151,-0.9888079,1.2752368,1
0.23678058,1.1426378,0.8369123,1.1927415,0
0.02794648,0.082835704,0.42213804,-0.09575377,1
-0.8238925,-0.5350073,0.29888353,-0.7131646,1
0.31018493,0.055500746,1.7414706,1.0964078,1
1.6071436,-0.11441179,-0.3040247,-0.08214381,0
-1.6567667,-0.53132933,0.36850747,-0.8485766,1
0.95569205,-0.6919963,0.6619504,1.1174808,1
-0.873615,-0.78847843,-0.48992097,-1.1623874,0
-0.6277812,-0.9407182,-0.8944196,-1.2887132,0
1.2575531,-0.69198966,0.43874365,3.3168051,1
1.0147232,-0.36282104,-0.5619252,-0.22321491,1
1.6749644,-0.62102807,1.6580606,0.5496847,0
0.53603804,-0.82100475,1.8194685,-0.011891678,1
-1.1868577,0.0052007437,-0.3861009,-0.96792567,1
-1.4249302,-0.2667762,-0.32685372,-0.4439041,0
0.3531154,0.1881907,0.19950327,1.0257673,0
-0.5376074,3.264227,0.7634263,1.4989451,1
-0.04314655,0.695161,-0.93845224,-0.7832712,0
-0.29155922,0.017226525,0.4789642,-0.09092019,0
-0.15372574,-0.14046197,-0.0027124658,1.0424428,0
-0.41040698,0.017585725,-0.09747477,1.2321855,1
1.3495276,-0.62837636,-0.74055266,-0.9671621,0
0.18137267,-0.48052216,0.37280783,-1.1849377,1
-0.19637343,-0.37965173,-0.46130744,-0.5196788,0
0.46010098,-0.7520847,1.8360971,-1.3195115,1
-0.37192628,-0.059830964,-0.41558486,0.070016816,1
-0.028399676,0.3531256,0.9072955,2.2236772,0
0.18192744,-0.20676768,-1.0693399,0.21087451,1
0.7383601,1.5474463,-0.5727038,0.07434839,1
0.90831214,0.021016262,-0.79536057,-0.78404903,0
-0.4566794,0.31396946,-0.373456,-0.2703257,1
0.3920889,-0.28204545,0.47321472,-0.4538909,1
0.0107941665,-0.031686828,0.08614919,0.6596423,1
-0.5842423,-0.6286311,-0.82502574,-0.6328944,0
-0.31749442,-0.47852057,-1.1862117,-0.8830995,0
0.33376253,0.15006757,0.5866375,0.5092684,0
0.18207867,0.29941016,-1.464225,-1.045526,1
-1.5739822,-0.779053,-1.5862768,-1.0826699,0
0.93874884,-0.49870223,-0.10417482,-0.88110554,1
0.5692478,0.059051454,-1.1104134,-1.1434556,1
-0.3566758,-0.68860894,-0.6417305,-0.8573456,0
-1.363359,1.203592,0.24203782,0.76066613,0
-0.09721339,0.7256496,0.17051056,0.75352377,0
-1.8031769,-0.886243,-0.81792164,-0.8864674,1
-0.2399311,0.6022568,-0.22548136,-0.6800437,0
0.8966727,-0.36449128,1.4183316,0.22847699,0
0.56976014,-0.45341825,-0.121538535,-0.6818708,1
1.3452474,1.3997796,0.1988971,-1.2804348,0
-0.21244566,0.7829144,1.389394,0.692472,1
0.2395193,0.66355014,0.41576427,-0.27754867,0
0.8144774,-0.27874088,1.1183435,0.041062843,1
1.3224347,2.0338063,1.9179277,0.2710922,0
-0.32044634,0.45633402,1.9359092,0.8927363,0
0.92936766,0.3258952,0.04490632,-0.11062284,0
-1.0003759,-0.3179902,-0.879009,0.24757831,1
0.4936963,-0.9043386,-0.75825274,-0.7737138,1
0.110862926,0.12403359,2.7833228,6.0756516,1
0.39899245,-0.29467502,1.3649492,1.2362365,1
-0.3535925,-0.58650815,-0.058990646,-0.7241536,0
0.14282751,-0.15595286,2.2451835,0.42194542,1
-1.1316131,-0.1819624,-0.3710618,-0.2503125,1
-1.6591511,-1.127115,-0.6928265,-0.7005896,1
-1.5025975,-0.8396298,-0.8005253,-0.99361897,0
-0.07221565,0.1941233,-0.30702657,0.01904228,0
-0.49201918,2.733561,0.7676522,-0.48020965,0
0.4137261,0.36819795,-0.7596655,-0.22699602,1
-0.16838503,0.38456124,-0.33060083,-0.85638684,1
0.8764878,-0.6783199,2.958766,0.76736474,0
0.48531651,-0.021948189,-0.45737445,-0.19415097,0
1.7682042,-0.3456519,1.3280658,0.77503914,1
1.2246599,0.4728706,-0.8238579,-0.78591096,0
0.18231013,0.09350503,3.081241,2.3784983,0
0.20621862,-0.1525159,-0.56933594,0.20188509,1
-0.17545411,-0.13679884,0.79056406,0.9587665,1
-1.0222979,-0.9388938,-1.4287869,0.17793839,0
-0.22468461,-0.1732578,0.5734143,-1.1577948,1
-0.53135866,-0.11559652,-0.122832656,0.8864784,1
-1.7901345,0.33838072,-0.56376004,0.1944281,0
1.2269906,0.5988573,-0.014638901,0.2182432,0
-0.84091866,-0.49631763,0.03214122,-0.27822345,0
0.064816535,2.090004,0.99297374,0.77521706,0
0.2504006,1.153326,0.21182415,0.48118544,0
0.23957716,-0.2563769,2.3181894,0.7598103,1
1.223306,-0.6464783,-0.07459974,0.6462749,0
1.632814,-0.4543323,-0.82609904,-0.75876707,1
-1.9415979,-0.81208,-1.5048441,-0.63519317,0
1.6145514,-0.21893209,0.59025407,1.3837775,1
-0.11075552,-0.16914743,-0.016224615,0.18991879,1
0.17713834,0.09770514,0.062145725,-0.011412932,0
1.4798013,0.4328383,0.4772764,0.36178428,0
-1.4647853,-0.54815596,-1.6174253,-1.0277835,1
-1.2747881,-0.35173666,-0.85274684,-0.5718133,0
0.7459811,0.031232819,-0.47575155,0.0024281666,0
-0.5071962,-0.60547465,1.1772745,-0.1591413,1
-0.20322424,0.28265402,1.088009,1.550885,1
0.40188032,1.0041499,2.2887166,-0.021762459,0
0.22538996,-0.99741983,0.030296803,-0.42007968,0
-1.5566607,-0.35332993,0.8640234,-0.787231,1
-0.6335573,0.94424963,-0.78327453,-0.60447025,0
-0.7014615,1.3083189,1.3333197,-0.06443596,0
1.4125382,0.531441,0.47197857,-0.79767364,0
-0.57064515,0.6690056,-0.16663465,-0.854267,0
1.4022235,0.9638822,0.13423207,0.98863965,0
-1.3651761,-0.2795933,-1.0057641,-0.7924067,1
-0.08534081,0.09137866,-0.72966087,-0.05235794,0
-0.8355001,0.23022294,0.39899838,0.8040063,0
-2.237379,-0.968189,-1.4692552,-0.8258873,1
-0.0042785034,-0.5455556,-0.98199797,-0.44748172,0
1.4780273,-0.25299284,-1.1059544,-0.64402103,0
0.8785277,-0.623327,-1.1793709,-0.55938745,1
3.0983236,-0.44507188,-0.9206385,-0.80124223,0
-0.015914442,0.3345942,-0.039928652,0.26483524,1
-1.0980403,-0.19523758,-0.4393565,-0.7496469,0
0.8261368,-0.014524117,-0.12754922,-0.37581614,0
0.69367427,-0.6152751,0.41194963,-0.8434693,0
-0.32096243,-0.16010955,-1.100043,-0.05710893,1
0.9366572,0.020972162,0.053004533,1.0837287,0
0.9355825,0.3310213,1.498324,-0.101296484,0
0.64511275,-0.2215263,-0.056211334,-0.023896553,0
1.0609647,-0.89498776,-1.1221449,-0.85640514,1
0.7796843,-0.20929709,-0.2858392,0.5771409,0
-1.5728161,-0.76494217,-0.8077115,-0.63928175,0
-1.3269602,3.4489942,0.7223182,-0.033451393,1
-0.30720565,0.53854674,0.69014925,1.3021529,1
0.6510933,-0.45302933,-1.2074033,-0.84469754,0
0.8524075,1.0006434,0.66274464,0.21527119,0
1.9820554,-0.3157997,2.1574225,-0.66979426,1
0.19424093,-0.31335795,-0.313201,0.27816132,1
-0.59673154,0.10683224,-0.41565347,0.041189317,1
-2.0233297,-0.85894156,-1.3695463,-0.47251853,0
-1.8710461,-0.9578279,-0.81471443,-1.0864525,0
-0.8534249,0.7165666,-1.1962435,-0.77401745,1
-0.58565176,0.95901287,0.6630769,1.0243793,1
-1.0304817,0.12730166,-0.25513583,-0.18679275,0
1.3275255,-0.43489605,1.2471093,0.68995243,1
0.62589705,0.7317877,-0.027788788,-0.86872447,1
-0.0065654144,0.44059908,0.3813038,0.71575975,0
0.6456312,-0.47327003,0.7106656,0.562526,0
0.6515838,-0.21019828,2.300628,0.107384086,0
0.38022724,0.22087519,-0.12488939,-0.20578286,0
-1.5280936,-0.3647166,-0.38072553,-0.9546894,1
-1.5180186,-0.79852617,-1.6392976,-1.0751343,1
2.7644691,0.32587323,0.045196183,-0.080422044,0
-0.19843262,-0.7015091,-1.67768,-0.5670864,0
0.6770975,-0.5063362,-0.08612122,-0.9171814,0
0.6852263,0.15633649,-0.06129594,-0.0845086,0
-0.7123374,0.15892482,0.27678305,0.0964835,0
0.01572907,-0.75075924,0.957113,-0.62102056,1
0.5431056,0.61350083,1.2389897,2.052924,0
0.035911705,-0.46869197,-1.1590761,-0.8394578,0
-1.8111768,-1.0147789,-1.2252687,-0.56079364,1
0.039270088,0.45493084,-0.42360774,0.602259,0
-0.09064064,-0.35113528,-0.50967914,-0.04618816,1
0.16599694,-0.32355708,0.3634444,0.13888644,1
-0.97690105,-0.11292176,-0.61143947,-0.5719719,1
-0.57290363,-0.42612404,-0.13417733,-1.0786529,1
-0.13355693,-0.14997636,-0.9002569,-0.93826944,1
-1.6482463,-0.8022488,-1.5644921,-0.56029695,1
-0.14970371,0.16269673,0.8845558,-0.05436769,0
0.59181255,0.11378996,2.1656027,0.8901774,1
-0.14364381,2.700528,0.78646815,0.031646166,1
-1.1637226,-0.051339358,-0.16502076,1.0003699,0
-0.016807951,-0.39777872,0.109276295,-0.8259326,0
-0.075543635,0.5791881,-0.2681245,0.8813535,0
-0.9525292,-0.959288,-1.347255,-0.8144206,0
-0.06695658,0.53281564,2.05617,0.31371507,1
-1.9902971,-0.8573195,-1.5481819,-0.7729648,0
0.15748145,0.7564971,0.6583719,0.78808767,0
-0.27323863,0.117242366,0.6283025,1.7707527,1
1.2821484,-0.24417248,0.5867536,-0.64488596,1
-0.27444535,1.1146717,0.6212327,0.8188045,0
-0.5408705,-0.25626847,-0.7270457,-0.9342649,1
-0.16866337,-0.7345152,-0.77658355,-0.49641705,0
-0.036412776,0.349461,-0.9279639,1.2808279,1
1.3789798,-0.5235616,-0.6155844,-1.0238436,0
-0.23042089,0.748008,-0.5946735,0.014123499,0
-1.6728299,-0.3425469,-1.4040508,-0.99996555,1
1.4754947,-0.4227878,0.32829005,-0.24427208,1
1.5636319,-0.1889635,2.342942,0.8804714,0
-0.82648957,-0.24341977,-0.16025645,-1.0357796,1
-1.4543897,-0.96554047,-1.4132713,-0.6709592,1
-0.10093941,-0.27696985,1.0164956,0.6051616,1
-0.050374627,-1.3047591,-1.0817435,0.35109264,0
-0.77644825,0.6373772,-0.65119594,0.04212563,0
0.48420024,-0.9033261,0.85466987,0.12663442,0
0.11974022,-0.095339954,-0.88667554,-0.53974986,1
-0.6025071,-1.089968,1.594522,0.11308271,0
0.23365894,1.8681113,0.6488175,0.015645694,0
0.8755379,-0.46669292,-0.36267886,-0.0650253,0
-1.5874196,-0.95671624,-0.49602208,-0.7089365,1
0.33235115,-0.7476409,-1.4300975,-0.9886265,1
0.28263143,0.073310226,1.4113377,-0.03389647,1
-2.165137,-0.7389552,-0.8162616,-0.80220616,1
0.09178001,0.05955855,-1.0661227,-0.6675635,1
0.043509334,-0.97848433,-0.49152243,0.3406836,1
-1.3259586,-0.19896603,0.75069034,-0.95654875,1
-0.6903887,0.5246314,-0.7978865,-0.58708286,1
-1.3873434,-0.25488752,0.20887989,-0.84806454,0
-1.6081408,-0.23338231,-1.2296524,-0.5124799,1
-0.8034828,-0.45137915,-0.92660916,-0.97957325,0
-0.88472855,0.97226936,-1.4067721,-0.29273638,1
1.5339702,-0.26545691,0.60771346,0.37064958,0
-1.0748212,-0.4003042,1.2960076,-0.084990285,0
-0.2634131,0.39128625,1.2377408,0.019738209,1
-1.1087376,-1.0232043,-1.6252627,-1.1240001,1
0.30222416,0.5949305,1.5984383,1.1404264,1
1.7298102,-0.43570757,-0.9892473,-0.7423213,1
-0.8681784,-0.3595345,-1.1101501,-0.8275476,1
-0.3840347,0.1830886,0.024613991,1.1323104,0
-0.68578297,-0.60962045,0.89172983,0.1444753,1
-0.56251854,0.53055555,-0.09687498,0.5883219,0
-0.9511671,-0.3891756,0.44486365,-0.33532184,1
-0.774914,-0.3717512,-0.5273197,0.1934848,0
1.8541082,-0.7870008,-0.10890654,-0.32657263,0
-0.35053504,0.3055891,0.52556425,0.97442466,1
-0.31434438,-0.2476449,-0.286232,0.0024235807,1
-0.49272126,-0.71863055,0.079486705,-0.047491565,0
0.2787214,-1.1710875,-0.23978762,-0.49377516,1
-0.6483578,0.050654992,-0.50038314,-0.6018555,0
-0.7212461,-0.52472186,-1.305884,-0.87038517,0
-0.15780541,1.1906749,0.13200416,0.29018545,0
-0.3509903,0.19153126,-0.39201596,0.6810348,0
-1.3229303,0.104745656,1.2573489,0.8063159,1
-1.4234376,-0.4410091,-1.0480256,-0.5453989,1
0.15070708,0.53294843,0.04180652,0.040630024,1
-0.4047563,-0.55009884,0.085662775,-0.006456159,1
1.1506265,2.0777981,0.6268789,3.050525,1
-0.8837707,-0.5130321,-0.7648436,-0.13930038,1
-0.27625254,0.85955095,0.030911025,0.9531759,1
-1.0847033,-0.040794104,-0.37040868,0.8569504,1
-1.6759515,0.30176312,-0.4545051,0.10094237,0
0.64953434,-0.789418,1.1364329,3.166267,0
0.86188513,-0.69199485,0.8117782,-0.06371812,1
1.2142019,0.31364515,2.3124256,0.35314402,1
-0.8208117,-0.036185324,-0.36512828,-0.12567575,1
-0.60157526,0.44964883,-0.8721733,0.0018542744,0
1.3841377,0.07355108,0.52413404,0.16595344,0
2.40842,0.68326604,-0.4695143,-0.43413708,0
-0.77061355,0.3008712,1.852507,-0.03542518,0
-1.8787622,-0.5741792,-1.6639489,-0.64498377,1
-0.13967842,-0.38115615,-0.24950927,-0.24953967,1
0.7095553,0.161281,-0.5187684,0.5303917,0
0.4756841,-0.4941103,1.3237393,-0.33578917,0
-0.69344974,2.0875254,2.5305808,1.1579659,1
1.4258142,0.74378467,0.658114,0.69779694,0
-0.32508442,-0.38965517,-0.15470314,-0.90029037,0
-0.5808623,-0.32419956,-0.58765244,0.12467459,1
-0.25891274,0.095329404,-1.1468697,-1.0171705,0
0.61801857,-0.09899885,-0.48857197,0.046326924,1
-0.44489878,-0.06265092,2.6600263,-0.19832683,1
-1.2488996,-0.4756514,-1.06183,-0.7333184,0
-0.9332873,-0.29523963,-1.2796129,-0.9838898,0
0.9308318,-0.4818802,-0.12362861,-0.107655674,1
-1.8336351,-0.88884133,-1.2400666,-0.6723242,0
-1.4722364,-0.39478067,-0.08265242,-1.1895273,0
-0.2197493,-0.44394866,-0.2456125,-0.7136911,0
-1.8634921,-0.8536612,-0.9857283,-0.7046106,1
-0.23551324,-0.012911171,-0.25305784,0.20664862,0
0.15535122,-0.20692724,-0.57519865,-0.648051,1
0.69968885,-0.04173504,-0.36232993,0.1623608,0
-1.8594333,-0.880981,-0.5757309,-0.66352177,1
-0.6634699,0.67853403,0.7001765,0.076169044,0
-1.1484845,-0.7195369,-0.40832126,0.84003454,1
-1.0238653,0.032550722,-1.3533902,-0.5341133,1
0.35804203,0.727903,0.8798462,-0.23028821,0
-0.22869024,1.857216,0.4127023,2.3546956,1
-0.039359033,-0.7153313,-1.0940816,-1.1216874,0
-0.11608592,-0.45477638,1.6288557,-0.20320168,0
1.3947691,-0.51594555,-0.020685852,-1.0346463,1
0.9122626,-0.6644638,-0.50254625,-0.33311704,0
0.91311663,0.011835009,-0.77709424,0.16428724,0
1.5354017,-0.7067988,1.0074778,0.71867836,0
-1.1739812,-0.4668461,-0.42575586,-0.91441476,1
0.12369275,0.77622485,0.3945134,0.51926327,1
-1.7253863,-1.2756039,-1.0161626,-0.70321906,1
0.028927166,0.31329086,2.5105326,2.8722413,1
2.9636672,-0.4759732,-0.19794258,-0.7136556,0
0.91162765,-0.526037,0.27439082,-0.8935859,0
-0.99192286,0.03244607,-0.54339075,-0.2924146,1
0.097197056,-0.15924077,-0.031790666,0.13620389,0
-1.806541,-0.37469816,0.5324914,-0.67599773,0
-0.17194417,0.15640184,1.5362306,-1.1706988,0
1.3696188,-1.015604,-0.70162284,0.036590967,1
-2.4628148,-0.37944937,-0.24843077,-0.810735,0
-0.49579984,2.8874485,-0.30050725,-0.52039796,0
0.4464606,-0.40816116,1.9531984,0.6493205,1
1.3389244,0.2835185,-0.62833345,0.8921366,0
-2.0003812,-0.5266555,-1.3907919,-0.879338,1
-0.5498296,0.34791797,-1.0416362,-0.8719098,1
0.39393002,-0.23365934,2.1729457,-0.83973694,0
-0.030560467,0.2665145,-0.50665045,0.16634299,1
0.51181376,-0.582615,-0.92348164,-0.77496356,0
-1.0997798,0.5908126,0.41084197,-0.26418406,1
-0.47529212,0.31031442,-0.021578372,-0.002256427,1
-0.07320297,-1.2417444,-0.36055455,-0.68447363,0
0.71201783,0.13704745,0.39265174,0.40175787,0
-0.74582857,0.11356977,0.5847447,0.17625728,0
1.90078,0.38279152,-0.11989227,-0.7448343,0
0.901144,-0.38483873,0.060013898,0.09617099,0
1.9004233,-0.5520286,-0.05067581,-0.83718145,1
-0.39710245,-0.32244498,1.1896844,0.98259634,1
0.24267364,-1.2330387,-0.9360474,-0.6165883,0
0.1930251,-0.50088084,-0.8309498,-0.090199724,1
0.431175,0.21190196,-0.2894538,0.37679258,1
-1.7539887,-0.265501,-0.51357317,-0.8614358,1
2.2678428,-0.20506915,-0.44606188,-0.3545585,0
-1.9065619,-0.79921764,-0.7315372,-0.49214712,0
-0.97429,-0.3102611,0.5032762,0.668646,0
-0.7485408,0.05168113,-0.5214443,-0.48475996,0
-0.85820556,-0.08128199,0.25654048,0.067728534,0
1.0909274,0.47021306,0.7788625,-0.75199205,0
0.24432404,-0.9300379,0.60935163,-0.5727603,1
0.9559405,-0.39609247,0.36160135,-0.07708766,0
-1.1021017,-0.38217902,-1.1275936,-1.0047457,1
1.2869058,-0.26791638,-0.68308824,0.52929485,0
0.22487533,-0.33865345,-0.64028734,-1.0316617,0
-0.25818086,-0.03921126,0.024044901,0.9412367,0
-0.70750284,-0.4163652,0.5376338,-0.11035009,1
0.61193407,0.0062258616,0.019978046,-0.5991209,1
-0.37881634,-0.3413025,-0.8804732,-0.161876,0
-0.47706038,1.5117769,-1.3176218,-0.72519433,1
-1.0198139,2.2316277,1.1992761,2.2094479,1
-0.77875197,0.18202671,-0.31684557,-1.1638653,1
2.091045,0.7730547,-0.5392249,-0.14472675,1
1.7529384,-0.41317654,0.97201526,-0.09873199,1
-0.105090916,-0.023688687,-1.2152628,-0.8173429,1
-2.013261,-0.99506193,-1.7761701,-1.2218562,0
0.09404823,-0.47931072,-0.8563411,-0.12440747,0
-0.37463197,0.60498196,-1.2251306,1.0594109,1
1.4698106,-0.5767638,-0.088802725,-1.0712688,1
-1.0249082,-0.018432923,-0.8594526,-0.6174654,1
-1.7106198,-0.7243114,-0.92638636,-0.592402,0
0.74946254,0.6815554,0.48379922,0.10327177,1
1.2686483,-0.10392442,1.1145207,0.14184518,0
1.6434678,-0.9043739,-0.50602317,-0.5822099,0
-1.1075937,0.4307511,0.63487786,0.45243877,1
1.2105734,-1.0082793,4.753262,-0.43687108,0
0.1907072,0.6265874,0.18855536,0.016332459,0
-0.85409397,-0.9786912,0.9932736,-1.0379016,0
-1.9115244,-0.5289382,-1.35277,-0.86825854,1
-0.9403564,-0.28419924,-0.95309913,-0.86667,1
-0.13754103,-0.5824246,0.019178934,-1.0358355,1
-0.78367376,0.45015156,-0.40386915,-0.17702489,0
0.5887177,1.0871423,1.4999422,0.098966524,0
-0.41177237,0.90957975,2.1916077,1.365125,0
0.55337167,-0.50264955,3.79421,0.8919692,1
-0.0342085,1.9858384,0.043450203,-0.39650387,1
0.017267134,-0.39951092,0.21068248,-0.045033835,1
0.09900293,2.2318747,3.5401025,1.9603231,0
1.1844659,-0.12813145,1.4975495,0.49691483,0
-0.15959339,-0.2278442,-1.7659327,-0.44140515,1
-0.7753031,0.4098586,0.26348817,-0.07459231,0
-0.019002039,1.1169541,1.2704767,0.10301073,1
1.2669092,-0.122539274,-1.0570115,-0.6652813,1
0.95131856,1.0641164,-0.32203925,-1.0948777,0
0.2213574,-0.18459588,-0.5874626,-0.19348063,1
1.1218189,-0.366906,0.8087007,0.9507763,0
0.92472494,-0.014879987,0.7715955,6.2488575,1
0.4699693,-0.37776557,-0.7967948,0.52954197,0
-1.4410946,-0.38748968,-0.9083668,-0.34016714,0
-0.27412668,0.100635886,0.10691482,0.19067036,1
-0.32103992,-0.014229357,-0.5851619,0.8952385,0
-1.4694905,-0.43736687,-0.6735363,-0.8505588,0
-1.6385506,0.110145554,-0.681187,-0.18627545,0
-0.42299336,0.012978487,-0.446451,-0.68575543,1
-0.91668177,0.20170909,-0.18425983,0.68564254,0
-1.9127634,-0.76063985,-0.9659899,-0.81604207,0
-0.73617285,1.5375746,-1.4963446,-0.77729374,0
-1.7763896,-0.9931198,-0.5293721,-0.9826441,0
0.26977158,0.04323495,-0.813769,-0.33790705,0
-1.1530923,-0.8005332,-0.29487774,-0.1654998,1
0.5887594,-0.3810156,-0.6348623,-1.0486624,0
0.58260787,0.0004966557,-1.6469026,-0.248036,1
0.12493943,0.392909,2.375721,0.74358433,1
-1.1958189,-0.16655608,-1.0177692,-0.43079785,1
-1.2974529,-0.52869153,0.34954044,0.19541723,1
0.6635355,-0.5899278,2.0028875,0.8855057,1
0.061520733,-0.3112077,-0.08007826,-0.058412597,0
0.45907626,-0.4390666,0.19468665,-1.0164927,0
-0.7529267,0.034063518,0.8827342,2.1220195,1
0.89108986,-0.00043143332,-0.020380475,0.89295644,1
-0.1590802,-0.49490362,-0.25744227,0.10994862,1
-0.40852183,-0.7738146,-1.1253071,-0.7435923,1
0.30773923,-0.7419751,-0.32703918,-0.044680923,0
-1.8989177,-0.6714294,-1.4695175,-0.9487425,1
1.7486112,-0.11929123,-0.5105388,-0.64317846,0
0.8682171,-0.12714747,3.6956446,0.6864397,0
-0.6841518,0.59562397,-0.7286575,-0.14680144,0
-1.416917,-0.78350574,-0.19694895,-0.8722741,0
-1.2032664,-0.84385854,-0.0720084,-0.7196974,0
1.574894,1.0040462,-1.75948,-0.84010285,1
2.0296087,0.7803118,1.3016387,0.4846749,0
-0.61429435,0.53301466,0.29042533,0.6464903,1
-0.67846406,-0.05002977,1.1749942,-0.96152043,1
-1.1076956,-0.23735094,0.58495766,4.1212606,1
-0.33220074,-0.5276908,0.61357635,-0.6387449,0
-0.44525212,0.43703514,-0.5591117,-0.78966486,1
1.1534206,1.6182394,1.0145808,0.06500295,0
-0.032285295,0.7188839,-0.7066488,-0.6091926,1
-0.1624128,1.6299149,-0.6657718,1.590893,1
0.3508386,0.6605088,0.12871897,0.7502251,0
0.54452646,-0.088378385,-0.9651246,-0.84772855,0
-0.9390825,-0.68193555,-1.1318134,0.45662263,1
-0.64144313,0.28362548,0.40213603,3.156152,1
-0.7799592,-0.8204145,-0.85580003,-0.71103394,1
-0.64292294,-0.6274808,-0.338257,-1.0071404,1
-0.23191738,-0.38461605,1.1275004,-0.029437603,1
-0.25120267,0.1503223,0.3528793,1.5329033,0
1.451484,0.4223979,1.4198942,0.132477,0
-0.93359905,-0.34603205,-0.9317249,-0.68062156,0
0.6171016,0.8326028,0.07234737,-0.76934135,0
-1.2647941,-0.6268057,-1.2876511,-1.1036452,0
0.7917156,-0.5560747,-1.8267092,-0.68816817,0
-0.09473649,0.2966885,0.6241381,2.8538208,1
-0.17478538,-0.3205029,-0.49072722,-0.4260654,0
2.1618097,-0.52447534,-0.39051223,-0.9935266,0
-1.5159616,-0.43626192,-0.9069841,-0.80160826,1
-0.51017374,-0.786949,0.2851841,0.86525697,0
0.29860085,-0.8909482,0.8455217,-0.20230146,1
-0.3543782,-0.6508242,3.836332,0.78660524,1
1.0760785,0.5843917,-0.57087386,-0.11371553,0
0.03138277,-0.15060937,-0.2796378,-0.15830795,0
-0.36991578,0.52037007,1.734349,-0.854917,0
0.7843771,-0.25624004,0.20801887,1.5359021,0
1.1882691,0.027001202,-0.748024,0.6943936,0
-1.3638179,-0.5992756,-0.56863546,-0.28213134,0
-1.5642527,-0.7688415,-1.2247916,-0.50486815,0
-1.6312108,-0.86857164,-0.2942751,-0.82685447,0
-0.95355326,0.5471736,-0.26425773,0.9065063,1
1.6964269,-0.28770489,-0.2425363,-0.9654816,1
1.7537737,1.74255,0.005344808,0.67513406,0
0.6357008,-0.28822678,3.5601895,-0.0031089857,1
-0.23158854,0.6320759,-0.2579135,-0.95871115,1
1.9787959,-0.5644962,0.39862496,0.036668655,0
-0.5186903,-0.93485826,-1.3186766,-0.7790949,1
0.6620163,-0.31819195,1.988382,1.5105404,1
-0.48280746,-0.8966353,-0.29122347,-0.26814425,0
-1.8719928,-0.7250084,-0.94689167,-0.7769484,0
1.4978564,0.48299432,1.8091923,-0.7191118,1
-0.39856994,0.24712127,0.7991669,-0.62344,1
-1.6074897,-0.20768678,-1.1737032,-0.40100113,1
0.32545894,-0.7577958,0.3742574,0.62827295,1
-0.5383729,-0.20503895,0.6338381,0.76882225,1
-2.2441266,-0.32169244,-2.2418196,-0.7922075,1
-0.9480176,2.9747956,0.6457472,2.0300045,1
1.8783497,-0.02224201,0.35811263,-0.029108772,1
-0.049542174,-0.5526536,-0.085363716,-1.1792369,1
-1.7917768,-0.047872737,-0.29884696,-0.86949736,0
-0.47172412,-0.31431097,-0.70582163,-0.7841465,1
-0.30712542,-0.8194932,-0.8969969,-0.03290885,0
-0.59220576,-0.2205978,-0.5956911,-0.69982076,1
-0.85133964,0.47993106,0.2933463,0.04628363,0
-0.24038836,1.2483099,0.2615202,1.3329598,0
-0.38806805,0.12441463,0.05888749,-0.036304224,0
0.275065,-0.011093527,-0.4143583,-0.3758354,1
-0.9648123,2.1518838,1.5841824,4.6070013,1
-0.94348496,-0.39167812,-0.659304,-0.85082436,1
-0.62437606,-0.31608853,0.30010718,1.4629325,1
0.71332496,-1.1227677,-0.37806737,-0.15540507,1
-1.7929546,-0.47060442,0.91864014,0.46100786,1
0.13023946,-0.19007848,-0.8858456,-0.6940573,1
0.7755676,-0.46300036,-0.53782,-1.2238846,1
1.2287884,-0.13635647,-0.4518128,-1.0793458,0
1.7428178,-0.25500557,-0.96943146,-0.38652712,1
-2.0137472,-0.78411245,-0.55652386,-0.10603118,0
0.8541584,0.660088,-1.338316,0.31906354,1
0.7286916,0.7218194,0.62850916,-0.22956455,0
0.8254285,0.055331424,2.9034166,-1.0819952,0
-0.7955614,-0.19920841,-1.7518504,-1.3085628,1
0.87689435,-0.040297903,-0.117087126,-0.00464252,0
0.116182834,-0.46031594,1.4800109,-0.18717802,1
0.51305366,3.573873,1.3459369,-0.693666,1
1.274254,0.35242152,1.687614,0.7887243,0
-0.33547217,-0.14894344,-0.68124795,-0.06274859,1
0.079194926,0.32064497,6.3559937,0.7825806,1
-0.10549436,-0.4557087,-1.8785802,-0.94179714,1
-1.6970876,-0.87579477,0.6506873,1.0405049,1
0.40421242,-0.089364156,0.98914677,5.9646,1
-1.7293346,-0.9386453,-0.8189935,-1.0211663,1
-0.2606728,-0.20499665,0.81441283,-1.0884099,1
1.7065816,0.68772054,-0.42432925,0.106247604,0
-0.8972997,0.01908182,0.4312061,-0.7432158,0
-0.9931101,-0.43730032,-0.04574457,-0.5718769,1
0.46799964,0.97059166,-0.29642522,-0.3000195,1
-0.77325875,-0.26622835,-0.75102264,-0.77129686,0
-1.3446351,-0.59414375,-0.4706406,-0.31009153,0
2.600801,-0.45774248,-0.102979526,-0.6660321,0
-0.69205785,-0.33878323,-0.6029592,-0.2737184,1
-0.73350537,0.0051378813,-0.11343916,0.6466373,0
0.664575,-0.91575027,-1.6174328,-0.5238102,0
-1.7242967,-0.41061592,-0.6696122,-0.83628714,1
-0.3460024,-0.680269,2.0361142,-0.5708847,1
0.3930882,0.6747281,0.7890006,0.0013868622,0
-0.7068493,-0.30033433,-0.466916,0.54213166,0
0.66374826,-0.4828623,-1.0029635,-0.21189047,1
-0.773905,-0.0694384,-0.46883768,-1.2246206,1
0.5679958,-0.2859036,-0.121843636,0.03479017,0
-1.508386,-1.0261834,-0.79786134,-0.9071694,0
-0.8698509,-0.12788957,-1.01077,0.8626459,1
-0.77749974,0.030566007,-0.95924103,-0.78852546,1
1.0815798,-0.48746622,-0.20361072,-0.020773152,0
-0.10507798,-0.33546105,-1.4706671,-1.0989143,0
0.8602162,3.3528454,-0.43999356,-0.73871225,0
-0.3720239,-0.17660904,-0.92029047,-1.2111213,0
0.9039668,1.9050432,-0.15361021,-0.21580043,0
-0.30828217,0.0806925,0.5844774,0.5504672,1
0.12843394,-0.23101787,1.4550502,1.1128019,1
0.3352593,-0.20020257,-0.8946644,0.253115,0
0.43129504,-0.33054525,3.4339128,-0.89929205,1
-0.66545457,-0.42592758,0.42655367,0.55083716,0
1.3773546,0.2813395,-0.7925402,0.23160158,0
-1.1294072,-0.8523145,-1.3504214,-0.89552075,0
0.27256915,0.23632309,-0.08221708,2.373041,1
1.4876025,-0.8093869,0.61952335,-0.48089826,1
0.1668097,0.7781508,2.4774256,-0.00096128136,1
0.9842349,0.34986907,-0.8914247,0.6610954,0
-1.1690106,-0.3719148,-0.47298777,-0.05332784,1
-1.256908,-0.30316472,-1.2000566,-1.13796,1
-0.6827253,0.73895365,0.350907,-0.48246393,0
1.3083555,-0.20922819,1.6668904,-0.069879495,1
-1.9650743,-0.80014366,-0.52572745,-0.93092793,1
1.0577805,-0.7248052,-0.43560442,-0.7837426,0
-0.6927862,-0.19641654,-0.087309495,-0.35726097,1
-1.0950606,-0.8702784,-0.4363752,-0.67371935,0
-0.6332802,0.24329445,0.073595695,-0.8630433,1
0.23278157,-0.040241286,-0.33421502,0.7027185,1
1.4459915,-0.45465568,-0.6019412,-0.8077436,1
-0.65999335,-0.17893365,0.5216622,0.17054951,0
0.6017347,-0.68730307,-0.39425135,-0.59107125,1
-0.4414813,1.8260578,-0.4099121,1.7750833,1
-2.093997,-0.89017576,0.46970987,-1.0197957,1
-0.5742235,-0.5101057,-1.1896522,0.00027771294,0
0.8647124,-0.36483604,0.33908665,1.2654903,1
-1.2237556,-1.0284659,-0.6678617,-0.752916,1
-0.22582859,0.8472575,-0.53096354,1.450941,0
-1.5323534,-0.05696608,-0.7448951,-0.28093752,1
1.1194756,0.9381392,-0.36228165,-0.5605404,0
1.7855444,-0.6886792,0.6964387,-0.25480807,0
1.3560132,0.12988228,0.6155145,-0.059960306,0
0.048570625,0.24394283,-1.0171843,-0.61308074,1
2.4746249,-0.02473493,-0.49307108,0.01623591,0
-0.8464422,-0.6937556,0.30355608,-0.08000339,1
2.551007,0.5683757,-1.4085742,-1.0177398,0
0.26220828,-0.008562788,-0.34622544,1.3774779,1
0.48432568,0.18355003,1.4465753,0.5441754,1
0.3007374,-0.89294374,-0.9664494,-1.0501759,1
0.49483857,-0.11336012,-0.0013902932,-0.45477355,0
-0.9708709,-0.8011985,-0.83850056,-1.2452353,1
-0.59671104,-0.6353439,-1.6518018,-0.94011664,1
-1.4335933,-0.2745521,-0.43697432,-0.72290105,0
-0.6505266,0.53243583,0.16164416,1.38911,1
-0.45446202,0.6232737,0.30562553,0.6162325,1
-0.7665643,-0.5506532,-0.5560819,-1.0453011,1
-0.70805633,0.62964827,0.77165437,-1.3966856,0
-0.1827339,0.9292543,-0.6785055,-0.68713236,0
-0.55323595,1.2058184,0.44908538,0.49902183,1
0.003250271,-0.6218612,-1.2901759,-0.6874301,0
0.408502,-0.19717775,0.31186548,-0.8730757,0
-1.6923597,-0.68123984,-0.30241588,-0.43827215,1
1.0061997,0.41186747,-0.1742908,-0.6078151,0
-0.80016696,-0.67302346,-1.319826,-0.94173145,0
0.93776673,-0.5654777,3.4210515,2.744109,0
1.9064142,-0.6925914,0.91325605,-0.223139,0
0.059266075,0.00462994,-1.0583634,-0.68195623,1
0.07817443,-0.2067871,0.29693314,0.8121552,1
1.3580362,-0.17465502,-0.8072546,-0.096625686,0
0.30070463,-0.29921266,-0.79874694,-0.011802705,1
0.2555044,10.75716,-1.1561427,-0.15150663,1
0.08506274,-0.5098816,0.49690962,0.91490775,1
1.4525253,0.8965771,2.2662969,0.9431956,0
1.0415295,0.2443757,0.035799332,-0.20379472,1
-0.8872777,-0.17972398,-1.1578665,-0.92944086,1
-0.15232624,-0.12137984,-0.38728938,0.1877334,0
0.58131415,0.34501386,0.47626153,1.4581277,0
0.83157665,-0.50456464,-0.545717,-0.7012395,1
-0.7207602,1.0095706,-0.2927776,-0.6563856,0
-1.6045973,0.44879022,-0.767556,-1.1869583,0
-0.49922696,0.28103083,-0.23183137,0.11104718,1
-1.5385816,0.21164212,0.9405645,0.4354216,0
-0.61361367,-0.87536436,-1.197386,-0.05108113,0
0.5736942,-0.34679714,0.24032426,0.918823,1
1.1558989,0.2512154,0.3068679,0.010251835,0
0.90504456,0.79529595,1.4671619,0.13014057,1
0.47244015,1.7137454,0.045610458,1.6084445,0
0.57144594,0.65892136,-1.1066005,-0.6188009,1
0.57571167,0.9464148,-0.49618265,0.111127645,1
-0.33931848,0.09589693,-0.8406165,-0.72148,1
-0.116864696,-0.99238557,0.18908238,-0.8286839,1
-0.4456484,0.15779316,-0.56210536,-0.014695486,1
0.7395603,-0.44598162,-0.017244965,-0.15180445,0
0.83683634,-0.17369115,-0.68331045,-0.68949187,1
-0.8953364,-0.60438555,-0.6462425,-0.26091692,0
1.9152564,-0.3215161,-1.5684249,-1.012221,0
1.0965935,-0.74318117,-0.76737905,0.7592831,1
0.64965904,0.12445545,-0.3617183,-0.36833867,0
-0.17088202,-0.18957064,1.0299852,-0.32263252,1
2.9513786,0.6679704,-0.05439739,-1.1041893,0
2.2042506,-0.21612203,4.0715613,0.68080187,0
0.004330991,0.666151,0.54715616,0.52430487,1
-1.9056882,-0.6044436,-0.8927991,-0.4236692,0
0.45152974,-0.18203413,-0.27414992,0.8992425,0
0.6597933,0.042425483,1.2474401,1.9127398,1
0.17569774,-0.023902565,0.20477003,0.77201444,0
0.94797295,0.3382649,0.41915908,0.0010546669,0
1.4644344,-0.5608443,0.009369671,-0.22076842,0
-0.95823944,-0.22842234,-0.21661447,-0.68868065,1
1.6196195,-0.26404905,2.916957,0.16579606,0
-0.053296134,-0.44507498,0.28846258,-0.68087554,1
-0.840623,-0.54144156,-0.3507804,-0.3813161,0
-0.7906647,-0.14614388,-0.70852095,0.29274294,0
-0.046991754,2.0564246,-0.19629508,0.08303787,0
-0.27926713,-0.2536979,-1.1940007,-0.9959843,1
-1.5555346,-0.63177294,-1.0179029,-0.6037781,0
-1.14715,-0.46092346,-0.14544672,-0.79802454,0
1.1042789,0.24824083,1.0711995,0.580612,1
0.41279107,1.418212,-0.73683417,-0.13686012,0
0.017403707,-0.44160244,-0.011679299,-0.0988609,1
0.33475986,-0.5615504,-0.20273173,-0.43479046,0
-1.2757889,-0.31049928,-0.25972944,-0.83913076,1
0.0769176,-1.2272561,0.95301664,-0.93963,1
-0.24271095,-0.59354913,-1.3033968,-0.6530933,1
1.0210264,-0.33567798,0.33321533,0.6217491,1
0.9568734,0.18127435,0.89173204,1.0269237,1
0.55590963,-0.012885839,-0.16415974,0.7932805,0
0.88281965,-0.717301,-0.30515513,-0.9190077,1
0.0055261552,0.054041862,0.88152426,0.4098425,0
0.7925355,0.9776737,-0.5420252,-0.8194116,0
-0.36404797,-0.32795286,-0.08949138,-0.20671324,1
0.049069762,-0.40779254,0.27115864,0.31452867,1
1.1128498,-0.728917,-1.0884682,-0.8722038,0
-1.5184995,-0.89176965,1.0231096,0.3966966,0
0.59340644,0.17457639,2.481564,-0.09131454,1
-1.225225,0.8295159,-0.92324686,0.13104461,1
-0.4305571,-0.24064475,0.6733416,0.9822602,1
-0.062102377,-0.70666605,-0.9432642,-0.3161757,1
-0.5452802,-0.7974115,0.47916198,0.15896526,0
-1.322975,-0.11697735,-0.32181326,-0.72779214,1
-1.3945364,-0.41627514,-0.6803769,-0.6422733,0
0.9331212,0.03278786,0.84756476,-0.8279966,0
0.18468389,0.1260554,0.6877357,1.2006351,1
1.1273043,2.3211207,0.16777194,-0.21257137,0
0.42537922,0.4226624,0.34916264,0.93395853,1
-0.007633457,0.4570254,0.7627076,-0.07133519,1
-0.22279418,-0.2235734,0.7484902,-0.97792035,1
-0.5250544,0.6865469,0.5356606,-0.05561482,0
-1.5810084,-0.60581875,-1.5644577,-1.0108473,1
-1.3606226,-0.8505512,-0.9801158,-0.017652018,0
-0.22288188,1.5386982,0.7767027,3.1940699,1
0.813423,-0.2562503,-1.3020256,-0.95089936,1
0.30838096,-0.026381433,0.7672921,-0.072683595,1
-1.5240717,-0.593961,-1.6404008,-1.1652021,1
-0.4128796,-0.06802598,2.2080402,1.7574747,1
-0.29631633,0.09458396,0.09487605,-0.71765035,1
-0.7873831,0.62058115,0.39016858,0.48212492,0
-1.263197,-0.010563754,-0.19992876,-0.06619428,1
1.4433209,0.0338045,-0.21438578,0.26852256,0
1.5640436,-0.0946179,-0.8809137,-0.80352354,0
-0.17610736,1.0072836,-0.37091568,0.7343216,0
-0.026432144,0.29946566,0.33264178,-0.63227,0
-0.775177,-0.22162661,1.820094,-0.048458718,1
-1.1438129,-0.4364584,0.296686,-0.96079147,1
-0.8941839,-0.6140211,-1.7684076,-0.6916414,1
-0.87918705,0.16762021,0.048039645,-0.84932303,1
0.23901746,-0.6667809,0.19408631,-0.08715631,0
0.1954956,-0.66844773,0.8169543,-0.73208433,1
0.22364688,-1.2068228,-0.29527828,0.052127983,0
-1.4490396,-0.48575076,-0.20908588,-1.1087527,1
1.9418403,-1.0612402,-0.32264557,-0.21520844,1
-1.1542569,-0.3793448,-0.92532396,-0.23483858,1
1.2940047,-0.31795272,0.2387686,-0.48119912,0
-0.68475616,-1.0969806,1.7461121,-0.7989402,0
-0.99437827,0.5001032,-0.5073306,-0.6170757,0
0.7554554,0.11357924,-0.20660645,-0.2601592,0
-0.68959713,0.017192617,-1.0263711,-0.8233468,0
-1.4469833,-0.32131046,0.11735722,-0.9275673,0
1.0566739,0.30014598,-0.5459832,-0.39692718,0
-0.1746817,0.9869992,0.3431037,0.687737,0
-1.7187773,-0.6973605,-0.4376226,-0.7308083,0
-0.43138954,-0.42841434,2.0676608,-0.23891376,0
-0.70616823,0.7079284,-0.43344176,-0.85217506,0
0.111927,1.4732765,-0.19726154,-0.08829323,0
0.013534695,-0.6901047,1.2706015,3.1909504,1
-1.3341615,-0.20263726,0.1338247,-0.48476344,1
0.5935223,0.6642622,1.1191463,1.031938,1
-1.0326718,0.37326363,0.24576145,0.13420908,1
0.7466229,-0.5761416,-0.8118,-0.20779775,1
1.774205,-0.03651488,-0.75061244,-0.6354588,0
-0.5500472,-0.6857092,-0.44641224,0.114504546,0
0.32365787,-0.40729398,-0.15727258,0.1739084,1
0.47686803,-0.013482749,-1.4117184,-1.0420133,1
-1.2211747,-0.97452027,-1.4028447,-0.6994743,1
0.22923717,2.5520754,0.45041245,0.57039297,0
-0.7825278,0.0776141,-0.447056,-0.64435166,1
-0.57643753,-0.30649924,-0.801266,-0.84504575,1
0.79342943,-0.22267576,-0.14494894,0.023979649,0
-0.7871913,-0.15045881,-0.5301835,-0.099463716,0
-0.031698387,-0.69389874,-0.5627403,0.19314195,0
-0.95607793,-0.1308714,0.024665862,-0.14319907,0
-0.15772517,-0.9488648,0.35652006,-0.5403469,1
0.18097058,-0.3796038,-0.8965777,-0.8660995,1
-0.98156273,0.050724298,-0.84463835,-0.20106603,1
1.3642389,0.7841667,1.069423,0.8663601,0
1.1663401,-0.02702421,-1.5329853,-1.0763798,0
1.6436033,-0.44513777,1.2344496,1.6784375,0
-1.2911785,-0.5531108,0.2155624,-1.1962562,1
-1.4178367,-0.838881,-0.33928636,-0.53862286,1
-0.41694346,-1.0365994,0.5181706,0.11733429,1
-0.6081313,-0.63938713,-0.9682584,-0.25022456,1
-0.79900956,-0.29341656,-0.4370722,-0.9574554,0
-0.93348926,0.2559989,0.013876386,0.39320213,0
-0.76168984,-0.07348772,-0.31027138,0.62180007,0
1.0396403,0.08215528,-0.1124834,0.9795596,1
-0.6638006,0.80324453,-0.98743093,-0.81057584,1
-0.052221775,2.4035394,0.184861,0.6546187,1
0.06277588,0.6039302,-0.28435877,0.055687856,0
0.2775925,-0.32121468,0.45264786,-0.08605216,0
-0.27932045,0.8048526,0.42049867,-0.33905217,1
-1.3517624,-0.032050468,0.07702817,0.18425715,1
0.8585259,-0.3471575,0.8256401,-0.8065621,0
1.2069699,4.461549,0.28301564,0.19314604,0
-0.028093876,-0.784278,-0.8576955,-0.7216748,1
-1.1278504,0.013607413,0.011235237,0.012631565,1
-1.2812568,-0.44592786,-1.4181038,-0.8192988,1
2.5413384,-0.8868787,-0.07799068,-0.9118283,0
-0.77808565,-0.15310109,-0.80480564,-0.44301155,1
0.2675484,-0.7402028,-0.09254928,-0.9831896,1
0.27593437,-1.1912405,1.3294077,0.5351859,1
1.2613683,-1.1700757,0.108216666,-0.81047505,0
1.5550513,0.0869124,-0.40871608,-0.7837265,0
0.13993654,-0.61589974,0.78424656,-0.55761755,0
-0.20607746,-0.5714966,-0.85726327,-0.8363435,1
-1.4035726,0.04619254,1.0590112,0.42792207,0
0.07681246,-0.40708742,0.6836844,-0.1306904,1
-1.341978,-0.54822093,0.17230573,-0.9183396,1
-0.23002319,-0.0949549,1.6318021,0.7266626,1
1.9314654,-0.049237423,1.0322357,0.12677425,0
-0.276492,-0.28496638,-1.4788663,-1.1144693,1
-1.0835981,0.3230411,-0.2118282,-0.6740445,0
0.028123636,0.11199568,-0.15231669,1.520211,0
-0.34105423,-0.741488,-0.8509959,-0.92703557,1
0.9257953,0.45302856,0.046111435,1.2370007,1
0.4055027,-0.6323631,-0.3734755,0.079805136,1
1.521386,0.7932349,2.2077875,2.7751741,1
0.5290098,0.9186672,0.90880376,0.8061446,0
-1.4626755,-0.99742204,-0.5845854,-0.5782615,0
-0.3248839,-0.6983008,-1.8256347,-0.76415896,1
1.5838581,-0.50298834,0.050098177,-0.30886295,0
0.9880769,0.18126807,-0.5487168,0.8278724,0
-0.54187673,-0.59419614,-0.83601534,-0.71931124,0
-0.88854456,-0.41336966,-0.5412593,0.107270494,0
0.022999775,0.736139,2.6596851,-0.14438085,1
-1.3026845,-0.66229665,-0.95188415,0.5513605,0
0.41787332,3.197371,0.594798,0.38981485,0
-0.37239838,-0.20302272,0.1771524,0.8820828,1
1.2731878,0.22970271,2.2783914,0.71190757,1
0.34229705,-0.5235944,1.2248664,-0.38943824,0
0.62931836,-0.2198449,1.0499281,1.3701138,1
2.1826503,-0.3863789,2.1217942,1.094003,0
0.44779208,-0.7132075,1.4765838,4.0632343,1
1.0476403,-0.3425498,-1.4662097,-0.4630201,1
-0.16032675,-0.78262186,1.0182873,0.7137605,1
0.14824954,-0.49575296,-0.49086177,-0.7958472,1
0.55694747,0.18953551,0.83412087,0.41428465,0
-0.95361614,-0.73159987,-0.32122838,-0.8243428,1
-0.59815145,-1.1390221,1.6889613,0.04487252,1
0.893991,-0.48860687,0.071086764,0.8725882,0
0.51834977,3.0600414,2.6149116,2.3069901,1
1.1034327,0.28715548,-0.22342901,0.3491292,0
0.9251178,0.25961924,-0.72366977,-0.9559395,0
0.7610276,-0.55647707,-0.65011317,0.03137544,1
0.3321238,-0.46266058,-0.9245573,0.100194976,1
-0.4424883,0.60532796,0.22100616,-0.23108748,1
0.34322655,-0.568242,0.82812667,-1.2236042,1
-0.8617744,0.19229761,1.2478797,-0.07913786,0
-1.3080695,0.18043488,-1.7254483,-0.5532162,1
-0.3101649,0.41766384,1.5793577,0.3300147,0
0.24103601,-0.04256314,-0.77685803,0.6472654,1
-0.12221128,0.2905791,-0.8022982,0.013361078,0
0.6724007,4.8939915,3.5802221,1.918165,0
0.29962003,0.9174315,1.2578906,-1.1419119,0
-1.0885366,-0.40685213,-0.79143965,-0.7353702,0
-2.037249,-0.5297109,-1.111441,-0.83542156,0
-0.5505677,-0.097482204,0.07353079,-1.0378877,1
-1.5431172,-0.95786536,-0.7571713,-0.64001197,1
0.47832412,-0.48380005,-1.4130139,-0.95325494,0
-0.69664454,0.08738011,1.4538919,1.5123572,0
1.5826029,-0.18843046,1.2691227,0.76133245,0
-0.31936598,0.471163,-0.17767435,-0.041468114,1
-0.76547706,0.0031754673,0.061400272,-0.8337921,0
0.45875373,-0.03672812,-0.92188716,-1.0625964,0
-0.24376632,-0.7135714,0.16113997,0.22275816,1
0.32532245,-0.014733776,-0.18731767,1.6570817,0
1.836787,-0.58199435,0.012413442,1.6974308,0
0.029784352,0.0899059,0.65561867,1.730028,1
0.65014225,-0.6535109,-0.37370807,-0.8839061,0
-1.3708864,-0.6844648,-0.97282743,-0.7861467,0
-1.2573208,-0.009419918,0.38425633,-0.8573207,1
-1.0544363,-0.15206191,0.6318416,1.0506048,1
-0.72387445,-0.33363873,0.28528792,0.09874417,1
0.8015568,1.285045,1.0394648,0.21616252,0
-0.030407459,1.4537543,-0.4116581,-0.6626464,1
0.48008353,-0.46647227,-1.1196355,0.036736716,1
1.4825069,-0.099399894,1.0816765,0.8766831,0
-0.67702186,0.25089753,0.2416887,0.1456689,0
0.30359808,2.8440592,0.9715742,0.9067254,0
0.6770211,0.14481992,-0.4852716,-0.7486883,0
0.25191736,0.5210208,1.1815296,2.3547022,1
-0.32583067,1.1875031,2.7283926,1.8272858,0
-1.1132843,-0.47544342,0.3002017,-0.24104351,1
1.3908713,-0.7064027,1.4638703,-0.37913674,0
1.4637997,0.76049423,0.3232388,1.8673737,1
0.18493855,-0.06483253,0.43100566,-0.072352916,0
-0.2575394,-0.038439155,0.064374894,0.17491384,1
0.110831976,0.6571951,3.0424063,1.4452094,1
-0.610265,-0.6971519,-1.4686443,0.27981916,1
-1.1448768,-0.66909486,-0.8697246,-0.696533,1
-1.9080642,-0.60122216,-1.5476112,-1.0202433,0
-0.70156205,-1.1200597,-0.29072648,0.29634824,1
0.00095400214,-0.2097558,0.4881147,-0.8121823,0
1.0161544,0.059035942,2.2995965,0.34654847,0
-1.258883,-0.7575588,-0.4876298,-1.0104828,1
1.3785179,0.22006267,1.5466862,0.07293032,0
0.3723422,-0.3781455,-0.45740968,-0.62879044,0
-0.0153197795,-0.46384454,0.42828465,-0.9322505,0
-0.83293426,-0.25211793,-0.75962126,-0.9487566,1
0.57001173,1.7581836,1.405471,-0.14911063,0
-1.4476323,-0.43694824,-0.8748926,-0.6186797,0
1.6959969,-0.72859067,-1.0578483,-0.9811735,0
-0.099383585,0.59300303,-0.09582256,0.6539245,0
0.08013451,0.33244598,0.13205796,0.67133915,1
-2.0776722,-1.024392,-1.5153241,-0.84344125,0
0.13543776,1.1540356,0.79704124,0.854311,0
1.1713345,0.14262956,1.0452743,-0.1394239,1
-0.89829797,-0.13602005,0.32575577,-0.63783133,0
0.86259913,-0.8213396,0.107065424,-0.1068259,0
-0.7545117,0.00568584,-0.55908257,0.48907468,0
-0.94485873,-0.22438014,-0.15186414,-0.056003124,1
0.9319465,-0.81963456,-0.74645114,-0.08361775,0
-0.14612003,0.35689086,-0.5722814,1.1955626,0
-1.1083682,-0.59239745,-0.107537895,-1.1375668,1
-1.2059748,-0.35892078,-1.2506328,-0.85338664,0
-0.9620326,-0.66831493,-0.23682587,0.021637417,0
0.6182458,-0.48488408,0.47798476,0.3612764,0
0.045319542,-0.096603364,0.77830076,-0.8187198,0
-1.5478121,-0.7863823,0.5206582,-0.993975,1
0.2297658,-0.2713355,-1.0205234,-0.8719509,1
0.21858189,-0.54592174,0.7084351,0.10560325,1
0.58402675,-0.3286458,-0.3425427,1.1812835,1
-0.33448935,-0.45571318,-0.39647117,-0.40621042,1
-0.76107967,0.23646127,-0.94705224,1.0680234,1
-0.35195738,-0.31794584,-1.41437,-0.5724828,1
0.54208106,-0.4274116,-0.017108291,0.85529953,1
-0.76281774,-1.046644,-0.87689203,-1.3684553,1
-1.6063868,-0.5201877,-0.21374545,-0.5130963,0
1.7948099,-0.33205798,0.15275624,1.3614972,0
0.26977757,1.0124587,1.0545743,1.5376375,1
0.012230035,1.4234195,0.89581805,2.2648506,1
-0.64071417,0.51384574,-0.7435204,-0.7402228,0
0.9545132,-0.09239804,0.10178102,-0.81967896,0
-1.3948245,-0.5002153,-0.44196177,-0.63450634,0
1.138877,-0.37220988,-0.6507263,-0.64747834,0
-0.5719523,0.004997134,-0.6005926,-0.48220703,0
1.3563223,0.19015121,-0.21806405,-0.86884373,0
-0.8820907,-0.12847814,-0.29795486,0.18347222,0
-0.3071448,0.23915951,0.5895684,1.0879687,0
0.65904105,-0.7003697,-0.31834933,0.07003513,1
0.9292189,-0.48389328,-0.6764855,-0.32740688,0
-0.62805057,-0.5702685,0.297698,0.1386983,0
0.2924991,-0.52157927,0.5377221,-0.01482825,0
-0.40758562,0.12789434,-0.52585834,0.5206368,0
0.53079695,-0.82007706,-0.347436,0.79557043,1
-0.42966795,-0.24279937,0.46925715,0.31507286,0
1.4362379,-0.20154658,-1.203681,0.22464837,0
-0.08671892,-1.0341827,-0.46788028,0.61391294,0
0.4669451,-0.50084627,0.00236547,-1.0053985,0
-0.90534884,-0.280351,0.50627744,-0.09404777,0
0.2996263,-0.016117986,0.73363924,-0.26712996,1
0.53609556,0.148644,0.5932264,0.49242738,0
-0.3105847,1.1858414,0.069762595,2.1158156,0
-0.05607063,0.80459034,0.5882688,0.35596135,0
0.7957953,-0.29645425,-0.7434817,0.8552617,1
0.78125966,-0.7889081,-1.3695078,-0.66821235,0
0.33312237,-0.44608244,-0.6904357,0.85029054,1
-1.7069383,-0.5893895,-0.99775374,-0.89129984,1
0.8477193,0.19941603,-1.0251077,0.51874274,0
0.12875456,0.5157864,-0.96054965,0.71466017,0
0.09450877,0.3988974,0.5932256,0.0100901835,0
-0.22732195,0.29969049,-0.76364696,-0.50451165,0
0.20289196,-0.0022185333,-0.738808,0.34362924,1
0.5230876,-0.57828444,2.650629,0.18009385,1
-0.033006318,-0.02960366,0.42051035,0.8626769,1
-0.96747017,1.0977827,0.3065719,1.9361761,1
0.030424759,-0.2295285,-0.99748653,-0.82233936,0
0.59967136,1.327809,0.2544025,0.10266459,0
-1.1962724,-0.13215406,-0.33469394,0.7321553,0
-0.18032861,0.24558273,2.5290604,-0.13658457,1
-0.9010697,0.31930125,-0.4929352,0.080671355,1
-0.5265625,-0.6202948,0.40433475,0.25317344,0
0.39543676,5.6201673,3.1993701,2.1611464,1
-0.12060575,2.708389,0.57817227,-0.17294438,1
-0.5354925,0.16088352,0.75522846,-0.94814533,0
0.15531251,-0.12754455,0.38197064,-0.1036794,1
1.1318344,-0.049380407,-0.42723125,-0.4994705,1
0.5272388,-0.27540463,-0.9240085,-0.32950753,1
0.4544328,0.55624974,1.9349499,-0.27121386,0
0.7011328,-0.664932,0.7840522,0.04354958,1
1.6047635,0.26780844,0.18465218,-0.16957562,0
0.1401223,-0.15769954,0.7172818,0.35095194,1
-0.46332112,-0.2866632,-0.10281651,0.0043673217,0
1.0466268,0.8635031,-0.5390689,-0.22190428,1
1.1929591,-0.42546755,0.65954834,-0.6573027,1
-0.77241516,-0.44568,-0.26900065,0.813395,1
1.674855,-0.5659455,0.31378382,0.35908246,0
0.794494,-0.16327499,-1.2714164,0.11730488,1
0.19302106,-0.46366698,-0.6206006,0.16964093,0
1.9612267,-0.6110996,-0.95257187,-0.84120196,0
-1.435388,-0.72698575,0.70811796,-0.6215914,1
-0.004844174,-0.15552951,2.647222,0.7711779,0
1.1199636,0.20133005,1.0168487,0.22031708,1
-0.34654126,-0.34337905,0.4879343,0.79934347,1
-0.979783,0.13950872,0.16139564,-0.5372671,0
-0.016803369,0.42650855,0.93454194,0.2975885,0
-0.24992052,-0.845315,-0.83904415,-0.07366721,1
0.04993418,0.13940254,-1.5594003,-0.8350699,1
0.62374175,-0.64687574,-1.1372621,-0.5296218,0
-1.3504951,-0.83628845,1.1198907,0.22335249,0
-1.366291,-0.43084168,0.093639605,-0.6969457,0
-0.90062153,-0.028027534,-0.60069174,-1.1271043,0
-0.5438812,-0.057863887,-0.8777065,-0.5626224,1
-0.1823712,-0.7616974,-0.03493583,0.06418276,1
-1.0467418,-0.46063596,-0.46257398,-0.011436712,0
0.21391115,1.404795,0.41999683,2.01562,0
2.413274,-0.4004857,-0.38413456,-0.8167568,0
-0.5184087,0.24587047,0.08462318,-0.89085805,1
-1.5187404,-0.026844978,0.6722594,-0.07102077,1
1.3546678,-0.4130286,1.090865,5.220539,1
-1.891656,-0.88158244,-1.4619968,-1.0158035,1
0.011731517,-0.3453089,-0.24393651,-0.33661553,0
-1.0411438,-0.7696564,-0.5039247,-1.0843872,1
-0.33937177,0.049414814,-0.9897234,-1.0299711,0
-0.23539193,-0.3418048,0.04253187,0.23801644,1
-1.424608,-0.7004048,0.008726686,-0.76295847,1
-0.4323246,0.39310446,-0.28714642,0.046216752,0
0.8701954,-0.4521085,0.6881144,0.8264948,0
1.0945638,-0.8337092,-0.74501854,0.10901192,1
0.10456714,0.046714373,-0.3412734,-0.0014604107,0
0.75348496,-0.11738508,1.159751,0.6817011,1
0.11535913,-0.50003016,0.87946457,-0.78758186,1
-0.93797344,-0.20814276,-0.7688073,-0.94256157,0
1.5210803,-0.14315516,-0.016561091,-0.1657918,0
0.17072587,0.16564502,0.5763336,-0.06447558,0
1.1273545,0.50057244,0.33187294,2.324164,1
0.06367299,-0.8202797,-1.4149413,-0.5498628,1
-0.41734087,-0.16924374,0.16198424,-0.006462129,1
-1.4138541,-0.20218042,-0.781444,-0.7996471,0
-1.0800254,-0.629194,-0.6543957,-0.74420285,1
-1.5948856,0.10568908,-1.3251314,-1.5131313,1
-0.95669115,0.48842216,0.16239297,0.9030972,1
-0.2994351,-0.4634451,1.1189055,-0.13984272,0
-1.4834847,-0.66467845,-0.53003037,-1.2860452,1
0.52290857,-0.6938821,-0.46968025,-0.06754871,1
-0.21219523,1.8875036,1.2565656,1.1475186,0
-0.32796457,2.173402,-0.07453795,0.72004026,0
2.7254448,0.87111664,0.14489646,-1.0785127,0
-1.788985,-0.597482,-0.6678445,-1.0603055,1
0.9916594,0.17360225,1.7880371,0.83669436,0
-1.5737906,-0.76002,-1.7035578,-0.9975352,1
0.27156237,1.7738124,-0.46813154,-0.2973166,0
-1.6235355,-0.3809166,-0.4591074,-0.8968276,1
1.0061715,0.1257729,-0.7625756,1.5869094,0
-1.4552786,-0.97327584,-1.3204708,-0.6784153,0
1.433398,-0.7659098,0.11086873,-0.72772366,1
0.44391823,-0.3594252,-0.8926722,-0.517031,1
-0.06469592,-0.25587732,0.76857376,-0.015411384,0
-0.7148404,-0.23475829,1.2642055,-0.13517462,1
0.7543636,-0.35998803,-0.20908919,0.7930966,1
-0.6630879,0.051861398,-0.3374466,-0.7791724,0
0.47597888,1.6744146,-0.35849592,-0.6052067,1
-1.0480345,-0.532098,-1.5252234,-0.84569395,1
0.8886812,-0.4675628,-0.9289258,-0.61546904,0
0.7816607,0.84361845,1.8459486,1.0526791,0
0.41390985,0.049989033,-0.568475,0.8693979,0
-1.1373316,-0.3641355,1.6547258,1.1720846,1
-0.31448808,0.6455492,1.0062101,0.6050841,0
0.82939863,-0.074081555,0.5338566,-0.8438663,1
-0.8462513,-0.023321629,-0.54225254,-0.70481586,1
0.3974247,0.6484496,-1.0379227,-0.10831317,0
-0.76430243,-0.6831449,-0.41938978,-0.46427777,1
-0.57570004,0.64366937,2.1723306,0.26576045,1
-0.37981042,-0.24707302,-0.38087323,0.10037072,0
0.96401656,-0.5295171,-0.77236617,-0.13024221,0
-1.4609348,-0.3670009,-0.005962938,-0.039601974,0
-1.1506659,-0.2041908,1.3113153,-0.075418025,1
1.912577,-0.048125908,-0.42250478,1.294569,0
-0.55738753,0.81490576,1.5568223,1.3483579,1
-0.8590323,-0.11082834,0.23844996,-0.06390058,0
-0.91556203,-0.22932157,-0.46208644,0.22776444,0
0.2317426,-0.44912314,0.507953,0.14149897,1
-1.1059573,-0.3548722,-1.1073134,-0.7283977,1
-1.588376,-0.12313941,0.2071422,-0.66775596,1
0.22793877,0.34549493,-0.11843988,-0.061530493,0
-0.21575317,-0.15723701,0.50487566,-0.9079014,1
1.2196541,-0.52948725,0.15782477,-0.97467566,1
0.18813294,-0.15386456,-1.2361474,-0.53947425,1
-0.046180967,2.7930589,2.7185507,-0.22317678,0
1.2164286,0.6511717,-0.42332712,0.09373176,0
-0.9251384,-0.53817546,-1.1818123,-0.8574694,0
-1.2169973,-0.43856022,0.05208531,-0.08804659,0
0.46282336,0.51546,1.2117022,-0.1755043,1
0.5131645,1.417346,0.75474817,0.33587295,1
1.2557629,0.30731517,1.3736384,0.18769996,0
1.8109041,-0.8618295,-0.04763308,-0.21538414,0
0.25336328,-0.56896853,-0.37760222,-0.09699674,0
0.18516925,-0.20264423,-0.8534356,-0.6114944,0
0.36535937,1.1128476,0.6052037,-0.54138184,0
1.3987675,0.60557425,1.0367795,3.196662,1
-1.2141249,-0.42544022,1.1488047,0.7622987,1
0.31433833,-0.47223115,-0.8885625,-0.87495166,0
-1.3689185,-0.53799945,-1.0379884,0.048720416,1
0.14564788,-0.027163774,-0.5030178,-0.96941876,0
0.75616,1.7208952,-0.43152493,1.9053311,0
-1.0209103,12.878861,-0.9109976,-0.83278227,1
3.3320336,-0.5813738,0.9216974,-0.7546829,0
-0.20582962,0.002081506,-0.7906144,-0.85387033,0
-0.8505268,-0.8193002,-0.63882434,-0.44978014,1
0.03897275,-1.2707522,0.8071948,-0.568554,0
0.077297,0.045281798,-1.0596462,0.3790057,0
3.0799522,-0.88940614,-0.38792986,-0.6678505,0
-0.39801306,1.1415027,2.0645716,2.5932245,0
-0.9375324,0.057758242,-1.4604654,-0.10674825,1
0.80320734,0.23275505,0.25372878,-0.5807751,1
0.5447617,0.22336203,0.01217185,-0.0675918,1
1.9507235,-0.3427671,-0.5620099,-0.9927045,0
-1.3247019,-0.6778135,0.5853468,-0.5721731,1
-0.34875625,-0.59946793,0.3818967,-0.070680305,1
-0.18391123,-0.7586832,1.297363,0.12554038,0
1.7229396,-0.48998934,1.0166794,-0.19315185,0
-0.8085291,-0.09490508,0.39281252,-1.089021,1
0.6273519,-0.4230995,-0.5962238,-0.96725595,1
-0.7877722,2.2964447,1.5279155,2.254414,1
-0.1548548,1.8066245,0.1926466,0.8903551,1
-1.2204522,-0.51640004,-0.16982174,0.11206427,0
2.0162263,-0.4488201,0.3720811,-1.1474092,1
0.05110517,-0.66857314,1.099429,0.888647,1
0.99480224,-0.71946234,1.0928792,-0.51225823,1
2.6685562,-0.5819332,0.26787713,-0.7819013,0
-0.91502964,-0.6080082,1.043243,2.2575774,1
0.45743084,-0.96869445,0.41539627,-0.8389969,1
-0.98163414,0.12828389,1.0533398,-0.83314633,1
0.2238428,-0.36658895,0.4716586,-0.89937913,0
0.9233722,0.0040003806,0.12444271,-0.2082557,1
-0.2223711,0.9319879,-0.38487518,0.14892791,0
2.6580229,-0.27387166,0.42449194,-0.47643915,1
0.064344436,-0.14269575,0.15274309,-0.9192898,0
1.0538751,0.009710699,0.17233434,-0.75249624,0
0.4221255,0.38101852,0.21879914,0.94390297,0
0.60661554,0.2062216,-1.818125,0.050750624,0
-0.84836304,-0.4837978,-1.6914914,-0.7215331,1
1.5403928,-0.45494467,1.4371454,0.0033115149,1
0.90904796,-0.30291504,0.7745575,0.71118635,1
0.32560694,-0.3871699,1.0365868,0.93256307,1
0.32218298,-0.17357737,-0.4279949,-0.722939,1
-1.9515498,-0.84950894,-0.7024207,-0.8175316,1
0.7952712,0.110531025,1.2802038,0.8010498,0
-1.388593,-0.24554801,-1.0163764,-1.1984131,0
-0.22239134,-0.86153835,-0.6686205,-0.78938806,1
0.33444422,-0.14383169,1.3214931,-1.0457916,0
-0.62805426,0.21296136,-0.009154066,-0.04706002,0
-1.9150834,-0.6642008,-1.1553638,-0.9034436,1
0.44817102,1.3999507,0.7528103,-0.82514673,1
0.9166471,-0.2883753,0.6598091,0.31130156,0
1.2120059,-0.47722858,-0.80623686,-1.062993,1
0.040207654,-0.74230295,0.28575373,-1.0942718,1
0.584289,-0.47506803,-0.44806,-0.023469303,0
2.0708482,-0.21068355,0.39261174,0.11036983,0
-0.31866315,-0.0028981417,-1.5127609,-0.6791709,1
0.40796405,-0.6366047,-0.7401592,-0.70227486,1
1.918768,-0.2636817,1.1699935,-0.51723677,0
0.98581666,-0.53035986,1.0028148,-0.93866855,1
-1.8187904,-0.77064604,-0.07626957,-0.43957213,1
0.0011735559,0.010427952,-1.0694706,0.40401402,1
1.6821624,0.6379695,2.6158772,2.5242083,0
-1.1106199,-0.7509769,-1.635787,-0.9930849,1
-0.14499953,-0.39443117,1.0930315,-0.8447824,0
-0.061391734,0.8386442,-0.18176618,0.88596255,0
0.7508911,-0.43367314,0.48055,-0.72006744,1
-0.050532192,0.20046452,1.2248532,0.60651845,0
-0.5380027,0.3141911,-0.48552388,2.4367929,1
-0.600792,-0.6301156,-0.66449285,-0.7992588,0
0.34543347,-0.61245656,0.88569295,-0.11532517,0
-0.12701458,1.0710828,1.0886137,-0.112581864,0
-0.44906935,0.8808681,-0.5148826,2.652092,1
-1.7770797,-0.6414287,-0.71304095,-0.98918915,1
1.7574574,1.4032842,2.462243,-0.78730536,1
-1.4114395,-0.27897787,-0.22258365,-0.99987257,1
0.58718306,-0.47842437,-1.1303934,-1.1428201,1
0.51521266,0.37585497,1.1284035,0.78828526,0
0.7422268,-0.07848978,-0.6537946,-0.0007292703,0
1.6367114,-0.016674101,-0.4177381,-0.11134663,0
-0.49347275,1.1081458,0.25711027,0.09298296,0
-1.4476824,-1.2238432,-1.2325044,-0.89801294,1
-0.86769843,-0.026950285,1.349034,0.8505622,0
-1.1580106,-0.47308904,-1.0406529,-1.1184026,1
-1.0848546,-0.73197114,-0.41705433,-0.61022073,1
-0.14014322,0.6780366,0.6197492,0.19277382,0
-0.07934961,-0.776749,0.21054469,-0.7928065,1
1.8055068,-0.28182977,-1.4293308,-0.76655316,0
0.65192556,-0.39518747,-0.5260632,-0.8513799,0
-0.49091074,0.6596421,-0.65557086,-0.34430093,0
2.4296818,0.842257,0.992589,-0.50840294,1
0.95066404,-0.52550817,-0.6755178,0.78152764,1
0.41849858,-0.3521336,1.0069418,0.061974708,0
0.80822855,0.7268082,0.14766055,-0.9948095,0
-0.32285166,-0.3546192,0.539734,0.79006,0
2.0864692,-0.65301156,-0.008057766,0.6868717,0
-0.0658893,1.1479244,-0.0025296807,-1.0059979,1
0.017767072,0.15188739,0.9775257,0.5438401,0
2.238636,0.27889004,-0.17801616,-0.9026526,0
1.3088325,-0.32820347,0.5433255,0.97958857,0
0.487778,2.1888354,0.00555522,0.15566161,1
-0.26656073,0.75393987,1.1648331,0.29900873,0
-1.953823,-0.53194076,-1.1333997,-0.96293384,1
-1.5219252,-0.3876308,-0.7606846,-0.99177665,1
-0.029814512,-0.06451051,2.6073442,0.18393536,1
0.036098756,0.40354174,-0.04807976,1.0941828,0
-0.18272996,2.520008,0.74486965,0.05850636,0
-0.77858657,-0.40878522,1.1772337,1.5492969,0
-0.9608013,-0.7904547,-0.9946406,0.8701075,1
1.569645,-0.49124807,0.042146645,-0.07018025,0
0.10323182,0.2099818,0.05879058,1.021872,0
0.75784856,-0.1670797,-0.89779323,-0.5396924,0
-1.0452948,-0.3361441,0.679349,-0.9967216,1
-1.3374722,-0.36341393,-1.1314611,-1.0477499,1
0.65570617,-1.0332713,1.578574,-0.17137858,0
-0.7460358,0.22955847,-0.71159494,-0.7018198,0
-1.176975,-0.5410086,0.9369679,-0.886611,1
-0.037010826,0.6715518,1.1014919,1.247288,0
0.9981176,-0.7796045,-0.268956,-0.7278847,0
-1.1638701,0.0073407665,-0.43153244,0.1414398,1
-1.2088134,-0.19297776,-1.0461982,-0.6474029,1
1.1152806,-0.75473523,-1.0431757,-1.1101855,0
-0.28613707,0.35252362,0.42373663,2.030299,0
0.25196365,1.7882957,0.39138883,0.65265834,0
-0.16627564,0.88919854,0.8216475,0.5737858,0
-1.1732711,-0.49969548,-0.16515651,0.9592066,1
-0.12931983,-0.2986258,0.7472062,0.4847837,1
2.4595277,0.54499054,-0.73856384,-1.082281,0
-0.9772908,-0.13018028,0.64290446,0.7071221,1
-0.56187004,0.2311651,0.45064366,-0.28146356,1
0.8103616,-0.264133,-0.81904995,0.20152597,0
0.88298196,-0.56863064,2.0875545,1.4217967,0
-0.8249285,-0.67782325,-0.14104693,-0.8140574,0
-0.22839692,-0.52111286,0.5448702,-0.70663136,0
-1.1023577,-0.5806585,-1.0604817,-0.631408,1
0.35483497,0.0963456,-1.238972,-0.2340172,1
-0.6705382,0.72210777,0.391162,1.2116835,1
-0.60298383,-0.3244302,-0.69606745,-0.33809084,1
-1.0997859,0.27567047,-0.90924764,-0.3609065,1
-0.5095525,-0.20062235,-0.45363325,-0.70815504,0
-0.32241356,0.09782718,0.971267,0.19602846,0
-0.6211819,0.12958005,0.55231243,1.3051349,1
-0.3802213,-0.84224826,-1.6405184,-1.3326737,1
0.34349823,-0.35840824,-0.5925875,0.064978525,1
-0.10945499,-0.2776366,0.54135287,0.89754343,1
-0.43307889,-0.62980795,-0.69202554,1.281105,1
-0.7369732,-0.46394065,-0.3087054,1.0719802,1
1.5806813,-0.16050507,0.25955692,-1.044771,0
-0.93516237,-0.68896735,-0.60131574,-0.8704496,0
2.3834305,-0.29805094,-0.08613546,-0.42508602,0
0.93167675,0.41338506,-0.9843248,0.27520353,0
-2.107002,-0.619951,-0.9602585,-0.9191562,1
1.855949,-0.43532956,1.6344249,0.62362826,0
0.35439435,-0.021062046,0.090762034,0.8318623,1
0.8995194,-0.5222222,-1.2117746,-0.7303377,0
-0.45106107,-0.9023998,-0.47319487,-0.93047446,0
-0.57858217,2.772616,-0.4393499,0.04847693,0
-0.5206308,0.61919874,-1.0463883,-0.75626224,1
0.3864551,0.15772915,0.92217195,1.6112201,0
0.5041346,-0.6858448,0.10999413,-0.942299,1
1.3115134,0.16822314,0.41833147,0.85990626,0
-1.1907412,-0.12993447,-0.9114499,-0.13238083,0
0.025295015,-0.5026019,1.1360954,0.30929974,0
0.38859072,0.3748978,0.3160658,0.31564215,1
0.94703186,-0.47625923,-0.34840828,0.689413,0
2.1908238,-0.9362203,0.08194415,0.43094146,0
2.0262997,-0.028835468,2.1939642,0.6519628,1
-1.7332126,-0.23414627,-1.6003925,-0.8143786,1
-0.15194374,-0.6577224,-0.78402954,-1.121585,1
-0.8648175,-0.27731606,-0.4288605,0.19624537,0
-1.3173978,-0.0098207295,-2.0077069,-1.185483,1
-1.4595891,-0.24361178,-1.1632615,1.2506394,1
-0.07293753,0.5319016,0.43278965,0.6595177,0
-0.83361727,-0.80739915,-1.0719956,-0.9876472,1
-0.11788386,0.30757394,-0.75098205,-0.8774943,1
-0.12793054,0.35530084,-0.53606486,0.60617465,0
-0.6976465,0.17993905,-1.0532076,-0.982469,0
0.91927564,0.026654571,-1.6731744,-0.82042944,0
0.7386718,1.607841,0.8946798,-0.42060232,0
-0.59471995,-1.1619431,-1.2912381,-1.0782106,0
0.48771125,0.20343982,0.24230927,0.5836158,0
-0.16116343,-0.4307486,-1.3321736,-0.7517994,0
-0.772805,-0.62261105,-0.4309782,-0.5857984,0
0.12751299,0.8062214,0.9207932,0.8129934,0
-0.17939213,-0.15215768,-0.83099806,-0.71553624,0
0.018409222,3.4858985,0.0018524528,0.085882396,0
-0.9651712,0.3107634,-0.00027695298,1.5046531,1
1.1563954,-0.33661872,0.99245083,-0.8191546,0
0.7268241,1.5589118,2.4469938,2.5243654,0
-0.6467611,0.26904213,1.1680706,-1.0050002,1
-0.40639126,-0.016986564,0.7181753,2.8373554,1
-0.3636869,-0.5857917,-0.29833063,-0.52214694,1
-0.012619913,0.5015442,-0.8121794,0.002778478,1
-0.31799325,-0.383357,-0.055004314,-0.4780783,1
-0.79295874,-0.87161744,-0.1238817,-1.1076975,1
0.5389202,-1.3653969,0.88817686,-1.0861356,1
-0.76608384,-0.06641352,0.6478659,-1.0652276,1
1.2460942,-0.84721214,-0.48438716,0.78867894,1
-1.2490696,-0.49848214,-0.24844393,-0.9368357,1
0.22695658,-0.3696655,2.1360304,3.9217393,1
0.80515784,-0.09720275,-1.3559648,-0.72266245,1
-1.1498244,-0.7391739,-0.862976,-0.49669355,1
2.2261994,1.2503076,0.29210413,0.16977488,0
0.36694136,0.010077067,0.037982363,0.37956074,1
-0.23085001,0.19644397,-1.519154,0.4900997,1
0.97915226,-0.3213539,0.5754123,0.750974,1
0.002510935,-0.4124605,-0.04571381,0.7515729,0
0.48221105,0.062847614,0.64481086,-0.30942923,1
0.41814947,-0.18709472,0.2356975,-0.017359558,1
-0.86048687,-0.91916597,-0.9408666,-0.56182224,0
-0.6128495,0.5916747,-0.4312775,-0.06474095,1
-1.8123966,-0.8395531,-1.3568919,-1.0156353,0
-0.04170388,-0.6212553,-1.297674,-0.023099806,1
0.903934,0.4616058,0.63297665,-1.0293846,1
0.95033395,1.1913793,1.8383348,0.6953518,0
-1.0815283,-0.62430537,-0.24747206,-0.9742197,1
1.3388139,1.6915904,2.2692125,0.08707486,0
-1.3186083,0.9668431,2.9496086,1.5981348,1
-0.65386665,0.18211995,-0.75291485,0.010012437,0
1.1697189,-0.4175825,0.2445004,0.6828492,0
-1.7352324,0.29753524,-0.20075032,-0.7001335,0
-0.4589561,-0.24834919,1.1557121,0.39469394,1
2.7585075,-0.32753602,-0.7660015,-0.7015226,0
0.22703859,-0.25868392,0.14204714,0.79984957,1
0.58149624,-0.74771047,-1.1419641,0.322723,1
0.3961755,0.35046223,-0.14377452,-0.16203766,1
-0.83999866,0.3317165,-0.37776604,0.24463873,0
-0.47536272,0.3939291,1.1910532,-0.75689286,0
1.2945666,-0.13857913,0.7169483,2.11987,1
0.28134978,-0.7549924,-0.750816,-0.7561369,0
0.16915077,-0.2395692,-0.63861024,-0.77328885,1
-0.7313692,-0.8825483,-0.7452866,0.18972936,1
0.9277472,0.12995613,-0.7063434,-0.526227,0
2.3825595,-0.29469803,0.51816875,2.1794353,1
-0.3651276,-0.745363,1.2123821,-0.054463,1
-0.40296644,-0.23763967,-0.6011414,-0.7280708,0
0.3118037,-0.4515242,-0.9727825,-0.14295636,0
-0.6427263,-0.43625793,-0.97218585,-0.58136505,0
-0.077972665,0.5529069,-0.31931874,1.2946658,0
-1.3571671,-0.79454213,-0.3157624,-1.2337099,0
0.042432994,2.32085,0.38361385,0.99930656,0
0.52216697,1.7836668,-0.32479525,1.6026342,0
-0.63413954,-0.68911237,1.240803,0.7842177,1
-0.42768377,-0.3792089,-1.7241274,-0.07539786,1
1.3830082,0.2723554,-0.41138703,-0.5709466,0
0.12729058,0.74894714,-0.24347663,0.47140354,0
0.70307845,0.92516875,-1.0953909,-0.8147486,0
-0.12940669,1.2886766,-0.60784316,0.14921618,1
-1.4852717,-0.49708605,-1.815437,-0.703692,1
-0.5887405,-0.34385437,0.26124954,-0.1281389,0
1.1467037,0.34073797,0.65351295,0.071216896,0
-0.3809009,-0.2084701,-0.67696697,-1.0597172,0
0.124780044,0.08554441,-0.3183929,0.5867846,1
0.6314925,0.5855159,1.2272689,0.08793536,0
1.095123,-0.14240983,1.6905919,0.07063325,1
-1.653159,-0.5703229,-1.3129139,-0.70973325,1
0.17265199,-0.03644996,2.1608677,0.7933046,0
1.3774384,-1.170404,-1.5755543,-0.6630402,0
-1.686048,-0.13454658,-1.3678089,-0.9592251,1
0.023122862,1.6368786,0.057534464,-0.25950325,1
1.4694734,1.6401364,0.1901955,0.46775302,0
0.17852902,0.67009956,-0.60033554,0.20959817,0
0.76180506,-0.7748848,0.43655616,0.01307109,1
1.6391507,-1.0962822,-0.559804,-0.80321145,0
-0.742319,1.5140053,-0.8809965,0.23513754,0
-1.4212476,-0.22008249,0.8096814,-0.32362112,1
-0.26950663,-0.22243093,-0.48939645,0.74247396,0
-0.3898945,0.54151475,0.9920259,1.4808055,0
1.4456995,-0.1377532,0.6170945,-0.110407084,1
1.395787,0.24513754,0.80623174,-0.053681552,0
-1.2644953,-0.83129287,-1.6012907,-0.66176623,1
-0.42282805,-0.7250756,-0.7882449,-0.9189118,0
-0.4437067,-0.90694857,-0.6365984,-1.2213936,1
1.1685833,0.5360366,0.80841565,-0.26858407,0
-0.30964297,-0.57544196,-1.3531541,-0.9440806,1
-0.99749637,0.0030599535,-0.5511098,-0.49739188,0
-1.7511938,-0.38309187,-0.43530655,-1.0006993,1
1.648133,-0.11823052,1.9111658,3.3592458,1
0.30729258,0.3884973,0.017132312,0.033809703,0
0.25052804,0.45507264,-0.5279925,-0.2419304,0
1.4381437,1.1058348,1.2457656,0.6143785,1
1.0604252,-0.21760944,3.339998,-0.10985389,1
-0.9501955,-0.44487143,0.79425734,-0.8411265,1
0.22320218,0.5195591,-1.4555728,-0.16849737,0
0.17906636,0.2508654,1.3801947,0.32527936,1
0.06705217,0.23775089,-0.55140716,-0.8647252,1
0.5173819,0.6371431,-0.44659603,1.8890646,1
-0.14450634,-0.12969723,-0.609728,0.844923,0
0.38841084,-0.053577203,3.66493,0.9451288,0
0.5068891,-0.7281642,0.7693539,1.3331413,1
-0.755954,0.25969273,-0.51045406,-0.2964219,0
1.0943817,-0.6723696,2.2955475,-1.0007864,0
-0.3272384,3.6878173,2.2153227,3.9537387,0
-0.31357807,-0.47414112,0.2543488,-0.034752704,0
1.588581,1.681848,1.4125081,0.35808685,0
0.7322386,-0.004355699,0.56130815,0.64435273,0
-0.004656516,0.44447163,-0.91222465,0.20089734,1
-2.028305,-0.80653024,-1.0991963,-0.8699895,0
-1.0375539,-0.26220348,-0.4429379,-0.95578235,1
0.47446638,-0.3755835,-1.1867306,-0.8222239,0
-0.43278322,-0.035694703,-0.6107669,-0.8866772,0
-1.851244,-0.61271566,-0.37300318,0.17747536,0
1.3617847,0.038853265,-0.18748075,-0.052480184,1
-1.7601061,1.3325322,0.14776999,1.9783945,1
2.5890024,-1.0056894,-0.7807435,-0.9081258,0
-1.225054,-0.47458738,-0.48194298,-0.9139903,0
-1.2860491,-1.0357885,-0.22148739,-0.88027185,1
-1.2397887,0.24685475,-0.42992404,-0.93969804,1
-0.78009534,0.4365415,-0.23499875,-0.14405844,0
-0.10635468,0.3512452,-0.6107984,-0.76445293,1
1.1243296,-0.1631577,-1.1093435,-0.665333,1
-0.476399,-0.41093045,-0.98642325,0.19065921,1
0.9405503,0.05395958,1.3781317,-0.8592226,1
-0.16224086,-0.19573677,0.6603445,-0.13728328,0
-0.96159756,0.120842844,-1.4065361,-0.8368062,1
3.1141968,-0.6489868,-0.5765378,-1.235029,0
-0.06569216,-0.48387283,0.6089355,0.42084786,0
0.9061219,1.0727637,0.22922882,1.5624619,1
-0.68135846,-0.67947704,-1.216277,1.0418527,1
-0.16036464,1.5783607,-0.29699448,0.33196196,0
-0.13261053,0.22550207,-0.8763346,-0.80105484,0
-0.34651452,0.3720382,1.2631071,1.2459062,1
0.047955483,0.028636657,0.106070586,-0.23881337,1
1.93896,0.7507786,-0.0016108975,0.9840789,0
0.45525008,-0.59435105,-0.73185056,-0.7495937,0
0.15735738,-0.6996498,0.5612714,-0.68443096,0
0.34308723,0.46988475,1.12942,2.35855,0
-0.36028427,-0.0357344,-0.36224827,0.040227685,0
0.6365274,-0.6614195,-0.5873328,-0.08734052,1
0.6610651,-0.05534105,-0.50395745,0.45004392,0
-1.077012,1.1658406,-0.012229353,-0.838841,0
0.37010896,-0.010100555,-1.4597197,-1.1089433,1
1.987441,-0.18364948,0.012209892,-0.7182311,0
-0.10963601,-0.8563645,-0.8024065,0.95668596,0
0.9532186,0.84003115,-0.00084964186,0.24326551,1
-1.0290499,0.07374174,-0.9382056,-0.3006225,1
-1.014978,-0.18239744,-0.680265,-0.95213914,1
-0.26385394,0.9621878,0.6071929,-0.2385316,0
-1.0881791,-0.9170787,-1.2852744,-0.75876707,0
0.61068237,0.31889153,1.5402502,5.3459997,1
0.9710735,0.8670988,0.012774862,1.0644628,0
0.6995926,0.449041,0.8375953,2.8712077,1
1.0760324,5.01013,-0.8940085,1.0979643,0
-0.67193407,6.0002675,0.83774304,0.14119759,0
-0.4254247,0.13027921,-0.9594212,0.7341871,1
-1.085885,0.69530416,1.1043257,3.0380154,1
-0.32940006,-0.4558796,-1.1843739,-0.16297422,0
1.5651728,-0.6570623,-0.07281379,-0.13411619,0
-1.482287,-0.3786941,-0.6683789,-1.0243309,1
0.07588186,-0.28163818,0.16440208,0.37010562,1
0.5425314,3.2251296,0.37816852,0.6612601,1
1.2786229,-0.66661,-1.4390044,-1.0916711,1
-0.61725366,0.13887262,0.8542391,-0.5560233,1
-2.1314282,-0.63495564,-1.1684344,-0.6973698,1
0.6806142,0.31493127,-1.6419762,-0.8769522,0
1.6476656,-1.0265259,2.620249,1.5848265,0
0.56767607,0.0064877234,0.7062636,0.08569692,0
-1.560868,0.2589745,-0.5542474,-1.0307094,0
-1.5610029,-0.28405416,-0.38905996,-0.7813739,1
0.50021374,0.7667404,1.1581063,0.8580041,0
1.0559328,0.88003546,-0.96333396,0.2773137,0
0.64166015,-0.33428088,-0.19749832,0.78385466,1
0.9338694,0.03341233,0.41803998,-0.6738058,0
-0.13835597,-0.4771176,-0.5098877,0.28183755,1
-0.35320938,-0.5742786,0.06713746,0.6695042,0
1.2224067,0.25630596,-0.029285364,0.25740936,1
1.9128804,-0.17611887,-0.07374969,2.988574,0
0.48437214,0.13758908,-0.05360317,0.7225157,0
-0.7481741,-0.44658285,-0.59288037,-0.789171,1
-0.8275922,0.3129776,1.783123,0.78651583,0
1.7725928,-1.0426154,-1.3390479,-1.0749854,0
-1.3950267,0.04220906,-0.4904911,-1.0288724,0
-1.3799205,-0.59653914,-1.5935233,-0.08022042,1
-1.486472,-0.57269174,-1.1697562,-0.6737153,1
0.47186276,2.1497707,0.009949073,-0.569498,0
0.22808512,0.14075671,2.6930182,0.0922471,0
-0.9935961,-0.16491844,0.7588627,0.7731982,1
0.7420099,0.28708956,0.111884914,0.91023904,0
-0.70161337,-1.0679731,-1.5551636,-0.63851786,1
-1.094337,0.036905557,-0.04554044,-0.6611366,0
-0.9638029,0.1634041,0.7036499,0.56914717,1
-1.7409858,-0.5145725,-0.81235737,0.8278251,0
-0.22488928,0.62502235,0.21213591,0.18829395,1
-0.04113672,-0.7153543,0.38901314,0.8460877,1
0.8819916,-0.18603495,0.9350129,-0.2134419,1
-0.19293335,-0.34024957,1.1549385,-0.43418282,1
0.033953246,0.4867071,0.29595673,0.8247725,0
-0.2721312,0.67859125,3.1814895,1.9659575,1
-0.70784545,3.105821,1.9321625,1.2035983,1
1.186921,-0.8366182,-1.1556007,-0.07412395,1
0.8630664,-0.3137798,0.48890945,0.026958857,0
-0.8131281,-0.2653575,-0.64911574,0.024752438,1
-0.04417485,1.05359,0.4465968,0.22148441,0
1.25447,2.6422439,0.41114604,0.78399915,0
-0.7256346,-1.0485561,-1.7290509,-0.5723053,1
2.6761546,0.24799317,0.38505498,-0.025659196,0
0.8587334,5.809326,1.9345125,4.8219104,1
-1.5214741,-0.8792395,0.5944944,-0.051234987,1
-1.4827101,-0.44737047,-0.47259748,-0.5959078,0
0.8229943,0.10817039,0.25749284,0.37823042,0
-0.2927292,-0.056906983,-0.24322456,0.6170515,1
-1.1073456,-0.11685034,0.03602802,-0.84188426,1
-1.7038026,-0.85212976,-0.93630403,-0.6523186,0
-1.7504424,-0.6865965,0.24351999,-0.7055971,1
1.5505106,0.36139962,1.0655555,0.109712034,0
-1.131042,0.29700774,0.38318816,-1.1415718,0
2.0738983,0.24113977,0.17181793,-0.5604402,0
-1.1641552,-0.5752851,-1.6058389,-0.18078049,1
1.0257549,-0.7480111,-1.0043261,-0.9640264,0
-1.1995559,-0.54700345,0.9725894,-0.8292723,1
0.676763,0.5772492,1.2904049,0.86318225,0
-1.569839,0.013446659,0.8385967,1.090657,1
-2.0192497,-0.56553566,-1.0386686,-0.76925343,1
0.8455496,-0.56230265,-0.4358414,0.56486773,1
0.46025574,-0.6256964,-0.9419882,-0.30585533,1
-0.7540525,-0.07974308,0.6601802,5.572755,1
2.5270925,-0.36875558,1.7882721,-1.0826056,1
-0.65947604,-0.6215603,-1.2500223,-0.7186734,1
1.1114256,-0.93634427,0.5739675,-1.1590204,1
-0.26766807,-0.93490803,-0.11141093,-0.969338,0
-1.2255218,-0.2780648,-0.34393513,-0.5543314,0
0.6646407,0.8524616,0.43110657,-0.2321386,0
0.4381501,0.58538854,-1.0441782,-1.0951223,1
1.2506491,0.26279205,4.3115134,1.6015409,0
-0.03870873,1.0861493,0.40700257,0.24521084,0
0.22786874,-0.22891007,0.5173731,0.3319078,1
-0.306271,-0.22737882,-0.53256124,-0.2212272,0
1.4146377,-0.4817422,0.65501183,0.6808415,0
0.95725,0.39975706,1.5275626,0.6216431,0
1.9655933,-0.05223635,-0.065529495,-0.6509138,1
1.3823705,-0.7385583,-0.65089107,-0.05149123,1
-0.16318026,0.07261903,-0.03891971,-0.93561476,0
0.21989827,0.28753105,0.7644719,-0.35371184,1
0.58750355,0.571613,-0.2669297,0.035837803,0
1.1892292,-0.55748165,2.9313166,-0.118756965,0
-1.0107288,-0.87088007,-0.9207307,-0.2324831,1
-0.28321373,0.20640478,0.24567929,-0.09765792,1
-0.09406847,-0.28149027,-0.72379845,-0.017684441,0
0.09191589,0.05651385,-0.5504855,-0.087421186,1
-0.77516687,-0.52992624,0.3445354,0.5666096,0
-1.9538442,-0.36777055,-0.798968,-0.851055,1
0.17543933,-0.4475535,-0.67024636,-0.6144731,1
-0.4797721,0.31775534,-0.30013922,2.4758809,1
0.6685858,-0.5670065,-1.5686252,-1.01384,1
0.7159265,-0.33417672,-1.3648715,-0.89957416,1
0.09342469,-0.26613092,-0.11708817,-0.19789311,1
0.54263276,-0.5770125,-0.06309232,-1.1721685,0
-0.765522,-0.34080136,1.5497426,1.0686046,1
0.71202475,-0.39748138,-0.73107225,-0.59936434,0
0.21122147,-0.3853671,-0.3326573,-0.96633655,1
-0.7276306,-0.58118427,-0.8164498,0.66866827,1
1.276644,-0.6138365,-0.8524259,-0.79406744,0
0.765141,-0.072624065,0.70089144,-0.9292804,0
-0.42843696,-0.16395779,1.3320063,2.0834143,1
0.65711683,-0.21027403,-0.18320113,0.10962756,0
0.99859416,0.8982466,-0.44454676,-0.20979276,1
-1.0811327,-0.5495026,-0.8571469,-0.60021055,1
2.1416173,-0.5049421,-0.9420258,0.09772697,0
-1.1966085,0.51056165,0.87631804,-1.1774205,1
1.0400994,-0.24988301,-0.99529946,-0.1541703,0
-1.6697221,-0.73210657,-0.70519954,-0.76798713,1
-0.76149005,0.13963094,-0.92915857,0.81711996,1
0.26490405,0.47106123,1.3058302,0.55332696,0
-0.35699838,-0.10804311,0.19922718,0.057630736,1
0.70273226,5.2515006,-0.6565539,0.33707792,0
0.4085545,2.5922709,0.17806937,0.05773617,1
-0.20097709,0.3246733,1.6412494,0.64270914,0
-0.71497256,0.4564269,-0.98851883,-0.08615774,0
-0.37481886,-1.0474364,-0.5620183,-0.8816813,0
0.5281916,-0.9443253,0.7782633,1.0968845,1
-0.8601113,-0.05966255,-0.38432753,-0.18399563,1
-0.72825825,1.467131,1.3179537,1.3730203,1
-1.2553931,0.09514849,-0.48694965,0.39955232,1
1.1075443,-0.3334629,-0.97288823,0.2475435,1
-0.2023814,0.27497607,-0.29631025,0.67727524,0
-1.2293066,-0.9383863,0.52325904,-0.6305373,1
-0.96781576,-0.6370031,-1.691041,-0.99571836,1
-0.98494005,0.16878745,-0.26567718,0.13635336,0
-0.73483586,7.9893064,6.0422053,21.705832,1
-1.1709316,-1.0796182,-0.6267922,-0.7273294,1
-1.6284491,-0.15521297,-0.52868086,-0.6081994,0
0.5258051,0.5174762,0.7174973,-0.4910795,1
-1.3851948,-0.2827775,0.8329015,0.9324925,1
2.0392616,-0.67631006,-0.1245728,-0.6435878,0
0.20395732,1.7622846,-0.3325287,0.050740097,1
-0.07485357,0.65380734,0.08025334,-0.08226259,0
0.7680677,0.10515788,0.9462474,-0.08750596,1
-1.7038622,-0.93396527,-0.6444853,-1.1231571,1
0.0009159446,-0.4938506,1.7473001,0.068002224,1
2.0829735,-0.12673765,-0.0720074,-1.0091803,0
-0.2477627,0.4164697,0.327358,-0.74702036,1
0.30519497,-0.24662891,-0.12225503,-0.22217329,1
0.64142233,0.094745725,-0.96220994,0.5856761,1
0.17351262,-0.71246874,0.2768083,-0.681153,1
2.0279758,-0.42709023,0.15944383,-0.6029327,0
1.1962904,-0.22412553,-0.18283094,0.16694848,0
-1.2087578,-0.9005105,-0.5533344,-0.9579214,0
0.5900974,0.5898916,0.5690593,0.772482,0
-1.663275,-0.4863366,-1.0798972,-0.40956968,0
0.8584571,0.24030471,0.04484713,0.6602988,1
0.117657214,-0.97905034,-0.3287724,-0.31486362,1
-2.0916562,-0.17318705,0.74903655,-0.6952134,1
-0.4612916,-0.5479934,-0.61673665,-1.1610516,0
-0.90786755,-1.1552079,-0.9113994,-0.78358334,0
-0.10634869,-0.62755334,-0.68140644,0.03907151,0
-0.6708518,-0.19609131,0.6871718,1.1327322,1
-1.0310643,0.3062863,1.055652,1.1829898,1
-1.5661247,-0.11693555,-0.6762515,-1.0451211,0
0.43938255,1.4136399,0.2809251,1.69985,1
-1.386204,-0.37710375,-0.13651848,0.24234052,1
-0.67335933,-0.28168827,-0.5876569,-0.48486355,1
-0.73653287,0.46221766,0.056702815,-0.8872492,0
1.1564603,0.5342387,0.822478,-0.37136987,1
-0.88039786,-0.3172439,-0.8375377,-0.99666566,0
0.086153775,0.20559727,0.95118207,0.7348547,1
-1.3856964,-0.2123831,-0.531016,-1.0119795,0
-1.2153199,-0.760223,-0.4189806,-1.1288512,0
1.2254343,0.30098733,-0.84366876,-0.3962264,1
-1.7555295,-1.0117841,-1.3779151,-0.6672312,1
1.0135996,-0.620803,-0.8400371,-0.38350362,1
0.86244386,-0.113932714,-0.3135256,0.14880536,0
0.23471652,0.7731501,4.19045,1.5103914,1
-1.0787514,-0.0076262504,-1.5598255,-0.7009287,1
-0.73128474,-0.76703274,-1.1061716,-0.5167917,1
0.21927752,-0.4775939,-0.44289592,-0.85628295,0
-1.7409731,-0.82494295,-1.2627296,-1.0038605,1
-0.3804049,-0.26767588,0.23751482,2.4781578,1
-1.1624041,-0.57963955,-0.8439826,-0.6719505,1
-0.4630243,0.2978469,0.5149014,0.0028499067,0
0.55355537,-0.04794424,1.8069328,0.04345185,0
0.5401008,0.6276005,1.2585254,0.9072679,1
1.9628063,-0.4803192,0.65178496,1.0140527,1
1.2354866,-0.04095897,0.24862961,0.06849828,0
-1.1101816,-0.3920861,1.0589585,-0.14613806,1
-0.50890136,2.4342966,1.0640008,0.5542967,0
1.9537746,-0.4746677,0.2767865,0.08802976,0
2.3505116,-0.18468279,-0.77419543,-0.63519585,0
-0.93870217,-0.7660719,1.5275156,0.50428224,1
-0.86057484,-0.24807602,-0.84397763,-1.0409784,1
-0.13067499,-0.0033366308,-0.9175554,-1.0490746,1
-0.5968082,0.033234447,0.12431761,0.71503675,0
-1.0945431,-0.33412522,0.70907533,-0.74463356,0
0.06422043,-0.8473371,-0.60667765,-0.17720047,1
2.656374,-0.52903706,0.16986758,-0.58918834,0
0.8883035,0.24948794,-0.37711483,0.5870104,0
-1.4761151,-0.9301805,1.2166823,6.1356287,1
-0.770794,-0.48901218,0.8865556,-0.021961523,1
0.9980253,-0.67994726,2.123599,-0.60486126,0
-0.6922038,2.064697,0.58199054,0.16887084,1
1.4750625,-0.66974527,-0.98244053,-0.82761997,1
0.36173826,1.1561453,1.900579,0.084952265,0
-2.1454325,-0.286394,0.776384,-1.0269145,1
-1.9033834,-1.3330101,-1.4522715,-1.0139288,0
0.283733,0.016921073,-0.68976635,-0.2888155,1
0.8458792,0.015955195,0.26359808,-0.35555166,0
1.9779514,-0.09981606,0.58932257,-0.143077,0
1.0793763,0.49650556,-0.37393105,-1.1429156,0
0.6651452,-1.0688676,-1.1194441,-0.77034634,0
1.6419959,0.15528125,0.33674935,0.04936919,0
1.0810926,-0.86026305,-0.7539283,-0.797225,1
0.6536691,0.2210145,-1.2547768,-0.06732234,0
-1.8872144,-0.77580285,-0.7458577,-1.2443228,1
-0.9366984,-0.7495492,-1.3410321,-0.6658126,0
-1.464844,-0.53573215,-0.6262045,0.21299534,1
0.3148949,-0.6664634,1.9551084,0.76266235,0
0.008340806,-0.17400932,-0.24771713,-0.164318,0
-0.6923319,-0.6191034,-0.031188853,-0.9842153,0
-0.15162393,0.5985367,-0.84691775,-0.8282228,0
0.81924653,0.10640627,0.3544542,-0.3544285,1
1.2800893,0.31443056,-1.2995095,-0.9649034,0
-1.3415802,-0.5338783,-1.3873034,-0.68566173,1
1.050778,0.15089534,2.012241,-0.3737071,1
-0.7137573,-0.026034921,0.21330294,0.84475404,1
-1.765911,-0.9728291,-0.77791035,-1.116107,0
0.6602074,-0.45014822,-1.0295459,-0.7030545,0
-1.1291231,-0.5435854,0.025097795,0.7040059,1
-1.4061558,-0.4180324,-1.1807034,-0.852213,1
-0.51749563,0.30245703,0.7730932,0.5573514,1
-1.3932801,-0.31451985,-1.0527148,-0.62715447,1
-0.9307646,-0.6459338,0.99597114,-0.32867178,1
0.32817832,-1.146554,-1.1015239,-0.97513014,1
0.45183396,2.85018,1.0171082,-0.36620873,0
0.7894489,-0.12228345,0.97736454,1.6715741,0
0.4399868,-0.15152963,-0.20691285,1.4298234,0
1.2257036,-0.18464798,-1.2544858,-0.7448487,1
0.0128433965,-0.029417787,-0.76014125,-0.78707033,1
-1.1863923,-0.7860631,-1.5253592,-1.279314,1
-1.5543573,-0.44925094,-0.59017605,-0.9727012,0
0.36878702,0.008583644,1.2082063,6.5497084,1
1.0466719,-0.41017345,-0.027738892,-0.6747837,0
0.6746336,-0.37766483,-1.5703899,-0.96938074,1
-1.7936478,-0.87198985,-1.6341406,-1.1460341,1
1.9573094,0.46516934,0.53142583,-0.13003969,0
0.18760437,6.7721314,0.13555962,2.1155782,0
-1.8279954,-0.48342162,0.3968799,-0.9715544,1
1.4264891,-0.45250365,-1.1252066,-0.71871513,1
0.18890563,-0.2974116,-0.61728096,-0.37293395,1
0.39771247,1.1756529,-0.47252724,1.053596,1
-0.18630275,0.82259095,0.9199145,0.5998107,1
-0.2502153,0.28493124,0.19645482,0.43500164,1
1.1895028,-0.2635908,-1.2575235,-0.02277561,0
1.129231,-1.0337293,0.7207606,-0.13175933,1
-0.04491824,0.41867024,-0.39584154,-0.30707043,0
-1.4114866,-0.8855976,-1.2171816,-0.39061746,0
-1.3526174,-0.7763095,-0.38018557,-0.67603856,0
0.0698255,0.11397304,0.1417265,0.48447618,0
1.1700693,0.12914078,0.5321671,0.96303344,0
0.97432077,1.5557338,0.48849648,0.8652405,0
-1.0622126,-0.25356048,-0.42652115,-0.80822814,1
-0.4801327,0.3383135,-0.9608126,-0.9010979,0
-1.0143872,-0.4305924,-1.2921567,-0.606714,1
-0.072564095,0.027888656,1.3047441,3.8962235,0
-0.27459034,0.16052862,-0.9875235,-0.9581717,1
-0.688636,0.35197577,0.5005573,0.9326714,0
-1.7268844,-0.60909367,0.58735156,-0.805341,1
-1.836811,-0.49358106,-1.0180185,-1.0192707,1
0.315641,0.73098135,2.3384671,-0.008019455,0
1.4320279,0.76517004,1.277694,0.694611,0
1.5154399,1.180994,0.20375542,0.6964799,0
-1.1539816,-0.15189286,-0.028995745,-0.8814907,0
0.7338358,-0.3487475,0.1750265,-0.72169334,1
1.2020687,-0.52921396,-0.021924853,-1.1053066,0
-0.7183392,0.43464723,-0.4060487,1.0070692,0
-0.40289205,-0.30706367,0.4628233,-0.34256506,1
0.01139484,-0.40641844,0.5428123,1.1931745,1
-1.120619,-0.14185333,0.8114002,0.9291178,1
0.40938646,-0.5789078,-1.7026639,-0.7618368,1
0.740705,-0.0558749,2.4881878,-0.2822119,1
-0.6979106,0.05472359,-0.3834319,1.3896992,0
1.3579439,-0.65721905,-0.25695384,-0.2221232,1
-1.4313676,-0.7713928,-0.53191006,0.20350064,0
0.8241966,-0.7367108,-0.6984253,0.31950152,0
0.13963649,1.1189524,3.5713677,-0.8145761,0
0.79904085,-0.70315003,0.3727888,1.1343985,1
-0.788298,-0.3031814,-1.2388407,-1.1199389,1
0.68183124,-0.23413101,-1.8191279,-0.32033855,1
0.63584834,-0.4487416,-0.09381777,-0.8046808,0
0.23132369,-0.13025422,0.98532856,0.2637627,1
0.003145501,-0.5880518,-0.08055487,0.18326093,1
-1.3514848,-0.51497567,-0.5920825,-0.7853628,1
-0.21394007,-0.15678531,1.1785657,-0.46564382,0
-1.2436916,-0.7998986,-0.9041353,-1.039577,1
-1.1984982,-0.6567168,0.8495239,-0.060932122,0
0.8479167,-0.04095675,0.53445745,0.895948,0
-0.86814576,0.07829932,-0.93243426,-1.1488466,0
0.0809583,-0.89868855,-0.7330785,-0.7054821,1
0.33536604,-0.6145012,1.6237075,0.5719607,1
1.3795743,-1.3224659,0.16255686,0.044759262,0
0.6744921,-0.3568892,-0.42134133,-0.625044,1
0.44972008,10.8989525,-0.6007225,-0.697209,1
-1.0623583,0.5476757,0.3266711,1.461697,0
2.8884954,-0.30646712,-1.1485567,-0.01828912,1
0.22013462,-0.21230066,-0.46300694,0.510063,1
-1.5036541,-1.1636329,-0.560832,-0.61034894,0
0.30090111,0.46077958,0.95194536,0.100376666,0
0.8553289,0.8278899,0.7532848,-0.87028116,0
2.6097221,-0.09207074,0.32193547,2.6694088,1
0.93089235,-0.43752027,-1.2646275,-0.01998545,1
-0.03174997,0.6720105,-0.50288016,0.7771891,0
0.76158684,-0.8041148,0.8923305,0.6439766,0
-0.32135296,1.2356751,0.72282374,-0.24038263,1
0.08462762,0.9548587,1.200185,-0.31024694,1
-0.467717,-0.27630523,-0.57361233,0.015236724,1
-0.6435198,-0.91653645,-0.87063384,-0.17057115,1
0.46228313,-0.5295889,0.40469915,-0.32272005,0
-1.7350937,-0.78683543,-0.3296433,-0.12073918,0
-0.93622166,-1.1316822,-1.3564832,-0.89703536,1
0.44588664,-0.14010656,-0.6407913,0.3044339,0
-0.6601359,-0.6354829,-0.2900454,-0.988585,1
1.0317285,-0.14821127,1.6330401,3.0736952,0
-0.36577344,-0.44732153,-1.717052,-1.2220546,1
0.28912097,1.15227,0.46640646,0.58707726,0
-0.008587297,0.101715624,-0.7623848,-0.9383744,0
-0.15145965,0.0495847,0.06279272,-0.9245068,0
-0.7649933,-0.19771229,-0.27002537,0.6801842,1
0.6810543,0.14324008,0.48961526,-0.29316723,0
-0.47941077,0.5689924,0.6420809,-1.0678751,1
-1.2836611,-0.34957778,-0.32964832,0.8868029,0
-1.2718714,-0.29160294,-1.2948463,-0.786245,1
0.2410084,0.65980303,1.5644075,1.9342526,1
-0.51013243,0.9389373,0.23431195,2.2640116,1
-1.115988,-0.9483507,-0.19205412,0.8185203,0
0.33881214,0.42134663,1.0071663,-0.25098243,0
-1.0442266,0.18174286,-0.3348158,0.42437482,0
-1.7423608,-0.6028397,-1.447763,-0.7764344,0
1.6187577,1.6467917,1.6624827,0.67933446,0
-0.027352199,-0.30221438,-0.2376298,0.033774447,1
-0.17667843,0.4004525,-0.56599677,0.8132212,0
0.012219474,0.62494075,-0.033413734,-0.9886455,1
0.052573323,-0.045586824,-1.8444633,-0.95750356,1
0.39073956,-0.4734416,1.501083,-0.61837435,1
-1.2826623,-0.19419193,-0.3332804,-0.98720515,0
-1.0612787,-0.66628516,-0.71914524,-0.907134,1
-0.6800852,-0.5355385,-0.7537446,-0.353788,1
0.6704124,-1.2491064,-1.2996525,-0.0025240704,0
0.49672413,-0.36735162,0.4025413,0.43123874,0
0.9842095,-0.43526566,-0.42735106,-0.97650075,1
-0.24107066,0.5024226,0.26488835,0.9727514,0
0.52263945,-0.13559774,-0.28600115,-0.8165423,0
-2.0252323,-1.1150029,-1.1120197,-0.8773755,1
0.72134995,-0.045145568,-0.09653486,-0.5468429,0
1.4778304,0.34183148,-0.52830863,-0.79315764,0
0.95272136,5.313765,-0.38761246,1.2785276,0
0.37490863,-0.5351431,0.80780387,0.7492241,0
1.1577718,-0.065059245,1.3166308,-0.5213995,0
2.9378517,0.09522408,-0.04380071,-0.9405674,0
-0.017709069,0.11391504,-0.43334815,-0.050747465,0
-0.21570021,-0.13284013,-0.9202156,-0.15869842,1
-1.1390095,-0.414335,0.18261284,-0.047183286,1
-0.20291029,-0.22581655,-0.3481297,1.8321805,0
0.75429773,-0.59370244,-1.4129585,-1.2702017,1
-0.4488417,1.9230299,2.1104736,4.5182843,1
1.7589858,0.21709254,0.6622317,2.3320274,1
-0.13471201,0.49869606,-0.4562618,-0.97848487,0
1.18671,-0.76311654,0.43696195,-0.52810264,1
-0.2385502,-1.0195819,0.8234819,0.9049032,1
-0.09489313,-0.15253618,-0.19543582,0.1418866,0
-0.9691229,-0.5277062,-0.13034998,-1.1802487,0
-0.4557653,0.3791926,0.8387895,0.189344,0
0.72866786,-0.47209525,0.35909298,-0.56985414,1
-0.88048625,1.5688499,1.7095426,0.68227017,0
1.6014657,0.35283524,2.235692,0.012672529,0
-0.872479,-0.8204581,-0.7008139,-0.7112617,1
-1.0197788,-0.29281098,-0.3631167,-0.0766249,1
1.6903975,0.2828481,-0.74477434,0.3121077,0
-0.97796786,-0.40440026,-0.96284,-0.09129522,0
0.14994831,0.47694156,0.48064676,1.0788428,0
-1.2546375,-0.41639706,0.024138235,-0.8183487,0
0.19019943,-0.39343455,-0.10355979,-0.9113304,1
-0.2333578,0.7093631,-0.003405951,-0.33271334,0
-0.5294181,-0.39993855,2.679949,-1.0553324,1
-0.37407717,0.348142,0.3866458,3.2052295,1
-0.36184317,2.6487572,0.4263785,0.35653457,1
0.9904914,1.0279434,-0.28049976,1.7775714,0
-0.2057242,-0.37945804,-1.2979211,0.081797674,1
0.17617843,-0.5689542,-0.009066939,-0.8429879,0
-0.046774566,0.27322745,2.814371,0.5946041,0
0.6815837,1.5112109,0.18414444,-0.78339124,1
1.7479943,-0.40265304,0.0775167,-0.24060415,1
0.23401618,-0.41583863,-0.23605087,-0.6466468,0
-0.3985224,-0.37764537,0.04709226,0.4240238,0
0.41658106,-0.32601464,1.4279073,0.47079682,0
-0.30236724,-0.20820677,0.15581699,1.0281028,1
-1.1163504,4.8604674,0.16415033,-0.114509,1
-0.40268338,-0.5348643,-0.6689656,-0.45946276,0
-0.9236402,-0.089720115,-1.3515271,-0.8598736,1
-1.2304766,-0.56892574,-0.23182644,-0.12763375,1
-1.2641857,2.6507363,-0.072146475,1.1518495,0
-0.7352718,1.6208321,-0.8991177,-0.7623266,1
-1.3690885,-0.7243414,-0.44810238,0.38535613,1
0.84010255,0.63154006,2.4980938,0.13948296,0
0.107995704,-0.30134842,1.083027,-1.0987313,1
-0.19613323,-0.26167604,0.8693956,0.05285811,0
1.3429711,-0.37956595,-0.62332827,-0.42947593,0
-0.0715383,-0.3505352,-1.0068184,-0.9628821,1
-0.91488916,-0.11004989,-1.3931868,-0.9514128,1
0.4114531,0.22498164,3.936593,0.8854042,0
0.7830516,-0.62958854,0.1892581,-0.7389369,1
1.8067905,-0.8444433,-0.6314826,-0.04868377,0
0.46391022,0.93978,-0.2634369,0.3534606,0
1.3268747,-0.68822336,1.221695,-0.8369287,1
0.49092853,-0.18958241,-0.82072103,-0.6295893,0
-0.07082462,0.4029943,0.665749,-0.24646969,0
-1.5235149,-1.0207092,-1.1846316,-0.49054623,0
-1.0689949,-0.21283096,-0.8415981,-0.12551413,0
1.1116339,-0.66526926,-0.8823744,-0.7498968,1
2.1214035,-1.3300377,-0.42185798,0.25233087,0
0.3855788,-0.84201646,0.012833267,-0.40814784,0
-1.2326529,-0.68610996,-0.4015044,-0.7964274,1
-0.36799994,-0.3466937,-0.38049582,0.27807593,0
-0.48878685,-0.26543957,0.54593354,-0.027497247,0
-0.010794401,0.009090364,0.7129403,1.6058313,1
2.4433634,0.08744065,-0.32978767,-0.7711991,0
-1.3718147,0.26784638,-0.70617485,-1.158522,0
0.14268044,0.3208005,0.011874385,1.0063733,1
-0.7432779,0.08438985,-0.49841994,-0.88646746,1
-0.46861425,0.49845234,-0.9931804,-0.030565947,1
0.9383248,-0.5037829,0.63180375,0.59835166,1
0.95203793,-0.4564937,-1.4961139,-0.745379,1
-1.1830273,2.2806501,1.4907674,2.4222748,1
-0.95382243,-0.009890858,-0.056291107,0.9021912,1
-1.7268461,-1.110505,-1.1553873,-1.185971,1
-0.33816317,-0.12764812,0.6321008,-0.050422177,1
-0.57687163,0.36758256,0.40761262,0.79058707,0
0.2802986,-1.0585914,-1.582812,-0.53112924,1
0.16396093,-0.058770344,-0.67811483,-0.7634477,1
-0.15709156,0.6957203,-1.061923,0.54541004,1
-0.058477417,1.2084143,0.35069978,0.58275396,0
-0.35539925,0.6922959,-0.107441485,-0.37683967,0
-0.6957068,-0.3560577,0.40837303,-0.13473906,0
-0.2816903,-0.18654859,1.2743655,0.20515393,1
-0.46517557,-0.43775058,-1.4045384,-0.7419102,0
-0.11843405,-0.19625181,0.5545995,-0.08814861,1
-1.3564838,-0.7732744,-0.6116859,-0.74515396,1
1.1271194,0.08489199,-0.89674777,-0.7566954,0
1.100439,0.32552114,0.71399885,1.593248,0
-1.2805135,-0.42618006,-0.5879407,-0.9808258,0
-0.89038086,-0.6836196,-0.5067394,-0.36420155,1
-1.5123949,-0.58305603,-0.36772165,-0.7257308,1
-0.005273722,0.9337113,-0.19935158,0.8597846,0
-0.16969615,0.003835328,1.9052335,1.3684889,0
1.2178534,0.124545835,-1.5523345,-0.69804865,1
0.15169735,0.08902764,0.39442974,2.5443676,1
-0.07362227,-0.108235635,2.584934,6.3158426,1
1.3868158,0.42464888,0.39087966,0.5510402,0
-1.2321846,0.23255193,-0.6852094,-0.5749632,1
0.48447263,-0.4259715,-0.17393789,-0.24504969,1
0.57110524,-0.43559527,-0.5325606,0.20386578,1
-2.2720253,-0.81242085,-1.3897524,-1.0463079,1
-0.62821436,0.051281244,-1.1498675,-0.9969976,1
0.97756094,8.556137,-0.94890714,0.14508167,0
0.9617353,2.9798574,-0.46168327,-0.8302031,0
-1.3759542,-0.34434634,-1.0729259,-0.7095032,1
-0.6947465,-0.14104575,-0.28422165,0.6607328,0
1.0686755,0.004806921,-0.9988706,-0.13160606,1
-0.45738602,3.219813,-0.115926,-0.23111792,0
0.15666646,-0.4353767,-0.42037445,0.044427615,0
-0.11108468,-0.55289817,1.2991334,-0.56885266,1
1.2617688,-0.6850402,-0.58357567,1.20361,1
-0.16067891,-0.27344716,0.38078767,0.8763214,1
0.8615019,-0.9166856,-1.477143,-0.7361368,0
-1.0914277,-0.2583728,-0.98690027,-0.020006936,0
-1.046986,-0.7947768,0.6745825,0.15903167,1
-1.5281831,-0.7024903,-0.40231305,-0.06211544,1
-0.3319533,1.5755892,-0.23940578,-0.23922443,1
0.45246887,-0.939654,1.4885024,-0.86282444,0
0.10483423,-0.27717403,0.012153335,-0.4095069,0
1.1201522,-0.07003337,-0.8734037,-0.23272574,0
-0.89316535,0.37383205,-0.4797489,1.0745697,1
1.1115009,-0.30793607,0.75237226,0.030510243,0
-0.850214,-1.1468347,0.025369115,0.32413945,0
2.0233462,-0.62662125,0.22238138,-0.01868464,0
-0.9144841,-0.046328038,0.6463512,-0.9118617,1
0.6465014,-0.88542444,-1.6586485,-0.8703633,0
0.76681226,1.3531903,1.4892442,-0.023674574,0
-0.6071352,-0.5342091,1.6681995,-0.21496038,0
0.37494242,0.91254413,0.8427291,2.1687207,1
0.44129947,-0.2043901,-0.39010918,-0.73070204,0
0.08031738,-0.10525115,-1.4104772,-1.1980803,1
0.4132685,-0.056720212,1.191452,-0.7526199,0
1.7320971,-0.4077443,-0.0010453239,0.6166321,0
-1.5179113,0.97908205,3.916708,-0.93598706,1
-0.6642909,-0.5238879,0.31272176,1.0743582,1
-0.41642803,-0.85627466,1.5891887,0.7115677,1
1.9768233,-0.14873089,0.28595138,2.587987,1
0.6417302,0.11934931,0.13284522,0.6384052,1
0.55182165,-0.39545596,-0.35346603,-0.07237915,0
0.92407477,-0.3449543,0.7057854,-0.96820664,0
0.56236035,0.17523006,0.56919277,-0.093868405,0
2.2051086,-0.06933724,-1.1685872,-0.92371714,0
-0.11801849,0.29274368,1.943191,0.57868904,1
-0.13569,1.1741384,0.012901902,-0.8994726,1
0.56702197,-0.13819249,-0.26701415,1.6384904,0
-1.746001,-0.61672556,-1.8816228,-0.90886086,1
-1.8557737,-0.88228905,-1.5506312,-0.72880274,1
-0.29175034,-0.10602322,-0.4862008,-0.3202793,1
2.2717898,-0.19631371,-0.5804622,-0.78872174,0
0.54182965,-0.9910521,-0.1340886,0.8781376,1
-1.1946185,-0.50535524,-1.4176092,-0.84201777,1
-1.2270688,-0.23880318,-0.669655,-0.16649188,1
-0.551058,0.67457145,1.0590024,-0.16736619,1
-1.1263344,-0.8874682,1.1655946,-0.6859321,1
0.09542353,0.068522744,-0.90834045,-0.19273075,0
2.8485534,-1.226959,-1.1006405,-0.6764573,0
0.035146818,-1.028857,0.35254663,-0.60811996,1
0.18776059,-0.25838536,-0.2716003,-0.3117729,1
-0.45416886,0.78224385,1.5287844,2.4911494,0
0.34676534,-0.63837147,0.507402,-0.24178457,1
2.6465583,-0.1978414,-0.8301935,-1.1098282,0
-0.43814072,-0.5334193,-0.7586604,0.009768382,1
-0.28003097,-0.12031365,-0.73903847,0.7525336,1
0.22795174,0.33860117,-0.8784682,-0.021671355,0
0.7387863,-0.35215825,0.73320085,-0.23502111,0
-0.14189726,1.8317547,-1.137709,-0.59382683,1
0.24385671,-0.28774685,0.2256302,0.8873565,1
-0.33945462,-0.2555471,-0.66949594,0.9712266,1
0.55258745,-0.80568516,-0.1640304,0.09475809,1
-0.0084879175,-0.018161029,-0.7551244,-0.16396843,0
-1.9237328,-0.5363872,-1.3752313,-0.77593917,1
0.50089014,-0.29890144,-0.66275525,-0.036621094,0
0.5768921,1.2838778,1.4491968,2.3919084,1
0.9863192,-0.22399424,-0.113758266,-0.26580265,0
1.0866888,-0.68902177,-1.594136,-0.83285266,1
1.1860414,-0.0028811917,0.23319499,-0.15844591,0
-0.27799696,-0.43253985,-1.1432892,-0.5414869,1
-0.7161775,-0.4266873,1.4794732,1.6434257,1
-0.8163793,0.6257948,0.53220123,2.4951057,1
-1.8380764,-0.63623667,-0.7496302,-0.80637795,0
0.27186006,-0.31683612,0.53698206,0.016193897,1
1.5787823,-0.13173562,0.7110459,-0.88786185,0
1.5855936,-1.052767,-0.5754851,1.5469024,0
0.19960906,-1.1384962,1.1891631,1.8247902,1
-0.42935508,0.06442443,-0.15253444,0.27062562,1
-1.1470194,0.11101857,0.9119388,0.31619042,1
0.4887069,1.3362832,-0.45886892,0.26319087,0
0.44237614,2.4107199,-0.0087634325,-0.7269014,0
-0.56312644,0.61828434,0.045404464,0.950213,0
1.6511041,-0.37964177,2.3288977,0.596274,0
1.7853833,0.093140624,0.49288732,-0.81808573,0
-1.101837,-0.696447,-0.6780422,0.70316577,1
1.116786,-1.0265824,-0.17662823,-0.28295296,1
0.46638355,0.5377522,0.6036771,-0.17963906,0
-0.81122077,-0.4746639,-0.0041454136,-1.0807744,0
0.0514248,-0.061571084,1.3342738,1.1853576,0
1.918745,-0.19232884,-0.7151639,-0.90157086,1
-1.6075046,-0.6565426,0.4809479,0.59791464,1
1.0048116,-0.028025866,1.0051148,1.0663099,0
0.20037942,-0.4880607,-0.46177065,-0.5520465,0
0.29269102,0.22870785,0.18762696,-0.45079848,0
0.70095307,0.54347974,-1.2265416,0.045921978,1
-1.5639098,-0.6339647,0.13569604,0.108168066,1
0.10709964,0.3496002,-0.8189945,-0.15010373,1
0.63338256,1.1532257,1.307641,-0.9819857,1
-0.9395558,-0.3278762,-0.05755742,-0.26352724,1
0.6272231,0.025726095,1.7442602,0.10407291,1
0.17200205,-0.3298627,1.0933915,-0.41170278,1
-1.7701896,-1.1150115,-0.4839263,-0.363023,0
0.028724715,0.06926178,-0.6928143,-0.18037564,1
0.8787807,1.1446931,0.21279833,-0.05279522,0
-0.87513757,0.23892283,0.42798167,0.7907913,1
-1.5473905,-0.8500571,-1.1232473,-0.7629703,1
0.8361723,-0.025375023,1.1642827,-0.26173353,0
-0.7868546,-0.5898735,-0.7630365,-1.0298696,1
-1.3156779,-0.2748514,0.21115744,-1.2794033,1
-0.03939867,-0.62772447,-1.3689361,-1.126189,1
1.7468871,0.32411665,1.9954265,0.6086977,1
0.7925098,-0.023759633,-1.1813911,0.002463635,1
-0.26720288,-1.0177803,0.5986809,-0.75484234,1
0.124010295,-0.027517557,0.4981404,0.4827712,0
-0.6353792,-0.21894792,-0.8862207,1.2489575,1
0.028137825,1.740827,0.21205127,-0.221472,1
-0.87995803,-0.69119453,0.16229239,-1.0572282,1
-1.8162911,-0.099383205,0.19991744,-0.49079263,0
-0.26931444,-0.5112625,-0.6630367,-0.5515085,1
-0.04836984,-0.27440196,-0.3517185,-0.21331383,1
1.393333,1.2420921,0.1978274,-0.7543955,0
0.32010272,0.07276937,0.43256497,0.7791195,0
-1.6845403,-0.8042479,-0.64802396,-0.044656392,1
0.8946987,-0.29728803,-0.97448254,-0.76281565,0
0.8301984,0.07213998,-0.2504732,0.1836555,0
0.7396579,2.729986,1.4903423,1.1123166,0
-1.2725749,-0.42620462,1.4805238,0.07812327,0
1.2027414,0.20049733,0.04088238,-0.68004644,0
-0.012386367,-0.15544347,0.9920031,0.7616672,1
-1.2934674,-0.9555352,-0.26629746,-0.13391373,0
-0.52007985,-0.60902745,0.83521426,-0.7843303,0
0.8326441,-0.5426193,0.19181857,0.091713786,1
0.5897955,-0.040128887,0.91332746,-0.3106637,1
-0.46891057,0.6140653,-0.7967104,0.15612325,0
0.23633888,-0.37118846,-1.2897037,-0.74645877,1
-0.17796592,-1.0034828,-1.0969032,-0.15425149,1
-0.40127146,0.031327143,0.77532375,0.855661,1
1.5417706,-0.51346415,-0.47531834,-0.72270614,1
1.5405629,-0.33102843,0.20798984,0.14073941,0
-0.83749545,-0.0891874,0.088569544,0.82489574,1
0.7738087,-0.057679877,0.0397461,0.7358939,0
-1.0498031,0.018497089,1.8207359,1.0621202,1
-0.43207267,0.24569342,-0.02745302,-0.29498592,1
0.6971617,0.07421463,1.9297934,0.66988224,0
-1.9701612,-0.7038958,-0.80164516,-0.6183962,0
-0.8871442,0.16857338,-0.3748008,0.008688532,1
0.050432146,0.21223068,-0.6114942,0.11548568,0
1.0991482,0.7422289,0.19861338,0.8386716,0
-1.6524785,-0.28945446,-0.4867683,0.6787088,1
-0.27941233,-0.5443729,-0.99068326,-0.9085411,1
-0.8097446,-0.5853677,-0.7320992,-0.9719835,0
0.05186478,1.1193688,0.14789712,0.44718394,1
0.7357421,-0.5403496,-1.6635433,-1.0355198,1
-0.31762055,-0.0018332303,-0.4281607,0.2316605,1
0.51442796,-0.2952428,-1.5134429,0.25176924,0
0.1308715,-0.008397087,1.850385,-0.37263396,1
0.110587776,-0.56325144,-0.7012691,-0.6152482,0
-0.107402205,0.119637616,1.1495821,0.7967535,0
1.4603968,0.0022125132,0.2608637,0.73081577,0
0.15309449,-0.3091145,-0.38501838,0.006624121,0
1.7577881,-0.46302682,0.2938064,0.15593058,1
1.2814878,-0.7397733,0.84360385,0.064870805,0
-1.1720748,-0.23971325,-0.62169963,-0.91812456,1
-0.9168025,-0.52248025,0.16296834,-1.0294526,1
0.6792188,-0.9113293,0.97130984,-0.23023725,1
-0.4412591,0.63088423,0.870327,1.5085831,0
0.64215654,0.2413936,-1.2433434,-0.77256644,0
-0.99411285,-0.09067325,-0.67962587,-1.3497685,0
1.7338576,1.1889024,0.36755008,-0.22683938,0
0.36287022,1.4701126,1.707473,0.028348636,0
-1.6978039,0.50949883,-1.1391006,-0.5748596,1
-0.33205652,-0.14474916,-0.7611173,-1.4505663,0
2.664821,-0.41528085,-1.4219916,-1.1365689,1
1.0364777,-0.23547879,0.20836243,0.714076,1
-0.4140312,0.6830681,0.80436736,-0.14370207,0
-0.39179415,0.6237143,2.4136286,6.4327264,1
0.37687117,0.54586416,1.535628,2.6360302,0
-0.07114136,-0.11249911,5.8245854,-0.6104065,1
-0.41825968,0.34256613,1.7606425,1.1636176,1
0.16919272,0.6448185,0.4375677,0.44944748,0
-0.19314834,-0.1365954,0.33116814,-0.051382408,1
-0.3917296,-0.24434656,0.6407175,-0.8182696,1
-1.490733,-0.7081635,-0.5466083,0.023708198,1
-1.8600498,-0.6386956,0.04876118,-0.8428158,0
-0.35346386,-0.0035876036,1.4018576,-0.61373293,1
-0.054075923,-0.30344445,-1.6710218,-1.0204513,1
-0.12802619,0.40358853,0.499298,0.72558826,1
0.4715116,0.41373485,0.56344336,-0.009050725,0
-0.34126532,0.0036177784,1.2574799,0.6841852,0
0.9889896,-0.5551493,0.0638148,0.6672009,0
1.4206626,0.034992848,-0.5823543,-0.7726624,0
-0.2978118,-0.7880912,-0.90106213,-0.9455403,1
-1.9685687,-0.66382873,-1.2693678,-0.809231,1
-0.78021455,0.040615797,-1.3785095,-0.75595623,1
-1.6245669,-0.35305244,-0.7733951,-0.9062783,1
-0.17845905,-0.008116007,-0.6976086,0.20822018,1
0.36046967,-0.04417023,0.6998442,-0.9546733,1
0.9364609,-0.040026844,0.11813238,0.036272254,1
-0.23296532,0.40756884,0.7994406,1.5292095,1
0.26418954,-0.29478094,-0.68637717,-0.9738822,1
-1.5868673,0.52514976,-0.28330246,0.12779713,1
-0.56170785,-0.31474796,-0.44536528,-0.92946386,1
-0.62187254,0.6733384,-1.067316,-0.0031037107,1
-1.5823147,0.7060947,0.4410198,0.9970905,1
0.05037428,-0.01884944,-0.72706014,-0.8136735,1
-0.44246978,-0.07269445,0.68444955,-0.4862921,1
-0.5425954,-0.47514996,-0.43022412,-0.53895485,1
0.12914269,-0.3573141,-0.3292125,-0.06178444,1
-0.8392212,1.0627462,-0.20176136,0.6649769,0
0.94997376,-0.56124103,0.84793943,0.53286475,0
-0.5605235,2.5301237,-1.6190476,-0.9997137,1
0.6956221,-0.2917752,0.115006074,-1.0234238,1
0.6084576,-1.0492018,-1.5206662,-1.0696386,1
0.8470397,-0.17089134,-0.32182607,-0.10548513,1
0.7672699,-0.23124956,-1.1422693,-1.0338606,1
-0.8899697,-0.90720236,0.13619195,0.82986945,0
0.9816673,0.6178869,1.3555764,0.46676433,0
1.2078757,-0.2997952,0.65826625,0.89740527,0
0.09069492,2.3506916,0.3979919,0.47594655,1
-0.7809998,-0.7096205,-0.7171556,-1.1710757,0
-0.525755,2.6033792,0.9135685,-0.18008201,0
0.28200608,0.13007843,-0.33527446,-0.6573348,0
0.18313959,1.3507185,1.555608,0.27739248,0
0.5896506,1.1524174,1.4147868,0.3839851,0
-1.1208026,-0.46951103,-0.59741795,-0.26792577,1
-1.4060215,-0.8338332,-0.46202314,-0.89772797,1
0.9027602,0.36579764,-0.17057347,0.8152806,1
0.09275985,-0.2672825,-0.78009325,0.9712869,1
-0.9467233,-0.35100007,-0.8628168,0.5744263,1
0.09590061,-0.16607141,-1.3602734,-0.37174252,0
1.2532603,-0.09527615,-0.22385699,1.4990876,0
-0.5769238,0.11432752,-1.6006058,-0.5822576,1
-0.78751355,0.21452202,1.1452347,-0.0609552,1
-2.055695,-0.5451896,-1.1455911,-0.89945066,0
0.47184843,-0.40110588,-1.1991063,-0.34794837,1
-0.515005,-0.56569535,0.3155827,-0.8771646,1
1.4835042,-0.54240346,0.7836311,-0.8606627,0
0.79165065,-0.22351263,-0.8755476,-0.7868749,1
-0.8565221,0.10715225,-1.1962594,-0.57332414,1
1.5566232,-0.43044132,-0.20464134,-0.0055103526,0
-0.7938038,-0.09707326,0.3594887,-0.16948618,1
-0.9786154,0.21418889,0.6765455,-0.5680898,1
-0.83838266,0.14281312,-0.026169479,-0.117358744,1
0.066022515,0.105726704,-0.52949226,-0.3159784,0
1.4227679,-0.9518718,-1.3304714,-0.99929833,0
-1.0198066,-0.7283258,0.32575947,-0.528371,1
-0.045234263,-0.04466924,1.2045302,-0.23242494,0
0.8843032,-0.3337071,-0.53895867,-0.8078248,1
-1.1954291,-0.33845448,-0.595814,-0.17751746,0
-0.14126743,-0.44202235,-0.75272983,-0.65374744,1
0.85182774,-0.6521668,0.051861517,2.3338108,0
0.2105549,0.36178643,0.07158634,-0.16436322,0
0.53306997,0.39395812,0.76407367,0.0057663806,0
1.6624972,-0.69575024,0.069154024,-0.019406876,0
-0.7150133,-0.39425212,-0.11308016,-0.94282764,1
0.60606706,1.606008,2.790654,-0.2717229,0
-0.7624275,-0.61211926,-0.50299853,-0.6931344,1
1.1226037,1.5780323,-0.004519142,0.57926226,1
-1.266616,-0.27903587,0.14348526,-0.12969719,1
0.9605712,-1.0252964,0.43316478,0.04685736,0
0.054650854,-0.066833615,-0.5258933,-0.8504042,1
0.39453924,0.063777775,1.2690058,-0.22316067,1
-1.129184,-0.56334466,-1.3919216,-0.7219096,0
0.49392086,-0.017509103,0.3221778,-0.10564929,0
-0.8160806,-0.5980356,-0.32676804,-0.9802272,0
0.5384695,0.46842256,0.52244276,2.7006485,0
3.0734682,-0.4132457,-1.5318763,-0.9102353,0
-0.74261785,0.23019814,0.31757027,0.6633723,1
0.4185769,-0.29090422,0.9682124,0.67299324,0
-1.6470265,-0.2508872,0.22343606,0.19128855,1
1.1188124,0.35934374,0.45586592,0.4514806,0
2.3459313,0.8973186,0.8807932,-0.6878444,0
-0.15650433,0.14769065,-0.9400475,0.13980861,0
-0.31837323,0.01155521,-1.2261472,-0.47951287,1
1.4838332,-0.6904624,-0.08141823,1.5394737,1
-0.14253402,1.4205848,-0.28533116,-1.0322431,1
-1.2114877,-0.70056397,-1.717819,-0.6790355,0
-0.67201805,-0.5194106,0.35379112,-0.8355976,1
1.5576278,-0.5040607,-0.51719207,-0.07934597,1
0.5497321,0.018465161,-0.5841925,0.15474558,0
-0.68070143,0.3823642,0.19356433,0.17278595,0
-1.0337361,0.15957811,-0.30353943,0.5975314,0
-1.1802465,-0.60565174,0.30575678,-0.8778124,1
-0.19288951,-0.8692117,-1.8218875,-0.56629306,1
1.2336947,-0.022616953,0.91543245,-0.1919852,0
-0.6023855,0.5319158,-0.6240846,-0.058299854,1
0.13452461,0.12341,0.10228963,-0.7162837,0
-0.974454,-0.3758903,-0.2563783,-0.55967784,0
0.42331278,0.5175092,2.1446896,0.70046395,1
0.36282578,0.22486287,0.4981777,0.13618469,0
0.6124891,0.27309275,3.0453646,-0.70405287,0
0.7251784,-0.10071905,0.31959817,1.7483231,0
0.9916458,1.0007011,0.05946541,-0.15205552,0
0.8977675,0.24934229,0.24807912,-0.18625708,0
0.13924065,0.057930876,0.19807908,0.13403854,0
-0.33777624,0.85302246,-0.26647374,1.1456559,0
-1.5390128,-0.22913149,-0.58744013,-1.0269644,1
-1.1325374,-0.027266234,-0.6920868,-1.1128342,1
1.3554927,-0.6677134,0.28923136,-1.0230193,0
-0.89409786,0.9837157,0.2779855,1.529315,0
-1.2872226,-0.2560564,0.25750548,-0.03456388,1
1.3430628,0.35858092,1.8457948,0.60693,0
-0.10163298,-0.26696616,-1.482363,-1.110049,0
-1.1230524,-0.51108,-1.2425784,0.7733686,1
0.0833052,-0.5754213,-0.6433316,0.1148026,0
0.5634927,0.3826361,-1.4102443,-1.1565318,1
0.95918703,-0.1701324,1.059979,0.24283998,0
0.1556507,0.5686738,0.34017426,0.8369111,0
0.45672384,0.17654422,0.5249781,0.8109336,0
1.287137,0.00811471,1.4936906,0.80573285,0
0.29715168,-0.25318298,0.8790829,0.8244345,0
2.0953805,-1.1545677,-0.117292434,-0.015284205,0
-1.1459811,0.75408745,-0.4202175,-0.849578,1
0.79453164,-0.3895626,-0.5603224,-0.93546826,1
-1.5522909,-0.41005403,-1.0351362,-0.68474525,1
-0.5475795,-0.0982482,0.2833834,0.16942517,1
0.31952703,-0.12557912,-0.6032015,-0.52943444,0
-1.1751041,-0.548016,-0.52490747,-0.8958232,0
0.2843194,-0.10873589,0.35776776,-1.020095,0
0.9509787,-0.9486064,0.5776815,0.11105831,1
-1.7043769,-0.032066554,-0.4577157,-0.883724,0
0.3178748,0.5633474,0.082654,1.0461067,0
-1.5117279,-0.6665598,-0.6744075,-0.9894738,1
-0.1265434,-0.6688809,0.18028718,-0.7321446,1
-0.30636472,-0.49815893,-0.695413,-0.072445765,0
0.53638625,0.48837546,0.96721196,-0.5688243,1
-0.076284856,0.1668015,-0.5946818,-0.2461683,0
0.24265625,1.1628876,-0.81850713,-0.7481679,0
1.1526958,-0.13239175,-1.7558327,0.003276147,1
0.79166245,-0.62994164,-0.7171531,-0.30048305,1
0.1268327,-0.19546139,0.19006643,-0.91579646,0
2.0739908,-0.6646111,-0.39902374,-0.5714047,0
1.6728222,-0.9161237,0.034318328,-0.6644154,0
-1.0030934,0.7166079,-0.5752325,-0.55265886,0
-0.27867812,-0.4747718,-1.1438588,-1.0630684,0
0.37891534,0.7156865,0.98820096,0.5611948,0
-0.89572686,-0.43329495,-0.68213147,-0.62403107,1
1.183723,0.8776919,-0.049198195,0.071541965,0
-1.2923518,-0.9003912,-0.87809694,-0.41721085,1
-0.76803184,-0.16775587,-0.0587288,0.7062171,0
0.8245077,-0.65276295,-1.1117499,-0.36116427,1
0.29985785,-0.01001291,1.5412599,1.3984355,1
0.1004798,-0.38006288,-0.937756,-0.7876473,1
-0.8451761,0.13610724,1.6916269,0.010539338,1
-1.749237,-0.8114176,-0.91187006,-1.0031941,0
1.5948827,-0.74653274,-1.4326587,-0.7691865,0
-0.4373048,-0.58627,-0.12552308,0.71844804,1
-0.34664255,0.40345567,0.019267619,0.2606783,1
0.09539157,0.013512313,1.4440379,2.4676466,1
-1.1254251,-0.7437948,0.15554315,0.67958355,1
-1.2176661,-0.29903108,-0.6848925,-0.73407966,0
0.37786397,0.5266514,0.92617977,0.29416198,0
1.0234369,-0.36544988,-1.5648949,-0.6507234,1
-1.0928488,-1.0041465,0.119354255,0.73402673,0
1.9964535,1.1461753,-1.2695625,-0.64741856,1
0.98107845,-0.25209695,-0.81180066,-0.11818169,0
-0.7288326,-0.27575532,0.13621688,1.2199771,0
-1.1987718,0.53451115,1.2530135,0.5010851,0
-1.0646434,-0.5296918,-1.4097496,-0.7680854,0
-0.38255674,-0.8664659,-1.5518585,-0.7928426,0
0.2607253,0.7265043,1.0491693,-0.09630818,1
0.5934765,2.165584,1.7280741,-0.35559094,0
-0.3807774,0.39429834,0.116950646,0.7770349,0
-0.4366169,-0.27085847,-0.84993976,-0.66737646,0
-1.5456424,-0.70539576,-0.5652213,-0.6845185,1
-0.053324685,-0.9970511,2.0851383,-0.11641337,0
-0.3325952,1.6300545,0.63267994,2.3011196,1
-0.17117782,-0.45673802,1.6452425,-0.09154837,1
0.17280608,-1.1136636,-1.2375791,-0.7015034,1
-0.9864049,-0.37689152,0.0108030215,-0.55058664,0
-0.6307758,2.531592,-0.03058067,-0.9044989,0
0.73577946,-0.085382186,1.379109,0.67305243,1
-0.21061134,0.1154118,0.7734092,-0.008739065,0
1.002916,0.9166857,-0.4585692,0.096795306,0
1.8095987,0.19454461,-1.1378822,0.12850164,1
-0.8724901,-0.15982765,-1.7346064,-0.6183601,1
0.3423217,-0.34965545,-1.1054707,0.11888522,0
0.026727322,1.0279416,2.2969875,2.2220316,0
-0.6348684,-0.2691713,0.23829882,0.295454,1
0.321321,-0.3068741,0.12244397,-0.81573486,1
-0.9141663,-0.40065908,1.1172329,-0.9611166,0
0.15182813,-0.57564944,-0.22666165,-0.99057996,1
-0.48084712,-0.61737216,0.031007484,1.1981736,1
1.1877469,0.7895609,1.9426138,0.3677301,0
1.112327,0.3266064,0.40455648,0.06595707,0
-0.4540387,1.1178242,-0.78809774,-0.9150095,0
0.23519127,2.023867,2.170026,3.875991,1
1.0123765,-0.16906363,-1.4939396,-1.2040693,1
0.14939788,-0.12037748,0.41474098,-0.36355352,1
-0.30638278,-0.39363462,-1.0730785,-1.0666649,1
-0.79788905,-1.5249252,-0.36856094,-0.18449882,0
-0.89556986,-0.43690646,0.25347024,0.49964815,1
1.2033908,-0.49277854,-0.56182593,-1.1165802,0
0.90040034,1.2949792,1.9838626,1.897233,0
1.5499629,-0.6673527,0.19000089,-0.2435274,0
-0.56066895,0.49460262,1.2236329,-0.18476643,0
1.4642553,0.6395857,1.077103,-0.16053762,0
0.056964196,0.15832177,-0.76025665,0.030195054,0
-0.065582216,2.5672834,-0.008598179,-0.003313765,1
0.6421065,0.046974912,0.43901587,0.9849623,0
1.1061122,-0.5023702,2.274838,0.3710925,1
0.11555307,-0.09184745,1.1506647,-0.59062487,0
0.30240506,-1.0228163,-1.3945926,-0.7312108,1
-1.3011398,-0.19223519,-0.85823894,-0.66653574,0
-0.007858336,-0.038793735,-0.5904305,0.012639381,1
0.07230294,0.07655239,0.3525594,0.7810122,0
-1.5516087,-0.15506768,-1.3585607,-0.746732,1
0.7886887,1.0317763,-0.39249235,1.4855572,0
-0.42304426,-0.31240425,-1.1900768,0.104490325,1
-0.63761204,-0.24760143,0.45589125,0.7002244,1
0.32959878,0.4348994,0.46062624,2.1894426,1
-0.32446152,0.90515196,0.42948395,0.5573531,0
0.013074509,-0.07496907,0.20384169,0.4006066,1
-0.47119135,0.12692454,-0.006159872,1.4384689,1
0.39678589,-1.1108013,0.37914398,-0.73696023,0
-1.0047691,-0.24123555,-0.3228249,-0.72344553,1
-0.74246204,-0.6922845,0.7271692,0.8236141,1
0.23728357,-0.5735923,-1.0857228,-0.9632072,1
-0.45661116,-0.385888,-1.3288753,-0.7671951,1
-1.821818,-0.18844971,-1.3603896,-0.49954182,1
0.5716332,-0.9247178,0.9285865,-0.32491148,1
0.09887381,0.47067922,-0.6626059,0.88650775,0
1.1789048,2.3323784,-0.49586833,1.0634778,0
-0.40623295,1.8047807,4.2014318,9.308091,1
0.15481232,-0.31947216,-1.1741258,-0.7808992,1
0.45425534,-0.47710946,1.9249747,0.6948635,0
1.035103,-0.6740235,-1.0938051,-0.9586932,1
0.23359346,-0.03518413,-0.6879413,0.6945373,0
1.0646235,-0.43510276,0.7522874,0.005416345,0
1.0008847,-1.245716,0.34127766,-0.72318196,0
0.067196146,-0.1263344,0.17955118,-0.63014895,1
-1.4090357,-1.3895035,-1.4319423,-0.8046154,0
1.0053511,0.39937595,0.5539005,0.6630372,0
0.011203025,1.2014269,-0.6531029,0.038114656,0
0.77201676,-0.4114045,-1.2090143,-0.90644974,0
-1.393137,-0.8296515,-1.077349,-0.6604682,0
1.1438887,-0.37195995,-0.3388766,0.7064323,1
-0.88199615,-0.5827556,-1.1093508,0.47239676,1
-0.20355034,0.7156128,-0.54164803,-0.82110196,0
-2.0079765,-0.87979186,-0.644461,0.07060993,0
2.2597682,-0.8073083,-0.86572653,-1.1060355,0
0.04241074,-0.47653013,0.15444618,-0.746079,1
0.3356601,-0.8695487,-0.3837014,0.046406288,1
0.24931906,-1.0517964,0.022230119,-0.440631,0
-1.8823963,0.13310587,0.68896806,-0.8765466,1
0.41362196,-0.95948124,-1.3380743,0.0007217005,1
-0.5176563,-0.74135953,-0.34407738,-0.19492564,1
2.5063329,-0.3119343,0.64277697,-0.20418347,0
0.88519716,0.10658729,-0.04429716,0.06805648,0
0.09602524,0.22901745,0.6412249,-0.93890494,0
-0.8945468,-0.5637633,-0.88741493,-0.74857813,0
-0.97701776,-0.0626905,-0.6921258,-0.6405612,1
2.0663552,0.34836876,0.62920165,4.1944256,1
-0.23682547,-0.816099,-1.6441495,-0.5809567,1
1.0949528,0.7898297,0.8326939,0.31321535,0
0.6675966,-0.49286085,-1.0229865,-0.745033,1
2.2422142,0.084930055,0.12760115,-0.7454285,0
0.7245382,-0.80067396,-1.5654194,-1.1340098,1
-1.1880022,-0.7553655,-0.89514947,-1.0042131,1
1.3688598,0.67941207,0.35184544,-0.034743175,0
-0.8323345,0.51929545,0.119208746,-0.008409787,0
0.34325892,0.94788605,-0.48585796,0.6644706,0
-0.56226146,0.09595735,0.033096522,0.05372444,1
-2.0665307,-0.75782865,-0.7797443,-0.771905,0
-0.42718175,0.9021096,1.0210556,2.1572933,1
-1.3060012,-0.59032756,-1.1539478,-0.58494306,0
-0.6731915,-0.8788686,-0.56639934,-0.11038497,1
0.27997968,0.36890078,0.45791918,0.58588374,0
-1.0062943,-0.69122475,1.2215867,-1.194928,1
-1.0203457,-0.49553058,-0.9812935,-1.2364297,1
0.27172545,0.38628426,1.8638842,3.8572772,0
0.9402647,-0.22221383,0.26426446,0.66878164,1
-0.28097865,-0.3197784,-1.3311343,-0.22584134,1
1.0797243,0.43641552,1.2423081,0.7264361,0
-0.16444084,-0.64993364,-1.53324,-0.6973998,1
-0.5946226,-0.70317084,1.7482079,-0.33577752,1
-0.92648363,-0.45221603,-2.0254862,-1.4572,1
-0.60422873,0.7929219,-0.43474784,0.68473244,0
-1.6407564,-0.445185,-0.70412344,-1.2079405,1
0.70255274,-0.52746904,0.64039266,0.85911816,1
1.134469,-0.8168775,1.7725711,0.01318818,1
0.52078927,7.0002337,-1.0570223,-0.6825863,0
0.09036656,0.8303465,2.0587904,0.7382944,1
-1.6927108,-0.6158811,-1.2808625,-0.84856296,1
0.4940818,0.20454714,-0.6440057,-1.0850232,1
-0.85127175,-0.15696776,-0.15835631,0.7701119,0
-1.2254533,-0.49383363,-0.41319653,-0.803515,0
-0.9839777,-0.31474742,0.095988534,-0.69934875,1
-0.5029726,-0.68214417,-1.8744745,-0.20913388,1
-0.54248595,1.4096205,0.6865132,0.73008674,0
-1.1694105,0.043476313,-0.72124994,-0.1616816,1
-1.6029985,-0.72904074,-0.87417513,-0.0013361461,0
0.2627296,0.049055323,2.1790948,1.1232983,1
0.12819779,0.05513519,-0.3763152,-0.33634734,1
-0.0873318,-0.22198598,0.74082094,1.4689915,1
-0.5254147,-0.62928706,-0.5348002,-0.0702219,1
-1.3363917,-0.37634748,0.63543075,-0.80558705,1
-0.0996933,0.9215838,0.36602518,1.4952701,1
-0.6858829,0.032484844,0.46607894,0.91068614,1
1.1514933,0.9704979,-0.70031583,1.0716884,1
-0.16831616,-1.137706,-0.0024107918,0.79173803,0
-1.6291562,-0.37533316,-0.8832552,-0.6739728,0
1.0652485,0.6497773,2.7856345,0.527048,1
3.532736,-0.5028702,0.31098223,-1.0767536,0
-0.5606954,-0.10695042,-1.0888041,-1.1999921,1
-1.4025209,-0.3700989,-0.27946,-0.9500682,1
2.7864897,-0.20995522,-0.7037659,-0.2209956,1
-0.6865724,-0.49970847,-0.4615543,-1.0412941,0
-0.7474168,-0.17389178,-1.6833882,-0.69979197,1
-0.20849374,0.10264912,-0.34145755,0.64516824,1
0.9420836,0.57917124,1.465631,0.44830778,0
-1.6438229,-0.538072,-0.2621435,-0.8958411,1
0.8237395,-0.6186622,0.15710327,0.5687538,0
1.0720257,0.9059495,2.283225,1.5150995,1
-0.25512585,2.562404,-0.9946737,0.053135578,0
-1.1409222,-0.73564273,-1.4328306,-0.5731598,1
0.38831326,0.72568315,2.7341022,1.1048745,0
1.0510015,1.245272,-0.6050385,0.2760854,0
-0.015033504,-0.25961527,-0.7268715,-0.5606979,1
0.071484596,0.9205884,0.37802362,0.8240762,0
-1.7175914,-0.82134014,-1.7738535,-0.72445846,1
0.9716131,-0.98738563,-0.56265086,0.55291355,1
2.6256227,-0.4292971,0.7286207,-0.8893914,0
-0.8250748,0.2728181,1.8130854,2.2921655,1
-0.8267633,-0.55715775,-0.40241784,-0.07995202,0
-0.77558255,0.14822577,-0.97130805,-0.73022574,1
-0.9378941,-0.61741585,-0.83836865,-0.73351735,1
0.4942994,-1.0899854,-0.8334056,-0.059107073,0
-1.7264038,-0.69896823,-1.1795356,-0.9498465,1
-0.16657361,0.47396272,-0.7962675,0.50856423,0
0.9215412,0.047434315,1.6166945,-0.51314455,1
0.05670942,0.22716804,-0.02966547,0.66376835,0
-0.6888904,0.03502257,-0.81083703,-0.9649366,1
0.7147565,-0.2021624,2.4355254,0.89405,1
-1.8236774,-0.8804896,-0.107358605,-1.2276511,1
-0.110594064,0.951229,0.050206028,-0.56736505,1
-0.31714943,2.5388691,-0.024627924,0.17066313,1
1.2111887,0.46644765,0.52429616,1.6240095,1
0.7003569,1.5879725,-0.2167409,0.056883182,1
2.3775263,0.18284672,-0.14845347,-0.9749826,0
0.9046388,-0.14238355,-0.8459351,0.15507068,0
1.3520284,-0.4189679,0.11136442,0.007531509,0
-2.1233683,-0.7895389,-1.535418,-1.1143298,1
0.5226284,0.046273977,-0.081366956,0.79153466,1
-0.733438,-0.6706054,0.6395816,-0.8332571,1
0.13611898,0.96058744,2.483083,0.8592345,1
0.49831554,-0.33264112,0.052199595,-0.45653325,0
1.3140123,-0.39836344,-1.0752336,-0.8274874,1
1.1812639,-0.18833645,-0.8238114,-1.1011301,0
0.6403663,-0.30875397,-0.662889,0.86186373,0
-1.3859563,-0.63273853,-0.7645081,-0.061437733,1
-0.39650908,-0.50426674,-0.4131251,0.3034202,1
0.7533429,-0.3722688,-1.0063602,0.06536475,1
-1.5488404,-0.5856313,-0.90086603,-0.9418274,1
-0.9318334,-1.058505,-0.9497307,-1.3498094,1
-0.349302,0.23238465,0.21010822,-0.80615896,1
-0.8437832,0.76669633,0.62785125,-0.1059608,0
0.23787326,-0.21670932,-0.43994153,0.08357416,0
-0.09654987,-0.61465174,-0.5288545,-0.7702035,0
0.045838103,-0.37993944,-0.03298889,-0.4076615,1
-0.8361815,-0.5066097,-0.17183599,1.4594718,0
1.1187385,0.4802253,0.10715507,-0.029422682,1
0.36081713,2.621629,0.61747,0.87444115,0
-0.1297963,-0.7500678,0.13193819,-0.81191194,0
0.23774484,0.101208515,0.26042944,0.4972783,0
-1.1888433,-0.021425769,0.10584138,-0.1667383,1
0.31253803,-0.6886269,-0.54491025,-0.67008716,1
1.451618,-0.58631194,-1.0750123,-0.69708234,1
-0.14591835,-0.007958354,-1.5397233,-0.65863013,1
-0.6946928,0.5008454,-0.28688088,-0.2429817,0
-1.525928,-1.0088495,-0.74071306,-1.0030162,1
0.6205245,-0.18581295,1.4630709,-0.8622705,0
0.72818625,2.036883,2.0234065,0.20581144,0
-1.0572243,-0.5365739,-1.7403264,-0.87822574,1
0.09704229,0.16753277,1.1256514,-0.37278786,0
2.1980593,-0.41643858,0.09014082,-0.46641296,0
-0.92708296,-0.027477086,1.0656579,-0.7216543,0
-0.26811838,0.19076753,0.08265974,-0.3520881,0
-0.9664084,-0.37950617,-0.66030174,-0.9465014,0
1.1410011,-0.4265732,-0.698911,-0.3859892,0
1.0911807,0.15806657,-0.17032668,0.0057179183,1
0.11077417,-0.68912536,0.35560283,-0.7538728,0
-0.96485674,-0.45207512,-0.54046726,0.98536277,1
1.1322783,0.19872904,-1.1470592,-0.2781796,1
1.1000426,-0.40135252,0.02399373,0.005343087,0
0.6590904,-0.6311087,0.8672742,0.04309455,0
-1.2430924,-0.34364015,-0.5216888,-0.5923953,0
-1.0258691,-0.3644747,-1.2177725,-0.9138816,1
-1.4159414,-1.012811,-1.2029028,-0.7342196,1
0.26439828,0.85794353,1.9465218,2.2559485,1
-0.25901487,0.023355158,-0.26625296,1.0372351,1
-0.6370143,-0.31384888,1.0100121,-0.23889717,1
-0.037022673,0.020866761,0.22762091,0.25763863,1
-0.60805595,-0.79742515,0.918497,-0.8989601,1
2.6458426,-0.9339726,-0.4178114,-0.49185857,1
-0.7124425,-0.017558217,0.11022234,0.8374495,0
1.8605345,0.081944495,0.69315773,1.6343788,1
0.4766151,-0.35007876,0.5050905,0.8970165,0
0.15109277,0.384084,0.15844521,0.8022146,1
0.6281636,1.30255,0.36777112,1.263667,0
-0.5459243,-0.4773544,-0.4843105,0.64094573,1
-0.02412372,0.119542256,-0.8485806,1.7020967,0
1.1833717,-0.35193682,2.6770737,-1.1290264,0
1.0507407,0.27191967,1.2066829,-0.07410644,0
-0.75411415,-0.35683435,-0.22423446,2.347301,1
1.1932082,-0.18022844,0.34877047,0.5618787,0
-0.658391,-0.08019073,-0.5946954,-0.00552278,1
-0.20591712,-0.8149619,-0.8953416,-0.32093936,0
-1.0210669,-0.1338486,-0.40777707,0.4394859,1
0.5119677,-0.27367648,-0.2129018,1.8867629,0
0.77426976,0.5240866,-0.40362424,0.37622297,0
-0.6784665,-0.44803834,-1.3154051,-0.08462088,1
2.4823456,-0.82107115,3.1020048,-0.8997495,0
-0.17363912,-0.15597507,2.1485302,-0.64522815,0
0.2954271,0.98102874,0.4867102,0.012943357,0
1.2126694,-0.54202133,-0.26432052,1.1991469,0
1.4788166,-0.481624,0.03976672,0.48416463,0
-1.6932942,-0.8069828,-0.12103011,-0.70092094,1
-0.5956404,-0.8127885,-0.014085181,-0.6034255,1
1.2868116,-0.06690164,0.68712914,0.13962398,1
0.7578409,0.48875967,-0.8854807,-0.17926037,1
-0.6364177,-0.022727966,0.02319172,-0.6389028,1
-0.17629194,0.33474937,0.6699995,-0.07645397,0
0.79416764,1.069681,-1.2559421,-1.0237247,1
1.3219671,-0.7301914,0.7752781,-0.8413795,0
0.7774096,0.7693123,-0.13122354,1.2159393,0
-0.034370244,-0.08125031,1.804779,0.47203895,1
-0.7563851,-0.14523417,0.9980563,-0.16525644,0
-0.35384104,-0.17955768,-1.3005152,0.017186083,1
-0.0591371,1.1295847,-0.28899252,0.046286833,0
-1.7019407,-0.6185461,0.22544278,-0.9393473,1
-0.15898319,0.45831755,-0.34899956,0.59715545,0
0.38213724,0.7572307,1.2556264,0.85049236,1
-0.24048051,-0.024495699,-0.485928,-0.30379674,1
-0.8293898,-0.09863279,-1.1398795,-1.17538,1
-0.36148694,-0.55390793,-1.2472755,0.29305795,0
-2.1116836,-1.101093,-0.90946966,-0.1916449,1
-0.37748978,-0.37836665,-1.3810856,-1.0273578,1
0.8715097,-0.44038677,-0.3726676,-0.07578728,1
1.158268,1.3819178,-0.40057084,-1.2701188,1
-1.2669897,-0.5983814,-1.2121956,-0.87757134,0
-0.28561935,-0.3603839,-0.49987411,0.073759615,0
-0.003180556,1.3040929,1.8275502,0.9195562,1
-0.30866757,-0.38818577,-0.521448,0.5940063,1
1.7950025,-0.18315575,1.912499,0.76257384,0
1.4853821,-0.15427886,-0.59018767,-0.60709256,0
-0.30956292,0.63669515,-0.4382466,1.1506543,1
0.83944434,-0.71984375,-0.64763606,0.16257556,1
-1.6159153,0.08889716,-0.44976652,-0.8677566,1
1.5462452,-0.0023399442,1.0116935,-0.6940478,0
0.80046,0.5913482,-0.22447798,-0.28465313,1
-0.51724964,-0.6505386,0.6797872,-0.3102699,0
-0.9284196,-0.22027437,-0.55843467,-0.14602576,1
-1.0240211,0.88956714,0.18140972,0.65965384,1
-1.3281409,-0.54253244,-1.9095244,-0.4624784,1
-0.16338453,-0.49962595,-1.487038,-1.0175285,1
1.3187768,0.8788391,1.0878642,1.5589044,1
-0.708261,-0.7688871,-0.88130516,-1.1570073,1
0.034093443,0.016215473,-1.0187927,-0.027767379,0
0.9800526,0.17357686,-0.16389772,-0.1426293,0
0.2146301,1.5567572,0.968543,0.9572377,0
-1.8357186,-0.25027534,-1.3154663,-0.5820242,1
-0.47210556,0.6462086,0.45158142,-0.8029541,0
0.10180138,0.74186695,-0.685484,0.4030677,0
-0.83567584,0.7056632,2.4138288,0.6883912,1
-0.9264115,0.63591975,0.91738284,-0.25250426,0
-0.14697598,0.57493764,0.35358,2.5422206,1
0.31874043,0.8627573,-0.5400168,-0.93425554,1
0.4649674,1.0116705,-0.14258885,-0.37944245,0
-1.5888536,-0.5023232,-0.32919738,-0.9329386,1
-0.1487068,0.7670638,1.890032,1.4775162,1
-0.062334284,0.28236353,1.3070521,-0.147844,1
0.07032873,-0.34318313,-0.4046718,-0.08629897,1
0.46958667,0.62208706,0.8539591,2.8690748,1
1.5606754,-0.101282455,-0.6141837,0.101371646,0
0.3965397,-0.61900175,0.7804824,0.6823052,0
-0.24676402,-0.42814755,-0.14387695,-0.69240487,1
-1.8699954,-0.52168214,-1.0226973,-0.8174182,0
-1.3083448,-0.7621726,-1.0510663,-0.77657205,0
1.8405564,-0.4545953,2.3832235,-0.101057455,0
1.8169032,-0.15404823,-0.6619603,0.22766356,0
0.8089649,0.22779049,0.6041428,-0.24069697,0
1.9689418,-0.22178914,2.341794,-0.84994465,0
0.05226192,-0.14550807,1.8034244,0.8711567,1
-1.2809768,-0.43937352,-1.5339192,-0.74105984,1
-0.41346425,0.060404196,0.32578176,-0.703969,0
-0.37063682,0.4928081,-0.3571921,1.869468,0
-0.19406432,-0.06534597,0.6703831,0.49336025,0
-0.6350409,-0.5457562,-0.8727741,-1.2515297,1
-1.2731907,0.4878437,-0.7556157,-0.06469266,0
0.42084983,-0.2100317,-0.13180888,-0.022786872,0
0.86561847,-0.655423,-0.6127703,-0.2047225,1
-1.6645354,-0.9297236,-0.20134458,-0.50379026,1
2.301159,-1.1927304,-1.8785845,-0.80309004,0
-1.7038323,-0.63924205,-0.5892214,-0.50520074,1
-0.113180265,0.33600068,0.59933364,0.8566257,0
-0.85075414,-0.64858496,-1.3526429,-0.88631797,1
-1.1546798,-0.14346203,0.5803665,0.09355712,1
1.1941322,1.7633176,1.4340754,3.9790595,0
0.95173115,-0.42868775,-0.79091156,-1.0075511,1
-0.04461106,-0.039929397,0.8140248,-0.22788824,1
0.682744,-0.12691927,-0.30782884,-0.5100226,1
-0.9159476,-0.8812763,-0.39485767,-0.7167125,0
-0.031215504,-0.25857878,1.6171539,3.201027,1
-1.150115,-0.38041377,-0.37845555,-0.9813928,0
0.44726995,-0.33669633,-0.3152634,0.0059222803,1
-1.4874187,0.23968527,-0.50426674,-0.4258301,1
0.4224851,-0.41567397,0.23606457,0.7096944,0
0.2199515,-0.58404815,-0.087487206,-0.90657467,0
-1.4275829,-0.3779465,-0.2509007,0.026076522,1
-1.3905393,-0.3762742,-0.84977144,-0.46251157,1
0.27488017,-0.98787344,-1.479636,-0.9978554,1
-0.71089727,0.45818818,-0.72333395,0.045035433,1
1.6672959,-0.19250332,0.08088806,-0.5729556,1
0.20001182,0.08686514,-1.0067457,-0.10714567,1
-0.069419086,-0.3988966,0.3711833,0.72654885,0
0.26763955,-0.05818692,0.77091116,-0.08168368,0
-0.8137655,1.464479,0.3580971,0.1285957,0
-1.0349813,-0.55806434,-1.293259,-0.6843595,1
-0.4414777,0.12665513,4.7031436,1.2319534,1
0.66803247,0.04047011,0.17228776,0.18162067,0
-0.44065985,-0.14548719,1.0166184,-1.1103464,0
0.26542938,0.28130576,-0.88501155,0.53899914,1
-0.9173676,0.23044688,2.1837213,-0.39133793,1
-0.44142342,-0.05420141,0.1465398,1.2180424,0
-0.87360567,-0.16734773,-0.2805822,-0.91308594,1
-0.60616225,-0.3296191,-0.43609068,-0.9405909,1
-0.8942462,-0.69521433,-0.6472493,-1.4959083,1
-0.28236395,0.41972506,0.6797875,0.67518044,0
-0.24671248,-0.17952782,-0.29610935,-0.601425,0
-0.61348385,0.7314436,1.2945826,0.78045267,0
0.7679339,1.2090474,0.95368946,0.70483047,0
-1.32055,-0.63966537,-0.2942383,0.86223674,0
0.13656053,-0.41321766,-0.71141887,-0.884362,1
-0.97543854,-0.39129084,-1.7886571,-0.87939686,0
0.2862348,-0.24124748,-1.04677,-0.62917185,1
-1.7092357,-0.43775192,-1.4623091,-0.8354436,0
1.3501375,-0.68360674,-0.23721206,-0.35544708,0
-1.354425,-1.158761,0.48671192,0.94862056,0
-1.7302969,-0.2955963,-0.44729102,-0.856358,1
0.5564721,0.92202485,2.8428416,0.64712465,1
-0.8490366,0.10322431,-1.3203378,-1.0174382,0
3.0328434,-0.50213563,-0.24438237,-1.0640007,1
0.018295467,0.7386812,-0.121791795,0.0047256127,0
0.65038836,-0.51391256,0.8684112,-1.0282602,1
-1.0158826,0.44191083,1.7162628,-0.7705204,0
-0.33913028,0.3392279,0.07659912,0.67066014,0
-0.73394585,0.041302852,-0.15018834,-0.44061512,1
-1.0526922,-0.48096302,-1.2159901,-1.0693244,1
-1.2210472,-0.25502104,-1.1055244,-1.144381,0
-0.0460774,0.46501905,0.04181698,-0.46022397,0
-0.97463524,-0.08547185,1.4329828,-0.7668774,0
-0.24434984,0.41660142,0.6234734,-0.1477427,1
0.81303525,1.3523965,-0.4652238,0.6677619,0
0.26966166,-0.21524899,0.52058744,0.36102402,0
-0.720086,-0.5413184,-0.47952628,-0.6322456,1
1.1930355,0.8976564,0.1258436,0.4815279,0
-0.013819035,0.026060216,0.3206064,0.8613167,1
1.3831733,-1.0151668,-0.4796451,0.08968112,0
0.31854925,0.82642037,-0.97423625,-0.025510915,1
-1.3445325,-0.5709958,-0.8336665,-0.53674614,0
-0.6884546,-0.55050695,-1.1384177,-0.017405229,1
-0.9627725,-0.9920124,0.31323123,-0.71362644,1
-0.81976986,-0.39937037,-0.2592839,2.542761,1
-0.26666975,1.4943684,0.54269755,0.9022284,1
0.2034354,0.82062435,0.9844507,1.5681251,1
2.0298302,-0.25549382,-0.12958811,-0.08182615,0
1.5188898,0.4571788,1.3216909,0.5150176,0
0.12204301,-0.32826504,-0.04998408,-0.16967638,1
0.85662556,0.47888023,0.6731924,-0.86563647,1
-1.2669731,-0.1569784,0.25967616,-0.47931653,0
0.3684147,-0.8182296,-0.1249913,-0.447826,1
-0.27807015,-0.54208606,-0.24335638,-0.67889565,0
1.4698502,0.9188052,-0.33013237,0.22711934,0
-0.5324117,-0.31093934,0.31281462,-0.8253207,0
1.1295998,-0.14337215,-0.3022383,-0.64676553,1
-0.806431,-0.5507529,-0.30457515,-0.6079639,1
0.54144776,-0.62483275,-0.6595429,0.56953526,1
-0.83217335,-0.17350361,-0.86761314,-0.004667014,1
-1.3372047,-0.22799215,0.18874481,-0.8050393,1
-0.5625026,-0.301147,-0.7793865,-1.1661915,1
2.4104528,0.24261358,1.2138987,1.6322393,0
0.7547113,1.9311635,-1.0239905,0.42273918,0
0.82277334,0.45402467,2.4170742,-0.11958052,1
0.74668574,0.6397094,0.8864872,0.71583694,0
-0.8140935,-0.68127054,0.2547589,2.291315,1
0.6449675,-0.15526657,-0.8082809,0.18781596,1
1.6660575,-0.4423735,0.3244386,-0.6704661,0
1.0397367,0.04789595,0.4033141,-0.3150784,1
0.18659274,-0.27053165,-0.14183348,0.63494396,0
-0.38157335,-0.95171964,0.964679,0.6275148,1
-0.23665942,-0.79334474,-0.60394084,-0.057535935,0
-0.37018704,-0.39737445,-0.021100372,0.056213606,1
-0.5626107,-0.62856156,-0.46311802,0.023121428,1
1.5132543,-0.6207421,0.563737,-0.1673503,0
0.46549612,-0.22696236,1.8228986,0.37697497,1
-0.037950486,-0.6652305,-0.5299286,0.89662176,1
0.6481986,-0.08706694,-0.042434365,-0.22678494,1
1.0989163,-0.49579376,-0.22993177,-1.0442972,0
0.852577,-0.3546216,0.8182292,0.34671283,1
1.430426,0.60286397,0.573137,1.4347693,0
-0.1793223,0.6814839,1.6331105,0.5059482,1
1.3421508,-0.3380686,1.3421443,0.014053501,0
-2.0296235,-0.90466666,-0.17348087,-0.7788081,1
-0.26738143,-0.30353642,-0.7451474,0.5493017,0
2.0214925,-0.029794158,0.478164,-0.69375324,0
-0.2888868,0.0578171,0.12457824,-0.03657686,0
-0.6737783,0.11622375,-0.44825038,-1.0602682,1
-1.5577618,-1.0570729,-0.48699093,-0.69470286,1
1.588923,0.019425541,2.2670014,3.2608914,1
1.120054,0.48803177,-0.1893703,1.8992947,0
-1.3420119,-1.088592,-0.34123343,-0.13371664,0
-0.40779844,-0.29483238,-0.49124476,1.0266098,0
0.059792895,-0.5832521,-0.16089584,-0.86505383,0
-0.62702906,0.038667217,-1.1561971,-0.98142743,0
-0.23966941,-0.15108493,-0.044591367,0.12250209,1
-0.35590884,0.4143679,0.38857448,0.9096229,0
-1.6167059,-0.8125273,-1.4745488,-0.7106401,1
1.4704486,0.1510986,-0.7555546,0.57777494,0
0.21118551,-0.7740162,-0.94265425,-0.11690883,0
-0.4992169,0.4609095,-0.713148,-1.0141469,0
-0.51632863,-0.4816437,-0.6555095,-0.87758803,0
0.12911958,-0.5050022,2.1018503,0.77234864,0
0.58479524,0.4852739,-0.29894185,1.0556583,0
1.4074678,-0.8362793,1.0693192,0.6710326,1
1.2152431,-0.92544556,3.1437836,-0.3719998,0
-0.43695405,-0.58609664,-1.4013261,-1.1975759,1
-1.2800249,-0.3290919,-0.22899726,-0.66377455,1
0.8075441,-0.26881573,-0.0008971393,-0.87973803,0
0.92739594,-0.1512119,0.0752613,-0.07390657,0
1.0723683,0.06196107,-0.7381958,0.23186623,0
-1.7755364,-0.69704545,-1.2773495,-0.54708743,1
-0.42071217,0.6992989,0.6366483,0.58239865,1
1.4683558,-0.99310654,-1.0195488,-1.098498,0
0.6971937,0.44585353,0.81783473,0.045895334,1
0.6551467,-0.19508427,0.9310752,0.46126205,1
1.783619,-0.74874586,-0.11209631,-0.08085249,0
-1.4401317,-0.4927715,-0.58500636,-0.81619394,1
0.53369963,0.2924409,2.5689726,0.18727152,1
-0.051526517,0.3666235,0.48439556,-0.20556542,1
1.1895325,-0.59800357,-1.4595999,-0.750443,1
-0.26400453,-0.1524701,-0.27043322,0.6657752,0
-1.7405403,-0.28974652,1.4844439,-0.69436276,1
-0.5622781,1.3820316,1.4306153,1.1312528,0
-0.5408689,-0.57338554,0.42630512,0.26745877,0
-0.42602798,-0.0100005865,-0.8445778,-0.28495,0
-1.0062633,-0.844291,-0.2371463,-0.94108975,1
0.23000899,0.32569325,-0.9320617,-1.0708505,0
-0.4951355,0.057057858,-0.47004807,-0.12903808,0
-0.61543256,0.021031618,0.76716113,1.7330582,0
-0.18182203,2.1232567,0.959576,3.8201952,0
0.5456401,-0.15010358,0.5538056,1.1490552,0
-0.5950797,-0.37756753,0.098684356,-0.90621203,0
-1.722275,0.17408673,0.15808377,-1.222198,0
-0.45755404,0.76033115,-0.70303476,-0.045698643,1
1.8628242,1.1360422,0.0075045973,-1.2289386,0
0.8333022,-0.6464603,1.1319144,0.66149795,1
-0.33788937,-0.6685928,-1.2609227,-0.5737161,0
2.940033,1.3007165,1.1198163,1.0527234,1
-0.67810154,4.0744247,0.18430524,0.79683036,1
-0.08386701,1.5352068,1.9427583,2.0087447,0
-1.616907,-0.1053682,-0.83794546,-0.11061293,1
-0.5903272,0.30748075,-0.37669176,0.7965193,0
-0.58200127,-0.24565724,-0.74958014,-0.9398327,1
0.43476087,0.18249145,0.42741957,0.9418195,1
-0.596164,0.03721948,0.17634808,-0.8854081,1
-1.5260934,-0.52387685,0.20406267,-0.8671337,0
0.95965886,-0.64961195,0.019118927,0.1312731,1
1.1896152,0.25221685,1.8331281,-0.7678648,1
0.51155865,-0.8625568,-1.4600828,-1.0165981,0
2.4660518,-0.046552226,1.6029319,-0.49060893,0
0.2936821,-0.4513298,-0.10226381,-0.42717195,0
-0.3320731,-0.26949006,0.19913098,0.55170894,0
0.20381252,1.5913817,0.5904311,0.7711514,1
-0.18235967,0.63623273,0.13618077,0.7883836,0
-1.6414942,-0.83683854,-1.0310215,-1.4015946,1
0.08781227,-0.09224573,-0.70102566,-0.30636734,0
-1.0373209,0.114591554,-0.9611211,-0.9094865,1
-1.766084,-0.5803983,-1.4036652,-0.7856315,1
-0.61840343,-0.56475675,1.2567792,0.9432075,1
-0.80202746,-0.09502241,0.72862524,0.71111715,1
-0.0076924115,0.17531618,-1.135104,-0.5202931,0
-0.5348674,-0.57251656,-0.7428084,-0.035961334,1
-1.6517682,-0.37394226,-0.8956656,-0.7013359,1
2.3620043,-0.16900833,1.1732264,0.5183955,1
-0.42563078,-0.21690811,-0.9534614,-0.55957407,0
-0.9125234,-0.6757608,-0.67613524,0.15035503,0
-0.504502,0.47669125,2.4008954,0.77347714,1
1.7980212,-0.11613046,-0.9823125,-0.9391382,0
-1.6371093,-0.54743624,0.29138428,0.045066725,0
-0.23010212,-0.42294067,2.4659748,-0.80448884,1
-0.8303633,-0.80881834,-0.8109971,-1.016046,1
0.36878765,-0.55787075,-0.5088209,0.04225431,1
0.6008204,0.020082403,2.1618075,0.8339165,1
-0.44225812,-0.50107765,-0.7458961,-1.0272003,0
1.7193701,0.37171066,-0.28263912,-0.52153593,0
-1.1611203,-0.07571677,-0.14474459,-0.0813078,0
0.076799534,-0.4708107,-0.2872122,-0.6697968,1
-0.9435345,1.080227,1.4029299,0.6479193,1
0.292906,-0.64501804,2.8074362,1.5863342,0
-0.118311115,0.5201317,0.49775282,-0.17927778,1
0.1874204,0.47929594,-0.13416211,-0.2598464,0
0.029656008,-0.5957049,-0.33985186,-0.08877681,1
0.73421794,-0.5028891,0.12769565,-0.891894,1
0.2683593,-0.119687,1.0377879,0.36665133,1
1.2760936,0.62867767,1.2782147,0.8042668,1
0.13391897,-0.40183288,-0.02166389,0.9452499,1
-1.5489286,-0.51770914,-1.1680341,-0.56234473,1
0.78703,-1.1782138,-1.1095612,-0.8563149,1
-1.3729863,3.3127613,0.27636743,0.32235223,0
0.54528505,1.0707667,0.0032257736,0.9322211,0
0.8750916,0.47652465,0.13582975,-0.22071637,1
2.845327,-1.3958566,-0.9780384,-0.8646197,0
0.4402231,0.17026775,-0.60200286,1.530152,0
-0.6952115,0.7712849,0.12810743,0.5225735,0
-1.3712453,1.94241,0.46930376,-0.7278517,0
0.79711807,-0.23335959,-0.25604945,-0.20521758,0
1.2189382,-0.004138395,2.9661698,-0.057172664,0
0.9152916,-0.39458588,-0.76704186,-0.01702575,1
-0.9635115,-0.80709255,-0.7190895,0.5261728,1
1.225437,-0.56243557,-0.37996382,-0.5745797,0
-1.2953019,-0.115468934,-0.24029286,-0.54846346,1
-0.5707997,0.23213369,-0.8720017,0.45562857,1
0.52624786,1.1911029,-0.7789882,-0.108660445,0
0.13242464,0.9700151,2.084686,0.16994871,0
-0.98275155,0.14723298,-0.75665236,0.173195,0
1.1514875,-0.6433864,-1.4018725,-0.8222987,0
-1.1253294,0.047274493,-0.78683406,-0.6687335,0
1.6017647,0.06361252,-0.24821356,0.6593341,1
0.090141065,1.3911393,-1.6413913,-0.8535112,1
0.23106594,-0.60358727,-0.959915,-0.94371367,0
1.6753985,-0.6581787,-0.80366784,0.7647432,1
0.16818646,-0.23422444,0.32518265,-0.37696308,0
1.423744,-0.07129626,-1.1539497,0.23289733,0
-2.1568804,-0.74569833,-1.6392438,-0.544431,1
0.9248926,-0.84955776,-1.6195488,-1.0914845,1
-1.2720205,-0.25362527,0.1354168,1.1237607,1
0.16198273,0.008138776,0.7512398,0.08770773,1
2.7947452,0.42014188,0.30240723,-0.46327132,1
-0.91605526,0.36600557,-0.63118804,0.22752722,0
-1.0750613,-0.07513292,0.3358131,-0.015626274,1
0.53230464,-0.07815375,-0.9534784,-0.7262745,0
-1.5330366,-0.3319167,-1.2219461,-0.56067926,1
-0.24761373,0.7278229,-0.09468998,1.2328477,1
-1.6159093,-1.0665611,-0.68649083,-0.072044775,1
0.33520937,0.38880533,-0.80800045,-0.50472903,1
1.1179373,1.2074478,3.0483868,1.0881399,1
-0.14715612,-0.47549525,-0.10417296,0.17482933,1
-0.4279086,0.2887617,0.28616562,1.7980466,1
-0.32153815,-0.01772061,-0.47200513,1.2301799,0
1.4145039,0.07090056,1.247502,1.3508701,0
1.7146574,-0.42550474,-0.8452551,-0.7822819,0
0.3046139,-0.34683543,-0.94175136,-0.76565486,1
-0.23228523,-0.5993758,0.58679354,0.22325484,1
-0.053819597,-0.27799776,-0.41446543,0.51465404,1
0.07347898,-0.14019907,-0.63569933,-0.2006073,0
0.050320923,-0.6422735,-1.3544191,-0.8151925,1
1.9633398,-0.65632915,-0.3526024,0.9138162,0
0.04681846,-0.06311375,-0.19379777,-0.14651553,0
0.7868453,0.22045925,-0.28087837,0.08494322,1
0.002099135,-0.39079815,-0.11254978,0.6109301,0
0.40388572,1.6929365,1.7630004,0.9040863,0
0.07681449,0.03614276,0.74105394,-0.16781408,1
-0.90811855,-0.31135714,-0.71856064,0.04247951,1
-1.3737675,-0.80411077,-1.2721019,-1.2801976,0
0.6196766,-1.1060733,-0.5069746,-0.9254309,0
1.1977466,1.8372899,1.2316486,2.030835,0
-0.10032721,0.2275444,0.7743441,-0.5550032,0
0.015948504,1.4994521,0.71473527,2.6489606,0
-1.5616457,-0.28134832,-1.113218,-1.3661144,1
1.6987743,0.44737747,-0.58212805,0.7936999,1
0.13866709,0.14951089,-0.06608713,0.3911566,0
0.88085943,1.6280309,-0.054721802,-0.068265006,0
-0.135989,0.70728296,0.18600295,0.49665564,1
0.42172384,0.84932315,0.7686448,0.32720613,0
1.265504,0.1501809,-1.2307088,-1.329076,0
-0.9138952,-0.79313725,-0.8524161,-0.7581283,0
0.062533826,2.9733448,-0.6723717,0.8008536,0
-0.5380398,0.50376534,-1.4041041,-0.79739934,1
0.7792945,-0.1719079,2.7598479,-0.38199666,1
0.12136616,0.37074623,-0.3399308,0.89860713,0
0.18393555,2.533451,2.452416,6.0143414,1
0.60311514,-0.21134205,-0.7972534,-0.382857,1
0.024235738,-0.4587758,-0.7705299,0.110288605,1
0.720846,-0.18747652,0.1273568,-0.21253997,1
-1.3668754,-0.32649255,-1.1755548,-0.30854377,1
1.9955246,-0.89828426,1.2048408,0.64847594,1
0.9588059,-0.20082396,0.87392044,-1.0823736,0
-0.017809272,0.077135175,-0.057226628,0.9080404,1
0.7946685,0.31695133,-0.019150041,0.8249083,0
1.3463365,-0.5189289,0.6012473,-0.9404861,0
-0.41049123,-0.7895469,-0.70465165,-0.9187517,1
-0.8739949,0.6967111,0.14205053,-1.1545874,0
1.4768934,0.0907157,0.021147192,2.4615262,0
-0.22844687,0.25253934,-0.88724977,-0.90780944,1
-0.7802547,0.5017011,0.09064477,-0.57337505,0
-0.5687116,-0.09852348,0.20416462,-0.49057373,1
-1.2377164,0.031295434,-0.82456297,-1.3188614,0
2.778503,-0.08819028,-0.5133043,0.40366164,0
0.8984138,-0.75199485,0.7175564,1.2542765,1
1.3989152,-0.17284304,0.2585793,0.8385558,0
-0.76603925,-0.9800091,-0.4523552,-0.47245526,1
1.0795709,-1.0127323,0.6952726,-0.21786419,1
-1.1755812,-0.43987167,-0.0972994,-0.91992587,1
1.728955,-0.7776352,0.03092369,-0.08313365,0
0.91570204,1.2026043,0.4328511,-0.48419562,0
1.303297,-0.30139685,0.073203206,-0.630031,1
0.34553796,-0.9805937,-0.09971019,-0.07840195,1
-0.55410564,-0.29393932,-0.16802865,-0.79064435,1
1.067548,-0.057101548,-0.49868238,0.30078143,0
-0.60371184,-0.20884128,-1.4915514,0.049062993,0
-1.1057653,-0.50180316,-1.6562357,-0.89214545,1
-0.9178146,-0.87024957,0.59925926,0.06095827,1
1.2198519,-0.16605389,-0.1915884,-0.10939857,1
0.7559257,-1.0651526,1.1957986,-1.3971711,0
0.6682402,-0.5570061,0.43730402,-0.7269975,0
0.08517774,-0.21201953,-1.0676534,-0.82498777,1
0.87785214,0.4278019,0.53829867,0.6502567,0
-1.090813,1.993437,1.5577445,2.5894244,1
-0.7984363,0.02417799,0.4018423,0.082166776,0
-0.90261376,0.0901594,-0.46396807,-0.6487336,1
-0.5888354,0.30412376,-0.049832243,0.6789667,1
0.08301471,-0.16302288,0.3174026,-0.057338856,0
-0.64674807,-0.026362553,1.2090003,0.59181714,0
-0.6418772,-0.45217106,-1.0085033,-0.8844259,1
0.33066773,1.026048,-0.17938888,0.21905516,0
-1.4333339,-0.5071963,-0.9130137,-0.8186975,1
0.2116015,0.6148565,1.9573497,-0.81837523,1
1.3782395,-1.1699755,1.1741037,-0.78597623,0
0.546522,-0.68566513,-1.0858116,-0.9068512,1
-0.76025355,-0.15946215,-0.1065739,-0.9185422,1
-0.14506608,-0.67576385,-0.044689003,0.30208427,1
-1.8378751,-0.35212207,-0.6266794,-0.88149726,0
1.1103029,0.16923606,0.29994646,0.18302438,0
-0.72697276,-0.2439712,0.8796817,-0.12284045,1
-0.2991421,-0.13995925,0.40927625,0.13355896,0
0.8969576,0.8161882,1.077043,-0.31493706,0
-1.8911581,-0.38394803,-1.3090222,-0.73579705,1
-0.36743677,-0.43400583,-0.91405165,0.29637772,1
-1.2130772,0.3515175,1.5152568,1.6783175,0
0.89983,0.9949036,-0.95706105,1.5928453,0
0.25782642,0.53162324,1.2147,1.1840898,1
-0.83403915,0.6631272,-0.37690538,-0.8229579,0
2.1270375,0.62592936,0.21372172,0.87124324,0
0.52050424,-0.1415721,-0.048099905,-0.42221567,0
-1.8542147,-0.738477,-1.2438852,-0.7951409,1
1.177876,2.6114588,1.9838315,2.5070848,0
-0.926529,-1.2051218,-1.1145984,-0.9576708,0
-1.2774155,-0.8266801,-1.5158203,-1.1722996,1
-1.8401788,-0.54363215,-0.024940081,-0.9627715,1
0.53180295,1.8858278,1.6436743,-0.06319958,0
-0.38500124,-0.6249462,-1.0278627,0.7976628,1
-0.8658826,-0.58188033,-0.14901789,-1.0756125,0
-0.5950599,0.9627961,-1.0425204,-0.041776538,0
-0.79762655,1.0416639,-0.64282954,1.1656843,0
-0.19821917,-0.07069476,-1.3247815,-0.4670493,1
-0.73412997,-0.37599194,-0.107377134,-1.147038,0
2.0758412,-0.29062128,-0.04418382,0.4734943,0
-0.43656087,1.0423365,0.94693756,2.6642518,1
-0.7734991,0.5116655,0.23947488,0.016906574,0
-0.10443248,-0.62999564,-0.2821896,0.2707106,0
-0.75047076,-0.93981147,0.0359587,0.6517175,1
2.0597336,-0.51255566,-0.40546826,-0.9887469,1
0.7796265,1.3166298,0.9219816,0.8550945,0
1.488527,-0.08141306,-0.78415346,1.1496809,1
1.3784615,-0.53233445,1.3887275,0.6003931,1
-0.23936784,-0.07784799,-0.4237345,-0.94297737,1
-1.3648127,0.63930345,0.4357531,1.9857852,1
-0.29078242,-0.66723865,-1.0745283,-1.3055599,1
0.27976125,0.45715898,0.13129058,2.3432903,1
1.387584,-1.0497389,-0.9687796,1.1819377,1
0.27345502,-0.6625906,-1.2410076,-0.50303733,1
0.17363425,-0.4086011,-1.1381968,-0.99387753,0
0.7204588,-0.04830891,0.9957774,0.45372263,0
0.060486212,-0.15229669,2.4110816,1.0471885,1
-0.048255607,0.81302917,0.53111863,2.0045328,1
1.1327108,0.44421867,2.3805103,0.3505115,1
1.1237484,-1.2610995,-0.78197217,-0.9267428,1
0.6548874,-0.4134352,-0.024093255,-0.11865744,1
-0.9533215,0.010916233,-0.8216879,-0.7883628,1
-1.4224042,-0.62046206,-1.119778,-0.58170235,0
-0.6336125,-1.3099062,1.01066,0.8187842,1
-1.2605882,-0.28466326,-1.5727232,-0.78238493,1
-1.6455655,-0.82574797,-0.07880145,-1.1505425,0
1.1087806,-0.2718596,0.27086592,0.54883075,0
0.2327798,-0.36851043,-0.64930457,-0.14072973,0
2.5431554,0.16195075,1.4550736,0.14105065,1
0.7701826,-0.19347963,-0.3675856,0.37542075,0
-1.1595597,-0.39907235,-0.7228791,-0.9188911,1
-0.8678318,1.6543604,-0.9581984,0.4795638,0
-0.5727792,1.9741113,0.71862274,1.7577813,0
-0.6385081,-0.28684658,1.1024295,0.25741306,1
-0.43753657,0.73785293,0.30947953,1.4260594,1
-1.9893633,0.4452198,-0.33797926,-1.0477782,1
0.50808346,-0.14920959,0.082232244,-0.77205634,1
1.0698239,0.0088709,0.58692753,0.82262015,0
0.2349441,-0.07850577,2.8261762,0.5730752,1
1.2811947,0.26518616,0.58658123,1.2482013,1
-1.371582,-0.7215607,-1.4201155,-0.7179297,0
1.5904132,-0.1770001,0.9581531,0.9367019,1
-1.2582585,-0.55236316,-0.6222199,-0.7706837,1
-0.42867875,0.66605747,0.1521663,-1.0012484,0
-1.116937,-0.10935534,-0.8271184,-0.8291849,0
-0.11835879,4.911796,4.4219627,18.99286,1
-0.3552606,3.1255486,-0.45360875,-1.0490918,1
-0.9624656,-0.7298279,-1.585983,-1.125899,0
-0.03385675,-0.23077404,1.376781,-0.88277197,1
0.7500876,-1.0633751,1.1492255,0.542312,1
0.27916494,-0.35846224,-0.7291454,-0.23814608,1
-0.78092486,-0.51938874,-1.2095594,-0.5613777,1
0.4691276,0.061559796,0.9964278,2.6182046,1
-1.4308307,0.15603922,-0.028233021,0.5200467,0
-1.0882769,-0.30347815,0.21068585,1.2174387,1
0.51771736,1.0503384,0.34637,3.1884348,1
2.0773985,0.02378991,-0.3683353,-0.86942333,0
-0.2720411,-0.3734605,-0.080072924,1.1601461,1
-0.7486011,-0.21156079,-1.0661931,-0.69948727,0
2.1598449,0.02171367,1.6004878,0.48766565,1
-0.45775425,3.6966581,-0.45485175,0.051197585,0
3.390208,-0.33590582,-1.2969384,-0.47353187,0
-0.8810253,-0.37693173,-1.8850465,-0.726476,1
-1.1878977,0.047087684,-0.89373094,-0.5485127,0
0.05732028,-0.09418796,-0.091959685,0.92195237,0
-1.4841186,-0.366059,-1.0021315,-0.5548027,1
-0.021835111,-0.13839197,0.13506494,-0.9152224,1
0.22359477,-0.9777413,-0.8284242,0.8008037,1
0.3131646,-0.664607,-0.46655878,0.01972922,1
-1.2610663,-0.6923499,-0.90030986,0.030374538,1
-2.0413084,-0.44168547,-1.5672812,-1.0827969,1
-0.2969394,0.5655267,0.2857794,-0.96905625,0
0.4660219,-0.2860479,-0.64176524,-0.21359175,0
0.24032226,1.2011833,1.0745616,0.027215842,0
-1.1697949,3.245575,-1.09019,-1.03023,0
-1.4792455,-0.62954557,-1.3626168,-0.5293834,1
-1.9479182,-0.65793455,-0.8317789,-0.5613904,1
-0.7518504,-0.52295995,-0.99216324,-0.18502648,1
-1.6922445,-0.39142823,-1.8279966,-0.97373676,1
-1.3449762,-0.45103025,-0.55629665,0.041924234,1
2.4640398,-0.8407902,0.39286792,-0.21953326,0
-0.51678765,0.034917742,-0.39991453,0.8890224,0
0.26452386,-0.033620685,-1.1451511,-0.9691515,1
0.5098411,0.4667579,-0.5832516,0.26412576,0
0.7805961,-0.14383717,-0.18797946,-0.45280564,1
-0.59949577,1.3009521,1.5067772,4.018486,0
-1.0166656,-0.46901503,-0.20161226,-0.8618234,1
1.1851391,-0.36851406,0.09741322,-0.25713843,0
-0.9938003,-0.049028292,-0.9064742,-1.3196189,0
1.6292381,-0.506039,-0.69988316,-0.59244,0
-1.2218893,0.2795614,0.14949691,1.2376575,0
-0.9281059,-0.053125612,-0.10047765,0.08930883,1
-0.864308,-0.5417094,-0.5478806,-0.3389302,0
1.0989075,0.84554994,1.2042379,-0.15878968,1
-0.2490134,0.13766104,0.53993607,1.7432091,0
0.43511546,-0.7076187,0.6007767,-0.83644503,1
-0.66058075,-0.42854282,-0.54217684,1.0714309,0
-0.58973444,0.35630533,0.87387025,0.82471645,1
0.31867543,-0.115989275,-0.1447468,0.70872664,1
-1.0580648,-0.7499644,-0.22412758,-0.7250679,0
0.21297947,-0.09883243,-0.29816166,0.95899606,0
-0.35933542,-0.62420243,-0.720862,0.14478731,0
-0.2803899,-0.25171337,-0.5678802,-1.0095165,1
-0.477992,0.15121764,0.7805363,-1.0671202,1
-1.459169,-0.3198995,-1.5910034,-0.7874094,0
-1.0027816,-0.47358143,-0.25290874,-0.67487437,1
-1.2734747,-0.0662909,-0.8942316,0.16913836,0
-1.4256427,-0.56689435,-1.5195036,-1.3549747,0
0.24205533,-0.3813602,-0.16774741,0.2872622,1
0.9980258,-0.01757159,0.043882385,-0.6992274,1
-0.46632197,0.7661947,-0.31807184,-0.0076966863,0
0.7467588,0.14192612,1.0085388,-0.7614725,1
0.7758975,-0.054061994,-0.46599412,0.14963205,0
-0.8722464,0.5504935,-0.59018254,0.4571557,0
-0.7726457,0.07167139,-0.42965266,1.1552775,0
1.0417095,1.1364809,-0.3621104,0.050387632,0
0.6676132,-0.53240365,-0.5648511,0.7078659,0
1.7536113,-0.61485595,-0.2345233,0.7873703,1
-0.6278532,0.6369549,0.77868545,0.01877806,0
-0.46403372,-1.1216135,-0.6436039,-0.048356555,0
0.7512914,0.07131386,-0.72461087,-0.038633876,1
-0.87321556,0.5818181,-0.5668242,-0.6581862,1
-0.112961635,0.3265278,1.0797796,-0.3265138,0
-0.10195908,0.20683263,1.6237737,2.1494968,0
1.5027522,-0.8856671,-0.63928777,-0.8451592,0
1.4468092,0.57123274,-0.2849995,-0.16975136,0
0.8857249,-0.9076699,0.90302294,-0.0054921545,1
0.35715413,-0.42835748,1.7552824,-0.010865916,1
-0.47509354,-0.049903437,-1.8430965,-0.96439385,1
1.243304,0.3688256,-0.87790024,1.3986245,0
-1.4871184,-0.3717947,-0.83076155,-0.7715533,1
-1.2777495,-0.570978,1.0785147,-0.75292623,0
-1.0820591,-0.46142513,-0.9740881,-0.24867892,0
0.9153496,0.49667576,-0.09342588,-0.33138785,0
-2.2467725,-0.9715848,-1.2454019,-0.9586269,1
-0.15211704,1.1126232,-0.87366724,-1.0105453,0
-0.884042,-0.39672178,-0.485237,-0.35835338,1
0.67394507,-0.039418817,0.8538485,0.8570621,0
-1.7733183,-0.7300904,0.43017346,-1.1389832,1
-1.493996,-0.5688975,-0.619292,-0.9988142,0
-0.08228639,-0.42152613,1.3326914,0.31247854,0
0.69254684,0.15733089,-0.71293825,1.6771817,0
-0.29903948,0.1585452,0.46210453,-0.6539653,1
-0.104190186,0.06710237,0.75200224,0.4077698,0
-1.5364666,-0.49733257,-1.0470809,-0.15742838,1
1.087039,0.007106811,-0.78462136,-0.109370604,0
-0.7866829,0.02040121,1.3051376,0.52649087,0
1.2523618,0.20798305,-0.35535857,-0.14065069,1
1.4738357,-0.9099241,-1.0919552,-0.19107261,1
0.90329194,-0.4254231,-0.6757503,-0.03671704,1
0.086386204,-0.45112634,-0.49211255,0.54813963,0
-1.0623962,-0.28886437,1.1574289,0.94616246,1
-0.7919936,-0.9584501,-1.0524153,-0.98223877,0
-0.713182,-0.21615338,-0.96394485,-0.33849514,1
-0.19612435,-0.3789164,-0.87981373,-0.2457441,1
-0.7063687,0.14649084,1.5683749,0.5630155,0
-1.7305387,-0.7875116,-1.7706615,-0.57415634,1
0.33580154,-0.6655235,1.0335717,1.3698778,0
0.4560182,0.10651696,-1.1215479,-0.62518793,0
-1.1186918,-0.7473403,-0.1553119,-0.79892623,1
0.55618846,-0.086356476,0.29347456,-0.6530454,1
-1.724837,-0.7596734,-0.8870428,-0.920235,0
0.538038,0.67959154,-0.12586573,0.4437119,1
0.9560621,-0.96261966,-0.26654258,-0.68689996,1
-0.33679765,1.4909297,-0.30710477,0.81205064,1
-1.3447592,-0.10122384,0.13917121,0.07227573,0
0.32251537,-0.24867769,0.84015095,0.008974388,0
0.46801722,2.6969337,1.5892334,1.6593114,1
0.1908679,0.37013853,0.24691622,0.8991655,0
-0.13519637,0.7021906,-0.4447368,-0.14481387,1
0.5424577,3.1155257,2.3885763,2.305959,1
0.853776,1.0897119,1.145371,0.98602676,0
1.0613785,0.56481373,-1.1395949,-0.7822784,1
-0.5567842,0.1594651,-0.43460852,-0.1378684,0
-1.1635066,-0.39830703,0.574643,0.7808345,1
-0.054854296,-0.56176215,-1.9791448,-1.0297714,1
1.5651282,0.5807456,0.99613595,-0.1536094,0
-0.8356662,0.06855167,-0.6156713,-0.82615274,1
0.9058547,0.38188112,1.0655988,0.19450122,0
1.0185938,-0.82538366,0.6218322,0.13203882,1
0.091855496,-0.39278534,0.92625386,0.5768648,1
0.8152135,0.4565218,-0.27173954,0.4990058,1
0.8711433,-0.30310535,-0.424659,-0.85894585,0
0.5946681,-0.69543344,-1.5776669,-0.5452693,1
1.0252644,-0.45927405,2.1923158,-1.2034936,0
-0.053842857,1.1291424,0.33061743,-0.0011227466,0
-0.08645359,0.9775239,-0.64803374,0.760564,0
-1.5299495,-0.83039427,-0.75021076,-1.0170001,0
-1.2022852,0.9933021,0.31128204,-0.17960386,0
2.0404096,-0.42527923,1.2246429,-0.75687313,0
2.3469062,-0.48923805,-0.22277026,-0.93184096,0
1.4366045,-0.40514982,1.6205777,-0.22606568,0
0.47993144,-0.53990084,-0.7064807,-0.5698236,0
1.1794097,0.2961349,0.9542289,-0.75855017,0
2.3875408,-0.25357392,2.241482,-1.1430159,0
0.8633872,-0.8321475,-1.182719,0.42259634,1
-0.29245755,-0.38916916,-0.3422802,0.9873238,1
-0.4922472,-0.05968397,0.23524724,-0.009238508,1
0.5859422,-0.36277908,-1.8717655,-0.3653539,0
-0.14365363,-0.9231943,-0.55105126,0.17429674,0
-0.21189578,0.04224768,-0.83594155,1.2227645,0
0.68853176,-0.5308221,1.7508377,-0.9192592,1
0.8738365,-0.50975585,2.6639261,-0.04129897,1
1.5192044,0.65917355,-0.8559656,-0.7131403,0
-0.06884705,-0.5170858,-1.4910215,-1.3841503,1
-1.0871483,-0.083702475,0.19635642,-0.73007715,1
-0.33123755,-0.07114266,-1.1923088,-0.87454844,0
-0.75399995,1.1514482,-0.3959708,0.920146,0
-0.2543695,-0.18633941,2.068857,4.6993504,1
-0.75819075,-0.8495524,-1.0902658,0.90438807,0
-0.13816893,0.4542901,0.9231877,0.7331014,1
-1.0472363,-0.6411759,1.9737945,-1.169411,1
-1.2072986,-0.042909384,-0.28611583,-0.61702734,0
-0.9713392,-0.51599884,-0.5246117,-0.23615336,1
0.0029366761,-0.64213383,-1.2916379,-0.9598217,0
-0.17556109,-0.6262121,-0.8789394,-0.032174256,1
0.41620693,1.8405238,0.120200634,0.65940285,1
-0.5305723,-0.21085781,0.23418763,-0.58552563,1
1.0943127,-0.63186383,0.7775765,1.1025834,1
-1.0052667,-0.99450785,-0.68559986,-0.8620449,0
-1.0358913,0.27002,0.56730825,0.45220926,1
-0.7796512,-0.03363368,0.14497098,0.06506063,1
2.399013,-0.82883734,-0.035674304,-0.2409453,0
-0.27270088,-0.2114613,-0.12281641,-0.37972528,1
-1.0122977,0.8632293,0.7748519,-0.7885608,0
0.03963089,-0.7545767,1.4724864,0.015604023,1
-0.11884306,-0.16234952,1.3727818,1.0513086,1
0.6918776,-0.9482048,-1.1005976,-0.9631915,1
0.008346677,0.16557615,-0.91949064,0.02588312,0
0.2853859,-0.1971615,1.3902522,0.25324434,1
-1.7920966,-0.5502895,-0.90831697,-0.84208965,0
0.75950587,-0.34101093,0.045824036,-0.008555761,0
-1.0070411,-0.27868748,0.64135987,0.22982095,1
0.29048046,0.491003,-0.38931328,-0.31621414,0
0.54652286,-0.21338439,0.54348326,1.5459433,1
2.8888755,2.3486488,3.7707076,-0.58345044,1
-1.3957363,0.12596387,-0.6154816,-0.80743265,1
-1.4777504,-0.65547544,-1.2299874,-0.5420234,1
1.2398444,-0.14318895,-1.0977774,-0.071364865,1
-0.6013653,-0.24568835,-1.8178301,-0.65249366,1
0.06934363,0.041481033,0.3351392,-1.0084509,0
0.38500935,0.6618842,-0.6670701,-0.21931157,0
0.78842103,-0.1489383,1.4864706,0.2589386,1
1.2433326,-0.20066506,0.035925474,1.337913,1
-1.3521509,-0.2522992,-0.73747826,-1.0367719,1
-0.96504694,-0.9140172,-0.8558734,0.4665047,1
-0.58053744,0.101225436,-0.16815051,0.34114897,1
0.44043642,-0.18555477,-0.14240213,0.5699266,1
-0.43843943,-0.6466941,0.67141217,1.4508023,1
0.08823344,0.33884406,-0.7681501,-0.68672365,1
-1.7358168,-0.009793192,-1.0420265,-0.3820098,0
1.2331593,-0.61574715,-0.82176745,-0.05666811,0
-0.07809135,-0.72250974,0.08930754,-0.15005971,1
-0.020544924,0.48457807,-1.1914806,-0.20353718,1
0.95821965,0.47512132,-0.6849329,-0.2488345,0
0.068642974,5.3809037,-0.5687449,-0.1842505,0
1.3161148,0.115716934,-0.6920894,-0.24601664,0
-0.6500389,-0.5445726,-0.9019348,-0.61837894,1
-1.279354,0.10852949,0.42042744,0.4941971,1
-0.10783231,0.62221247,1.5564699,-0.024732873,0
0.6442068,-0.7173031,-0.7103526,-0.80569416,0
-0.7611553,-0.930375,-0.40599027,-0.97932357,0
0.2924114,0.067635745,-0.1509962,-0.59244025,1
0.2513897,0.20619403,0.51822674,-0.14384864,1
1.1798301,1.9079908,1.2446756,0.5311487,0
1.0723782,-0.3838467,0.10428175,-0.31657287,1
-1.2131526,-0.8112809,-1.3999414,-0.679505,1
-0.08253429,-0.5127019,0.56141776,0.6084208,1
0.030382276,0.39750415,-0.64084077,0.14954543,1
-0.27394822,0.47327018,0.4616837,0.28894123,1
-0.1335249,-0.82924974,-1.5122025,-0.6351671,1
-0.01412563,-0.51215744,1.4417137,-0.028434854,1
0.34773573,0.5283919,-0.20294124,-0.05931182,1
0.64598405,-0.16485092,2.2592585,0.7231746,0
-1.5540551,-0.53913057,-0.9741827,-0.6794646,0
-0.005553171,-0.39948192,-0.7888578,0.3268823,1
-1.4278562,-0.58129,-0.24315219,-0.9200758,0
1.0578529,-0.14591718,0.08182121,0.6535232,1
-1.1711609,-0.48761612,0.14405698,-0.7943047,1
-0.3461489,0.115479365,0.34175658,0.07333286,1
-1.0958599,-0.38453472,-1.6319579,-0.78565985,1
1.0777807,-0.10591601,0.27087623,0.8974335,0
-0.6772362,-0.1960762,0.1544114,-0.6260185,1
2.3174684,-0.6441086,1.4867182,0.7885796,0
-0.82661927,-0.38276637,0.18374196,0.7379321,1
0.5417276,0.9224305,-0.33289242,-0.24289575,1
-0.61941314,-1.0297022,-1.1244571,-0.43529165,0
-0.44405496,-0.65506774,-1.3583068,-0.8644768,1
2.2667348,-0.45303422,0.8881805,-0.42619744,1
-1.5253038,-0.85860705,-0.122577325,-0.39866558,1
0.5438628,-0.50390357,-1.4603258,-0.9750524,1
-0.68036777,-0.27895796,-1.6737885,-1.0045961,1
-0.59018147,-0.04388915,-0.024668567,0.65146446,0
1.2921906,-0.6193585,-0.96208584,-1.270847,1
-0.85012597,-0.86038446,-0.12768297,-0.93795764,0
1.2534791,0.48876756,0.69322836,1.4542485,0
-0.85995644,-0.9235148,-0.338481,0.66882926,0
-1.1425034,-0.108109415,-0.5874508,-0.79489785,1
0.3885802,-0.42203116,-1.7900593,-0.5820657,1
1.6690034,0.3193359,-0.059084997,-0.8647989,1
1.5217979,-0.48848474,0.8303551,-0.19916676,0
-1.0736758,2.5261095,0.62098044,0.6364076,1
0.5317502,-0.11373523,-0.51068765,-0.27967122,1
-0.67243665,-0.26862037,-0.5626904,0.92395276,1
2.1663637,-0.3802281,-0.97709376,-0.4644592,0
-1.1832193,-0.7422854,-0.8703698,0.27978507,1
-1.7055533,-0.39723963,-0.22922349,0.20436801,0
0.99300456,-0.949303,-1.6559237,-1.067345,0
-0.86140937,0.5923146,1.8205965,5.779398,1
-0.7276266,0.7891399,-0.92148715,-0.18651544,1
1.2607985,-0.4756544,-0.067684725,-1.1646411,1
2.2323043,-0.033537097,0.63855106,-0.25373718,0
-0.5693699,-0.27942774,-0.03075394,-0.7256304,0
-0.092569746,-0.42481056,-0.073944256,0.34734237,1
0.28241315,0.058509924,-0.18668357,0.7362352,1
0.032658815,-0.33756667,-0.5803994,-0.00331264,1
0.98106444,-0.2541812,-1.1882526,1.0022064,0
-1.1636574,-0.37214866,-0.9410339,0.77525204,0
-1.6385638,-0.3553046,-1.3860445,-1.0983312,0
0.102121025,-0.6027755,-0.18902007,-0.016098777,1
0.3966349,0.11639972,0.09241286,0.28501537,0
0.76472926,0.34615168,0.7045837,0.50690126,0
0.112490706,0.05333388,1.0332711,-0.18541962,1
-0.22439657,0.03240055,0.23949105,0.8266341,0
-0.9737266,-0.3195599,-1.2135298,-0.7383118,0
-0.6663527,-0.47998714,0.50918007,0.5080695,0
0.062419325,0.54412043,-0.076346874,-0.2865924,0
-1.421454,-0.5819222,-0.9457711,-1.1152477,1
-1.3938643,-0.3814897,-0.7457956,-0.7928232,1
-1.3166128,-0.11290736,0.35936898,-0.9321052,1
-0.65531516,-0.24975583,-0.6843556,0.032270517,1
0.2801232,-0.38326836,-0.7785356,-0.580478,1
1.418418,-0.524409,-0.90540487,-0.0061817747,1
1.0607252,-0.07633953,0.18358259,0.5083664,1
-1.4029944,-0.59382254,-0.6576561,-0.5402167,1
-0.07357986,-0.91659105,-0.56238806,-0.19184527,0
0.61915475,0.06973919,1.8205788,-0.78122765,1
2.2258532,0.02829513,0.47368303,1.306613,0
-0.49438125,-0.2976405,0.82889926,0.7888315,0
0.8100292,0.02736444,-0.6415672,0.08454603,0
1.2657046,-0.73111326,-0.23615666,0.3682159,1
-0.87836415,0.7490955,-0.5578189,-0.8464237,0
-1.745849,-0.56177425,0.61624604,0.023797847,0
-1.5247331,-0.19030888,0.13577259,-0.7059919,1
-0.049642086,-0.32869303,-0.30672434,0.35588592,1
1.0085288,0.9641566,1.6555511,-1.2137556,0
-0.20276442,-0.75277746,-0.3605354,-0.93566144,0
-0.2543221,-0.8711472,-1.3181849,-0.039221574,0
0.0023293905,-1.1657875,-0.62367785,0.09728578,0
0.722262,-0.13112675,2.7778606,2.011595,1
-0.026947897,-0.4101228,-1.0826527,-0.20691106,0
1.187129,3.4417536,1.289536,0.4497872,0
0.56151354,0.05439201,-0.31478098,-0.6482023,1
-0.76513785,-0.13204485,-0.9423636,0.21117002,0
0.25340945,0.77472603,0.89327264,1.2679508,0
0.18226767,0.65209174,-0.5681422,-0.2663699,1
-1.4496449,-0.050930187,-1.0906233,-0.7328915,1
1.0296409,-0.46271285,1.5454526,-0.79042184,0
0.8073264,-0.06478514,0.3289873,-0.62981296,1
-0.6371192,0.0058217347,0.5191276,0.5177287,1
-1.2772391,0.14686875,1.3927222,0.84980667,0
-0.056133628,-0.492984,-0.64525217,0.8041832,0
0.53606397,0.10563257,-0.9994731,0.29567033,0
1.6268568,-0.48124737,-1.978721,-0.97101,0
-0.11050904,-0.6738643,-0.061083734,0.54910797,1
0.17678973,-1.0690391,0.0387994,0.26914176,0
1.586578,-0.31235462,-1.0894485,0.09619105,0
1.8642217,1.901489,-0.09042695,1.269618,0
1.4071321,-0.12359279,-1.0024275,-0.94189155,0
-0.7803638,-0.0896582,-1.310252,-0.80848354,1
-0.887934,0.23247364,0.6361938,1.3865799,0
-0.76688015,0.19543341,-0.27978325,-0.54779965,1
-0.26140565,0.0286614,-0.12843111,0.26547265,1
-0.23446743,-0.63203675,-0.20493656,1.7326591,1
-1.7044303,-0.5340711,-1.4600106,-0.8187295,1
0.09682016,0.9707265,0.35249665,-0.3233806,0
0.62094116,-0.25885925,3.6468933,0.9445533,1
1.8240184,0.890938,0.81421524,-0.6297476,0
2.1816304,0.5979743,0.18737963,-0.701192,0
-0.41961607,-0.6506966,0.780633,1.8345063,1
0.49851906,-0.6965047,-0.7165886,-0.50682473,0
-1.6548812,-0.70380616,-1.7212398,-0.96502674,1
-1.9261012,-0.7606216,-0.99536014,-0.72197735,1
-1.0405481,-0.44559914,-0.5889175,-0.61788386,1
-1.5965003,-1.0167742,-0.95364916,-0.3710989,0
1.4396948,0.30249214,-0.62897515,-0.02283673,0
1.0476133,1.4946625,0.647503,1.6996295,0
-0.64305973,-0.5630258,-1.2039236,-0.5640423,1
-0.026773185,0.12896597,1.7565584,0.014335327,1
-0.28172678,-0.0035645068,0.41108388,-0.6795477,0
-0.69971037,-0.3682689,0.92243147,0.88780487,1
0.7282224,1.7526625,4.3122807,1.4004776,1
1.4508978,1.339738,0.40441096,-0.012489542,0
-0.054692924,-0.086558364,1.5885692,0.44878966,1
-1.5112427,-0.74732625,0.5247964,-1.1899903,1
1.2145029,-0.99733925,0.9411124,0.15890402,1
1.6245035,-0.5819207,-0.8036672,0.53190064,1
-1.5664747,-0.14855032,-0.84878385,-0.94205046,1
-0.38077503,0.9205177,0.25606027,-0.68421555,0
0.2573141,-0.35733008,-0.4810722,-1.1596895,1
1.9262321,-1.1679785,3.1725771,-0.7596775,0
-0.39799315,-0.45015797,-0.04100513,-0.5680317,1
3.1678028,0.48666924,-0.29302865,-0.3830228,0
1.7787328,-0.65917236,-0.4955493,-0.87975305,0
-0.47324583,-0.14633882,1.4026418,-0.08014247,0
1.5660764,0.62806785,-0.06494893,-0.2457429,0
-1.0853964,0.014485069,-0.34712183,0.8443087,1
1.4629716,1.0062212,0.3032868,-0.74397594,0
0.14025849,1.3659703,0.030547746,0.53130305,0
-0.032431677,1.5152723,0.11594647,0.7073031,1
0.6675987,-0.44705194,-0.3596929,-0.37765378,1
0.0029734522,0.27219164,0.1473574,-0.04072954,0
-0.89400077,-0.29119927,0.152266,0.37439868,1
-1.5201654,-0.49123442,-0.8083197,1.8850536,1
-1.038343,-0.3752111,-0.8409778,-1.0169191,0
2.1990674,-0.6974349,-0.52353394,-0.53510594,0
-1.5412751,-0.93096924,-0.34918505,-0.65295964,0
-1.2985336,-0.8820678,-1.3425894,-0.7820267,1
0.12002604,0.17519619,0.25344914,-0.2479365,0
-0.18677503,-0.24441153,0.09590629,1.8625025,1
0.21875662,1.1419249,-0.6930561,-1.1643028,1
-0.8219131,-0.7854321,-0.25748718,0.3733143,0
0.106937796,0.03827683,0.35135967,0.81460226,0
-0.43541837,-0.8344617,-0.40652007,-0.48793036,1
0.68442434,0.17561074,-0.009267546,0.5921501,0
0.6928949,1.6596148,0.9791346,0.6239946,0
0.9357564,-0.70829713,-0.94664675,-0.92263275,1
1.1697471,-0.42893854,0.6167384,0.6670465,1
-0.2900351,-0.56136423,-1.3302507,0.26805374,0
-0.09428345,0.3660906,0.61022097,1.3349224,0
-0.7230462,0.58713025,-0.23799193,0.625406,1
0.39321342,0.55740345,0.8232129,0.7932172,0
1.0159972,-0.30932462,-0.689646,-0.6523093,0
-0.856926,-0.6680422,0.69965607,-0.68363,0
0.6479809,-0.7192603,-1.1866537,-0.77485,1
-0.5980918,-0.39354563,-1.5144802,-0.12304121,1
-0.5174324,0.9480789,1.3104907,-0.12991317,0
-1.0862465,0.58847183,-0.6748669,-0.15487014,1
-0.879159,0.047651812,-0.9616305,0.8345083,1
0.8812129,-0.43149242,-0.16851291,-0.28140718,0
0.46446323,1.5208473,0.1174427,1.2532918,0
-1.7171769,-0.42878765,0.41826928,-1.0924088,1
-1.1616929,0.5021303,0.26469702,0.23649746,1
0.6611179,1.5740862,1.9389325,2.2303813,1
0.19549206,0.411151,1.3624159,-0.17833494,0
1.5892118,1.2590094,2.7656753,-1.1041429,1
0.25793627,0.12466106,2.2493956,0.41787308,1
-1.4999251,-0.66283286,-1.6202629,-0.80254626,1
0.45529127,0.5130723,2.401328,1.4375566,0
-0.14237313,-0.42230326,0.016067743,-0.33099106,0
-0.7261603,-0.54340005,-0.24635024,-1.0192873,0
1.2210807,-0.3696244,0.34537965,-0.9156454,1
0.86038876,-0.3070125,-0.7973978,-0.40684268,1
-0.74030674,0.09322724,0.3129503,0.10398668,1
-1.1971761,-0.22632098,0.78768814,0.8417285,1
-0.80904645,-0.58600545,0.0749719,0.25808746,0
2.4822938,-0.35663295,-1.2358705,-0.85187334,0
0.58841646,-0.023344867,1.8789821,-0.20653164,0
-1.1006591,-0.6047336,0.60272795,-0.30812252,1
0.11592503,0.22460872,-0.020428285,-0.54272634,0
-1.3903985,-0.43540448,-1.0851703,-0.8670799,0
-1.9327203,-0.5986789,-1.3407202,-0.6446339,1
-0.27448577,-0.72393894,-1.2230835,0.1640392,0
1.2939216,1.6254152,1.6693645,-0.70724404,1
0.13599013,-0.2073854,1.5750158,-0.30113292,0
0.5229212,-1.0886769,-0.6129837,-1.0708959,0
-0.9561125,-1.1843716,-0.2994755,-0.9446651,0
-0.13090473,-0.3009234,0.31155163,-0.62692815,1
-1.5928881,-0.9374161,-0.21432841,1.5816463,1
-0.015334636,0.06460635,-0.9267596,-0.4662128,1
-0.8010763,-0.013394624,-0.71127164,-0.89517665,0
-0.4655173,-0.0053399205,0.23231769,-0.8853666,1
-1.4921985,-0.7674937,-0.007912815,-0.45549616,0
-0.11123827,0.30249563,-1.3669796,0.09480405,1
-0.9312338,1.3086382,0.117932156,1.4339654,0
-0.32260647,-0.7901436,-1.4131517,-0.6541825,1
-0.02229835,0.6601796,1.2926295,0.76503015,0
-0.4021581,0.47872138,-0.15929568,-0.87281984,0
0.14461137,-0.123546824,-0.20999041,-0.11546038,1
-0.020899694,-0.53725797,-0.10922897,0.76691633,1
-1.4812993,-0.3060478,-1.0195699,-0.82887447,0
0.012074262,-1.3114161,-1.7599006,-1.0996742,1
-0.5848929,-0.84479797,-0.653125,-0.92175215,1
1.8601978,-0.90776193,-0.8014383,-0.9875458,0
0.08519271,0.8255297,-0.8207443,0.7593641,0
-0.94170594,1.0204265,-0.89410454,-0.06552728,1
-1.7020754,0.42145786,-0.8822845,-0.62239814,1
0.8387069,1.0892246,-0.086463794,0.8510582,0
-1.1519921,-0.75928396,-0.8138606,-0.582939,0
-1.0385633,-0.34091324,-0.8573302,-0.5254136,1
0.4421561,-0.56868774,0.7734532,-0.60703063,0
0.44129413,-0.16184556,0.30497608,-0.8139635,0
-1.7218001,-0.46783715,-0.9196338,-1.0225706,1
0.9596081,0.34262416,1.8308253,1.392577,1
-1.239518,1.0787467,2.636762,0.6092511,1
1.3320124,0.5489414,-0.28119248,-0.73311913,0
1.3375025,0.29624537,1.2335944,2.8363726,1
-0.597881,-0.38512886,-0.5601493,-1.0637444,0
2.3201458,-0.6234064,-0.8312144,-0.73441523,0
-0.6964165,-0.23714438,-0.08860719,-0.5451964,0
-0.7597655,-0.2500347,1.2683009,0.5334798,1
0.69334507,-0.26147696,0.5251217,0.01044704,0
0.6166765,-0.14259093,0.7542411,0.8424578,0
0.18232718,1.5834713,-0.82604396,-0.948792,0
-0.8329308,-0.35058922,-1.6935248,-0.9366622,1
0.7672405,0.243115,-0.16567701,0.64510316,0
0.97635734,-0.25480855,-0.4050823,-1.1300828,0
-1.4319828,-0.47431415,-0.336465,0.33732367,1
2.2550445,0.38101646,1.0957861,-0.9190013,1
1.5523391,0.058594175,-0.5108217,0.029683132,1
0.32283366,-0.045294777,0.19205178,0.55028534,1
1.3818955,0.38545465,0.2711011,-0.21715327,0
-0.8294259,0.3932204,0.4777784,-0.61928236,1
-1.8885568,-0.4253289,-1.164036,-1.0549437,1
3.024776,-0.0032623634,0.47807887,-0.11520249,0
0.72947705,-1.0303953,0.5961767,-0.04707339,0
-0.56571925,-0.37273464,-0.65970004,-0.9496622,0
1.0296112,1.2644491,0.64231855,2.2183132,0
-1.07666,-0.19829929,-0.50734556,-0.8883307,1
-0.74980193,0.12963536,0.051462594,-1.1586711,1
0.24975693,0.6426474,1.0930052,0.6826497,1
0.6054516,-0.19532791,2.022433,-0.22989196,0
-0.23525909,-0.77943116,-0.6082181,-0.74239075,1
0.31812105,1.2637873,3.393479,1.7670858,0
0.24271496,1.1504655,0.22424462,0.4616354,1
-0.00975094,0.6543139,-0.13847098,0.8106066,0
0.09271772,-0.2636714,0.8330807,3.1072662,1
-1.235272,-0.8557543,-1.4751899,-0.6924578,1
-0.5755348,-0.5821911,-0.23626587,-0.843505,1
-1.435848,-0.27665433,-0.909185,-1.4271033,1
0.13967861,-0.09080531,-1.0098143,-0.632776,1
-0.83449876,-0.37805393,-0.025635451,-0.68798965,0
2.1907382,-0.47467574,0.19501907,1.300824,1
1.1402231,-0.45772207,-0.10662182,0.67364824,1
-0.081567675,0.038251266,-0.08959028,2.3823185,1
0.076318696,-0.63791573,-0.35689464,0.048047196,0
-0.86012924,2.9441686,3.7642632,1.2293835,0
1.735755,1.98395,-0.012625009,0.030703757,0
-0.61445785,0.916757,-0.02536507,0.77671766,0
1.1557336,0.100050524,1.4139246,2.342923,0
-0.65115064,-0.5566251,-0.046625197,-0.784099,1
-0.17566775,-0.22320573,2.6603634,0.49385738,0
-0.43584353,-0.13408916,0.77204126,-0.03508443,1
1.1923726,-0.20901623,-0.117503524,2.4911783,0
1.3848262,1.462192,1.1836582,1.0741569,0
0.4274796,0.31968313,1.5764573,-0.051973224,0
0.7623307,-0.8340609,3.6120474,-0.921103,0
0.22421226,1.0159782,-0.24660894,1.1189269,0
1.8903576,-0.89432245,0.117048666,0.38921395,0
-0.04330806,-0.433995,-0.8423375,-0.61421466,1
-0.26755297,-0.5871209,1.3204257,-0.09473279,1
-0.75341827,-0.6260276,-0.4658393,-0.60324514,1
-0.010921836,0.74578494,0.7823894,1.0237007,0
0.32268712,0.06346995,0.52699816,-0.30544215,0
-0.23878834,-0.62719357,-0.15897217,-0.07530618,0
-0.13283627,1.2362812,0.2822436,1.0292164,1
0.47022393,-0.4401573,0.041410364,-0.99428517,1
-1.2176756,-0.53770757,0.11566576,-0.74577993,1
-0.5993941,-0.25518873,0.87243444,0.8553741,1
-0.16485697,-0.18632895,-0.35929567,0.103643626,0
0.9801053,0.111241594,-0.27462655,-0.26989603,0
0.29044768,1.2172195,1.7698934,0.5386982,1
-1.2074113,-0.15321255,-1.0924735,-0.7728938,1
0.60776234,-0.88974583,-0.3481251,-0.43339524,0
2.7857075,-0.47128817,1.1736355,0.6691181,1
0.87426794,-0.49733534,0.17358208,-0.92590946,1
0.003909409,0.7563105,-0.40200064,0.9580742,0
-1.1019562,-0.13317494,-1.0901383,-0.20260847,1
1.0379314,0.23643558,-0.7293875,-1.0174382,0
-0.659122,0.48228315,0.4068742,-0.949826,1
-1.7189149,-1.0457609,-1.3685491,-0.49442396,0
0.42890707,-0.6594498,-0.1641886,-0.25423506,1
-1.2706308,0.05589536,0.42529532,0.10267159,0
1.0495945,-0.6010965,-0.86270034,0.027715173,1
0.186082,-1.0558536,-0.3908202,-0.58555734,0
-1.4523519,-0.5160638,-0.9874647,-1.0091815,0
0.21555248,-0.28328428,0.46769238,0.7725059,1
-0.94198614,1.0694606,0.08943019,0.65538955,0
0.6236899,0.23395544,-0.72109836,0.49244526,1
0.21177658,0.36448634,-0.03138376,-0.08081572,0
0.34354767,0.93619335,0.24916261,0.9383628,0
0.4061197,0.0357676,0.24966666,1.0884128,0
-0.5575771,-0.5085472,-0.8222061,-0.80654347,1
-1.2615442,-0.35811442,-0.22340503,-0.8305833,0
2.4624813,0.08484982,-0.48501343,-1.1884369,1
1.5959388,-0.06320831,0.820971,1.4281486,0
-0.7381169,-0.090086654,0.6728234,-0.14170721,1
-0.09993565,0.27320397,0.0023944378,0.5838153,0
-0.7049222,-0.7977887,-0.67083275,-0.7122259,1
-0.901965,-0.19974482,-0.6368515,-0.9357522,1
-0.14555618,1.546462,-1.0168884,0.9915347,0
-1.4340689,-0.9995098,-1.0083609,-0.7232397,0
-0.010123547,-0.53735316,-1.6591195,-0.749948,1
-0.37314594,0.10369471,-0.48095742,-0.090383574,0
0.20050567,-0.5763328,-0.051083166,-1.0999308,0
-0.73038274,-0.24740529,-0.0569548,0.013345029,1
0.22813237,-0.7485145,0.5954907,0.094488665,0
-0.5882077,1.2282127,0.93358755,0.7766453,0
-0.52412724,0.20333752,-0.6001582,-0.05258257,1
-0.11128819,0.07496545,0.35746714,0.86400187,1
-1.2901177,0.16399424,-0.6332719,-0.6433815,1
-0.020631608,-0.6212608,-1.4906296,-0.5100368,1
-0.91138387,0.64325595,-0.21855319,-0.82809997,1
0.16912484,0.39574867,0.44278008,0.89618134,1
1.165795,-0.025275663,1.7687181,-0.1442901,1
-0.6423139,-0.30508193,-0.40945125,-0.11460742,1
-0.5854874,0.66175437,-0.950845,0.13760659,0
2.1167293,-0.38906392,-0.33547994,-0.66165507,0
-0.25826576,0.44352922,1.0226016,0.7696205,0
0.89169824,1.0760037,1.8644968,2.1369808,1
-1.6455593,0.32977447,-0.9463499,-1.2734923,1
0.89691705,0.23826066,-0.1949149,0.18382123,1
0.06184703,-0.7692448,1.1116766,0.70975924,1
0.14770705,0.28120148,0.22917932,-0.17075565,1
-0.22576275,0.66803133,0.09630105,0.8623344,0
-1.1332393,-0.26895815,-1.6218606,-0.8862381,1
1.3016201,0.80003005,1.4979327,-0.2158537,0
0.41287917,-0.2608091,-0.037512656,-1.0888686,0
-1.4515309,-0.38083515,0.028018609,0.79001206,1
0.56369865,-0.56689256,-1.4456195,-0.90589225,1
-1.0312669,0.83032686,0.91308534,-0.13857794,1
-0.16058858,0.3525001,-1.4666455,-1.155865,0
1.595819,-0.28295994,-0.18742585,0.67535025,0
-0.748343,0.37406477,0.6575687,0.4385822,1
-0.95921737,0.32625616,0.5084119,0.92042595,1
-1.607541,0.10453597,-0.46158117,0.7301716,1
1.1622189,0.24157949,2.3358133,-0.42078653,0
1.396539,3.0228417,-1.3145945,-1.0492922,0
-1.0281656,-0.46978003,-0.90412086,-1.1553397,0
0.4197019,-0.14529876,0.4616242,0.65814227,0
1.5649691,0.35558534,-0.47795373,0.04613364,1
0.26979974,0.10187042,-1.1497457,0.17488058,1
1.5015917,0.04416737,-0.3138919,0.74306387,0
1.7143686,-0.6281518,-0.34123254,0.061262812,0
0.713722,-0.03130053,-0.6256505,-0.49984172,1
0.3594078,-0.55460894,-0.66754276,-0.18146299,0
0.20861538,-0.21846198,-0.6342394,0.77398413,1
-1.1708361,-0.17250293,0.6203038,0.70469034,1
2.5818288,-0.46101022,-0.00886739,-0.7614115,0
0.9347257,-0.13158473,-0.28700274,0.5845411,1
0.79690665,0.29918942,-0.21067846,0.33351824,0
0.14775768,0.3122377,-0.44615072,1.5655762,1
1.5710683,-0.11560139,-0.36950237,-0.98805773,0
0.1596452,1.227165,-0.256023,3.272001,1
1.5258474,-0.14785701,-0.18720242,0.04531854,0
-0.9057127,-0.30372977,-1.0990428,-0.9300412,1
1.5662507,-0.6146825,-0.73853475,-0.7787081,0
0.00857687,-0.51980686,-0.6848015,-1.0646889,0
0.2368106,1.8048792,-0.6633105,-0.86997,1
0.4687231,2.6247501,1.4701586,0.6666094,0
0.97046727,-0.40029648,0.29933655,-0.8693545,0
-0.21816269,0.8289183,0.7271644,0.8372747,0
0.025007933,0.016850501,-0.40970802,0.51315993,1
1.0774902,0.6422522,0.28862026,1.2613207,0
-0.52128816,3.1508353,0.4732857,1.4460434,1
-1.399161,-0.2275314,-0.7670271,0.8122573,0
-0.52341557,-0.41586447,-0.80159247,-1.048825,1
-0.97627085,0.95630306,-0.022368938,0.7249106,0
-0.785993,-0.24568915,0.7764969,1.3712816,0
-0.50856274,-0.2466678,0.110553876,1.5965571,0
-1.4034287,-0.35997117,-1.3103765,-0.76757663,0
0.43012166,-0.09566299,0.16283205,-0.06829719,0
1.9298847,1.7121885,0.72026813,0.33355573,0
0.7586819,0.15431972,1.7538117,-0.13574478,0
0.66840905,4.57014,0.40721285,-0.1965793,0
1.537054,-0.4712864,-1.4179388,-0.99101245,0
-1.3241816,-0.2676515,-0.6780529,0.04844885,1
-0.8045658,-0.12125534,-1.4610776,-0.47578079,1
-0.81499887,-0.024336424,-0.40770236,0.2376154,0
0.57986665,0.38130122,-1.0556817,0.08298926,1
-0.48625746,0.16405259,-0.38126275,0.16976152,1
0.49876863,-0.13682938,-0.8367183,-0.20856284,1
-0.12598334,-0.26962972,-0.22627899,-0.11355616,1
-0.41127226,-0.75951004,0.14699814,0.6822848,1
-0.34399474,-0.51492584,0.43167764,0.07276699,1
0.098371714,0.005710125,-1.3617228,-0.5732134,1
-0.020500481,0.076659724,-0.95400935,-0.009572979,0
-1.3202038,-0.12508315,0.6754605,-0.7398814,1
-0.894835,-0.4256838,-0.33569103,-0.76216394,0
0.46753109,0.27735934,-1.0387133,0.17347683,0
-0.32937053,-1.061958,-1.2055595,-0.002529934,1
-0.16776633,0.027245872,0.44431418,-0.97065175,0
-1.1293361,-0.3458783,-0.2972436,1.0025543,1
1.6970936,0.70736945,0.19955364,1.6374934,1
-1.8987362,-1.0344182,-1.3212632,-0.8320349,1
-1.0724623,-0.29264313,1.1430342,9.661597,1
-0.4995228,0.4966621,-0.30534422,-0.5993811,1
-0.84471595,0.016083814,-0.34737158,0.70677614,0
-0.05544472,0.17387724,-0.055802077,-0.44537374,1
-1.3932942,-0.04411484,0.53110456,-0.17926472,1
-0.79644763,-0.326324,-1.0860211,-0.8646246,1
-0.38234347,0.66537577,1.1828058,0.6163796,1
-0.69946176,-0.19830672,-0.015424259,1.7533083,0
0.33187807,2.2690344,1.1110291,0.0031908639,0
-0.53774154,-0.19510618,-0.54187495,-0.8508192,0
1.5467077,0.13672961,-0.2977668,-0.9471272,0
-0.40372443,0.030647576,0.8127659,1.7122743,0
-0.20448422,0.52386814,-0.2775144,0.11779708,1
-0.45237452,0.7639425,2.772074,2.2820854,1
-1.2114074,0.4100868,-0.6531934,-0.59886765,0
0.24016546,0.23576489,0.83424187,0.7758546,1
0.276492,0.08974995,-1.2254556,0.010768119,0
1.825669,-0.44663283,0.6132574,1.1943687,0
-1.636579,0.41442817,-0.7464261,0.78536606,1
0.2711041,-0.41685557,-0.29359758,-0.5564295,0
1.107645,-0.6224917,-0.08486535,-0.8343276,1
-1.3757643,-0.38283384,-0.48221028,-0.94663733,1
-1.7670785,-0.19253236,-1.0228183,-0.79569644,1
-0.022305798,-0.47501266,-0.97849226,-0.18369293,0
-0.31891474,-0.5632237,1.7376251,-0.29174113,0
1.3273045,-0.5063503,0.04168069,0.18778436,0
1.0069346,0.36874768,0.116266586,-0.8623787,0
-0.28071398,-0.11717169,0.115428925,0.15552054,1
0.6175322,-0.4392907,2.175138,-0.32058316,0
0.40677297,0.014266133,0.93598336,-0.037819855,0
1.7168219,1.6574395,0.7325082,0.048698287,0
-1.5790256,-0.3517472,-1.2386394,-1.2582228,1
0.31558833,0.37481838,-1.2650337,-0.5843151,1
-0.5191461,0.16336478,1.1556396,0.15096785,1
1.2353904,-0.25291747,-1.0414269,-0.17409837,0
-1.2517449,-0.8752947,-0.5699483,-0.7330931,1
0.0497005,0.96190065,0.38040337,-0.83399576,0
1.1255887,-0.52922046,-0.5863683,-0.6901375,0
-0.69392455,-0.45900097,-0.5308222,0.717163,0
-0.6273175,0.95372266,0.03788773,0.83958894,1
-0.13142246,0.60303086,-0.121022664,0.5562253,0
1.5929222,-0.37142047,0.0024131462,-0.26609161,0
0.9568727,2.87882,3.6613903,0.5661164,0
0.37973318,0.07258734,-1.1818558,0.15313035,0
-0.32722262,-0.26574898,-0.16599876,-0.88504934,1
-0.5708176,-0.80252755,-0.49687117,-0.5502556,0
1.9679867,0.70798695,-0.36124262,-0.867092,0
-0.46344498,-0.6976586,-1.0019115,-0.1914971,1
-0.4354696,-0.46831778,-0.9397158,-1.2298508,1
2.1811795,-0.9948064,0.60436136,-0.014601482,0
-0.9855091,0.4560357,0.9353671,0.61040556,1
1.1057099,0.840761,-0.86317354,-0.86026067,0
0.9167462,-0.65855396,-0.17520937,-0.51373506,0
-1.1887685,1.0213131,1.3427327,0.009428661,1
0.01706206,0.367281,1.5430958,-0.6966745,1
-0.1563959,0.16311908,1.5753595,-0.4011752,0
1.8520285,-0.47577685,1.6075071,-0.61908704,0
-0.6670491,-0.9813671,-0.5620741,-0.98636866,0
-0.96853346,0.3219746,0.05710402,-0.5652867,0
-1.0693834,-0.32495502,-1.2082461,-0.8385339,1
-0.17398395,-0.90939486,0.33082873,-0.5236491,0
-1.4425745,-0.708619,-1.2811756,-0.68306565,1
0.9309888,-0.5317262,1.634707,1.1984897,1
-0.14448862,6.892737,-0.82167494,0.09737012,0
-0.92479825,-0.4709233,-0.6609634,-0.10680272,0
0.2748993,-0.23464322,0.17753154,-0.05817466,0
-1.4775592,-0.928034,-1.4328688,-1.2616255,1
0.522601,0.42063132,1.8476909,1.2629426,1
0.18034151,0.2754117,0.7141838,0.534479,0
-0.4707165,0.31787175,2.7782388,0.9754243,0
0.98451054,-0.1707946,0.3509148,-0.12455377,0
-0.9978698,-0.29672757,-1.0621545,-0.72017974,0
0.3193689,-0.0072872937,0.54251367,-0.27546686,0
-0.5586278,-0.26427177,-1.1325634,-0.7582315,0
0.22169565,-0.14185305,-0.8678806,0.0742147,1
0.5196295,0.31094405,0.3537908,0.2757104,1
-0.5132133,-0.20893839,-0.9736374,-0.33946383,0
-0.8022897,0.43057966,-0.5679863,-0.18075635,1
-0.38514295,0.600669,1.7846931,1.609267,1
1.1714067,-0.14057216,-0.30590484,-0.016388843,0
-1.6107442,-0.593204,-1.4136046,-0.56203103,0
-0.23420691,-0.11053531,-0.54869103,0.017166555,0
-0.82518566,-0.79980385,0.2893303,1.0630149,0
-1.0360837,-0.36912262,-1.038355,0.19984359,1
-1.1667767,0.1493566,-1.2682471,-0.16335227,0
-1.0794026,-0.71298283,-0.003929876,-0.53510904,1
-0.07927536,0.8623504,0.12315564,0.6194775,1
0.28191087,-0.27258527,-0.7227414,-0.68469477,1
-0.19437772,-0.14237238,-0.85797733,-0.5459987,0
0.7498304,-0.34759998,0.5738649,6.080368,1
-1.6888213,-0.3617692,-0.12683074,0.035217095,0
0.13992795,-0.42366683,-0.40418604,0.021960396,1
1.1339856,-0.31326613,-0.6579462,-0.96219075,1
-0.061542705,-0.36182636,-0.5306608,0.68901926,0
0.5367912,1.1689742,-0.43477786,0.6427183,0
1.9837134,0.18044512,-0.29247388,-0.7816298,0
-0.8299352,-0.16974513,0.14539284,-0.49158597,1
0.01057899,-0.42014447,0.04355404,0.8555812,1
0.754133,1.0332704,1.176485,-0.2823243,1
-0.9045609,0.22140856,0.6026207,0.939911,0
-0.97597754,-0.41828543,0.3403581,-0.24578682,1
-0.85791296,0.5526103,-0.35443336,0.86538756,1
2.667142,-0.68222374,-0.9480551,-0.6066869,0
0.7364619,-0.4148478,-0.86726093,-0.07757292,1
-0.2298291,-0.56740475,1.1346045,-0.6121465,0
-0.5379406,1.8621266,-0.45184448,0.27929124,0
2.6412034,-0.24468173,0.7103066,0.14964092,0
-0.10663338,-0.30799535,0.033095054,-0.64419216,0
-0.2425271,-0.29447237,-0.6154627,0.7417641,1
-0.037129372,0.5216107,0.47595966,-0.4767983,1
1.2569976,1.4528848,1.4723592,0.09808949,0
1.6357648,-0.3545394,0.25528198,0.27175575,0
0.92619246,2.03141,-0.27331865,-0.33547238,0
-1.244634,-0.24470049,-0.2307938,0.8820541,1
-1.2525662,-0.6142789,-0.35769984,-0.13906737,1
-0.85730433,-0.12503915,-0.33791503,-0.09020601,1
1.1463614,1.4744797,0.5078559,2.3416147,0
-1.1181375,0.6370893,2.1398318,-0.93457896,0
1.0868037,-0.5693779,-1.1107098,-0.56657934,0
1.3727622,0.014908701,4.60098,1.448908,0
-0.107030004,1.2220026,-0.04491356,0.6516378,0
-0.5121368,-0.33018273,-0.6704958,-0.7606395,1
0.42017183,-0.20813078,0.7433336,0.75700396,1
1.6693918,-0.1273781,2.3500264,0.48079893,0
0.33247143,-0.9975854,0.9561843,1.5067593,1
-0.6164199,-1.0003597,1.0103228,-0.9167738,0
-0.6407067,-0.82486105,-1.3992629,-0.9056928,1
-0.33411708,0.037934333,-1.3814167,-0.90229714,1
-0.356258,0.3041218,-0.3318295,-0.34846306,0
-0.4307558,0.60618186,-0.5572161,-0.32579926,1
-0.5972365,0.0909781,-0.0011566877,-0.61011374,1
0.2604692,-0.103048444,1.8420106,0.20000467,1
-0.44132507,-0.355419,0.07641184,-0.75905955,1
-1.4504336,-0.5420005,-1.8477883,-0.7927873,1
0.27980742,-0.34366992,-1.3352981,-0.7128364,0
0.25816718,-0.13778673,0.13484645,-0.9500538,0
-0.8301379,0.01714465,-0.15594411,0.16808689,0
1.074665,0.337238,-0.6468802,-0.44013396,0
0.6300166,-0.17388123,-1.2664578,0.64621747,1
-0.981592,-0.31430766,1.4760226,0.18415552,1
0.7082704,-0.40766272,-0.48352033,0.24530451,0
1.4497757,0.4460765,-0.9203782,-0.08895123,0
0.48251736,0.21435103,0.5604482,0.6736665,1
-1.7243443,-1.0925206,-0.05166182,-0.69743216,0
-0.08934311,-0.49018675,-0.21439771,0.6749313,0
-0.64922047,0.7579989,0.08756638,0.03633756,0
2.3311965,2.3124309,0.48818555,3.731237,0
-0.4364407,0.20636569,0.22468537,0.6746672,0
-1.6258003,-0.14348663,-1.154551,-0.85860795,1
-1.7268672,-0.9011395,-0.9133777,-0.69657636,1
1.5118033,0.19724044,0.32405853,-0.051738836,0
0.5862914,0.21875535,0.37770173,0.4531318,0
-0.43331003,-0.5429778,-0.45180774,-0.87231433,1
-1.1804206,6.7764006,0.13829401,0.56674856,1
-0.06970514,14.796224,1.6507639,0.78494465,0
0.4521685,0.5624275,0.4907013,0.92361206,0
-0.26556954,0.2088952,1.6400259,0.95028466,1
-1.1824671,-0.44137812,-1.0669324,-0.8136751,0
0.6571044,0.24149299,-0.030068979,0.61782545,1
0.37626165,0.41477287,0.3176965,0.27578995,1
1.0037837,4.8320217,-0.79052454,0.0066180415,0
-0.88553953,-1.077214,0.22971421,0.23977356,0
0.14313585,-0.1820178,-0.3675109,0.8904058,0
-1.6800462,-1.071405,-0.76516736,-0.3840728,1
-1.3495986,-0.097311765,-0.009257264,-1.0259389,1
0.12959917,0.32349616,2.0075312,0.46381968,0
1.1972092,-0.16654824,1.3599209,2.27156,1
-0.884922,-0.9175879,0.02729515,-0.24053726,1
0.81973755,0.31265697,1.079201,0.6150471,1
-0.7315227,0.6894449,-0.55617,0.1752759,1
-1.7387462,-1.0903507,-1.6684775,-1.050215,1
0.28979447,-1.2020159,-1.7033801,-0.9161248,1
0.48866206,-0.05768095,0.18385288,0.7590165,0
1.9246373,-0.25934106,-0.73563564,-0.94305885,0
0.51931906,0.36538738,-0.23269726,0.53589857,1
-1.0589305,-0.6116611,-0.19764428,-0.2573968,0
-0.38601106,0.81166613,0.181137,0.9058492,1
-1.0117784,-0.056676984,-0.65276027,0.29171467,0
1.2290373,0.36094183,0.43168747,-1.2525445,0
-1.4440283,-1.0988301,-1.0182678,-0.6861381,1
-1.409493,-0.19033326,0.34132445,-0.74383557,1
2.307537,0.5118494,-0.9558935,-0.046733,0
-0.6062682,0.41244173,0.10249249,0.74935156,1
0.47018963,-0.529574,-0.008503683,-0.11251789,1
0.37454483,0.30523765,0.27324748,-0.66096634,0
-1.1582403,-0.084456876,-0.18444589,0.762457,1
2.02696,-0.7871039,-0.41077325,-0.89410776,0
0.47133154,0.40555164,0.44734135,2.0627651,1
0.11990854,-0.35749775,-1.0598876,-0.6667964,1
-0.0056177974,3.1575947,0.17830062,-0.21311726,1
0.97728413,-0.7841929,-0.50206417,-0.6265989,0
-1.1265558,0.03306499,-1.0623771,-0.9864437,0
0.728623,-0.518314,0.58862627,0.8008656,0
1.501182,-0.644303,-1.326948,-0.42841768,0
0.24427617,-0.60881126,-0.6645533,-0.16576089,1
-0.026240848,-0.20050989,-0.65670437,0.30021372,1
-0.46277237,0.138501,0.14459506,-0.45508716,1
1.6634609,0.5537318,1.8055733,0.3839962,0
0.33158585,-1.0521264,-0.37602475,-0.15629688,0
1.120784,0.23987459,-0.8947956,-0.21148437,1
0.04374227,2.096207,0.5712854,1.750753,0
0.3374594,0.38088572,0.123941064,0.2842596,0
-0.99990857,-0.45295948,0.2952685,0.024491116,0
-1.3558908,-0.50551045,-0.54698586,-0.98095405,1
-0.0677387,-0.08662363,-0.3233873,-0.047257952,1
-0.50506353,0.8564731,0.7586236,1.0394666,0
-1.5053617,-0.7379694,-0.36959577,-0.7582058,1
-0.335164,0.83323824,-0.7682425,1.3204671,0
-0.55258775,0.020006433,-1.3327658,-0.814971,0
0.25714403,0.10457456,-0.6044997,0.36134404,1
0.3408644,0.35120192,-0.26940867,1.0489788,0
1.002814,0.25343543,0.27745527,0.6797472,0
0.48860043,-0.58480805,-0.5358444,1.4183375,1
-1.1461236,-0.7748421,-0.48226932,-0.66114306,1
-0.016015932,0.061691985,-0.6258012,-0.8064347,0
-0.4734962,-0.124617174,0.19809388,-0.26862964,1
-0.39832282,3.568956,-1.6350645,-0.7428527,1
-0.19803697,-0.46046168,-1.212074,-0.63010323,1
-1.2984692,-0.60092306,-0.24524733,-0.97723126,0
1.4212935,0.04296076,-0.14518677,-0.37858003,0
-1.6600952,0.13091145,-1.370928,-1.2268069,1
0.7290031,0.031045206,-0.55389994,1.14111,1
1.2529393,-0.15869275,0.42532113,0.7217884,1
1.8436737,-0.540347,-0.68377036,-0.08362075,0
0.20003423,-0.15872508,0.30353782,0.38485628,1
1.3300688,-0.28352684,-0.8545238,0.52744776,0
1.7152209,-0.011089861,2.2691033,-0.14676249,0
0.99943036,-0.31267232,-0.006459832,-0.50011754,0
0.95653236,1.1604753,0.09236077,0.6422972,0
0.8605483,16.239246,2.107108,4.6577787,1
0.6616477,0.5178636,2.2055616,0.91479844,0
0.3154107,-0.23313695,-1.2641461,-0.7602985,0
-0.33236742,0.39944407,0.05438623,0.5100157,0
-0.38575912,-0.31983826,0.13861275,0.5594062,0
1.5581104,1.9156547,0.33873272,0.6923457,0
-1.4543271,2.4886734,0.17832753,1.2747294,1
-1.7308036,0.24223238,0.46861827,0.72767663,0
1.8232983,0.048463825,0.2856179,1.5116365,1
-0.86769426,2.078391,4.6636767,9.184924,1
0.18161085,0.5613662,0.8846278,-0.21847376,1
1.4401927,-0.05653289,1.6341649,0.4413143,1
0.45691684,-0.85232896,-1.0176117,-1.1195589,1
1.392952,-0.62082225,-0.5405247,0.009345282,1
1.7024252,1.2314532,0.7655691,3.384708,0
0.61141115,0.71664107,0.8594923,2.9417093,1
-0.21132241,0.7036298,0.7600213,0.6159488,1
-0.26879403,-0.44178918,1.222591,0.5478513,0
-1.0435513,-0.51549274,-0.98895156,-0.91726965,1
-0.25649318,0.13033561,-0.6683231,-0.05977981,0
-1.2541751,0.009014379,-0.60769147,-0.7353478,0
0.36004695,0.56538373,-0.51793516,-0.19314341,0
-0.6716623,4.30551,0.13315928,-0.18146202,1
0.28564048,-0.3767116,0.25029933,1.3235186,1
-0.47573888,-0.3974249,0.45753008,-0.9314174,0
0.33852804,-0.2803883,1.3524925,0.652021,1
-0.86259514,0.47437745,0.22426994,0.1541262,0
-0.09050518,-0.4860899,0.12663995,-0.7299792,0
1.3860689,-0.77371716,1.5655816,0.8191606,0
0.005790293,-0.46748394,-0.21240216,-0.1483052,1
-0.6033496,-0.16271631,-0.26094615,0.034557875,1
-0.4139135,-0.3521999,-0.5229496,0.87278634,0
-0.89863145,-0.7894812,-1.6637391,-1.0506394,1
0.24392533,-0.24351637,-0.4988135,-0.26648086,1
-0.009460703,0.27668196,0.6157081,0.51769793,1
1.7054031,0.9015555,0.22627454,0.9529624,0
-0.03377251,10.005117,-0.28012982,-0.11201021,0
2.6014764,-0.29726052,-0.5677197,-0.97886324,0
-1.2069924,-0.42775238,-0.37360218,-0.79599184,1
-0.76142836,1.8256295,1.0252945,0.46229872,0
0.69633293,-0.32551664,-1.4972026,-0.9205463,0
-0.92390776,-0.6119411,-0.502658,-0.052408986,0
2.5590184,0.17230643,2.0308845,0.26518857,0
-0.54789996,-0.37584132,-0.33436805,-0.9807129,0
-0.0013075471,0.052773878,-1.6800847,-0.80456567,1
-1.7274799,-0.41863725,-0.71133196,-0.7856943,1
-1.0209185,-0.13880883,-1.4375635,-0.6763369,0
-1.3781602,0.2587785,0.35343516,-0.66604155,0
-0.5899621,-0.22548646,0.71710044,0.8808361,1
-0.5267374,0.005347997,2.7127,-0.15469725,1
-1.87309,-0.75371194,-1.3513985,-0.860762,1
1.2863904,0.34829107,0.1395045,-0.47283795,1
1.514378,-0.10517794,0.71515894,-0.14167748,0
2.503884,-0.66382134,-0.5662697,-0.7917597,0
1.4940455,0.06273014,-0.32971254,-0.19208443,1
-0.55274993,1.1042994,-0.3404829,1.4367875,1
0.00084318593,-0.74407184,-1.6663482,-0.96674544,1
1.2759261,0.8830824,-0.54768324,0.6523065,0
-0.09863871,-0.250293,0.86018264,0.69059205,1
-0.7339593,-0.2890584,1.6866263,-0.24530232,0
0.4647206,0.2942751,2.3525207,0.9317166,1
0.69896543,-0.88616025,-1.0535792,-0.65939987,1
-1.5106319,-0.11055833,-1.1039581,-0.75033164,1
-0.98873305,-0.30561838,-0.97672015,-1.0043751,1
-0.20117295,0.97997427,1.2097617,0.49395812,1
1.3433335,0.5076263,0.13743368,1.5296527,1
0.9651715,-0.8006715,-0.2597543,0.2825554,0
2.0783422,0.043272566,2.877437,3.5927804,0
-1.3526773,0.5781965,-1.615485,-0.78002286,1
-0.013892822,2.6239233,3.2091367,5.203046,1
0.09326622,-0.5333935,-0.71662647,1.4479277,1
-0.62586117,-0.4154689,-1.1266501,-0.4469076,1
-1.0640858,-0.36498326,-1.3126608,-0.64629245,1
-1.0781559,-0.51265574,2.4118326,-0.77175516,1
-1.6009856,-0.70025504,-0.7618585,-0.84002894,1
-0.82705766,0.13832095,0.0076299906,0.6922876,1
-1.9367366,-0.7518793,-1.5582135,-0.7950959,1
-0.09151735,0.14989084,-0.838967,-0.16533598,0
-0.27338353,-0.56828684,-0.4101762,0.7034218,0
-1.0594703,0.08828195,-0.82547,-0.7805136,0
-0.7639043,-0.03473436,0.6116099,0.7647294,0
0.19243912,-0.29930332,-1.2727726,-1.0122662,1
2.1833997,-0.3320383,-0.24721135,-0.080463484,0
-0.26791325,-0.26550993,1.0931737,0.3721867,0
-0.41658705,-0.027707556,-0.7876158,-1.094414,1
-0.84087825,0.4535507,-1.0617142,0.27405643,1
2.2559376,-0.6211685,0.8936796,-0.18591948,0
-0.05083096,0.20342633,1.7897307,0.68323326,1
-0.47183573,0.3225069,0.004733205,-0.2250491,0
1.5926621,-0.24888906,-1.8911959,-0.7345734,0
0.34243563,0.53931826,0.52932787,0.39207527,0
-1.1600679,-0.138827,0.9443557,0.8107911,0
0.5137776,2.135729,-0.38318795,0.7261806,0
0.92899835,0.033261485,0.061770104,-0.47541258,1
-0.7427982,-1.2599233,-0.12560995,0.4983033,0
0.5693388,-0.009507731,1.932875,0.2414902,0
-0.40241295,-0.14516366,-0.4283036,0.8050455,1
1.9729855,1.5691139,0.23812898,0.014673892,0
0.021051258,-0.09348655,0.068071276,-0.0305059,1
-0.43483573,0.55312395,-0.5062752,0.7054994,1
0.26099882,0.25109982,0.7010815,2.4612544,1
-1.5551088,0.17799923,-1.0228724,0.31897417,1
-0.9580245,-0.6907456,-1.0017703,-0.79674655,0
-1.2841008,-0.62420714,-1.5414181,-0.77370155,1
1.1389867,0.3335645,-0.3182716,0.04325069,0
-1.7382804,-0.2906739,0.34001708,-0.54990107,0
0.245197,-0.30126518,0.36433223,-0.27594638,1
0.38593063,-0.6995607,-0.6086688,-0.07457954,0
-0.6725718,0.37195665,1.6957203,2.132201,1
-0.8309979,0.57119423,1.2633533,0.6957571,1
0.22948655,0.24195993,-0.41777295,0.65921754,0
-1.0331919,-0.45010662,-0.29693884,2.118221,1
0.029115524,-0.23696443,-0.38700798,0.90949124,1
0.7048957,0.11414511,-0.10740131,1.4904015,0
0.5286504,-0.25826436,-0.39193004,0.3990424,1
-0.46549442,-0.17335272,2.2773185,0.9410167,1
-1.354749,0.024529815,-0.7328283,0.2204869,0
-0.8546481,-0.5864144,-0.5797018,-0.6121614,1
0.922139,-0.032650143,2.0658088,-0.74736226,0
-1.3702695,3.484096,0.69814587,-0.038165633,1
1.4244158,0.5340611,1.0501378,-0.23583259,0
2.2001717,0.44159147,-0.09914713,-0.36050132,0
-0.66037154,-0.43604127,-0.4550805,-0.17284888,1
-1.1830686,-0.17149302,-0.56633157,-0.7391576,1
0.64126146,-0.121554844,2.0247526,-1.2270905,0
-0.6395168,0.78172594,1.8405681,0.5074895,1
-0.40996101,0.59682804,-0.7378279,0.7360754,1
-0.9182854,-0.032529116,-0.6788893,-0.7706121,1
-0.77653664,-0.40537253,0.9910913,-0.93749785,1
-0.47335047,-0.9718199,-0.55511105,-0.075497225,1
0.56638294,-0.3395781,-0.60149956,-0.17826797,1
1.0299429,0.76544195,-0.2232584,-0.871212,0
-0.5568679,1.0035844,-0.1743497,-0.79378855,1
1.6264193,-0.27734578,0.503175,-0.7956277,0
0.7513486,0.18170081,0.068952814,-0.024007006,1
0.54456055,1.1690748,0.1380338,0.07412179,1
2.56607,0.3013137,-1.4252787,-1.0228913,0
-1.0916606,-0.4408051,-0.8702556,-0.109796524,1
1.0415401,-0.40302357,0.01574488,-0.43870887,0
-0.21023305,0.3183277,-0.21668613,0.15974908,0
-0.606077,0.0020752102,-0.3203923,0.94961977,0
-1.6363003,-0.5139393,-1.2561775,-0.6962499,1
0.5498014,0.7953025,0.07261171,1.4303164,0
-0.14135592,-0.7387889,-0.6641776,-0.7216663,1
1.0067816,0.00061799213,-1.0304924,-0.7291321,0
0.44690982,0.41055924,1.1163299,0.8871106,1
-1.3047293,-0.59330285,-1.5204258,-0.8028727,1
1.2044983,1.238804,2.0316346,2.707532,0
-1.3965963,-0.73556757,-0.24399295,0.6514419,0
0.7872292,1.5706141,0.43399936,0.76734596,0
1.3880713,-0.9612038,1.476473,2.2175307,0
0.67828256,-0.47277144,-0.31953287,-1.0949773,0
2.122263,-0.8459613,-1.1561112,-1.0145786,0
1.0101173,-0.4117982,2.227196,0.82855576,0
0.3370583,-0.03178677,-0.48611572,-0.8772258,0
-0.5514124,2.088493,1.0229628,2.2992156,1
0.7951654,-0.27890298,1.1031084,0.30449978,0
-1.645313,-0.90632355,-0.53852123,-1.1736561,1
0.3397712,0.043476142,0.3889414,0.606559,1
1.3192204,-0.69913894,0.22530378,-1.0343491,0
1.699615,-0.3110199,0.904185,-0.16890836,0
-1.1475986,-0.38441992,-0.48474273,-1.0068845,1
-0.699506,-0.93439233,0.56204206,-0.28570503,1
2.442926,-0.58361757,2.1862671,-0.6958203,0
0.6205375,-0.9620818,1.9034528,-0.6000835,0
-0.63080543,1.6060327,0.118990876,1.0012102,0
-0.57852566,0.47728902,-0.57368207,-0.11973053,1
2.0862157,-1.2206749,0.09935512,0.19759199,0
-0.16680783,-0.21162543,0.75414896,-0.830034,1
0.2681698,-0.3615425,0.8659458,0.7965348,0
-1.3546634,-0.76167095,-0.28804678,-0.6497679,1
-1.9841017,0.14645398,-0.91546947,-0.822588,0
-0.07520807,1.2716271,-0.9073597,0.36513254,0
-1.4379163,-0.71308887,0.46586376,0.7853229,1
1.707528,-0.24622314,0.54893315,5.6689296,1
-0.4207882,-0.33926883,1.8241545,0.45630425,1
-1.4798295,0.68216825,-1.412284,-0.72712713,1
1.7575821,-0.68769234,-0.13690484,0.6729285,1
1.427358,-0.4721541,-1.5257552,-0.89505446,0
0.75927603,1.1183585,-0.035130203,-0.09880751,0
1.1503868,-0.4851935,-1.0958416,-0.78257966,0
-1.885856,-0.8518238,-0.45616478,-1.0001667,1
2.8030214,-0.56703675,0.052001096,-0.8418753,0
1.469738,-0.707527,0.21371415,0.57844454,0
0.19292778,0.8816646,0.08516633,-1.0321277,0
-0.3978157,-0.69503653,-1.6803696,0.24314983,1
2.5105276,-0.5516502,-0.8378706,-0.98790216,0
0.82590735,0.3432197,-0.73178697,-0.3467138,0
-1.3666329,-0.9428868,-0.8347255,0.036713626,1
0.21749948,0.36935836,0.4608296,0.7924712,0
-0.2890437,1.9035962,-0.61257315,1.3041906,0
1.7393991,-0.6769006,-0.30840194,0.121315435,0
1.7436666,-0.9644856,-1.1830289,-0.83916616,0
0.47400033,0.2999401,1.6418562,1.5028669,0
-1.2758862,-0.036590338,-0.19602825,-0.2962262,0
1.7488029,-0.17853627,-0.4912613,-0.1671122,0
-0.9809874,0.57843024,3.374212,7.04191,1
2.030265,-0.20737833,-0.9997983,-0.37798035,0
0.13080409,-0.15875012,-0.89719146,-0.0847813,1
-0.05832836,-0.4545716,0.8331672,-0.5614556,0
-1.8100455,-0.54249835,0.014236681,-0.98371613,0
-1.0251489,-0.40815267,-0.26991415,-0.5472405,0
-1.0079105,0.30106056,1.5254532,-0.07148073,1
-1.4166324,-0.32946664,-0.36094108,-0.7854308,1
-0.006921664,-0.30209786,-0.8307009,-0.53268486,1
2.425509,-0.1790791,1.2465501,0.37449768,0
-0.8366407,-0.44216958,-0.15433215,1.3744549,1
-2.0628314,-1.0496647,-1.9346927,-0.93952984,1
-1.5910175,-0.5868253,0.21856177,-1.100275,1
1.0713882,-0.7961418,0.10607479,1.5460886,1
0.5849253,-0.06384066,0.5666533,0.7522474,0
-2.1658585,-0.31205726,-1.0872084,-0.9236953,1
-0.45902324,-0.46020538,-1.4053024,-0.6782992,1
-1.2048553,-0.9191584,-0.5289486,0.47166535,1
1.9064023,-0.19457896,-0.012818329,-0.73630303,0
1.1673211,-0.45273316,-0.15138297,0.14012244,0
-1.3576238,-0.6014221,0.27292353,-0.74981636,1
2.402703,-0.58404493,-0.75794744,-0.94384146,0
-0.92849636,-0.6317953,-0.09190993,0.32925576,0
0.5256865,0.15755352,0.6681237,-0.38587254,0
-1.0263145,-0.26654202,-0.7444467,-0.75626785,1
-0.06990838,-0.20245788,-0.98369366,-0.65087163,1
-0.012000293,0.41909784,-0.34572402,-0.09011431,0
-0.96315056,-0.6150081,-0.5557881,-0.30989793,1
0.26850203,0.1067302,-0.6810464,0.24237226,1
-0.09863353,0.26923588,0.9900418,0.5804975,0
-0.899508,-1.0061302,-0.8582184,-0.24835223,1
1.0335407,-0.1270898,-0.31701845,-0.92096406,0
-1.1541479,-0.20420778,-0.8947142,-0.88188905,0
-0.46847773,-0.26737386,-0.05852323,-0.80767244,1
-0.216856,-0.00579325,-0.1528318,1.2234643,1
2.1710284,-0.05019953,2.176604,2.1452951,0
0.42415082,0.61131614,-0.3816806,1.0580466,0
0.7450104,-0.88198453,-1.3566897,-0.77386606,1
-1.695941,-0.84621626,0.08008203,-0.56832623,1
-1.5626532,-1.1982983,-1.352017,-0.93058944,0
0.2982438,0.95851624,1.2071348,0.50778407,1
0.45787334,1.1891315,1.0740527,1.5877845,0
0.048076347,-0.44088227,-1.200973,-0.70338064,1
0.90768355,0.056843817,0.029978383,1.5825104,0
-0.63438964,0.098923475,-0.4021384,-0.3570931,1
0.30223718,0.7379114,0.9036753,0.9220542,0
-0.067768365,-0.4873878,-0.4793893,-0.57249165,0
0.21666136,0.6174256,1.0577731,1.4926207,0
1.1502228,-0.15041664,-0.38468355,0.197613,0
0.69833606,0.4100526,1.0623972,0.4275404,1
-0.2827264,-0.71380794,-1.308707,-0.7847622,1
-0.14507945,-0.16617781,-0.51305014,0.058949646,1
-1.5093365,0.28989056,0.43078342,1.2244498,1
0.3540543,0.6219979,0.6283558,0.026308227,1
-0.24270466,0.29094344,0.08096349,-0.14300646,0
-0.3235694,-0.4714766,0.8527196,0.6354293,1
0.31156045,1.9147177,-0.7090496,1.7931687,0
-0.64200646,-0.41779763,-0.27954054,0.8349845,1
1.0293822,0.2967952,0.94234115,0.017545931,0
-0.9575504,1.4409436,0.25676557,1.5353602,1
-0.5680695,-0.17997988,-0.2815277,0.62001383,1
-1.1816697,-0.38082883,-1.2177881,-0.9147933,1
-0.40892518,-0.38432333,1.4443814,1.4410257,1
1.6475236,-0.50247264,0.59217787,-1.14464,0
-0.6768668,-0.24962069,0.03803274,0.7154316,0
-1.5359219,-0.71090883,-0.7935579,-0.85750574,1
-1.820381,-0.38301852,-0.74473286,-0.5975012,1
0.9337561,-0.04879494,0.9267061,0.06396708,0
-1.1045398,-0.33947998,-0.42949134,-0.19170275,0
-0.7266494,-0.7045517,-1.1075419,0.012612212,0
-0.8416073,-0.5231041,-1.0099113,-0.13492021,1
0.6998818,0.21055877,1.9350197,2.147939,0
0.33323118,-0.049891785,1.4429244,1.6370016,1
-0.12232922,-0.2534889,-0.8344517,-0.29989278,0
-1.2013209,-0.29153764,0.2313855,-0.07459083,0
0.36035416,-0.24802622,0.13408372,0.5843859,0
0.9749626,-0.3990978,0.75536823,-0.26940238,1
0.8700462,0.6182216,0.37975773,-0.9095163,1
-1.3825889,-0.3001263,-0.78450054,-0.773314,0
0.00366202,0.028164126,-0.34952047,0.33734632,0
-0.076732635,-0.430207,-0.96627355,-1.0159891,1
-0.5719906,-0.43032867,0.6480203,-0.8988413,0
-1.6985805,-0.3856941,-0.8073531,-0.7011738,0
0.7883489,0.18802346,0.7666708,-0.10899904,0
-0.47458616,-0.70382994,-1.1181928,-0.90989554,1
0.23357892,0.45513213,-0.5240185,0.95985264,1
0.4064065,-1.291115,1.1933563,-0.12932634,1
0.5837504,-0.13230175,-0.10168223,-0.528391,1
0.9461777,-0.5051465,-0.33721,-0.15280095,0
1.4634331,-0.34825194,1.7382233,0.04487544,0
-0.24046403,-0.67886037,-1.6031487,-0.22975886,1
-0.8002956,0.17142904,-0.494138,-0.74356526,1
-0.060365543,-0.03960386,-1.7791976,-0.9693308,1
-0.17158112,0.23330225,-0.48795214,0.9048028,0
2.8030727,-0.57053846,-0.63332874,0.10856187,0
1.1477408,-0.26807815,-0.03926742,-1.0094019,0
-1.1506777,-0.70616204,-1.3679329,-0.86079144,1
-1.4511628,-0.8687672,0.28416878,-0.9780745,1
1.9844984,-0.43950522,0.7629144,0.5647224,0
-1.152205,0.085874625,-0.4105972,-0.108568,0
-1.953236,0.080582574,-0.5183849,-0.7623907,1
-0.040948868,0.5929233,-0.26589626,0.14742205,0
1.0852016,-0.312333,-0.21296717,-1.1170007,0
0.90045893,0.18270904,0.7531967,-1.1650902,1
0.57917154,-0.12895516,-0.33444372,0.9087477,0
1.1672822,-0.26390547,-0.61298203,0.86477524,0
1.4435159,1.4915868,0.47330442,0.08475466,0
1.4463052,0.4902156,-0.3641868,-0.19534734,1
0.7275505,0.7357001,0.012839086,-0.84862405,0
1.1132886,0.54553825,-0.30596045,-1.0255135,0
0.26368123,-0.39742458,0.41215056,-0.5476123,1
-1.1276,-0.20680454,-1.2669349,-0.89353365,1
-0.85416806,0.10449831,1.2590485,0.5934423,0
0.41804007,0.3603407,-0.9318396,0.31888244,1
-0.23011321,-0.47574484,-0.714309,-0.2319276,0
0.17232755,-0.31472746,0.10062051,-0.048642296,1
2.0079744,-0.56953883,0.3240012,0.72388697,0
-0.8152605,-0.5930954,0.9970367,0.25650665,1
-0.5187334,0.50122213,-0.7444682,-0.9041374,1
-1.1009176,-0.6245366,-0.95970106,-0.8433902,1
1.3252399,0.35441965,0.49278462,0.7581491,1
0.2092903,0.40677392,1.2465776,0.62518275,1
0.70749503,5.0478873,1.3313599,3.4504983,0
-0.7841555,0.012947835,-0.07072203,0.92865825,1
-1.9004203,-0.9870928,-1.8488263,-0.6711202,1
0.38042933,-0.28565603,3.2385943,0.090153575,1
-2.023368,-0.6880272,-1.0928395,-0.67290723,0
0.070685126,-0.90858066,-0.1651777,-0.15608607,0
-1.2366976,-1.0207871,-0.94026643,-0.32038867,1
-0.21776499,0.39212474,0.35530767,0.23687698,1
0.52876997,-0.4698512,-0.67484397,0.13307361,1
-0.65253204,-0.45184916,-0.13972545,0.7473035,0
0.49250346,0.22256911,-0.20193294,-0.82845247,1
1.2121409,-0.059676364,0.46290755,0.02016839,1
-0.014832204,-0.17279686,-0.7046813,0.013896026,0
1.2174869,0.19263865,-0.21447292,1.5898619,0
-0.26288658,1.2975875,1.368907,0.23742713,1
-0.104756504,3.6389275,-0.14574185,-1.0898536,0
0.3779324,0.43581414,0.12816033,-0.040805575,1
1.1095662,0.5303334,-0.24029157,0.8227803,0
-1.6127068,-0.42021,-1.3928711,-0.79486823,1
-0.498389,0.24441862,-0.19235697,0.4336037,0
1.2616851,1.7019057,1.9897302,0.8129225,1
1.8492093,0.31981152,0.85346884,-0.47515395,0
0.39257762,0.20054361,-0.3127146,-0.2769228,0
-0.60504544,-0.3361205,2.0458705,-0.05173879,1
-0.6553488,0.10752401,-0.3366462,-0.9419284,1
-1.3747423,-0.45495766,-0.4878612,0.10288443,1
-0.32526264,-0.65597034,-0.77046275,-0.68507695,1
-0.054235168,-0.56704223,-0.96817434,-0.8834032,1
-1.0531299,2.4638083,0.9399252,1.7317432,1
-0.9382331,0.3573651,-0.29904816,-0.06461417,0
1.0230953,-0.45756805,-0.34294358,-0.6382643,0
0.46785587,-0.71767986,-1.5830431,-0.66747785,1
1.8051625,1.2358656,0.6870805,1.3196512,0
-0.6143865,-0.06515598,0.12044078,-1.3235642,0
0.50049627,0.5880249,0.6923871,0.058160793,1
2.3584497,-0.511615,-0.18162912,-0.761167,1
0.64119256,0.4848895,0.23068032,2.0068963,0
-0.88023657,0.17515992,-0.16890034,0.056363482,1
0.9787113,-0.23911119,0.7252315,0.09735347,1
1.1139648,-0.45967448,0.7013488,-0.718119,1
-0.34465933,0.010496695,-1.3789444,-0.33319852,1
0.22688009,2.1750793,-0.020970024,0.7945821,0
-0.17417455,6.3370433,-0.13386327,2.1315813,0
-0.9674563,0.41916203,-1.3163468,-0.6589879,1
0.5109247,0.445522,1.2764084,0.6402117,1
-0.43019065,0.9956882,-0.37812978,0.038464535,1
-0.7281647,-0.7911086,-0.3692747,0.2101567,0
1.32274,-0.30796447,-0.8112087,-0.23913185,0
-1.2590303,-0.24740517,0.2251659,-0.071069345,1
-1.4594096,-0.39362574,0.26063323,-0.8960513,1
2.1446257,-0.39106783,-0.14999087,0.0738035,0
-0.34688735,-0.6364114,1.1735373,0.32171986,1
0.12571828,1.090279,-0.750788,-0.912575,0
-0.030139592,0.54347616,0.74078214,0.77908635,0
-1.836392,-0.9518238,-1.7681376,-0.58391815,0
0.06742698,0.23473957,0.98635995,0.6622889,1
-0.8648747,-0.002559632,1.7330744,-0.3361231,1
0.8748283,-0.5808376,0.004894644,-0.27600312,0
-0.23837745,1.3226308,-0.20090093,0.82062185,0
-0.048321694,-0.11902939,-0.6759713,0.14159675,1
-0.02135323,0.51783985,-0.8829504,0.17057697,1
0.5062566,-0.6956767,-1.7466235,-0.7042714,1
-0.24221572,-0.41526914,-0.5989855,0.85714716,0
0.11739403,0.06837524,-0.0017117113,1.0028299,0
0.030065045,0.53905904,-0.37200683,-0.0382858,0
1.5183306,-0.3024919,0.4992645,-0.55295956,0
0.07680851,-0.6442078,-1.6794834,-0.98251903,1
0.09690854,0.42548603,0.6820117,0.74768996,1
-0.41614863,0.33037004,-0.63273627,-0.30983263,1
-1.1295483,-0.020901918,0.94646287,-0.12024371,1
-0.40159443,1.6753852,-0.1934936,1.8516088,1
0.05418919,-0.3316148,-0.21646363,-1.4044139,0
1.0476894,1.115352,0.38566983,0.39543763,0
-0.36058962,0.8621034,1.5686849,0.8690095,0
1.8973157,0.30622134,-0.27062875,0.7550435,0
0.7135769,-0.30146205,-0.44640055,0.06252773,0
-1.4833549,-0.13923736,-1.161332,-0.8187846,0
-0.15204264,0.14931197,0.34505585,0.98849475,1
0.16557308,-0.23182058,-0.49084002,0.14971678,1
-1.3193007,-0.19009204,-1.3246158,-1.1669049,1
0.36430338,-0.46821195,-0.36569497,-0.09002672,0
-1.187305,0.3370731,1.2393204,1.1223092,0
-2.1091032,-0.7385302,-0.34993815,-1.181565,1
0.8632595,-0.45956844,-1.3318529,-0.9465316,0
0.5147656,-0.111340486,-1.0531895,-0.95523804,1
-0.30390725,-0.40581113,-0.8713579,-0.31287038,1
0.5954466,0.04715892,0.7032906,0.10263491,0
-0.6150242,0.09196248,-1.0313772,-0.24901086,0
0.0036061406,0.41365865,1.9647559,0.81055415,1
0.36046082,-0.889212,-0.10563057,-0.016792256,0
-1.6627904,0.10772975,1.0648563,-0.5879405,1
1.5848485,-1.1398578,0.63787436,-0.5385076,0
-0.86605537,-0.38364726,-0.59298944,-0.5767251,1
-0.68592376,1.588575,1.1317519,1.1988051,0
-0.037868053,-0.29929283,0.48606706,-0.074853,1
0.50109947,0.5832548,1.6544056,0.5462836,1
-0.30099702,0.49268055,-0.1649989,-0.1576791,1
-0.64825654,-0.12178358,-0.26924935,-0.5522902,0
-0.44305107,-0.71496713,0.039863806,0.57817525,0
0.86421436,0.33566207,-0.21620539,0.21100302,0
-1.3395092,-0.35961348,0.103717014,0.7128123,1
-1.6958674,5.857643,-0.19095594,-0.90982264,0
1.0984845,1.1863165,-1.334771,-0.81560785,0
0.15301064,-0.10760863,0.10527359,-0.11376202,0
0.6916286,-0.2730361,-1.2682364,-0.88526356,1
-0.22189784,-0.49653226,2.4604356,-0.059199877,0
1.2538605,0.71524394,0.5925101,0.52803826,0
0.012584857,1.2432121,-0.6712288,1.8109076,0
-0.35195807,0.7461876,-0.69724274,-0.8235609,0
0.5743221,-0.21278305,0.94205356,-0.2620854,1
-1.1888889,-0.41949362,-1.3574549,-0.9753134,1
-2.2465327,-0.76013833,-1.4355774,-0.98531383,1
-0.64965314,-0.51718843,1.8012968,0.13029048,0
0.58277667,0.23898822,0.690823,0.08253804,0
3.06547,-0.6572312,-0.95470047,0.29137868,0
0.7229242,0.9964191,-0.14360279,0.024628688,0
2.7166576,-0.099962234,-0.21252719,-0.6824477,0
-1.3839072,-0.27476907,0.015732586,0.49867314,0
2.7352285,-0.86933875,-0.692909,0.15976128,0
0.795592,-0.118830055,0.38913316,-0.9274749,1
0.1467767,0.1856435,-0.30051517,-0.798849,0
0.8903332,-0.7379006,1.7390877,-0.9164012,0
-1.9036764,-0.49669248,-0.12679112,-0.53978944,1
0.083282396,0.66095126,-0.6283846,-0.6533635,0
-1.3014023,-0.5151687,-1.5259819,0.23545222,1
0.3759738,-0.25697494,-1.2286149,0.16071768,0
-0.28440276,0.27722478,-1.1164713,-0.46015444,1
-0.54490244,-0.2656896,0.12164555,0.7844689,0
0.80203986,-0.4502342,0.014660776,-0.30060035,0
-0.017251536,-0.31165004,-0.34126797,-0.8247504,0
-1.0582361,-0.24189763,0.14709613,-0.92090815,1
-0.48676106,0.1779815,0.2757388,0.5274185,1
0.7518359,0.4693653,0.02476973,0.46646363,0
0.3749557,0.84468675,0.35340476,3.0645006,1
-0.7914085,-0.1321979,-0.28703722,0.65011084,1
1.2663767,-0.18389048,-0.4373108,-0.19844271,0
0.53228533,-0.046403766,-0.7812198,-0.026012458,1
-0.56877214,-0.4383999,-1.0005478,-1.1508218,1
-1.490949,-0.5849432,-1.1447134,-0.79164976,0
1.9842929,0.11447513,0.25041485,2.457067,1
0.6286559,-0.0152482465,0.83785856,0.3957633,0
-0.12918809,-0.652979,0.34565234,-0.66306186,0
-1.1105043,-0.6514717,-1.4273037,-1.1334646,1
-0.9986143,0.095320046,-0.86473525,0.7146572,1
-1.4381437,-0.18986604,-0.27987337,0.7713623,0
0.45834705,-0.87559485,0.07553593,-0.7733481,0
-1.9040431,-0.5991212,-1.640651,-0.982449,1
1.0447148,-0.5047001,-0.49104556,-1.0540526,0
0.4313314,0.35918772,-0.01376605,-0.7163749,0
0.89649075,0.41959453,0.77447945,0.73192126,0
1.2465723,2.8559885,3.6643147,1.5178418,1
-0.36917132,-0.28916362,0.23946127,1.0900701,0
0.24718475,-0.39221066,0.035411328,-0.14171359,1
0.16784662,0.91645163,-0.10921237,-0.10925889,1
2.274294,-0.9822515,-0.97944105,-0.9089792,0
-0.07614824,-0.21110019,-0.67674863,-0.83683825,1
-1.6606307,-1.0350965,-1.766272,-0.6014878,1
-0.5757593,-0.22999671,-0.9340871,-0.15020584,1
0.08412005,-0.19217578,0.35603583,-1.5260231,0
1.5885785,0.026695937,1.2725717,0.15524423,0
-0.15768331,0.19595209,-0.072441906,0.09669796,0
0.40874076,-0.30497557,-0.29990572,0.62612736,1
0.37441295,0.6086901,0.5324936,-0.24712342,1
-1.3478129,-0.94234943,-1.3900485,-0.66715205,0
0.31190968,0.14043806,-1.2023574,-0.75568527,1
-0.03413085,-0.009509087,-0.6566761,-0.13605891,1
-1.3188224,0.4418508,-1.5170588,-0.64965737,1
0.8591663,0.2284301,1.3776035,0.18790245,1
-0.8414844,0.09196579,-1.117167,-1.0257254,0
1.1060545,0.900671,1.1490229,1.1862767,0
-1.8663179,-0.703189,-0.20916829,-1.0232939,1
1.1188977,0.63732415,-0.7327433,-0.8998206,0
1.0186002,-0.14242314,0.09371854,-0.03577199,1
1.623699,-0.3900537,-0.6935675,-1.0527964,0
-0.094172835,0.025002837,-0.27926183,-1.0765835,0
-0.49795607,-0.6496011,-0.7251129,-0.9457197,1
-0.09762628,0.29267323,0.10946109,2.4327774,1
0.3234064,-0.33910155,0.83078873,1.5505846,0
1.8379824,0.28316033,2.264362,0.9295825,0
-0.9912084,-0.8207352,-1.3227215,-0.68840146,1
0.31144902,-0.8070136,-0.374043,-0.3284778,1
1.3402607,0.6554062,-0.44806615,1.9685332,0
0.15907055,1.0152248,-0.5770129,-0.36785975,1
0.12484582,-0.33267412,0.5282388,1.0577433,0
-0.058147706,0.20202288,0.20895982,0.16242293,1
-0.4771894,1.7404227,0.28734672,0.8254429,1
0.29396075,0.41142407,1.0949357,1.4923812,0
-0.4068482,0.37839574,-0.7645525,0.20546746,0
-0.12682816,-0.2952916,-0.988378,-0.3573962,1
-0.62852424,0.41150397,0.026041895,0.093441695,1
-1.473762,-0.6899406,-1.4248905,-0.5909325,1
-1.7233543,-0.591316,-1.4099376,-0.86702925,0
-0.5692942,-0.34783733,1.3012236,1.2595096,0
-0.90360093,-0.16002221,-1.0994868,-0.14082465,1
-0.5125437,-0.9415848,-0.79494214,-0.49447536,1
-0.045058772,-0.0015545823,-0.7082901,-0.018933164,1
0.88151526,-0.5848726,0.17284593,0.8665031,0
0.13927014,-0.20113641,1.3410579,-0.17745627,0
-1.3076714,-0.35661533,-1.1658825,-0.62933195,0
-0.98605335,0.3961527,0.1583974,-0.18594465,1
-0.7772405,-0.5355172,-1.251509,-0.6988995,1
-1.4777384,-0.5502986,-1.10414,-0.6888294,1
-0.38453782,-0.4794811,-0.40349585,-0.5014573,1
-0.550579,-0.19906366,-1.1670442,-0.9947533,0
-1.70487,-1.2388145,-1.4884615,-0.92572767,1
0.46818295,0.14988212,0.24125873,1.2094686,0
0.86632013,-0.37590188,-0.8822601,-1.0508666,1
0.056139722,-0.45277727,-0.361393,-0.07437298,1
1.2908254,0.63002896,-0.619383,1.6492932,0
0.34036648,-0.5900623,0.2557237,-0.026623415,1
-1.5647713,-0.65990007,-1.0559515,-0.43919837,1
1.1896925,-0.64469445,-1.8994621,-0.6830585,0
-0.54701066,0.6082566,0.6172231,-0.10052639,1
2.6551733,-0.81352633,-0.44901782,-0.61706203,1
0.112628326,0.99132186,-1.0982641,0.6767181,0
-0.94214445,-0.44795907,-0.8838679,0.76699686,1
-0.11429465,0.28069216,0.22682294,-0.5992147,1
2.5324838,-0.78207815,0.72909504,-0.26520708,0
1.8138671,-0.52592677,0.033987682,-0.13838732,0
0.1527391,0.34680647,0.19885287,0.041997332,0
-1.117628,-0.7644516,-0.6100955,-0.108581245,0
-0.2727577,0.17848381,0.5090787,1.1625416,0
-1.7164621,-1.372386,-1.330553,-0.5263401,0
-0.18487969,-0.13451613,0.04911399,0.6638432,0
0.8547332,-0.3598566,-0.17941245,-1.0055017,1
0.03381583,0.78359866,-0.8646507,0.16229427,0
-1.5492089,-0.08879096,-0.2881259,-0.9327248,0
0.9557916,-0.00058090687,1.9802295,0.9605109,1
-0.18243688,-0.38829833,-0.91575545,-0.015582167,0
0.420624,-0.6211451,1.2073334,-0.103627354,1
0.38393342,0.08247742,-0.3423774,1.5547066,0
0.05110234,2.1550272,-0.35408902,-0.520004,1
1.6844573,-0.73868287,-0.3633927,0.11281234,1
-0.8520591,-0.4184721,1.0843078,1.0998085,1
-1.0130013,-0.4713593,-0.30641332,-0.5173115,0
-1.3386656,-0.007858992,0.22901215,-0.088198856,1
1.0762748,-0.09824076,-0.12879664,0.6271996,0
0.6698665,0.08030093,0.43241408,1.6303875,0
0.55862373,-0.058581293,-0.9474071,-0.81677514,1
-1.0220782,-0.27022383,-0.90883744,-0.6432093,1
0.31078094,-0.053046525,-0.5520041,-0.7201589,1
-0.19646364,1.234274,0.2766269,0.6112863,0
-1.0851308,0.6199078,1.6103951,2.6087651,1
-1.1267858,-0.64775574,-0.98565644,-1.188694,0
-0.8247582,-0.08890478,-0.9529743,-0.74928385,1
-0.86408293,-1.0774837,-0.8241532,-0.3149793,0
-0.51473343,0.39242733,1.0019627,0.33523935,1
0.25448018,-0.11370133,0.9520668,-0.11717372,1
-0.017339587,-0.37973118,-0.90085757,-0.73041177,0
0.17651647,0.20270595,-0.7016618,-0.95467293,1
0.94578195,-0.45474225,-0.54052395,-0.18757291,1
0.47826213,0.24918461,-0.07581887,1.0787141,0
-1.4495062,-0.43929094,0.5650304,-0.9918743,1
-1.4669498,-0.15722468,-1.0996324,-1.1221325,0
-0.5959374,-0.17185786,7.3626976,-0.525607,1
-1.4353828,-0.47726935,-0.50275815,-0.8658872,1
2.2247882,-0.36910194,0.18456727,-0.31198403,1
-0.68318105,-0.36498237,0.7382767,-0.93020386,1
-0.03622517,1.0184317,-0.31504136,0.55363435,1
-0.8035457,-0.8281361,0.0072661415,0.6114788,0
0.9316608,0.65440303,-0.049205348,0.31410563,0
0.1377636,-1.0187817,-0.28986418,0.12645566,1
-1.1631414,-0.8904484,-1.3104503,-0.88492775,1
0.69818914,0.16762066,1.0908563,0.81683385,0
-0.24310306,0.8619014,1.8761628,0.22600456,0
2.0692399,1.4281774,0.5051073,-0.05992999,1
-0.7582886,-0.08524619,0.14218657,0.9142244,0
-1.603856,0.1864134,-1.3263246,-1.0101978,0
0.3358558,0.33366367,-0.966756,-1.0358156,1
0.03492877,-0.88401824,-0.4518476,-0.3815589,0
-1.4716789,-0.22639792,0.3064546,-0.8850023,0
-0.2888179,0.76071966,-0.18343133,1.0177133,0
-0.5378498,-0.6502822,0.09027481,-1.0355333,1
1.7796903,-0.47104633,-0.98528314,-1.3217286,0
-0.090695955,-0.036167547,0.036874987,3.1403713,1
-0.43076202,0.74078476,-0.29385397,-0.34573162,0
0.38425356,0.5239341,0.76360226,1.5455345,1
-1.678863,-0.577368,-0.9537853,-0.4606707,1
-0.25001016,0.18283273,0.12670201,1.0108105,1
2.1370265,1.1340418,-0.3772837,-0.27668628,0
1.6423353,-0.0759286,-0.15996984,-1.0144053,0
-0.23927447,0.39110526,1.1765145,0.735409,0
-0.7424844,-0.78207076,-0.41300976,-0.93788826,1
-0.6115719,-0.47002566,-1.0428082,-0.29344195,1
1.666805,-0.75325143,-0.6913883,-0.9807686,1
-0.089965835,0.6056072,-0.5234774,0.6812377,0
1.1514452,-0.47631156,-0.5935695,-0.9762369,0
-0.45212406,-0.7113564,1.5786595,0.96481633,1
-0.7551992,-0.5870852,-0.9360614,-1.0508163,1
0.52188766,-0.19306755,-0.79048777,-0.93080425,1
0.5091529,-0.17828327,-0.38103035,-0.7957447,0
0.65198505,0.68784887,-0.72893995,-0.93892187,0
1.1785082,-0.58701867,0.21125641,-0.21181822,0
-0.8388246,0.030218333,-0.9926909,0.04498088,0
0.3540746,-1.248355,-0.5576633,-0.71976286,1
-1.3391533,-0.6507238,-0.8934574,-1.1237406,1
-0.20459172,0.25468895,-0.36181659,0.65606445,1
1.7513448,-0.1926014,-0.8517593,-0.06152531,0
0.8260849,-0.72772765,0.27496213,-1.123675,0
1.0514876,-0.6953497,-1.3704748,0.19255261,1
-0.30355734,-0.09558226,-0.6000653,0.36507165,1
-0.41100913,0.32660127,-0.0867984,-0.0026566759,1
-0.07282241,-0.5717683,0.09365453,0.1073703,1
0.31949872,-0.54387015,-0.6839601,-0.19550255,1
-0.6901357,1.2140356,0.85845506,2.3679695,1
-1.524078,-0.7325976,-1.0434955,-0.5316143,1
-0.5333169,-0.6936236,2.3729072,0.07457709,1
-0.10552555,0.61254275,0.82238156,0.78537077,0
1.1599869,-0.41805276,0.11231845,-0.07293232,0
-0.4059223,0.4283002,0.57095605,1.7153752,1
-1.07941,-0.3514596,0.10482352,-0.63409543,0
0.15787226,0.43277723,-0.98963803,-0.65580857,1
0.8362645,0.10034387,-0.60543126,-0.9473504,1
-0.5494587,-0.2053501,-0.46350724,0.09932163,0
0.74506414,0.21744882,0.45215032,0.50611395,1
1.525344,0.06495406,-0.3482389,-0.22495905,1
1.351696,-0.48767698,-0.93495727,-0.90984154,0
0.049152672,-0.11916956,-1.4480183,-0.48801515,1
0.36438507,-0.5514248,-0.8772664,-0.7214948,0
-0.3740298,-0.36031595,3.1701193,-0.61114705,1
-0.67270327,0.07339729,-0.5818279,-0.88319784,1
0.9251329,-0.22973011,-0.6555158,-0.74226457,1
-0.5832704,-0.230757,0.11435337,0.54805994,1
-0.9029101,-0.1816595,0.41989496,0.8414311,0
-0.16929111,0.15348107,0.98149776,0.15825504,1
-1.285038,0.5574287,1.1252352,1.406407,1
0.67219687,-0.49041715,-1.6887693,-0.75722337,1
-0.47837716,-0.24690108,-0.728004,-0.13731275,1
-1.6360345,-0.6607724,-1.0177634,0.14598799,0
0.7488836,0.013461709,1.9370468,2.3041089,1
-1.2181047,-0.2865013,-0.36177012,1.026816,0
0.87257576,-0.13327405,0.38272867,0.31220096,0
-1.1027417,-0.22505131,-0.048797548,-0.70863146,0
-0.67387664,4.5454016,2.7335877,0.6758267,0
-0.9316375,-0.9214545,0.61030525,-0.5549676,1
-1.9691458,-1.1291915,-0.359577,-0.7337398,1
2.9127152,0.8500385,-0.5831292,-0.9253659,0
-0.5126109,-0.34228086,1.3705473,2.0831628,1
0.45904803,-0.98642266,0.74830234,1.7520909,1
-0.15414235,-0.20469126,0.16234574,0.8492955,1
0.22360449,0.28090966,1.3772132,2.5288343,1
-0.9815115,0.5035643,0.6067115,0.6849085,1
-1.8493829,-0.49591252,-0.86423004,-1.0048165,0
-0.11690372,-0.23081422,-0.40689257,-0.95546126,0
-1.4930059,-0.6573342,-0.8524796,0.2288187,1
-0.43198735,-0.40367836,0.11782022,0.7301606,1
-1.2979683,-0.97209203,-1.3068187,-1.0933717,0
-0.5847089,-0.19223617,1.2542201,1.5592722,1
-0.018008396,-0.25272954,-1.0047894,-1.0014617,1
0.8080019,0.15178837,2.7379375,0.020583116,1
0.69947207,-0.2722606,0.036012296,0.11857568,0
-0.92968357,-0.1503905,-0.34361607,0.6480683,0
-0.68029726,-0.4885363,-1.3055297,0.15372266,0
0.33535016,1.062125,-0.23697542,0.6317384,0
0.7691848,1.385556,2.530812,2.4644468,0
-0.4329654,0.18268222,-1.3836052,0.115136996,1
-0.7877889,1.000744,-0.8276038,-0.08013745,1
1.209235,0.1456678,-0.30630445,1.0487504,1
1.1048226,4.86605,0.7810259,-0.08488122,0
-2.143249,-0.5403598,-0.6424574,-0.05574981,0
-0.6080658,-1.1632571,-0.29082745,-0.29153478,0
0.9617981,0.09499756,-1.4836628,-1.2233106,0
2.5448859,0.69364816,-1.2246196,-0.8474542,0
-1.0039734,-0.68637574,1.0172448,-0.5239613,1
0.53356826,0.58103424,0.7133455,1.2790287,1
-0.28675863,-0.5390211,-0.5185372,-1.2774191,1
-0.107265025,0.083069,-0.770755,-0.2346129,1
0.7678217,0.3049354,2.3622208,1.3076403,0
0.6341567,1.8627727,-0.27078494,-0.36831185,0
-0.7034837,-0.039720714,-0.17806092,-0.14776811,0
-1.209087,-0.25115803,-0.8254566,0.0060439967,1
-0.101066925,-0.7504233,-1.0399235,-0.17410526,1
-0.36458537,-0.031964567,-0.6327024,0.75725895,0
-1.1874074,0.8020875,1.3961167,1.7664106,0
0.5034641,0.38954136,-0.6199891,-0.40481704,1
-0.88366264,-0.24313396,0.48030236,0.88549006,1
-0.90690184,-0.21856865,-0.03957036,0.895124,0
0.07390508,-0.4603985,0.29816827,0.8893103,1
0.10720867,-0.18935722,-1.0249211,1.115107,1
-1.2141955,-0.19897437,-1.500171,-0.8241633,1
0.44118622,-0.3152408,0.062736,-1.1187046,1
-0.31744117,0.021359002,0.19759366,-0.20543574,1
-1.5988666,-0.45413962,-0.6081388,-0.5871914,1
-0.9789449,-0.18668564,-0.8894072,0.78383017,0
1.5688705,-0.4240831,-0.117394,-0.9076505,1
-0.1948925,0.38393426,0.9821367,0.09665166,0
0.23425554,1.6292897,-0.09589544,0.60182333,0
-1.1846056,2.087299,0.8727295,-0.9974865,0
-1.5837274,-0.6543842,-0.3519131,-0.7076845,1
-0.28094283,0.7646797,0.9833603,-0.6148139,0
0.20307216,-0.76358676,0.7368921,-0.9742082,1
-0.31139094,0.108816236,-0.033847213,-0.17199272,1
-0.22722837,3.6899676,2.4810688,4.650888,0
-0.39269546,-0.25843444,-0.6119055,0.06203224,0
1.7357628,-0.37984535,0.17869112,-0.052163955,0
-0.22927049,-0.11989871,0.51857346,0.77769506,0
-1.4425607,-0.28004113,-0.082204655,-0.72869813,1
-1.1890572,-0.64525396,-1.5057139,-0.8433047,1
0.07078906,0.13667953,0.021967903,0.7454329,1
-1.114248,-0.24576004,-0.3860958,0.84885603,0
-1.5967346,-0.88237864,-1.2978462,-1.3252423,1
0.18400803,-0.20407006,1.3159659,1.4364603,1
-0.5106358,-0.90117216,-1.5679139,-0.62958133,0
0.49329275,-0.33892497,0.5888045,0.10880621,0
0.8144533,0.21457054,-0.33905363,0.09257966,0
0.577954,-0.5835599,2.2434916,0.6690858,0
1.0393701,0.43290773,0.85531694,0.6711736,1
-0.20550956,1.5840569,0.51944494,2.5887437,0
0.63231134,-0.6649006,0.37094325,0.13710591,1
-0.34835383,-0.3494328,-1.1571674,-0.05178704,1
0.73309296,0.74454045,0.104104795,-0.10904732,1
-0.4968982,0.17129192,0.49960458,0.72216904,0
0.9754133,0.01107657,0.9568497,0.5768362,0
0.4566239,-0.008494958,-1.1867555,-0.6648866,1
-1.0234684,0.14371394,0.23279078,0.7854461,0
-2.3627357,-1.3453119,-0.96836805,-0.7476405,1
-0.6179677,-0.70031327,0.19589323,-0.4932758,1
-1.4044018,-0.62143755,-1.6743262,-1.1331735,1
0.22488959,-0.6067349,0.2923155,-0.076965205,1
0.4280528,0.13942838,0.90670633,0.65035576,0
0.7494786,-0.2983513,1.1081727,1.0287926,0
1.1196665,-0.27968487,-0.39694136,0.19022268,0
0.6329837,-0.09176127,-0.19419779,0.50875455,0
0.34229022,0.1496574,-0.95060396,-0.06293952,0
-0.8845542,-0.32518727,0.10462567,-0.99329704,1
-0.14534318,-0.553228,-0.73566335,0.21411394,0
0.8050914,0.35436323,0.72340995,1.7153518,0
-0.5259602,-0.73978823,-0.445145,-0.73490196,1
1.2731284,-0.80073416,-0.2701103,-0.26193148,0
0.5590026,-0.5190061,-0.5203858,0.08945185,0
0.38536423,-0.03955105,0.76800025,-0.032324724,1
-0.94034064,-0.5493468,-1.3501676,-1.2994468,1
-0.8584239,0.03646668,-0.9484453,-0.7429311,1
1.6082343,0.044763654,-0.82881355,-0.6876676,0
0.65728194,-0.6510203,-0.6041225,0.27958465,1
0.9374609,-0.7462336,-1.2699101,-1.2684231,1
-1.5290638,-0.087281674,0.40382347,1.0865221,1
0.5894915,-0.13497561,-0.8381472,-0.23904428,0
0.28579444,-0.15750784,-0.0072296336,0.7244606,1
-0.7650647,-0.7167239,-0.30616745,-0.5429905,0
1.1562135,1.5557206,0.6507337,-0.43919396,0
-0.8836885,0.095684335,-0.004774064,1.087889,0
1.4130954,0.38002175,0.3697568,0.20230897,0
-0.67654955,1.22461,0.58149827,0.6818466,0
-0.19974717,0.34457135,0.4051404,0.79482824,1
-1.2468698,-0.99274313,-0.40472344,-0.75850314,1
0.06619502,0.10020155,-1.013665,-1.0275593,1
-0.5891858,0.19224419,-0.24079221,-1.1941165,0
1.4374316,-0.45593148,1.330003,-1.0192546,0
-0.735115,-0.26756346,-0.69539,-1.2046393,1
0.38888946,-0.16031359,0.08256968,0.80278313,0
-1.1229718,0.3202107,-0.81105226,1.1019192,1
-0.4733374,-0.8665653,0.20082694,-0.1304285,0
0.65022004,0.71373236,0.49001196,-0.22136235,0
0.298849,1.3055266,1.9317572,0.5253743,0
0.014655322,0.31001294,0.68326384,1.3477434,1
-0.6775181,-0.15267223,-0.7867234,-0.980387,1
0.6502834,0.25861913,1.7850747,0.9993684,1
-0.50118876,-0.51650155,0.2874371,-1.0655888,0
-0.5591172,-0.65712214,-0.32572788,-0.33612972,1
0.5737181,0.0036456287,-0.6417732,-0.2054162,1
-1.3222547,-0.2814855,-0.08217938,-0.9413084,1
1.5432826,0.088220716,0.27411926,0.0595782,0
-0.087411895,0.7897525,-0.17119351,-0.5441712,1
0.28414714,-0.18810818,0.0059212,0.07639122,1
-1.7188029,-0.41988453,-0.5866669,-0.7263468,1
0.33550042,2.1967728,-0.2601709,-0.26256755,0
0.62078184,-0.37269652,0.72037375,-0.014675075,0
-0.40805516,-0.3533199,1.4402629,0.70981824,1
1.5307698,-0.1532192,0.3330539,-0.9114157,1
-0.65499514,-0.20306545,-1.3736477,-0.68230164,1
0.5936104,0.59974784,-0.2300103,-0.04804581,0
-1.2011732,-0.39440134,-1.1499994,0.24047999,0
1.5453187,-0.37116915,-0.992131,-0.894338,0
0.57549524,0.132671,-0.6217049,0.6621676,1
-0.6093076,-0.8938166,2.8517647,-0.6783829,1
2.0914161,-0.4328084,0.12235073,-0.5475287,0
0.2814975,-0.46737003,-0.64911133,0.067754894,0
-0.55522776,0.8420156,-0.4523859,-0.29902276,1
-1.3205397,-1.1357976,-0.7933431,-0.70482844,0
0.30212557,0.5517826,-0.7364213,-1.2166913,1
1.0561311,-0.38559642,0.19991633,-0.27252528,1
-1.2759868,-0.41680866,0.14906065,-0.679724,1
1.3420821,0.82812417,0.116244175,-0.6513305,0
-0.71851075,-0.2085472,1.192657,-0.03831503,0
0.77831835,-0.6977851,0.5508769,-0.36916232,0
-0.6353545,-0.44906473,0.63537467,2.1147456,1
0.23137355,-0.625169,0.12701777,-1.0375824,1
0.52736044,1.0440513,0.34773603,1.1768923,0
-0.9734343,1.6132729,2.5395577,1.6656767,1
-0.21033677,0.05143845,0.5099241,-0.11673492,0
0.30433267,-0.3048578,0.11318719,-0.65202665,1
-0.024422169,0.16945565,1.0152268,0.98778266,1
-0.8747056,-0.4406314,0.42585605,-0.69958067,1
-1.3824048,-0.17152978,-0.56513405,-0.5999884,1
-0.15068753,0.4523722,0.2655099,0.8952355,0
-0.9266854,-0.4570962,-1.7551649,-0.81456894,1
1.3201711,-0.7645107,-0.24018013,0.09595685,1
-0.7709781,1.2719014,0.46921575,0.021500237,0
-0.19172022,0.6730466,-1.0232278,-0.6255581,0
-0.4296537,-0.37231034,-0.20598045,-0.557833,0
-0.0320088,-0.11800997,1.1472838,0.7216457,0
0.8238385,-0.5367197,0.33343518,0.22135784,1
-1.4597,-0.4254235,-1.4343488,-1.0561144,1
0.3793664,-0.06713204,-0.21164659,0.9406198,0
-0.6156147,-0.28748864,-0.62205964,-1.0597025,1
-0.14975744,-0.027838152,-0.5012144,-0.58681434,1
-1.3075188,-0.49442476,-0.9129934,-0.6832439,1
-0.38248158,1.5193379,-0.57613045,-0.2515966,0
0.4419249,10.278241,-0.9911438,-0.5908704,1
-1.180003,-0.9193706,-0.4865571,-0.8266892,1
-1.4623647,0.13756408,-0.72968644,-0.58851427,1
-0.020068757,-0.23077178,-0.2119052,-0.06601692,0
0.028162047,5.781256,2.13203,4.7425246,1
-1.4994614,-0.21407653,-1.3716686,-0.5136926,1
0.115907334,-0.064308494,-0.7173803,0.9541594,1
1.3852735,-0.07366915,-0.09993157,-0.18528144,0
-1.3199446,-0.23758294,-0.22257052,-0.6682446,1
1.0795207,0.3095405,1.0340558,-0.20809439,0
-1.081199,-0.07679658,-0.823313,-0.9979611,1
-0.063480556,-0.052375898,-0.9443222,-0.5134181,1
-0.83646154,-0.18229188,-0.85883945,-0.9356308,1
0.58382076,-0.23524718,1.3230428,1.3947407,1
-0.64634854,-0.55864084,-0.8375156,-0.56669915,0
-1.1362001,-0.37797016,-0.60347944,-0.76505315,1
-0.6287227,-0.68921477,-1.0281036,-0.5910807,0
0.09317635,-0.6182704,-1.4143729,-0.84332436,1
-1.2133586,-0.5507265,-1.3465333,-0.64884377,1
-1.373085,-0.43216616,-1.3119787,-1.1202098,0
2.2726102,-1.2224365,-0.08840857,-0.35990483,0
0.8704642,0.74470365,0.6021956,-0.12485589,0
-0.37948436,-0.067837924,-0.6512702,-0.30716828,1
-1.1967382,-0.24293798,0.3097482,0.17858408,1
-0.7848916,-0.77028716,-0.6540758,0.3136604,0
0.08957738,-0.21017118,0.18931587,-0.363205,0
-0.3124031,0.24365649,1.7893217,-0.89622027,1
-1.4350988,-0.36980686,-0.58739614,-1.0135704,0
-0.683365,0.9089149,-0.0063127577,0.7400991,0
0.8997992,0.49986392,0.537329,0.69438404,1
-0.55670106,0.38059467,1.3549712,-0.065071285,1
-0.10022606,-0.17258722,0.03272342,0.7408171,0
-0.76597655,-0.6957794,-1.1286551,-0.9650742,1
-1.2425345,-0.5958995,-1.484679,-0.6766509,1
-0.38426274,0.15793382,0.47139382,0.9824039,0
0.3156705,-0.43503088,0.580692,0.19941795,1
1.8586497,-0.09343693,0.85653776,0.17175424,0
-0.61066306,0.74916387,0.5647092,0.39025137,1
0.14579293,0.1564451,-0.22935057,-0.0555088,1
0.21192406,0.037492625,-0.21514708,0.44949678,0
0.1411626,-0.3245768,0.7128677,-0.27808067,0
-0.5038364,0.07248284,0.07816601,0.061833072,0
-0.42772132,-0.36122358,0.46163356,-0.046221644,1
0.5730048,1.2003928,1.9773378,0.18224725,0
-0.03920874,-0.15749565,0.96340716,0.84005314,1
0.6985457,1.0412626,0.15880856,0.95850015,0
-1.2771553,-0.056298137,-0.7295394,-1.0293038,1
0.37045878,-0.4308477,2.9084144,2.982555,0
0.30739057,0.22968164,2.559367,-0.91097844,1
-1.6758165,-0.008193536,-0.3445129,0.4379647,0
0.64435697,0.097462796,2.6709042,-1.1647075,0
1.6683798,-0.278134,-0.090076536,-0.44930175,0
-0.3246931,0.41533685,1.0473795,1.7145293,1
0.8769928,0.41052145,1.8460783,0.4475977,1
0.38317642,0.14417733,1.081179,-0.4565069,1
-0.38394892,-0.5928649,-0.065992534,-0.82785505,0
-0.78740376,-0.21153134,0.19069043,0.402369,1
0.509436,-0.3648255,0.24339262,-0.8226637,0
-1.0730146,-0.6745258,-0.61454064,-0.38973337,1
0.25334805,-0.3376889,0.40564603,-0.080470845,0
-1.5858613,-0.7207166,-0.24292731,0.05700745,0
-1.254978,0.3313498,-1.4848297,-0.75309855,1
-0.87686825,-1.00145,1.0391783,0.34631422,1
1.4707878,0.11038177,-0.8993211,0.73638326,1
-0.45414573,-0.15004519,0.1351103,0.33782887,1
0.32765615,-0.96422714,-0.57402253,-0.2199967,1
-0.44684166,-0.65308785,0.30772722,-0.047966212,1
-0.043483913,-0.47044364,1.1442934,-0.039778385,1
-0.8662603,-0.47519308,-1.3129711,-0.63072574,1
-0.0539968,-0.673352,-0.64185476,-0.6239023,1
-0.33159024,0.120473206,-0.5019355,0.8474005,0
1.6291335,-0.46317115,-0.3914446,-1.1275282,0
0.35301983,-0.26511884,0.24045971,0.19846137,0
-0.40409958,-0.7032932,1.0637873,-0.10285325,1
0.31307602,-0.0634166,0.8455151,0.65145063,0
1.1357065,0.12875937,1.0100533,0.35286814,1
-0.6042281,0.47541806,-0.24770266,0.2703617,0
-1.001818,0.032959998,0.3044845,0.27872568,1
-0.7134753,-0.6686408,-0.20707741,0.1318895,1
-0.92517304,-0.5416043,-0.60350776,0.055449393,1
1.2241871,0.17284985,0.71127856,0.6267206,0
-1.3115981,0.18822123,0.14884216,-1.0089248,0
-1.1597558,-0.7109321,-0.9799418,-1.0019412,0
0.57480705,0.05221829,0.51321685,2.5472472,1
0.33721888,0.42045444,-0.19074923,0.7280844,1
1.3629014,0.063730836,2.1204195,0.6281621,1
0.060051396,-0.4094547,-0.79126096,-0.8829421,1
2.47467,2.085554,3.4298334,4.036823,0
2.308125,-0.33385158,2.4870334,0.63693595,0
0.26800567,-0.20376593,0.23975025,-0.25651404,0
1.926355,-0.20930827,-0.011660367,0.7503446,0
-0.9496551,-0.41468012,0.11650801,-1.0746241,0
0.5775408,0.03833234,0.08045557,1.4881878,0
1.7707462,4.4123073,-0.41329515,0.14038165,0
-1.2344198,-0.8599752,-1.4061177,-1.0453968,0
-1.1589411,0.01647387,-0.8158891,-0.8035015,1
0.99763584,2.1390076,1.467529,1.6010804,1
-1.2919215,-0.37581515,-1.5633181,-0.9499277,0
-0.8536824,0.122960806,0.45117232,0.71425927,1
0.23405667,-0.3351153,-1.2155511,0.025949534,1
-0.84165657,0.24415864,3.51958,6.921921,1
1.1165045,-0.37527955,-0.25401467,-0.95344424,0
1.2443703,-0.5610485,-0.21197945,-1.16623,1
0.8197504,-0.34446234,-0.34095454,-0.79367137,0
0.59205127,-0.5164475,0.80061084,0.2871553,1
-1.372758,-0.9146765,-0.7407552,-1.206496,1
0.7767817,-0.7389108,0.3105433,-0.36256284,0
-0.8399368,0.82246655,0.36350393,0.879982,0
0.35985062,0.6732319,-0.019988984,0.49352333,0
0.5744751,0.17581303,-1.2590096,-0.73860157,0
-0.9785966,0.19430858,-0.13848028,0.004022356,0
-1.7067146,-0.28611517,-1.2952777,-0.9673734,1
0.4107301,1.3656245,1.8743173,0.8694444,0
-0.30950123,0.343893,0.36608464,-0.21014604,1
0.88250816,0.9493965,2.5955715,1.6506636,1
0.8012416,-0.51424223,-1.7329838,-0.81719244,1
-1.2028893,0.44725162,-0.43291628,-0.9945526,1
1.3038261,-0.056194276,-0.37559813,-0.01741336,1
1.278828,0.30356705,-0.19468772,1.0880337,0
-1.2161622,-0.7061429,0.32304335,-0.9475608,0
0.09867047,0.2797948,-0.38726932,-0.03094386,1
2.1998305,-0.83220553,0.26645038,0.114813626,1
1.4201355,2.4592688,-0.23811516,-0.6064656,0
1.1228935,-0.41494578,-0.50408924,-0.038898125,1
0.042403515,-0.7766121,0.935234,-0.14606759,0
-1.2050681,0.09123385,0.6865147,-0.13281097,1
-0.006426543,1.1319933,0.6379778,2.211533,1
1.4158123,0.13901867,0.73319525,-0.07078853,0
0.25856757,1.3645767,-0.69568866,-1.0782446,0
2.244888,-1.1080168,0.41350967,-0.5985216,0
-1.0595198,-0.85396415,-0.77061874,-0.77216727,1
0.24752036,0.17928396,1.1002914,1.705331,1
-0.8760033,0.6227925,-0.5462076,0.757386,1
0.046136063,-0.7183456,-0.9060749,-0.19016863,0
0.5330214,-0.20321096,0.66160333,-0.47336316,0
-0.95823526,-0.58219147,-1.3415343,-1.1862173,1
-1.1169473,-0.8820301,-1.8168308,-0.8774131,1
-1.7854648,-0.55886793,-1.138418,-0.8209194,1
-1.6254193,-0.46012998,-0.30830193,-1.2166513,1
-1.2690823,-0.20548752,-1.0205139,-0.77481234,1
-0.98371124,-0.5681184,0.8700786,-0.17297654,1
0.66903585,-0.65891516,-1.2038829,-0.67482585,1
1.7121419,0.06069912,-0.5300457,-0.32562762,0
0.44832367,1.2457268,-0.09921518,0.62410307,0
-0.9134629,0.57615095,0.6950448,0.06902148,1
-0.2916422,-0.005024016,-0.7145002,0.29781848,1
-0.9362513,-0.543284,-0.89001906,-0.74445164,0
1.8832703,-0.72042334,-0.9670799,-1.1564202,0
1.4611201,-0.6570469,-0.4824131,-0.3447778,0
-1.1335442,-0.3582805,-1.7609231,-1.1471165,1
0.4839973,0.42030323,-1.3485117,-0.1105672,1
-0.29580057,0.612865,-0.94299173,-0.6114832,1
-0.85125643,-1.0073307,-0.19992702,0.09633884,0
0.016087279,0.15089336,-1.0790972,-0.35231337,0
1.0159521,0.32108545,0.48002815,0.80954295,0
0.50572795,0.44745076,0.275255,0.76244473,1
1.2998142,-1.0530796,-0.09105845,0.7257375,0
-1.5321139,-0.69124174,-0.66252726,-0.9488307,0
0.049699605,0.7051693,-0.31339002,-0.81184065,0
-0.79979205,0.62371933,2.4348993,0.5115744,0
-0.79519105,1.3426387,1.6865963,1.2576097,0
0.23114426,1.8475153,2.1609132,1.3547612,1
-1.2419268,-0.3685483,-0.11402722,-0.9281015,0
0.01024925,-0.12317898,1.2403635,1.3874803,0
0.053713292,0.5342105,1.0044076,0.708533,0
-0.6795035,-0.8021394,-0.52887934,-1.1006275,0
1.5934967,-0.6245839,0.76567274,0.7752792,0
-1.3638109,-0.58197105,-1.4380727,-0.73274845,1
0.4119298,-0.10086799,0.52526665,-0.70080775,1
0.23384294,-0.26343474,-1.1751944,0.23015906,1
-1.189055,-0.99019665,-1.1769283,-0.6979852,1
-1.620518,-0.70622253,-0.7033847,-0.7081073,1
1.1517346,0.26371348,-0.01450222,0.21998753,0
1.8789573,-0.12501635,1.6174366,1.2362956,1
-1.7305613,-0.6547495,-0.26712307,-0.7369692,1
0.097301096,0.2778074,-0.21220699,-0.2889996,0
-0.89275336,-0.4795932,1.5470116,-0.63494,0
1.5653186,-0.57740504,-1.5004413,-0.80002713,0
-0.18574136,-0.05785021,-0.7685383,0.2803106,0
-0.29821202,1.2416799,-0.4505809,0.46297193,0
0.63811296,-0.35231555,1.882349,1.5110518,0
-1.0961025,-0.84347355,0.36051777,0.102076694,0
1.4711527,-0.15969577,-0.07033506,-0.6774439,1
-0.6695362,-0.618836,-0.35531354,-0.23329812,1
0.9422369,1.4354607,-0.15645336,-0.06992826,0
-0.037032932,-0.6524266,-0.28541136,-0.69119453,1
1.5688567,-0.44569153,-0.026203066,-0.9404181,0
-0.33814707,-0.30000085,-0.64435804,-0.7514862,0
-1.8655052,0.23232439,0.5345768,0.066453874,1
-1.8730657,-0.61629564,-1.1391139,-0.8284895,1
-0.7157755,-0.6579572,0.014246814,0.015675116,1
-0.54048663,-0.7819953,0.20895353,-0.007527981,0
-1.0574403,-0.67211044,0.14800668,-0.06599697,0
-1.934044,-0.45668507,-1.0577877,-0.6997305,1
-0.6155412,-0.40767762,0.9798752,-0.6412022,1
2.5037868,-0.17834862,0.90201557,-0.9183291,1
-1.6636589,-0.5931523,-1.1638687,-0.6873104,1
1.3359681,-0.7211237,-0.9439337,-0.54614913,0
-1.4823732,-0.2095441,-0.10073185,-0.8616336,0
0.8515893,-0.015524119,3.6386228,0.93953973,0
0.089395836,-0.23511527,0.6584652,0.91289836,0
0.99799526,-0.62872016,0.5218621,0.28270417,1
-1.1381438,-0.7790885,-0.6268161,-1.1457652,1
-1.4684331,-0.2153311,1.1173208,0.6583094,0
2.2493753,-0.50970125,-0.43963072,-1.1369355,0
-1.7429395,-0.097345024,-1.3044076,-0.44501597,1
-1.4015319,-0.40959597,0.10607161,0.1925305,1
0.96989214,-0.39208645,1.2213364,-0.5432651,1
-1.0585871,-0.25174883,-0.6174071,0.102323085,0
-0.41710776,-0.7271066,-0.82046556,1.086063,1
-0.5623222,0.07893179,0.7482302,0.7032907,1
0.02129677,1.0515027,0.39923373,0.7679368,0
-1.1983597,-0.88197345,1.8823154,-0.8578087,1
-0.2064713,-0.049960766,0.74418133,-0.12802535,0
-0.119716205,-0.24004675,-0.06653184,0.6834915,1
-0.27904257,0.39470607,1.5477978,1.685857,1
1.0321481,-0.31999287,1.783943,0.35209247,1
0.027340243,0.94234204,0.34204483,0.63152933,0
1.5674628,1.473102,0.3672452,1.3309886,0
-1.6037294,-0.33225885,1.3450415,-0.48221815,1
1.2781569,0.24535313,0.71331626,0.6276114,0
-2.005561,-0.5031099,-0.81183356,-0.9467497,0
1.1587478,-0.681095,1.0531968,0.25139007,1
-0.51391464,-0.48741508,-1.1388521,-0.19416124,1
2.0172796,-0.4121757,-0.22665803,-0.7696968,0
-0.31288046,0.44697502,-0.87151587,0.1108063,1
1.5426311,0.36262137,-0.6516617,-0.18402235,0
-0.9429479,-0.4835926,-0.9911844,-0.64300096,0
0.95960563,-0.4948912,0.235455,-1.1070735,1
-0.25494325,-0.939073,-1.5417893,-0.67998755,1
-0.06864673,-0.8200705,-0.6734953,-0.16853756,0
-1.3737751,-0.6400002,-1.2881447,-0.8073312,1
0.8817733,-0.30705696,-0.13666402,0.72444236,0
-1.0818735,-0.5930233,3.3638701,-1.203846,1
-0.99321747,-0.507406,-1.09798,0.218206,0
-0.29442412,-0.25975925,-1.0692011,0.14990562,0
-0.3751191,0.0044223154,1.3900281,-0.12538464,0
0.9669565,-0.6579372,0.6244354,0.089784846,0
-1.1492252,-0.348291,-1.7935524,-0.8216858,1
-1.1085373,-0.55570304,-0.7028773,-0.58505446,1
0.26937544,0.08500801,-1.4336065,-0.21783103,0
-0.44362107,-0.17304137,1.7599729,0.8790005,0
0.28865555,0.31290036,-0.3343889,0.7380109,0
-1.8535789,-0.81422645,-0.59681284,-0.9843978,1
-2.0423102,-0.44577938,-0.6405573,-0.742029,0
-0.34920737,-0.6939657,-0.3022861,0.2223893,0
-0.58672345,0.10220525,-0.33157006,-0.08932926,0
0.0049995184,-0.23741114,0.27721116,0.3781095,0
0.18518953,-0.11584476,0.3354954,0.74472725,1
0.8532703,-0.940717,-1.3417583,-0.10603836,0
-0.8177501,-0.80675673,-0.8519328,-0.06657509,0
0.07657395,-0.3997936,-0.06727263,0.09905872,1
0.8329296,3.599241,1.0813308,0.51163965,0
-1.6933125,-0.5905411,-0.9783438,-0.76703537,1
1.8092959,-0.70218354,-0.43925524,-0.9769111,1
-1.2204161,-0.34340537,-0.60457647,-0.7067868,1
-1.916835,-1.2311753,-0.7654113,-0.6606271,0
-0.6373793,0.94146764,0.34234956,0.48113096,1
-0.6057023,-0.3105107,-1.0460093,-0.6139264,1
-1.249704,0.232608,-0.8442946,1.0393921,0
0.66308916,-0.14443249,1.0218824,0.742617,1
-0.701895,-0.42136818,-1.5184232,-0.7404943,1
2.8546264,-0.68710774,1.0589288,-0.93808115,1
-0.3560568,0.1704817,-0.24707901,0.48326626,0
-0.5774317,0.88044745,0.4686291,4.3810606,1
0.15766957,-0.16018188,0.21108949,-0.19373742,1
-0.13696972,-0.3325885,0.586006,0.38905355,1
-0.92655706,-0.7532128,0.07515033,-0.93126285,0
0.8910434,-0.33326775,-1.1740025,-0.62332714,1
-0.29731563,-0.46141583,-0.48394033,0.17242579,0
1.7962022,-0.571604,0.43324655,-0.11545764,0
0.70083064,-0.8201342,0.6774037,0.698972,1
0.64307076,1.2742782,-0.9057231,-0.96099365,0
2.3769267,0.82166946,2.2635236,0.7461433,0
1.3531833,-1.0441284,0.40317765,-0.027050138,0
1.0617728,-0.8384041,0.77586234,0.8496134,0
1.3075054,-1.0452129,1.991803,-0.027047511,0
1.805999,-0.012424916,-0.66016954,-0.82233334,0
0.0463944,0.5209279,-0.050999865,-0.70156956,1
0.24420431,-1.4492526,-0.79661775,-0.76512474,0
0.47241205,1.8471999,0.061412796,-0.8231727,1
1.1930169,-0.06110599,-0.7958483,-0.839882,0
-1.1935098,-0.23711404,-0.86974686,0.89399874,0
-0.79820544,0.6460582,0.5358161,2.5936477,1
1.9152533,0.56583947,-0.131791,-1.002409,0
-0.65202874,-0.76834846,-1.0774685,-0.7838886,1
-0.24274543,-0.44642833,0.03155434,-0.06678572,0
-0.15422256,1.9539951,-0.46841234,-0.6425705,0
-0.18281716,-0.069613986,0.36394268,-0.43964532,0
1.2683272,1.2162268,-0.64688224,-0.76822376,1
1.6555294,-0.13702643,0.7053071,1.4817544,1
-0.7572882,-0.5568407,0.054339007,2.0927916,1
0.057390332,-0.20541069,-0.48052323,-0.8038417,1
0.06836374,-0.33812636,0.05974225,0.3860186,1
0.01278767,-0.014884718,-0.8769934,0.8263891,0
-1.6047689,-0.31893837,-0.4977925,0.08697437,1
-0.020863019,-1.0504961,-1.5235738,-0.59762955,0
1.0855179,0.48073733,-0.18125483,-0.1530316,0
-0.06893711,0.87893355,0.012163818,0.8652133,0
-0.008958027,-0.6178257,0.24229027,-0.30242655,0
-0.13558796,0.6522546,-0.5427594,-0.18845421,0
0.97049856,-0.044375323,0.29319987,6.0976977,1
1.2737578,-0.29269168,-0.30241,-0.71747005,0
-0.6612141,0.49806392,-1.0239816,-0.8435114,1
0.07511592,0.14068645,-0.42527008,-0.8944093,1
0.39314294,0.7538163,2.505552,1.1261151,0
0.7452239,-0.66258824,0.12526664,0.009293262,1
-0.77441484,-0.25777167,0.6375588,0.67831504,0
-1.5938728,-0.98688793,-1.3706245,-1.3281653,1
2.3385186,-0.31014374,-0.83881944,0.14665496,0
-0.31531787,0.51987845,-0.36631492,-0.8576089,1
-0.42322725,-0.06444941,0.77934057,-0.01781112,1
-0.96681845,0.44414103,0.014536694,2.2194767,1
-1.9234065,-1.4292854,-1.2021728,-0.53844297,1
-1.3317146,-0.38553953,-0.8545496,-0.55411375,1
-0.85376704,0.40294468,-0.45283297,-0.8891916,1
-0.6980605,0.7071833,0.1464819,1.4226105,0
-0.8565631,-0.52627516,-0.24742898,0.119529545,0
-0.85673535,-0.52426815,-0.8317761,-0.65114903,1
-1.4469521,-0.484793,-0.9891397,0.2669909,0
-1.3351976,-0.94974935,-1.482627,-1.052915,1
0.4514521,-0.49464786,-0.16550636,0.4142596,0
-0.533307,0.3050794,-0.48221743,1.2646153,0
-1.4880956,-0.54384667,-0.6840869,0.50468224,1
1.3140867,-0.5495569,-0.81599665,-0.34245324,0
1.2717284,-0.2952709,-0.109898955,-0.8248858,0
-1.3462657,-0.32266974,-0.28154272,0.7741406,1
-1.063673,-0.4021852,-1.0536274,-0.88944817,1
-0.64858156,-0.16244785,-0.8435614,-0.83597594,0
0.17797564,-0.06737787,0.17233744,0.23166434,1
0.22780828,-0.4590884,-0.30905548,0.077732146,1
-0.39708862,0.1938335,0.850013,-0.115386456,0
-0.19141863,0.9275742,-1.648733,-1.039127,0
-0.43113685,0.17818648,0.4029528,-0.034197986,1
-0.4651949,0.053182706,-0.3146227,0.29622242,0
-0.19481236,-0.7196407,-0.78868043,-0.83089,1
-0.29803625,-0.27515244,-0.27674222,-0.5535638,1
0.9436436,-0.01511386,0.8666185,1.3067921,1
-1.2013576,-0.5107024,1.2242066,-0.030756263,1
-1.6414845,-0.7547643,-1.4160298,-0.6842383,1
-0.52283543,-0.7097775,-1.2645167,-0.7140495,0
-0.8427474,0.05612347,-0.002263859,0.085400686,0
1.4951408,-0.7029394,-0.27324495,0.7955906,0
0.72763884,-0.38788754,0.966125,1.3856633,1
0.5970225,-0.39432567,-0.29359928,0.94158125,1
-0.82042706,0.04728084,0.14234868,-0.6589868,1
-0.16676168,0.7547388,2.0868585,2.9001255,1
-0.9471014,-0.6943848,-1.0215833,-0.70281035,1
-0.76753235,0.6026833,2.8947384,2.180888,1
0.2071477,0.39308015,0.054964088,0.6913074,0
0.56777906,0.51620686,-0.1524389,-0.16669378,0
0.7077424,-0.51465064,2.3968015,-0.99209845,1
-0.2868495,-0.9968613,-0.9669507,-1.0170245,0
-0.21179351,-0.47574252,0.18422821,-0.069816664,1
-0.41379157,-0.5015436,0.15651089,-0.62132776,0
0.61131805,-0.6560939,-0.73240626,-0.8193404,0
-1.2708324,-0.15112823,-0.7829926,-0.55848324,0
0.20784947,-0.12905863,3.4938998,-0.32946995,1
2.7986941,0.3333626,0.0003187135,-0.19237962,0
-0.7168357,1.036814,-0.88712615,0.03918467,0
-1.0048605,-0.9842615,-0.88516355,-0.48630902,0
-1.5121433,-0.4050851,-0.4703701,-0.87104243,1
-1.646822,-0.58439386,-1.516204,-1.225389,0
-0.13845238,0.38246152,-1.450006,-0.869782,1
1.5814265,-0.77269953,-0.52098775,0.6452893,1
0.5984708,-0.8174646,-0.20260262,-1.1319833,1
-1.0661526,-0.37646267,0.6295086,-0.20790718,1
0.57008183,0.12622659,0.8681102,0.94900036,0
0.98158926,-0.6120294,-0.18221825,-1.0428715,0
-0.9916719,-0.6761954,0.23406094,-0.61195946,0
-1.7856073,-0.87070006,-0.43367597,-0.8981547,1
-0.23378539,-0.5196749,-0.045781195,0.076634064,1
0.07272938,-0.603828,-1.0415838,-0.27782118,1
-0.09076169,-1.0605386,0.358478,1.713354,0
0.9299764,-0.44886628,0.16905697,-1.0520163,1
-0.31554902,-0.45585537,1.5543243,0.6943483,1
0.24900568,0.6277571,-0.4530387,-0.31637663,0
2.5165548,-0.5486368,-0.0685906,-0.5993743,0
-0.71094894,-0.4546346,-1.1572708,-0.7595299,1
0.31681064,-0.31073117,1.3485911,2.303687,1
-0.69959205,-0.79704976,-1.2591822,-0.8744138,1
-0.9516376,1.6678681,0.42611945,1.3604014,0
-0.028468281,0.59378517,-0.8523453,0.6961208,0
0.77598953,0.24804708,0.46770042,-0.10564476,0
-0.74472326,-0.11307433,-0.41156992,-0.9197176,1
-0.28204876,-0.18681315,0.44731322,-0.28291145,0
-0.67599,-0.10851584,-0.3777545,0.0028250217,1
1.3568858,-0.09523116,-0.18451893,-0.4939933,1
-0.1123261,-0.22837657,0.74114597,0.93594164,1
0.14816584,0.20744966,0.4457056,0.5348859,0
1.1360416,-0.46439093,-0.6555459,-0.7100714,1
-0.27299768,0.02966851,-0.9175925,-0.08094754,0
-0.06794214,0.420874,-1.3874958,0.02757645,0
0.36737388,1.3872142,0.4044783,-0.033761352,0
1.225282,-0.31983063,0.22519313,0.56635976,0
0.12730233,0.9982681,-0.82302785,-1.1706257,1
0.3970018,-0.29335576,1.9020306,0.541884,0
-1.8059275,-0.6574006,-1.2568791,-0.56284034,1
-0.38084596,-0.049078226,-0.83843577,-0.5404624,0
-0.37512493,0.7718821,1.9515073,1.4894437,0
-0.41438535,-0.98907864,-0.55180943,0.013248071,0
-1.8713878,-0.11664832,-0.67972845,-0.66818976,1
1.1691456,0.9716857,0.67894405,-0.16102524,0
1.0710727,-0.12269298,-1.0476183,-0.06280501,1
0.027980387,-0.116635755,-0.7268411,-1.1249095,1
-1.6677704,-0.20147502,-0.53978825,-1.0744778,0
-0.81346923,0.65286094,1.27748,0.7381367,1
-0.11122587,0.69998276,0.49368453,0.23184304,1
-0.58317316,-0.14790457,0.009338081,0.6269652,1
-0.0692552,0.6742743,0.09244124,-0.26931435,1
0.6286248,0.06851488,-1.5804588,-0.7466217,1
0.5414449,0.23186125,-0.6689402,-0.7986402,0
0.4911775,-0.30284446,-0.357333,0.019999672,0
-1.6907198,-1.0238504,-1.1139683,-0.8540415,0
1.5559067,0.08369541,-0.2537202,0.09279065,0
-0.022801757,-0.7552855,-0.28916448,0.08396657,0
-1.7600802,-0.9211397,-0.55422544,-1.069282,0
-0.2635026,0.15475368,1.3109618,4.8246155,1
0.52558464,0.0033578277,-1.3985782,0.16345878,1
0.4999035,0.0006864965,0.6512588,-0.016965026,0
-0.63807666,-0.1042546,0.8362189,-0.7187434,1
-0.5018796,0.14737545,0.4105293,1.8512559,0
-0.5666481,1.7556056,2.3590384,-0.17250766,1
-1.7609134,-1.0329132,-0.6161556,-0.6478049,1
0.591607,-0.50925654,0.1746116,-0.1787905,1
1.0024378,-0.26754126,-0.6472223,0.076428995,0
1.0852784,0.7560353,-1.1142826,-0.15441255,0
-0.81589067,0.036576707,0.019914865,0.4995439,1
1.5060613,-0.47841564,0.62879866,0.08914141,1
0.110088736,-0.50168824,-0.006268263,0.11603224,0
-0.82068235,2.3190753,-0.27025157,-0.1565601,0
0.53294986,1.1052667,2.5282104,1.7569783,0
-1.183587,-0.32838967,-0.9297998,-0.1699114,0
1.1722524,-0.37518245,1.0139315,0.75822276,0
-1.5483806,-0.65364265,0.18796247,-1.0240803,0
1.9649551,-0.41536757,-0.65138006,0.12095043,0
-0.37047818,-0.2959233,-1.3448286,-1.0467837,0
1.6675074,0.003955558,-0.2696285,0.12530749,0
2.7970748,-0.39990824,-0.43038142,-1.2574972,1
0.13600299,-0.48012283,-0.7884256,0.1472843,1
-0.11659069,-0.14115515,0.13160603,2.176987,1
1.1441343,-0.42789298,-1.1935705,-0.61855423,1
-1.555112,-0.5659415,-0.6512971,-0.72533107,1
-0.46048564,-0.05924344,1.1231347,-0.18054506,1
-0.08211133,-0.38779464,-1.4296818,0.20620723,1
0.23285164,0.47637692,2.1329672,0.7876587,1
1.2045348,1.8181554,0.35730118,-0.100118116,0
-2.005328,-0.18710971,-1.2359316,-0.58934915,1
-0.6087327,-0.4192395,-0.55612457,-1.1347705,1
0.8756659,-0.35432667,-0.7624819,0.14779171,0
1.5498761,-0.8754164,-1.3927394,-0.9369918,1
-0.99095625,0.55508083,-0.23661086,0.9655345,0
2.3502185,0.5429259,1.3996253,2.5233824,0
-0.1587474,-0.40922737,-0.7700312,-0.34964296,1
0.28613687,-0.23025095,-0.5397701,-0.73636866,1
-2.068592,-0.6059954,-1.1472304,-1.1709458,0
2.2898922,-0.43210107,-0.95610553,-1.0138288,0
0.9418847,0.4838813,0.8793437,0.82301044,0
-1.5597316,-0.08775252,-0.38193533,-0.618204,1
2.1096814,-0.71891034,-0.7428849,-0.6475541,1
0.26465315,1.4044619,-0.15163898,0.8899811,0
-0.2176764,0.10019013,0.71398824,-0.11522353,1
2.4451327,0.06297201,-0.52084523,-0.7363467,0
-0.06387302,1.4307775,0.6037274,-0.18838762,0
2.6900718,0.12756008,0.6892002,-0.7873007,1
-1.2702335,-0.7031419,-0.6599923,-0.15069857,1
-0.07691717,0.69417125,-0.7174897,-0.7198433,0
-0.61391747,-0.962302,0.003377378,0.78702015,0
-0.49455905,0.6202409,-0.09254652,0.89697814,0
-2.0257635,-0.07163425,-1.1203263,-0.946869,0
0.16117764,0.16681014,-0.41538262,-1.0180812,0
0.09661999,-0.27742115,0.19332282,0.8148792,0
1.0848643,-0.08588451,1.4714411,0.660757,1
0.3957344,-0.80247134,-1.6244341,-0.2531665,1
-1.3786043,0.95093596,0.008511625,0.84998137,0
-0.8754217,0.8800099,-0.17195816,-0.04851685,1
-1.3162824,-0.33920842,-1.0810305,-0.51872385,1
-2.0255883,-0.8703211,-1.4309831,-0.99533147,1
-0.82005423,-0.00036083348,0.6810873,5.217293,1
0.046093255,-0.4730525,-0.67401135,0.38005814,0
-0.020656511,0.014688849,-0.47389498,-0.32115954,0
-0.8621443,-0.09689164,0.5050843,-0.9871521,1
-1.3268158,-0.19742897,-0.24532002,-0.83076143,1
-0.2554928,0.00046274066,2.9862723,3.1203976,0
1.5542961,0.28593367,-0.75870156,-1.1482658,0
-0.9525041,-0.483934,-0.81406754,-0.032899894,1
-1.6406347,-0.31078017,-1.1265502,-0.8193602,0
-1.7524555,-0.81678283,1.4361961,-0.54293036,1
1.0488431,1.253538,-0.7864003,-0.47097594,0
-0.39028734,1.3681854,1.241859,0.577544,0
0.5562115,-0.48038608,0.0058104694,-0.15234326,0
-1.2263867,-0.3772789,-1.0845768,0.32633954,1
-1.6111717,-0.8453257,-1.0478449,-1.0455707,0
-0.7854686,-0.29608965,0.606441,0.88771415,1
1.5979093,-0.27838036,1.2862186,-0.02570493,1
-1.5451581,-0.5136576,0.6553848,0.7320478,1
-0.6075636,-0.040302463,-0.0881834,-0.67819214,0
-0.6782038,-1.0697337,0.32149383,-0.6286063,1
-0.19601575,-0.26151976,-1.1643369,-0.9409654,0
0.23886278,0.64284813,2.315109,0.8108541,0
1.6873466,0.6804668,1.1473693,0.038832914,1
0.37935814,0.44024938,0.88150156,0.32970136,1
-0.25229087,0.0017814636,1.5252732,-0.31839892,0
-1.2311296,-0.23811458,-0.8366606,-1.0296792,1
0.92589915,0.81439376,0.100750595,-0.006281037,1
0.42879763,0.31397307,1.0237907,2.5763474,1
1.129758,3.0337155,4.7255816,0.65957594,0
-0.35318124,0.26704192,-0.4755168,-0.89199543,1
-0.84325975,0.015390977,-1.2864792,-0.03146443,0
-0.6357386,0.28682506,-0.38738656,-0.4573256,1
0.02195178,-0.6594966,0.54843414,0.12205601,0
-0.7452347,-0.07500607,1.4045357,0.88866985,1
0.36172268,-0.50944614,1.6726667,1.945727,0
-0.5502225,-0.7236489,0.13916501,0.85251725,0
1.9011521,-0.14376912,-0.4073284,0.106855765,0
0.9348842,-0.5932856,1.7709397,0.16186231,0
-0.01751928,-0.6523692,-0.37203115,-0.16995493,1
-1.4306418,-0.28838128,-0.19441548,-0.9229904,1
-0.22744577,0.48060456,1.65291,0.098199666,0
-1.4748524,-0.7620828,0.78529924,-0.7638819,1
1.1181552,-0.020803958,0.9098247,0.16735616,1
0.34092706,-0.093029045,-0.9447413,0.5123203,0
-0.54325354,0.1689783,-0.15896842,0.8844023,1
-0.1439786,4.4971027,1.2604306,2.5249465,0
1.028862,0.30355513,0.65087986,-1.0592716,0
0.6402966,-0.19248283,-0.35815963,0.13340783,1
-1.1959089,-0.47625488,0.24350277,-0.9741202,0
0.012677621,0.42526123,0.040543005,-0.51098305,0
-0.715709,0.18241113,0.05861655,0.8032604,0
-0.23706457,-0.35964668,0.43559974,-0.03917611,1
0.10689908,0.6097152,0.4634444,0.44917634,0
1.4333937,-0.48851147,0.81080717,-0.99043083,1
-1.1392287,-0.62487584,-0.5356773,-0.851087,1
-1.0785232,0.34304956,-1.4398396,-1.112325,1
0.054518387,-0.24203952,1.279844,0.6453749,1
-1.1241251,-0.5385658,-0.106512666,0.89133334,0
-0.24229442,-1.2508799,-0.58480257,0.2259007,1
1.5133058,-0.06737815,-0.00039227307,-1.2064579,0
-0.57758594,-0.5361892,-0.73623145,-0.56264627,0
-0.9682399,-0.07939248,-0.012734979,-0.99410796,1
0.13320786,-0.03315439,0.56925017,0.58048505,1
-0.99783283,-0.30419686,-0.54177356,0.8125211,1
-1.2664723,-0.3917985,-0.14636661,0.13312644,0
0.2848789,0.9982423,0.35648137,1.4162239,0
0.9400183,0.87854314,-1.5651984,-0.9438774,0
-1.3807536,-0.29920954,-0.020860143,-0.40147203,1
-0.024784401,-1.1481988,-0.7950193,0.20246969,1
-1.7740054,-0.4767926,-1.4261985,-0.87342113,0
-1.0421817,-0.6377855,-1.2639424,-1.0129075,1
0.31604326,0.75920177,0.65678716,0.5190061,1
3.0869339,0.22760266,-0.5248015,-0.6471057,0
0.3087818,-0.057548568,-0.19439882,-0.41552398,1
2.2767782,-0.29920033,0.64770645,1.9425241,1
-0.85578346,7.688373,-0.2709341,1.1105158,0
-0.19903968,-0.62541896,1.181801,0.72080934,1
-1.2431372,-0.74128133,-0.72613174,-0.88253236,1
0.82439893,0.25839806,-1.2488912,-0.99594694,1
-0.38141027,0.41761416,0.87230086,1.4541035,1
-0.10459085,0.09050764,-1.0645845,0.7118964,0
0.32069123,-0.7504426,-1.266744,-0.7088411,1
-1.9568049,-0.8166904,-1.7680683,-0.9462656,1
-0.69168,-0.10280678,-0.14871654,0.16021685,1
1.1537337,0.60971403,-0.4663154,0.46027637,0
-1.859864,-0.5404948,-1.4080993,-1.0486348,1
0.24657376,-0.8794341,0.5378515,-0.3220048,1
0.17430918,0.046181902,-0.26090202,-0.22763166,0
-0.9989839,0.55566543,-0.13232964,-0.06832989,0
0.17913583,-0.5703673,0.27118096,0.74667925,1
-0.38326427,0.5730485,-0.71121496,0.23235555,1
-1.4829867,2.2234092,-0.77906847,2.369144,1
1.1751149,-0.58151,-1.1346943,-0.82874835,0
-0.3874488,0.19910005,0.08093326,0.95777756,1
-0.3517046,-0.5097534,-0.43087974,1.0061787,1
0.9001886,-0.9651048,-0.52952075,-1.121757,0
0.2463182,0.16535076,-0.74529696,1.0530822,1
1.4429308,-0.4289453,1.6396312,1.0857624,0
0.63664204,-0.78748584,-1.0545712,-0.44695735,1
2.1870947,-0.12675303,-1.0309896,-0.0023316815,0
0.32298195,-0.76379263,-0.0777317,-0.87218547,0
0.99802923,-1.0973995,-0.56226754,-0.6991626,0
0.24187797,-0.38440531,0.89329934,-0.052256063,1
-0.0619902,0.59139746,-0.9510079,0.7499125,0
0.13844112,-0.5356453,-1.1257529,0.022856202,1
-0.18123433,0.8486204,-1.3554823,-0.7659949,0
-0.78202295,-0.032290503,0.13476077,0.7552757,0
-1.0800261,-0.7608185,-0.7335607,-0.5137714,1
-0.39962113,0.979871,2.822579,1.5219284,0
-0.018138584,-0.10174797,1.0166433,-0.25257304,1
-0.61987126,-0.5655046,0.4065902,-0.033556703,0
1.590987,-0.92940366,-0.08849249,-1.2038233,0
-2.3319266,-0.5686771,-0.87983733,-0.5946492,0
-0.73847574,0.2740009,-0.16393812,0.094664514,0
-0.77538633,-0.31432274,-1.2128607,0.13571407,1
1.1362362,1.693921,2.7542763,1.2849979,1
-0.20245093,-0.44011974,-0.6518177,-0.92402446,0
-0.4956794,0.42821556,0.87867033,1.4768589,0
0.24537711,0.57161576,0.18026698,1.6492484,1
-0.023415774,-0.024276167,0.25875795,0.7643848,1
0.69673264,-0.8020084,-1.6084639,-0.7408454,1
-0.27589002,0.11103076,-1.1921523,0.035008404,1
-0.08532429,0.38033992,-0.53337514,-0.6456381,0
-0.8973118,-0.33451796,0.16993901,-0.5525731,1
1.323144,-0.69657916,0.106884144,-0.22909217,0
-1.2108502,-0.4976863,-0.23549259,-0.9208485,1
0.47524863,-0.52466476,-1.2596922,0.10322477,0
1.6547362,0.6979272,2.2753172,3.7099879,0
-0.38444757,-0.9861979,-0.66724634,-0.8199802,0
-0.36432093,0.19008896,-0.5361813,0.18963788,0
-0.83738315,-0.15418006,1.4352763,1.3165698,1
-0.67235225,-0.3168448,-1.1051416,-0.3893993,1
1.4671402,-0.54692376,1.2004058,0.11030352,1
0.7925971,5.6611776,-0.39616477,0.6313496,0
-1.0032886,-0.03821999,-0.7264898,0.11385769,1
-0.830708,-0.12697971,-0.3899547,-0.80174214,1
0.3800013,-0.32052732,0.3809399,2.2418976,1
0.95344067,-0.33863413,-1.7521063,-0.10274412,1
-0.10042505,0.10854982,0.9375273,0.65316933,0
-0.94464993,-0.008186549,-0.22592366,-0.06360133,0
1.2584586,-0.5446782,-0.736581,-0.0850196,0
-1.1408883,-0.53847605,0.5302391,-0.7700127,1
1.3559893,0.7660363,2.1437187,2.4459605,1
0.5666015,0.16640908,0.020082176,0.69459134,0
0.14902894,-0.14971676,-1.3158036,-0.6777106,1
1.8680278,3.365557,-1.7681916,-1.2507572,0
0.9592458,0.38942513,-1.0526936,0.26934612,1
0.27796805,0.5471798,1.5088323,0.70379436,0
-0.44375202,0.24878554,0.10141654,0.5595769,0
-1.4683038,0.24705708,-1.1216649,-1.1287826,1
0.41924587,0.4173335,1.1396931,0.5486892,0
1.3058634,1.7497708,1.9149044,0.29563168,0
-0.932981,-0.61493963,1.2946565,-0.9731624,1
-1.3483282,-0.5824766,0.30745795,-0.45520616,1
-1.6505407,-0.84753597,-1.5256965,-0.75905865,1
-0.065926716,1.0662152,-0.74564606,0.4040393,1
0.7957765,-0.26671964,-1.3573341,-0.88743234,1
0.9817275,0.8158443,1.216046,0.7935088,0
0.6181382,-0.15658577,2.5206268,0.06899071,1
1.0723232,-0.53511405,-0.29974496,-0.97007465,1
1.2733912,0.62661564,0.3564686,-0.03260131,0
1.3532221,0.4490755,0.93430233,0.7667657,1
-1.0551069,-0.5237931,-0.7599163,-0.39181468,1
1.2836909,-0.7498866,1.8013463,0.22303043,0
-1.0798216,-0.4950087,0.3713088,-0.24318132,1
0.07876113,8.73819,-0.6901971,0.74524873,1
0.18526605,-0.09162242,-0.48526144,0.10022482,0
-1.0976225,0.06423968,0.6454171,0.6517638,0
-0.5109745,0.6884332,0.42556512,1.0621189,1
0.25059116,-0.36699244,-1.4996393,-0.5996984,1
2.0815856,-0.2843391,-0.5824232,-0.85220385,1
-1.3681806,-0.3420396,-1.1646492,-0.93542624,0
-0.0033169538,0.539995,-0.06881352,0.7472082,0
-0.13823372,0.037082776,-0.79395103,0.15679151,1
-0.44231993,-0.34859347,-1.5508261,0.47229934,1
-0.056729257,2.6542976,2.5316205,0.010966796,0
-0.35463846,-0.42746097,0.7469011,-0.9246684,1
-1.4965045,0.3211632,0.9981698,0.672068,1
-0.41815308,-0.124934785,-0.71358806,-0.66026366,0
-0.05341305,-0.5297043,-1.4848918,-0.9385048,1
-0.94248545,0.54968375,-0.57118154,0.5663698,1
0.4849274,0.7782302,-0.60277665,0.439768,1
0.07378623,-0.75239813,1.0695012,1.3671871,1
-1.0264101,-0.69828016,-1.5304807,-0.57208884,1
-1.1038059,-0.25774074,2.0947852,-0.073336095,1
1.0322984,0.18911728,1.1335746,2.8055522,1
0.033271518,0.8954481,1.5640385,0.009378713,0
-0.3372686,-0.8634309,-0.47508383,-0.06925546,1
0.021530457,-0.49681002,-1.3388227,-0.9256429,1
-1.5083336,-0.8342713,-1.5113003,-0.46978673,1
-1.4327563,-0.38846767,-0.3928671,-0.013064589,1
0.28016913,2.2122734,0.867437,4.098632,0
-1.1753976,-0.35934693,-0.46672148,-0.54566145,0
-0.51839596,0.3340828,0.65515035,-0.13610177,1
0.3001284,1.042134,1.8216584,3.8690977,1
1.1603204,0.7036499,-0.5005695,-0.22929473,1
-0.81480837,-1.1681192,-0.76645684,-0.4548462,1
0.4460617,0.5078362,2.12378,0.04743978,1
-0.57441986,-0.44417346,-0.69139147,-1.3183912,0
-0.39602026,-0.11939038,0.027277283,-1.196505,1
1.2834319,0.9385049,-0.23593861,0.72527564,0
1.1180084,-0.49316996,-1.6090623,-0.29952818,1
0.43560642,-0.75296056,-0.25137195,-0.7729548,0
-1.1848489,-0.35916486,-0.41646823,-0.61139673,0
-1.6142176,-0.11698383,-0.5751608,-0.9634889,0
0.50994664,0.3768072,-1.5622448,-0.88019425,1
-0.8352997,-0.36042652,1.5892303,0.6495034,0
1.1230354,0.9397193,-0.96777666,1.3366376,0
0.19690582,0.48076302,-0.3882566,0.55697393,1
0.61376554,0.05842805,1.3369012,0.73051107,0
-1.2703654,-0.5025139,-1.0507461,-0.76105744,0
-0.67879164,0.37263352,0.066111594,1.108084,0
-0.34577924,-1.1103975,3.0060048,0.6144246,1
1.0186166,0.32332516,-0.38922647,0.12002188,1
0.51910615,0.13129935,-0.59255767,-0.20693718,1
0.41879022,1.22608,2.1229165,4.3132744,1
1.6271795,-0.089043714,-0.13247387,-0.33098695,0
2.0291495,-0.9227719,1.266676,-0.899656,1
-0.15591839,2.1960418,0.83162713,0.005085312,0
2.1433706,-0.24955434,-0.7512235,0.18225437,0
1.372952,0.05256042,-0.7307515,1.6394229,1
0.09980498,-1.1625518,0.03439319,-0.19521187,0
-0.3891774,-0.583117,0.06678457,0.98993087,0
0.6141661,0.03370218,-0.97088915,0.28109762,0
-1.0522966,-0.19608437,-0.30940098,0.56956816,1
-0.882942,-0.22101381,-1.7010984,-0.706714,0
-1.8273343,-0.35267693,-1.5332693,-0.97345525,1
-0.37098306,-0.8195796,-1.4228467,-1.0736349,1
0.65727943,-0.28479367,0.41484752,-0.8128663,1
-0.031461418,-0.68488836,-1.0288466,0.230085,1
-0.16736245,-0.56399524,-0.99019057,-0.22720425,1
1.5229875,-0.7032601,-0.9659246,-0.91081154,1
-1.3573295,0.91169167,-0.46472713,0.724915,1
-1.8272393,-0.57714254,-1.5277053,-0.49308798,1
0.51522803,-0.1399993,0.61982393,0.98907423,0
1.09447,0.05180317,-0.53171915,0.73709124,0
0.0479593,0.95072275,0.40533644,-0.0064095054,1
-1.0782173,0.1464254,1.1747552,1.6629744,1
-2.0646818,-0.7350022,-1.2668583,-0.6968982,1
2.257943,-0.84930944,-0.40139467,-0.8487601,0
1.1317341,-0.2183191,-0.9313627,-0.29068342,0
0.23276679,0.3980892,0.20577657,0.28267276,1
-1.1241481,-0.018942595,-0.08778221,-1.2199266,1
-1.406531,-0.81221735,-0.8256568,-0.9136896,1
-0.26879454,-1.0008249,-0.59689474,-0.9055147,1
-0.10477105,-0.5153549,0.58247006,-0.917238,1
0.29107356,-0.33059943,3.8160863,-0.17879532,1
-1.4000881,-0.39798337,-0.9140645,-0.1453652,1
-0.902784,-0.3568104,-1.1720448,-0.35595435,1
1.7824638,2.5053053,4.378767,1.5787189,1
-1.1838515,0.14869003,0.2141847,-0.983538,1
2.0981898,-0.43124947,-1.0343589,-1.0656949,0
-0.5521805,0.60222906,-0.69650954,-0.13077696,0
-0.33732826,-0.14599502,-1.2383374,-0.84613824,0
-0.06416778,-0.30314723,-0.24700737,0.09608205,0
1.8210777,-0.7649187,-0.8310678,-0.71055144,0
0.8127649,-0.23650488,0.5275538,-0.79638016,1
-1.5327168,0.23416758,0.50960386,2.292701,1
1.891105,-0.40738314,0.3244696,-0.119473025,0
-0.43711895,0.009012312,-0.07354297,-0.70536923,1
0.037443843,0.37585178,0.13553177,-0.10744074,0
-0.26674077,-0.2160783,0.009190232,0.80002314,0
0.99802935,-0.36195555,-0.7501664,-0.6983873,1
0.9150827,0.05408304,0.98202133,1.844859,1
-0.4907471,0.14676663,-0.11267417,-0.65030223,0
-1.1197263,-0.49922478,-0.56830204,0.20276178,0
1.1935039,-0.1645858,-0.7481346,-0.98155653,0
-0.0168708,0.7277203,0.32124102,0.7773793,1
0.6170444,-0.799968,-1.28032,-0.70739496,0
-0.27126157,-0.08705169,-0.90967625,-0.9028113,1
-0.6404444,-0.7973138,-0.81956685,-0.93944174,0
1.2369843,-0.62598133,-1.005807,-0.22265917,0
-0.61222017,0.83205014,-0.79524046,0.84179413,1
0.8443277,0.3990415,0.27072906,-0.13551746,1
-0.92875636,0.8917689,-0.528131,0.7358882,0
-1.6373825,-0.7466761,-1.1064425,-1.1887765,1
-1.220567,-0.6599777,-0.760552,-0.7576606,1
1.3613489,-0.1793925,-0.45957327,0.5094459,0
-0.279099,-0.37513277,-0.68921185,-0.9487975,1
0.21940894,0.36713484,0.58310354,1.1963344,0
0.08401105,-0.731924,-1.6330339,-0.752321,1
1.1187336,1.5953065,2.49799,0.6401805,1
0.36904657,0.49630594,0.20321846,-0.31043804,0
-1.7979397,-0.66482633,-0.7339812,-0.5002011,1
1.1747566,-0.29364586,0.6454294,0.59845835,0
-0.5623126,0.36519343,1.6220695,0.11229555,1
0.46719402,-0.06839405,1.6324105,0.8783465,0
-0.2579876,-0.18425256,-1.1617482,0.21464114,0
0.23206756,-0.3011371,0.6628922,-0.8774463,1
1.252821,-0.8455552,-0.74553555,0.28782886,1
-0.5792808,1.1700242,-1.584814,-0.70146555,1
1.0287474,0.36459967,0.83549464,-0.4000495,1
0.4437694,-0.30972424,0.70802003,-0.04418556,0
1.4645112,0.10922596,-0.58296996,-0.72870606,0
1.2181997,-0.6847132,2.73829,-0.07790321,0
0.6910961,-0.43304804,-0.49071378,-0.9089526,0
-0.21743627,-0.007597372,-0.3559792,-0.23127289,1
-1.5259615,-0.36681685,-0.4804207,-0.7513933,0
-1.6790607,-0.113208815,-0.59052557,-0.50350803,1
0.14854336,0.95189226,-0.4258842,0.94314194,1
-0.12674782,-0.29921818,-1.6625715,-0.98699063,0
-0.32760754,0.011622138,0.6066171,0.7946515,0
-0.04326074,-0.7243557,0.12972939,-0.09183046,1
0.18886343,4.6049585,-0.88250816,-0.8390006,0
-0.3276424,-0.28403366,0.09796562,0.6184784,1
-0.7183831,0.25823036,0.07134017,-0.80123526,1
0.51131755,0.5635621,-0.33688664,0.16334502,0
2.2348986,-0.7057247,-0.6722119,-0.9068552,0
0.49366683,0.19497874,-0.44135118,-0.19292481,0
0.043785833,1.6255325,1.3532424,0.24599992,1
0.33709627,-0.74307585,-0.7730006,-0.71529335,0
0.9024441,0.5087129,0.48451343,3.084895,1
-1.1372117,-0.39133725,-0.46839625,-0.104362816,1
-1.4526045,-0.59929925,-0.48995265,-0.81901497,1
-0.701657,-1.0966465,0.09077009,-0.008052023,0
-1.1151667,-0.24544784,-0.61793435,-0.46459326,0
2.5915031,-0.79052556,0.5878887,-0.09119299,0
0.115908116,1.6626873,0.32805726,0.69891036,0
-1.2232226,-0.7018295,-0.06735568,-0.8805055,0
0.10819955,3.0059097,1.012499,0.53583324,0
-0.2745033,0.0035831258,0.33152062,0.47683498,0
-1.1330405,-0.08878632,-0.31018376,-0.9027754,0
-0.8255483,-0.3158657,-1.0788127,-0.24142556,1
0.31954607,-0.8321207,-1.2425464,-0.8505656,1
-0.91791296,-0.89082766,-1.5357264,-0.83990526,1
-0.17861259,-0.5161383,0.07980675,-0.7049639,1
-0.92433006,0.5412868,-0.69015133,1.2961502,0
-1.0303392,-0.17089885,-1.2999535,-0.41506806,0
-0.5236927,0.0008496046,2.2083116,-0.84875566,1
0.53604436,-0.17802012,-0.45880717,0.24333139,0
-0.080680355,0.16131255,0.18695074,0.028839815,0
-0.25989303,-0.005900763,1.8018019,0.90927243,0
0.7789036,0.6420889,2.4295893,0.058919843,0
1.063525,-0.1890235,0.5601948,0.43851113,0
0.5991195,-0.024254307,0.32405126,0.57036895,0
1.4946092,0.33451736,1.9962872,0.4679344,1
-0.2727947,0.11603308,2.1361532,1.8296905,0
0.6392117,-0.8977564,-0.27551624,-0.8635365,0
-1.1876631,-0.40969408,-0.7823645,-0.5678512,0
-0.3063981,0.8686198,-0.329612,0.7784689,0
1.6701268,-0.8521965,-0.5781692,-0.97295237,0
0.6643143,0.19967367,-0.16560599,-0.9369636,0
1.8364142,-0.69041526,-0.76624507,-0.5657308,0
0.7007963,0.061065614,2.3613796,0.8182579,1
-1.2056259,-0.031064425,-0.7490488,-0.9273152,0
1.741792,-0.6689606,-0.9656299,-0.7295266,1
-1.5367589,-0.5212691,-0.9831141,-0.625067,0
-1.183597,0.66408473,0.287807,0.7366956,0
1.1141268,0.8930011,-0.88384,-0.24578834,0
-0.28858617,-0.79534566,-1.2499369,-0.7444345,1
-0.72546625,-0.36172098,-0.83209157,-0.91785055,0
0.52999866,1.7075862,-0.6114743,-0.6703193,0
0.17841288,0.15960923,0.50453776,0.35255498,0
-0.9365963,-0.699181,0.102220826,1.1639574,1
-0.047613584,0.6778248,0.4643318,0.32146108,1
1.5507873,0.57444805,0.4076512,-0.32864785,0
0.9157928,0.3416383,-0.60356414,-0.7511904,0
-0.83106786,0.40702626,-1.3947263,0.0032974444,0
-0.6426081,1.167497,1.6143794,1.4606713,1
0.7190836,-0.0777967,0.826856,0.7034462,0
1.1147301,-0.6756849,0.9273428,-0.624611,1
-1.140121,0.14086436,-0.13964489,-0.23550016,0
-0.7049837,-0.027166426,0.086705305,1.9975631,0
-0.85476804,0.21796885,-0.6071269,-0.040396113,0
-0.66105276,0.55105805,1.3263462,0.67131674,1
-0.536069,0.0275442,0.6297858,0.72452605,0
-1.34249,-0.23253569,0.29731953,-0.8466792,0
0.017902777,-0.67485285,-0.82543194,-0.17981651,1
-0.25469327,1.8675618,-0.45260093,0.9709739,1
0.9926783,-0.9204298,-1.640803,-0.74664813,1
0.27728277,-0.5018533,-0.72208875,-0.032617588,1
1.1706046,0.0050192177,1.0250813,-0.09223838,0
-0.42350146,0.2676419,-0.5265261,1.3314992,1
0.30832642,3.317793,0.31827357,0.8306682,1
-1.3121451,-0.09146397,-0.25417268,-1.0600048,0
-1.1786478,-0.3271957,-0.0128168315,-0.84498066,1
0.31520146,-0.61349815,-0.51493335,-0.30762398,1
1.9774892,-0.0730329,1.8036317,-0.3157389,0
1.4829769,-1.0942769,1.6418655,-0.22209741,0
2.554186,-0.41159785,1.6763493,0.6228204,1
-1.1279325,-0.45190215,-1.2544161,-1.029621,0
-0.37738356,1.0346378,0.8065601,2.4724622,1
-0.83137226,-0.13177925,-0.76691127,0.8296649,1
0.044522677,-0.12457274,-1.8781114,-0.5602906,1
-1.5864729,1.079227,3.949199,-1.2815735,1
-0.70953274,4.248393,-0.38743407,0.28659827,1
2.3689392,-0.39141032,0.97291726,1.1539056,0
0.5907497,-0.48953784,1.2704628,3.575778,0
0.46008295,-0.7054728,-0.21274734,0.3639427,1
0.5921203,0.45151502,-0.97273606,0.024058744,0
-0.97037494,-0.4670479,-0.049264137,-1.1359266,1
-0.40281558,-0.6013715,-0.8989956,-0.7057781,1
1.3281298,-0.6000258,0.4074028,1.0224383,0
2.8201478,1.2578946,1.108287,-0.7708968,1
-0.097324125,0.9178942,0.26078472,0.8340427,1
0.7339417,-0.62375253,3.874693,0.88522786,0
-0.5766468,0.34251165,0.005404383,-0.17548181,1
1.8222499,-0.37573555,1.1133648,-0.0062262993,0
-1.0054348,-0.15086958,-0.5025972,-0.46077213,0
-0.19828996,0.5070078,0.44658384,0.7851373,1
0.43435702,-1.2281666,-0.4359392,0.70291144,0
-0.003777206,-0.91736203,-0.47196558,-0.60970265,1
0.38876066,0.87528265,1.2008798,3.5500565,1
-1.0540177,2.202348,0.68423307,0.4193481,0
-0.4180891,-0.5978691,-1.1279049,-0.848115,0
0.9776846,0.046965457,1.0495191,0.88927364,0
-0.72392285,0.5611411,2.2761745,-0.19513994,0
-1.5279163,-0.79897296,-0.55510604,-0.89471436,1
0.052414346,-0.13918862,-1.2353497,-0.9369159,0
-0.18921606,-0.474447,-1.091378,-1.2688,1
-0.7585691,-0.56029576,-0.73390174,-0.6005097,0
-0.7350136,0.025290616,0.53257537,-0.5978374,1
0.21588908,-0.9985385,0.415094,-0.015342262,1
0.46746516,0.7643616,0.41569626,1.8805857,1
-0.72238165,0.07745601,0.71107477,-0.6596848,1
0.11828545,0.050026298,1.5544287,0.7505133,1
-1.4502469,-0.36598802,-0.24395038,-0.677353,0
-1.1215001,-0.6022444,-0.72815806,0.6748011,0
0.18145168,0.51991796,-0.9890151,0.7878152,0
0.9431905,-0.61160165,0.45431897,-1.0355293,1
-0.18503602,0.008135803,1.4361211,-0.86211884,0
2.061713,-0.5533918,-0.9430314,-0.85269046,0
0.11962739,-0.367462,-1.3877027,-0.7771628,1
-0.6561891,-0.67415035,0.8947662,-0.47242218,0
-1.2212378,-0.46844628,0.14409009,-0.75260895,0
1.8859317,0.699762,1.779327,-0.13041347,0
-1.0981466,-0.52767164,-1.9380323,-0.35070518,1
1.6199973,0.7827401,1.1907499,3.1498406,0
0.6460359,-1.0422565,-0.07300992,-0.8265081,0
-0.40640903,-0.57128817,-1.5943686,-0.55564344,1
0.1789734,-0.14416748,0.27279118,-0.16415763,1
1.0814533,-0.0902925,1.2232211,-0.14920597,0
0.5637513,-0.9341521,-0.12250428,-0.12664002,0
0.8974056,-0.8382458,-0.75620073,0.5700059,0
0.119818434,1.4585575,0.16275385,0.8744887,0
1.669393,1.8657956,0.9441908,0.013054632,0
0.44141048,0.97412646,-0.95430243,0.70797205,0
-1.0798517,0.047825545,2.363125,1.6206554,0
-0.17406616,-0.70617515,0.3496449,-0.05520492,1
-1.5845726,-1.326855,-1.8304819,-0.58576417,1
-0.19391704,0.16595627,1.3053946,-0.6128354,1
-1.1758486,-0.7402009,0.5944258,-0.9653499,1
-1.413785,-0.7968373,-0.5096545,-0.017776133,1
-1.0522815,-0.589641,-0.60223824,-0.69982976,1
-1.5343623,-0.39752716,-0.69000167,-0.90718424,1
-0.44461286,-0.32324773,-0.53409123,-0.75239295,1
1.8745521,-0.7171768,-0.039853774,-0.91961527,1
0.42705035,0.44693705,-0.8399088,-0.8815689,1
0.056385577,-0.61614454,-0.21339509,-1.013202,1
0.5035175,0.716226,1.8435127,0.822835,0
1.4910682,0.51473105,-0.16754758,0.22263311,0
-1.1492535,0.743575,-0.2452212,0.7212505,0
0.04127696,-0.003906369,0.8358552,0.49877685,0
-0.51145536,0.0046990067,1.2296277,0.84150964,1
-0.33382776,0.034524065,0.6291379,-0.67114335,1
1.7063777,-0.62125087,0.78610647,-1.065607,0
-0.31112945,-0.5478203,0.42870554,-0.5877776,1
0.49107173,-0.45659673,0.64471626,0.4356474,1
2.235339,0.80874866,1.0639012,-0.92644644,1
1.4788713,-0.7960026,0.02287788,-0.74647295,0
-0.41881162,0.28234065,-0.10156445,0.57118326,0
1.0584823,0.6020188,0.8334145,-0.7572846,0
-0.502537,-0.4586643,1.6015543,0.8254405,1
2.4906282,0.18012106,-1.4653513,-0.90329456,0
0.19669588,1.8221109,-0.8881423,-0.859705,1
0.78199464,-0.20279422,0.14186549,-0.012063067,0
0.0070929704,-0.77155054,0.08765139,-0.3595581,1
0.038778458,-0.38681749,0.4190008,-0.9146967,0
-0.11904752,0.393866,-0.08713639,0.010180641,1
-0.58886385,-0.63660914,-0.4652705,-0.16725533,0
0.871709,0.35100257,-0.08032933,-0.3400055,0
-0.6277671,-0.46089488,-0.02060774,-0.10870367,0
-1.726857,-0.6255886,-0.9217749,-0.6970215,1
0.2009156,-0.42630464,-0.97863543,0.7186297,0
-0.93857414,-0.08001351,0.14919308,-0.4369278,1
-0.20622995,0.3571208,0.17173249,-0.80826485,1
-0.5328328,-0.54816043,-0.8636889,-0.5476464,1
0.47147542,0.5259342,-0.12851797,-0.0892222,1
-0.32164457,-0.4507488,-1.0689664,-0.43025994,1
-1.4957889,-0.88460654,-0.46988842,-0.80572927,1
-0.8790095,-0.6189898,-1.1974528,-0.44982567,0
0.9656563,0.65491235,2.2692058,0.84582704,0
0.7349613,0.9445251,1.1071784,0.87606376,0
1.0245693,-0.5712707,-0.022763819,0.88656706,0
0.07490307,-0.42987853,0.86881536,-0.0010006614,1
-0.87222004,-0.4571337,-0.64485973,-0.9098258,0
-0.32907152,0.54683214,1.0352033,-0.67380273,0
-0.4782732,-0.53437597,-0.29977602,0.15289633,0
1.2177534,0.13328174,-0.47984183,-0.14992535,0
-1.6426282,-1.1558883,-0.44284862,-0.30638516,0
-0.98278207,-0.33820307,-0.5571759,0.94709504,1
0.19978799,0.35211897,2.937338,0.03880765,0
-0.00967551,-0.071685486,-0.12296997,0.07996674,1
-0.33718985,-0.03763613,0.11274949,-0.0811026,0
1.0028579,-0.9251724,-1.2733968,-0.5555502,0
1.0602323,0.84343725,-0.1089236,0.8899514,1
2.0979514,-1.1115777,-1.1219673,-0.85844314,0
0.10327792,-0.4455304,0.324462,0.7943363,1
-1.0160642,-0.986632,-0.63243854,-0.78437996,1
-1.4620316,0.5242181,0.44444713,0.8647517,0
-0.900846,-0.45388559,0.24354194,0.59539634,1
0.5502231,-0.008545395,0.41305572,0.755331,0
-0.06628114,-0.36474225,-0.41551888,0.13245098,1
-1.007811,-0.2213691,0.46767783,-0.71256566,0
-1.2320718,-0.29306304,0.44296527,0.9213314,0
0.16982414,1.1078955,-1.2922806,0.8439755,0
0.41475427,-0.044157386,0.1550586,0.93986833,1
3.9781163,0.15797794,0.30785573,0.8462274,0
-0.28133315,-0.33864018,-0.23016319,-0.20054767,1
-0.13755287,3.6924303,-0.7523921,-0.8710743,0
-1.7084674,-0.5562917,-0.9477784,-0.56582665,0
0.13211966,-0.6557394,-0.52226305,-0.062086225,0
-0.20084032,0.8629737,1.8814971,-0.1267871,0
-0.6480198,-0.4961518,1.4392092,0.75146693,1
0.45173824,0.9719145,-0.71722925,-0.063900135,0
1.7161149,0.097010784,-0.8077399,-0.5496843,0
0.19505328,2.9063988,0.3716792,-0.2853348,1
0.7431994,5.064376,0.10140909,2.0316257,0
-0.7197755,-0.34169245,0.6291819,-0.77559376,0
-0.707323,0.22069016,-0.31214285,-0.67111075,1
-0.3751789,1.484554,0.37401226,0.1305051,0
0.43864155,0.042480417,0.9688966,0.6664676,0
1.5353634,0.0037430525,0.4127956,5.601769,1
2.300521,-0.55269444,3.656502,-0.2277172,1
-0.7562013,1.2020947,-0.63292676,-0.3003251,1
-1.1338859,-0.6731531,1.804677,0.078032255,1
-1.5764716,-0.7334211,-0.09430216,-0.65077305,1
-0.9578754,-0.017370857,0.5057315,1.2333806,1
1.101349,-0.20738916,0.04580561,0.82204366,1
-1.3745251,-1.3391868,-0.0048694313,0.6882501,1
1.5505024,0.8507515,-0.47654915,-0.42263365,0
1.7939153,-0.24725649,-0.4729045,-0.76095366,0
1.4580673,-0.30573505,0.62578994,1.5729034,0
1.0752071,-0.2941339,0.14659254,-0.5951317,0
0.70086515,0.0802345,-0.28101012,-0.7947866,1
0.9375221,0.18513417,0.37335327,0.8824353,0
1.3662529,1.1573224,0.8624439,0.69686764,1
0.16377452,-0.22480352,0.17323218,-0.93536466,0
1.4233751,-0.15407224,-1.3358823,-0.2643616,0
0.16213933,-0.24365804,0.43125814,-0.094196856,1
0.41124058,-1.3634923,-1.0046983,0.19807178,1
-0.86490256,0.06449577,-0.32045534,1.1180834,1
-0.7751372,0.0138143385,-1.5176961,-0.594689,1
-1.513826,-0.23421058,-1.1886286,-0.5945992,1
0.31283247,0.21095754,0.559845,0.63035893,0
-0.45986488,-0.513537,-0.9840836,-0.9144996,0
-1.2985426,-0.005537182,-0.52341104,-0.116467,1
0.36173096,1.2651415,0.769393,-0.072375916,1
0.26919252,-0.56805515,-0.39068028,-0.8209318,1
-0.13298993,-0.058224455,-0.053968847,-0.23473817,0
1.0528218,-0.5661117,-0.49438322,-0.16760783,1
2.6483095,-0.27998412,-0.2802861,-0.82876205,0
-0.9607897,0.055834495,-0.88470393,-0.33912334,1
-1.7402263,-1.3236514,-1.1399027,-0.5695665,1
1.6650454,0.29219878,0.076844454,0.38389564,0
-1.0770361,-0.4512631,-0.0512688,-0.8588355,0
-0.34430563,0.036132917,-0.8336891,-0.70319813,1
1.9980525,0.84556484,-1.0614886,-0.42840478,0
-0.21486028,0.6035622,0.8302998,-0.65839887,0
-0.95108163,-0.07884215,-0.22874054,-0.43343815,1
1.6349939,-0.30380425,0.81873935,2.5550225,1
0.3764711,0.32539213,-1.0495996,-0.20122512,0
-1.3533713,-0.46629724,-0.9949007,-0.63285494,1
-1.7599164,0.68107903,-0.13939321,-0.6513087,1
1.3962593,-0.5726721,-0.049580246,1.834072,1
-0.09626396,-1.2730359,-1.1124647,-0.59098077,0
0.40394613,-0.2165146,-0.21602151,-0.9791651,1
-0.5235107,0.17600451,-0.044702947,-0.010340024,0
0.8069696,-0.17841244,0.1828043,0.5455682,1
-0.6284507,-0.9299781,-0.70153224,-0.8168529,0
0.58929574,1.1043477,0.45763567,1.4615011,0
-1.7563617,-0.51405853,-0.59354466,-0.9709866,1
-0.29661474,0.15545678,0.031645976,-0.010751007,1
1.0690761,-0.0986591,2.949032,0.12137431,1
-0.5959278,0.15209335,1.2348987,0.845813,0
0.45957404,-0.630649,0.2452249,0.04939157,0
2.1627321,-0.83605,0.65576506,-0.73193,0
-0.9933104,-0.8195774,1.1670938,-0.27335167,0
-0.098641485,0.7921261,1.1947633,0.25411713,1
-1.0910726,-0.21291055,0.5325668,0.19535027,1
0.20876732,-0.5283113,-0.7404709,0.09986824,1
1.9070325,-0.60724425,-0.5380801,-0.99065983,1
-0.9546063,-0.13512743,-0.23542798,-0.16157067,0
0.60383445,-0.2848047,-1.2684497,-0.6990112,1
-0.9871161,-0.5820507,-0.4127497,0.8971381,1
0.3262252,-0.99700505,1.84794,0.8058773,1
-1.2623739,-0.5268579,-0.15037173,-1.300297,1
-0.97226757,-0.449171,-1.030546,-0.7161466,1
0.31097642,-0.8345269,-0.17828754,-0.057647575,1
-0.8163964,-0.13373789,-0.918486,-0.7814031,1
0.036858708,-0.19296299,-0.49484843,-0.056187723,1
-0.07420063,-0.950362,-0.8011092,-0.7091594,1
-0.18332976,-0.4290015,-0.45635876,-0.45158264,1
-0.5508407,-0.16850148,-0.13135964,-0.3253635,1
-1.5516547,-0.647629,0.006978482,-0.7012929,0
-0.8362863,-0.63841975,0.12046727,-0.48609754,1
-0.5172123,0.60956866,-0.08981213,0.51105106,0
-0.38961983,0.79734755,0.17110515,0.83984953,0
1.6968359,-1.1991364,-0.7377031,-0.85997224,0
2.009479,1.2031245,0.5112853,-0.9827378,0
-0.8305894,0.5822456,-0.7381781,0.06605245,1
-0.21486962,0.3924242,-0.017016135,-0.13352928,0
-0.65147233,-0.48738977,0.054346517,-0.13352396,1
0.49935368,0.8748852,-0.16681263,1.4875327,0
3.0628386,0.22426566,0.78008705,-1.0150583,0
-0.63376915,2.600705,-1.4004058,-0.75427884,1
0.117043406,-0.8522085,-1.8492615,0.24225636,0
-1.3208706,-0.9908658,-0.9690883,-0.6388628,0
-1.010186,0.68718123,-0.10823333,-0.251851,0
-0.515114,0.20560753,0.5711155,0.73980033,0
0.77465117,0.9088106,-1.517147,0.014837883,0
1.6821103,0.32764935,2.2327821,0.8755838,0
0.08623602,5.9017296,1.3800281,1.4703714,0
-0.5270041,-0.15705797,0.09334106,-0.7560822,1
-1.3292253,-0.7719093,-0.32835007,-0.8985795,1
-0.38168576,0.11728522,-0.5007124,0.021914456,1
-0.41440183,1.5986297,0.86205196,0.40005857,0
0.07215265,0.17267288,0.31306845,1.0362093,0
0.3818036,0.40534046,-0.42069927,-1.0111511,1
-0.6714656,-0.17709392,0.1278396,0.6635604,0
0.28092366,-0.5435564,1.7590947,-0.21514556,1
-1.6266307,-0.7171725,-1.2360957,-0.49011147,0
-0.13967285,0.40128613,-0.6965651,-0.82902306,0
-0.2757647,-0.1281873,0.32035092,-0.14401166,1
0.2957776,0.5886696,0.32422346,0.14063425,0
-0.47958985,0.53957087,-0.63807976,-0.81595093,1
-1.3270173,0.17195629,-1.5507708,-0.72600806,1
0.092476994,0.3010081,0.60859036,1.2440443,1
-0.9100517,-0.049593866,-1.5512822,-0.96334857,1
0.32478577,0.01364775,-1.3122851,-0.83610797,0
0.59414464,-0.38860536,-0.79948044,0.16908586,0
0.9232644,0.5257211,0.6428232,0.33633545,0
0.35279468,-0.8191686,1.9127202,-0.08580929,1
-1.0872701,-0.85182697,-0.5347363,-0.10284676,0
-1.5590401,-0.16049576,0.6182904,2.4534056,1
-1.5538892,0.52870154,-0.19654435,-0.9690607,1
-0.15288033,-0.03554809,-0.5175982,0.80913013,1
2.6377227,2.303623,3.2828028,3.6911316,0
1.4094753,0.87727135,-0.3946708,-0.9145426,0
1.8125446,0.4319254,0.5579504,0.81257164,1
-1.0359153,-0.7288784,-1.1533072,-1.1769236,1
-1.0650434,-0.54591024,-0.6264998,-0.666253,1
0.18948954,-0.08269182,-0.93837553,-0.8275394,1
-1.4576468,-0.7203289,-0.22356053,0.48533958,0
-0.6458749,-0.60013366,1.3097398,-0.19197816,0
2.8749368,-0.0029803365,-1.339902,-0.5705904,0
-1.0421666,0.7953031,-0.32231268,1.1255591,0
-0.0940835,-0.44208056,-0.7018406,0.053436834,1
0.054270312,0.5675719,-0.6430704,0.69783854,1
-1.1783806,-0.68583465,-1.316114,-0.06276111,0
0.4667457,0.5863457,1.7820596,2.1475549,1
-0.05698204,0.7018614,0.6374617,0.29972532,1
0.04488127,0.553989,0.73613596,0.80189806,1
-0.7310587,-0.61860424,0.75048953,-0.18061188,1
-0.07099226,0.9053212,-1.0128646,0.42543057,1
-0.5624552,0.824121,0.72262776,0.55957913,0
0.5555708,2.261063,3.9975886,2.1172185,1
-0.22747788,-0.3688272,-0.986179,-0.8199859,1
0.48602003,0.63435215,0.6532469,0.7907344,0
-0.37104976,-0.5356558,0.33903086,0.949471,0
1.0292583,-0.718827,1.1608312,-0.75423515,1
1.056672,-0.16480611,-0.14024787,0.24978869,0
-0.7465433,-0.5446508,0.29381555,0.6339619,1
-0.4162269,0.21529481,-0.5564134,-0.10324232,0
1.5623789,-0.32410288,-0.9415976,-0.407513,0
-1.4107568,-0.22165346,-0.21746844,-1.1132778,1
-0.9454919,-0.49928936,-0.57579565,0.8775155,0
-1.044176,-0.7048285,1.1997948,-0.6829027,1
-0.004792094,0.30237076,-0.47666132,-0.7398612,1
-0.8431901,-0.41592264,0.6670575,-0.9285332,1
-1.20398,-0.91958135,-1.1125269,-0.859267,1
-1.2069274,-0.3846053,1.462955,0.4192326,0
-0.30971974,-0.8022022,-1.1166674,-1.1916648,0
0.6152923,-0.23647675,1.1882491,-0.35423446,1
-1.0999432,0.0077124313,0.36569464,-0.4598071,0
0.8798282,-0.35099006,0.9047451,-0.49342597,1
-0.35265073,-0.04071381,-0.684663,-1.0801566,1
0.45476565,1.3778529,0.36575156,0.3333751,1
1.9388963,0.3312217,0.338546,0.9696495,0
-0.25587866,1.2086524,1.3644333,0.9366449,1
-1.3257817,0.026415225,-1.1526904,-1.003313,1
0.47173023,0.06074436,-0.71281815,-0.22682801,1
0.3837014,0.7449003,0.2931523,0.0771064,1
0.18727322,-0.5345726,0.10413619,-0.79290825,0
1.2575661,-0.71434194,-0.18022773,-0.07967296,0
1.5696986,1.1361989,-0.2975938,-0.6155108,0
0.586217,0.4171573,0.19291362,0.59226966,1
-0.12965763,-0.13353625,0.2605223,0.034011517,1
0.5888525,-0.24196166,0.20787731,-0.85103196,1
0.75064385,0.89918536,-0.910256,-0.31071454,0
-1.4681935,-0.7625497,0.2443279,0.20456697,1
0.5693585,0.86560965,0.5265596,0.91597164,0
-0.28204453,-0.28687912,-1.5426092,0.043951754,1
-1.3219451,-0.03195545,-1.3375915,-1.1797572,1
-0.5831492,-0.39884073,0.3516873,-0.042043254,0
0.8107296,0.90146965,0.4394291,-0.37251455,0
1.2298025,0.20935518,0.6762891,-0.05475357,0
1.1880062,-1.1833756,0.4776711,1.0749158,0
-0.5411718,0.10546553,1.1352464,0.89362884,0
-0.055082995,-0.35108668,0.29561308,-0.6144351,0
-0.29811543,-0.05153872,-0.051424943,2.4274054,0
0.4128657,1.5892231,0.15808997,1.312546,0
-0.44200706,-0.7304796,-0.59833544,-0.99401975,1
1.7914108,0.8015393,-0.121686324,1.0066175,0
-2.0598958,-0.4508735,-0.9478591,-0.7144128,0
-0.9586655,-0.6209032,-1.1839012,0.20409146,0
0.6507139,0.123561755,1.1971266,1.624916,1
-0.69082165,-0.55633986,-1.7221004,-1.034749,1
-0.4079228,0.16589695,0.020199,-0.29881355,1
1.0284798,-0.45860872,-1.0310583,0.122984946,0
2.3941162,-0.49723566,0.059734453,-0.91840214,0
-1.9206382,-0.7851714,-1.4405935,-0.5023532,1
0.23896256,1.4652886,-0.2838171,0.8624122,1
0.7005892,-0.1428965,-1.1001202,-0.9018379,1
0.3424972,0.7080763,1.6394235,-0.23672318,0
-1.8823005,3.1408331,-0.67093587,-1.1043472,1
-0.8770714,-0.73677146,-0.07496016,-0.88231605,1
1.1107575,2.092618,-0.32129028,0.7491386,0
-0.17325675,0.34249097,0.90498745,1.9059653,1
0.7812403,-0.29531714,-1.4427431,-0.73640877,1
-1.4064435,-0.51602143,-0.6457848,-0.42652884,1
-1.2717764,-0.5988897,-0.06981292,-0.5916738,1
-0.5317743,0.289568,-1.1034911,-0.18456094,1
-1.6311797,-0.6113409,-0.4317234,-0.4440874,1
0.7228954,-0.18830878,0.3516586,0.61733,0
1.2780532,-1.2408326,-0.48279285,-0.7341029,0
-0.24173799,0.29643762,-0.3610325,-0.7423142,0
0.64015543,-0.5668068,0.7247262,-0.015139835,0
-0.5518624,0.0038455427,-0.6365505,-1.3360231,1
-1.448237,-0.34170738,-0.53192794,-0.76318854,1
1.6850199,-0.2631983,-0.58070624,-0.9914962,0
-0.63956064,0.13496442,-0.5087912,-0.019437868,0
-0.808692,0.37722886,-0.79036885,-1.2074037,1
-0.3805476,-0.35470936,-0.6148015,-1.4013524,1
-0.80163217,0.06935465,-1.1588645,-1.1245713,1
1.1133844,-0.46069956,-0.2846939,0.02509176,0
1.0605024,-0.2666669,-0.2324068,1.4448185,1
2.0171804,0.47341996,1.412478,0.007470291,0
-0.779866,0.5542277,0.29692626,0.8207971,1
-0.16966425,-0.21684778,0.6831862,0.13376299,1
-0.646231,-0.08603248,0.12638281,-0.05394441,0
2.03734,-0.084039524,1.4301504,0.5872777,0
0.3040618,0.4337991,-0.34056944,-0.2362511,0
0.06485171,-0.49674603,0.024973832,0.5895872,1
-0.99153674,-0.1709595,-0.6460342,0.50729895,0
-0.8084532,-0.03421618,1.2532152,0.52936125,0
-0.5531983,0.05328791,0.51284814,-0.25453722,1
-1.2673302,-0.77036756,-0.7257634,-0.35102612,0
-0.37541586,-0.068543985,0.73197764,-0.08390137,0
-1.1412405,-0.76567334,-0.27138144,0.009982601,0
-1.1907445,-0.31747323,-1.0810962,-0.71578854,0
0.24510518,-0.2647022,-1.0628147,-0.1184676,1
-0.6973475,-0.30531758,-0.67895716,0.11832574,1
-1.1804668,-0.8154555,-1.0554268,-0.64172345,1
-0.7301662,0.041680068,0.11647019,0.3744731,0
0.5812763,-0.92278695,-0.53910434,-0.77074647,0
0.03560266,-0.32412326,-0.44731766,0.75215507,1
-1.3724488,-0.5383598,-1.2373282,-0.5474429,0
0.113732815,0.9378083,0.25611913,1.5454366,0
-1.1062427,-0.8052784,-0.8542624,-0.62149495,0
1.5164003,-0.010988027,-0.5836405,0.105551496,0
-1.3765368,-0.9467621,-1.0879906,-0.93797266,1
-0.21802446,-0.836357,-0.47612318,-1.1369328,0
-0.819406,-0.23238021,-0.25158238,0.092423335,1
-0.924205,-0.113839716,-0.6881679,0.4656826,0
0.91404766,-0.41430005,-0.7134188,-1.3389852,1
0.46344835,-0.76223874,-0.22291884,-0.7789738,1
0.91108334,-0.7569547,-1.7475893,-0.9570519,0
-0.5051947,0.00282152,2.1485312,0.22220929,1
-0.2511441,0.008899629,-0.45005685,-0.3167902,0
-0.40053356,-1.1751704,-1.1256597,-0.58255666,1
-0.6275556,0.009441644,-1.0979435,-0.17712986,0
-1.1507382,-0.44872692,1.0397347,-1.0598998,1
1.8295417,0.2785333,1.3519369,0.82598966,1
-0.10732967,-0.14169163,0.99103194,0.62914234,0
-0.31173134,-0.02177453,3.9486997,1.0478755,1
0.3065387,-0.4131922,-0.30049735,1.5790756,1
-1.3833119,-1.3650073,-0.52365935,-1.0511796,1
0.0811853,-0.24540469,0.17703182,-0.5234039,1
0.24185406,-0.5794053,0.28645918,1.1423107,1
-0.11707108,0.07462368,0.6745,0.01043237,0
-0.3520821,-0.55012554,0.68954426,1.3927238,0
2.0142267,1.799641,2.0100968,0.8215105,0
0.23105526,-0.16973409,-0.38776603,-0.6090719,1
-0.4844235,1.1606731,-0.82467806,0.0632845,1
0.7726603,-0.88303286,-0.40358642,0.4300734,0
1.0860404,-0.71895766,-1.343199,-0.92031723,0
2.2561607,0.33874166,-0.24083725,-1.1456238,0
0.6151834,0.69303364,-0.54137427,0.7975671,1
-0.7116808,-1.3216918,-1.7696297,-0.6609859,1
0.13621622,-0.7533919,-1.5018176,-0.7026657,1
0.14347677,0.68578315,-0.23642822,0.07960801,0
-1.2657573,-0.43829098,0.56041044,0.6126913,1
-0.6045085,-0.30074188,-0.5397216,0.9664091,1
-1.493007,-0.42787978,0.017671764,1.0537369,0
1.5814799,0.4717219,-0.24851952,0.47148705,0
0.7328398,-0.38991502,-0.570151,-1.034028,1
-0.39842522,-0.2886971,-0.9593774,-0.5469185,1
-0.07133947,0.8097518,0.15443462,0.52439356,0
2.3868184,-0.038479023,0.5326723,-0.03785843,0
1.7984425,-0.43841246,0.2542374,0.18209036,1
-1.5955566,0.17839876,-0.9928931,-0.59525466,0
-2.0029206,-0.07450159,-0.8890941,-0.79134375,1
-1.2417074,-0.17911085,-1.1710515,-0.89483446,1
-0.37504545,9.3728304e-05,0.9429146,4.951647,0
-1.0821412,-0.050018802,0.20624015,0.21069714,1
0.22016808,0.2633903,-0.43399096,0.47898662,0
0.36835933,-0.56893885,0.9164162,-0.8032902,0
0.5896732,-0.04472518,-0.74927783,0.26455933,1
-1.0373075,1.7675778,1.1888163,5.225253,1
-0.79555494,0.39425206,-0.0053381547,-0.049721885,0
0.5343846,-0.317473,-0.108995795,-0.043415494,1
-1.046876,-0.7972661,-0.85148257,-0.58203,1
-0.21290512,-0.44286022,-0.31721053,0.104451716,1
1.5333543,-0.9626961,-1.156012,-0.72486275,0
0.19689965,0.3403091,1.6995353,-1.3046527,0
0.7508484,0.35200295,3.2303808,0.7619428,0
-0.9489522,1.8434768,2.1315987,1.0519938,1
-0.30519754,-0.17283514,1.9550408,1.356082,1
1.0459999,0.5660571,1.8737999,0.75210637,0
-0.92737025,0.1622357,0.6849685,0.18643305,0
2.2034607,0.7087034,0.827136,0.013958562,0
-0.056614876,-0.08499509,-0.7956117,-1.074576,0
-0.32685953,2.2468553,2.4345634,2.852198,1
1.6796706,0.35639122,1.2614691,-0.48823878,1
0.22601959,-0.097744495,0.9331918,0.8089541,1
-0.74757206,-0.626508,-1.2784152,-0.91947937,1
-2.0434494,-0.78747135,-0.23496446,-0.9026545,1
1.0010847,-0.6113134,2.291188,0.10429302,1
0.6919635,0.553192,1.6519785,-0.2459363,1
1.6383325,-1.388191,0.80482626,-0.5436113,0
-0.95247996,-0.6945389,-1.3352388,-0.6953616,1
-1.0588553,0.21465923,0.23836946,0.93865615,0
-1.5488722,-0.2593438,1.2102736,-0.5920683,1
0.14328037,0.6963703,0.9617191,-0.18128382,0
-1.0650712,-0.35713512,-1.4425822,-1.0358052,1
-0.7843934,-0.83119833,-0.86211663,-1.258635,1
1.7615974,-0.6591287,-0.98311603,-0.5080712,0
0.061013415,-0.70056885,0.23214203,-0.97781086,0
1.070184,-0.2355997,-0.9215411,-0.21776871,1
0.71584684,0.6802718,0.4347453,0.023709215,0
-1.0807586,-0.49336806,-1.3234282,-0.6625048,1
-0.16626215,1.1239811,-0.6104451,0.42010337,0
0.54016113,-0.6069531,-0.024951935,-0.93525034,1
-1.441883,-0.7921795,0.22064969,-1.059997,1
2.9923918,-0.391765,-0.6530554,-0.86785597,0
0.13388595,-1.0774254,1.5316138,-0.26197758,1
0.2669158,1.993589,-0.46580315,1.4254433,0
0.23083065,-0.113476686,-0.18737978,-0.72941124,0
0.0074827075,0.21859246,0.69346213,0.8289862,1
0.25554085,0.24983665,-0.62605506,-0.96686244,1
0.3444869,-0.71755505,1.1100545,0.96610403,1
-0.6966408,-0.40581563,-0.3467736,0.12399115,1
0.7356447,0.42642194,0.019652128,0.9833132,1
1.4048928,-0.59291446,1.1050453,-0.9107993,0
-0.91404694,0.56572497,0.25908056,0.75284684,1
0.8250911,-0.20239696,-0.086940855,0.509882,1
-0.5634434,-0.12599449,-0.35602173,-0.3052152,1
2.5007145,-0.7914615,1.658102,-0.807798,1
-1.9553597,-0.759169,-0.05408427,-0.34685925,0
-0.094983354,-0.24525768,-1.0448287,-0.11562316,1
-1.6500297,0.3269256,1.0265801,-0.5301229,1
-0.012339428,0.23199786,0.86104774,0.2712214,0
-0.51977193,-0.47311231,-0.30766395,0.40000853,0
0.3629082,-0.4407486,-1.3125483,-1.017511,1
-0.9381417,-0.3035175,1.4752173,9.837529,1
1.1504703,0.5540346,-0.4498254,0.940148,0
-0.0077113807,-0.3522668,-0.16583566,-0.22730781,1
-0.3090505,-0.73622185,-0.027299047,-0.9181053,0
-0.107899085,0.9318571,0.3212202,-0.4680973,1
3.1446574,-0.19547883,-0.82515615,0.11594808,0
0.9910872,-0.24245457,0.8161539,-0.8196205,0
0.005534202,0.20547414,0.16547102,-1.2365329,1
0.30208272,0.10323173,0.5961101,0.402971,0
2.655298,-0.4683339,0.33873162,-0.54930425,0
-0.45069927,-0.3221599,-0.5849893,0.4331096,0
-0.44170684,-0.77940565,0.77217525,1.6525056,1
-0.13242711,1.060235,0.0634572,0.4793733,0
-0.9927959,-0.7193993,-0.91519433,0.34374848,0
0.15156403,1.0028837,2.6927571,0.5493855,0
-0.7393244,-0.7002259,-0.43271697,0.108265996,1
-0.6610306,0.17686939,-0.663193,0.9724984,0
-1.2131096,-0.55381244,-1.4013033,-0.8644834,0
-0.96123195,0.23473203,0.19928738,-0.6902713,0
0.2901333,-0.42046466,0.62572443,-0.07453588,1
0.2237433,-0.19416717,-0.62347865,-0.2583594,0
0.42428535,2.1533265,-0.39263344,0.16378503,0
-0.08188747,0.016908556,-0.4773105,0.5960362,1
0.07676692,0.4335706,-0.13921535,0.8124533,1
0.22397363,-0.20269223,-0.09953439,-0.058912132,1
1.8286679,-0.33003634,0.8440478,0.1499958,0
1.6995243,0.43042573,-0.3018717,-0.5195117,0
-1.1707596,0.41931012,-0.53765404,0.81264865,0
-1.559526,-0.008620008,-0.111330226,0.48011458,1
2.6642544,0.44168502,-0.12790343,-0.6999237,1
-1.2400349,-0.5159247,-0.63844174,0.042472977,0
-1.0712814,0.5415472,0.81692636,1.6034067,1
0.41985932,-0.4469995,0.8767447,0.18685995,0
0.768467,-0.4192273,-1.3695323,-0.7101776,1
1.2066727,-0.7551921,-0.46588773,0.7497437,0
-0.49836996,0.48161304,0.077705465,0.7417885,0
-0.87913364,0.7190814,0.52696896,1.0532737,1
0.8383181,-0.27494362,-0.29530275,0.6684329,0
-1.3527361,-0.68918526,-0.15595028,-1.3983907,1
-0.77711326,-0.46325895,-1.0389962,-0.38035923,0
-1.688248,-0.118675545,-0.5192114,-0.7307534,0
0.35635266,-0.064970426,-0.21193904,0.14704818,1
-1.102267,-0.5778433,0.31911004,0.8876536,0
0.0053493604,-0.47547197,-0.61916864,-0.8895574,1
-0.71126235,-0.08699578,0.39103732,0.031944286,1
-0.8161232,-0.66019267,-1.0581523,0.014221095,1
1.4774408,-0.18632992,0.9958986,0.8802713,1
-0.59524363,-0.19921173,-1.3545824,-0.9947321,1
0.55741173,-0.770876,-0.19605488,0.36835593,1
1.4248805,0.05854153,0.60837924,-0.14836714,0
-1.4371672,-1.292412,-0.8234914,-1.1541324,1
-1.5025504,-0.77946526,-1.4137808,-0.88277024,1
-1.631466,-0.6202688,-1.3382905,-0.9249534,1
2.463089,-0.24067439,0.10268636,-0.8593631,1
-0.6452786,0.2399311,-0.7484066,0.19499908,0
0.77473325,0.64389604,1.777127,1.1909662,1
0.32436392,0.18368009,-0.4399487,0.19851047,0
-1.5261518,-0.5800301,-1.4952781,-0.72816974,1
-1.2214236,-0.3242796,0.8494788,0.54200643,0
-0.668478,0.033829425,0.37968832,-0.29541382,1
-0.07082684,0.12702462,0.3323605,0.43645382,1
-0.17413865,1.4420108,0.48703927,-0.14006616,1
1.1975867,0.38830572,0.5492638,-0.40920982,0
-0.20339863,0.16851869,-0.29529768,-0.2206708,0
-1.1593801,-0.60410035,-1.1092899,-0.17671216,0
-0.8144071,0.34894922,0.5914742,-0.36991438,0
-1.2685605,-0.27821127,1.5408022,0.25584024,0
0.8869188,0.64365834,-0.28720674,0.8177785,1
-1.5231917,-1.0762196,-1.0711708,-1.0852923,1
0.107660234,-0.68274105,0.029753178,0.13144678,0
0.80528164,-0.75946426,-0.30240685,-0.53518677,1
1.2484208,0.11646865,2.2085078,-0.11099799,0
-0.3039347,1.2617772,1.4203347,2.5709567,0
-1.2152821,-0.31087938,-1.3648714,-0.9447457,1
-0.11108577,-0.3579143,-1.2094574,-1.363869,1
0.21148619,-0.83278066,1.5078241,-0.49555376,0
-2.068221,-0.73908436,-0.9767237,-0.7248925,1
0.35027048,-0.046698257,0.7493762,0.31352693,1
0.4236368,-0.31168222,1.1966959,1.5931381,1
2.382081,-0.1889505,0.6672519,-0.0848292,0
-1.7440815,-0.32408118,-0.60491,-0.6965751,0
-0.3538645,0.58553827,-0.36056846,0.22061236,1
2.0201328,-0.7351345,-1.4564137,-1.1656511,0
-0.95324683,0.26652148,0.31107807,0.18381953,0
-0.6380687,-0.36260197,-1.6686728,-0.6005058,1
-0.5074667,0.4001582,-0.07969897,-0.017620249,1
0.9535805,-0.077543184,-0.94271624,-0.56128836,0
-0.5456232,0.41677716,-0.65590024,0.43572527,1
-0.81850547,-1.2836076,-0.2674756,0.53707266,0
-0.16244382,-0.10639973,0.6947939,0.051678624,0
1.0244895,1.5109136,0.36660445,0.9700469,0
2.2711568,0.4836578,0.30350965,-1.1203022,0
0.322334,-0.9683381,-0.029956698,-0.35402796,0
-1.680197,0.11595787,-0.23157665,-0.7191899,0
0.81523293,0.1713114,0.54432124,0.5001546,0
-0.78875715,-0.49931264,0.35097426,-0.14721437,0
-0.28204104,-0.7297261,-0.51543844,0.18702386,1
-0.16486612,0.42817214,0.57215744,-0.0029593706,0
-0.8709003,-0.96825796,0.18904823,-1.0929656,0
2.1852376,-0.42211127,0.016978435,0.83769554,0
-1.40219,-0.5272681,0.56489927,0.9902351,0
0.114114836,-0.19743145,0.8855332,-0.50859463,1
0.15009429,-0.896973,-0.14686623,-0.13329871,0
-1.5685339,-0.14673594,-0.17876592,-0.09813632,0
-0.52937144,-0.41420674,0.059246235,-0.4597086,0
1.6084849,0.30468413,1.0958786,0.046080004,0
0.17405553,-0.99318874,-0.72841144,0.24990946,1
1.881862,-0.39650464,0.22737437,0.4185808,1
0.2881902,0.3369642,0.23556939,1.3519268,0
-1.5812249,-0.114077926,-1.1111449,-1.2231395,1
-0.29452074,0.58548534,1.0872554,0.9167296,1
0.048177082,-0.07364413,-0.24559808,0.9414685,0
-0.59133923,0.18948261,-0.98720884,-0.70335776,1
0.6101486,0.042064726,0.06942313,-0.08912864,0
1.3569409,-0.6043697,-0.89727896,0.016947791,0
0.08052036,-0.24355337,-0.8301061,-0.64798653,0
0.6915853,-0.13471815,0.50101984,0.37587535,0
0.00609003,-0.1327273,1.0229189,7.3651333,1
0.76398015,0.25516525,0.7404,0.7229921,0
-0.9361212,1.368965,0.13248858,0.8613258,0
1.9934957,-0.30723658,1.6347523,0.3207585,0
-0.32022643,-0.95085627,-0.87024957,-1.2559274,1
-1.4847981,-0.6181113,0.63817126,0.10970691,1
-0.18156731,-0.23911096,1.9480788,1.2080861,1
0.5690799,0.84865546,-0.10043658,-0.16200373,0
-0.5621592,-0.9338006,-0.6043387,-0.6213003,1
-0.6431048,-0.3938866,-1.0538405,-0.012419235,0
1.8534467,-0.5752519,-0.4290831,-0.8154998,0
0.6914072,-0.26360455,-0.61866367,-0.0831391,1
1.0275736,0.5991162,-1.0483656,-0.5893372,1
-1.039803,-0.2584687,0.3673965,-0.60828793,0
-1.268605,-0.454273,0.3523045,-0.47031188,0
1.5412114,-0.7038619,0.9051591,-0.8159381,1
0.7319295,0.25654668,-0.4802683,-0.10973732,0
-0.59947354,-0.15661606,-1.2295643,0.5499343,1
2.358598,-0.5349013,1.0594547,0.60830504,1
-0.43096024,0.25410825,0.2966683,-0.7853283,1
-0.27020696,0.55710566,-0.7570222,-0.049170706,0
-1.2387129,-0.86006105,-0.563256,-0.6108519,1
1.1184663,-0.4415155,-0.60695887,-0.33146968,1
1.045394,2.114778,1.5609365,3.7708666,0
0.45084202,0.58793795,1.3191475,0.7000328,0
-0.8178311,-0.30597425,-0.5848329,-1.0414104,0
-0.13427141,-0.5004554,0.5105808,-0.88330567,1
-2.0174541,-0.7632606,-1.1659422,-0.65779096,1
0.5117104,-0.20059873,-0.09497258,0.25145233,0
0.35201773,-0.005149955,0.13520609,-0.43928254,1
1.8145366,-0.17641911,1.510253,0.39871708,0
-0.101314336,0.20768152,0.84878534,0.3303325,0
-0.20834818,1.0680373,-0.4037184,0.77151555,0
-1.4392881,-0.03176666,-0.33420238,-0.6214925,0
0.07356465,0.5707821,1.5608593,0.73519987,1
-1.2528594,-0.45365512,-0.348007,-0.80392987,1
-1.327863,-0.2261433,-0.42598966,-0.1253005,0
-0.8957969,-0.9689634,0.850088,-0.7672106,0
0.90707946,0.20787114,-0.28691208,2.1042476,0
1.8768746,-0.7031286,1.317172,-0.8023121,0
-0.9228951,0.44524732,-0.44372082,0.2446153,0
1.6439445,-0.020446777,1.4589221,-0.12677364,1
0.10711922,0.473024,1.0289232,2.3085601,1
0.43605983,-0.7586135,-0.5027599,0.091606736,1
0.26640072,-0.35134712,-0.924781,-0.88203955,1
0.8812471,-0.12892714,1.2108619,1.6875086,0
1.3901565,-0.3698721,0.8587577,-1.1496146,1
-1.4939966,-1.2058939,-0.5492269,-0.89659345,1
1.2867565,1.4053134,1.4280497,0.7759506,1
0.4137054,1.4716809,0.86199343,-0.7257701,0
1.104861,-0.43344092,0.29186568,0.69477385,0
0.13961026,-0.06845687,-1.0992869,0.022497062,1
0.9017638,0.7073369,0.49082232,-0.5878963,0
-0.35162288,0.27666938,0.31113237,-0.7761583,1
1.2724636,-0.24732864,-0.32031596,0.060538594,0
-0.19672883,-0.5071124,0.43072844,0.25993186,1
-1.1495566,-0.5417517,0.29764986,-0.6322121,0
2.1334445,0.08609986,0.04173868,-0.97216046,0
-0.9199585,0.5084332,2.2803073,1.3948209,0
-0.49708405,2.4203718,-0.17474711,-0.8061934,0
1.3963201,0.7544208,0.9656554,0.22383554,0
0.16698189,-0.23227304,-0.10981545,-0.022064647,0
-1.6846776,-0.032151833,-0.9588723,0.05436669,0
0.9584607,0.123615205,0.96137923,0.012347959,0
-0.7593791,-0.2528204,-0.44412932,0.70635957,1
2.7020624,0.20326391,0.31609857,0.12241109,0
0.17228615,0.28577036,1.5154345,-0.2710689,0
-0.6096577,-0.6719669,-1.3361776,-0.778575,0
-0.72254956,1.3471671,-0.47060123,1.6575601,0
-0.49930692,-0.17123304,-0.04715693,0.19954158,0
-0.6152405,-0.9231216,-0.50464123,-0.24792078,0
-0.08081886,-1.0814215,-1.3855102,-0.9035949,0
0.7201975,0.6571924,-1.4235997,0.33038127,0
1.2964828,-0.49773288,0.42764992,-0.24050364,1
-1.7802212,-1.1026915,-1.6882224,-0.88896215,0
-1.6578946,-0.8249819,-1.5889668,-0.894326,1
1.2175039,1.3332596,1.3181185,1.3892164,1
0.12050423,-0.12136277,-0.35770714,-0.41823617,1
-0.24059142,0.80647933,0.6783011,-0.96992886,0
-1.1052966,-0.22296886,0.68744177,-0.8233695,0
-0.10390734,0.6400869,0.15527283,-0.51966584,1
0.5455597,-0.19079563,-0.6493008,-1.028085,0
-0.50596297,2.2160943,1.1401353,2.4022257,1
0.2635279,1.2460679,0.4151278,-0.73206073,1
1.0267174,-0.9043819,0.74010164,-0.21932028,0
1.7950665,-0.6696822,0.61673605,-0.050998602,0
-1.3820913,-0.6706057,-0.9598371,-0.6019518,1
-0.18688335,0.3800879,0.93794566,-0.053293735,0
-0.4926576,-0.41054493,-0.26260114,-0.09074931,0
0.08940196,-0.41038668,0.05080176,0.7633138,1
0.55751806,-0.86382246,0.41116616,0.064760834,0
-0.34381908,-0.30865455,0.14540729,0.10241811,1
0.5167174,-0.63989675,0.6469352,-1.0928034,0
1.432711,-0.9960541,2.2448392,-0.7452623,0
0.6261269,1.090553,1.6703639,-0.28498617,0
-1.8493936,-0.2872804,-1.1252673,-0.7310373,1
1.8629009,0.2246749,2.4014344,2.4152727,0
-0.21956342,-0.23992561,-0.66378474,0.79677314,1
-0.19154076,-0.08601431,0.3816864,3.2456524,1
-0.09936115,-0.25466284,-1.422191,-0.003946826,1
-1.9281596,-0.7462137,-1.0352199,-0.5958159,1
-1.411044,0.32538524,0.48520017,-0.034772996,1
2.5456574,0.5072062,-0.14938956,-0.25026494,0
-0.805764,0.15284184,0.95802945,0.55963373,1
-0.89914536,-0.34529138,-0.18630472,0.6650079,1
-0.5107037,1.3635479,-0.6527052,-0.18462867,1
1.4657662,1.7858403,1.9996157,0.108905435,0
-0.14065595,0.979359,1.062267,-0.03925756,1
-0.60723495,0.11467802,2.889793,0.62000734,0
-0.10994983,-0.74435806,-1.313071,-1.080974,1
0.27441186,0.5235689,0.6454484,-0.038192052,0
-1.5149292,-0.052743882,-0.7368218,-1.0662,1
0.41728598,-0.03426236,-1.0897833,0.02100427,1
0.17291309,-0.11436051,0.13656296,1.3414638,1
0.59869856,0.08878659,2.2861888,1.0494126,0
-0.44143465,-0.49439794,-0.98357636,-1.0828948,1
-0.5297593,-0.34685558,0.9672468,0.6824509,1
1.5550008,1.046117,0.05122196,-0.825552,0
1.2856512,-0.13157299,-0.03883663,0.36245555,1
-0.420196,1.1522976,0.7414932,0.9503338,0
1.7995948,-0.064315714,-0.65862787,-0.6347025,0
-1.8984175,-1.0415635,-1.2374302,-0.94974345,0
1.7896867,-0.4713255,-0.3520409,0.12889798,1
-1.5791147,-0.63361907,0.000528872,-0.101866215,0
-0.77522963,2.0235887,0.42448705,0.63560325,1
0.4377995,0.8641269,1.317497,-0.92928493,0
1.6750897,0.12205711,1.9712421,-0.931619,0
-1.0761071,-0.53620094,0.9403279,3.785064,1
-0.61780506,1.4791425,0.40630072,0.85409105,0
-1.188816,-0.69477284,-1.0150061,-1.0585597,0
-0.8795747,0.46386623,1.5321865,0.69793856,1
-0.50686795,0.7693074,0.1825147,0.2575972,1
0.570933,-0.65906173,0.21687812,-0.90014434,0
-1.2366264,0.30759776,-0.40415165,-0.51078784,1
0.3840681,-0.11918759,0.8252182,-0.04015575,0
-0.05019869,0.8049991,0.57371044,1.4511954,1
1.0001938,-0.13501585,-0.3947717,-1.0755334,0
1.2691926,-0.61859447,-1.0130231,-0.9677522,0
0.3773787,-0.58509,-1.5127177,-0.6068344,1
0.40754068,-0.6026469,-0.8875614,-0.755481,0
0.7150491,4.852995,-0.3862919,0.18117982,0
1.8962759,-0.6529261,0.4330316,-0.2753767,1
0.036924556,1.2109997,0.45697263,-0.88366574,1
1.6710399,-0.85747445,-0.25595576,-0.42147323,0
-1.053764,-0.08730134,-0.26005313,-0.9086809,1
0.87051606,-0.016313948,0.09440814,0.8346194,1
-2.276388,-0.78045744,-1.0018511,-0.28634465,1
-0.3056787,-0.12748945,1.0214195,-0.8546652,1
-0.18486679,-0.3006974,1.2747755,-1.3452287,1
0.5803796,-0.6652894,1.0004739,2.2597995,0
0.8993414,-0.36199123,0.3037572,-0.2249913,0
0.0018254854,-0.5300051,-0.48531857,-0.88203824,1
0.83124965,-0.71764296,-1.4813585,-0.970189,1
-1.8562455,-0.6588224,-0.59067506,-0.78314954,1
-0.44280058,0.054171287,-1.434111,0.5320039,1
-0.40023252,-0.37263483,0.4092105,0.30005434,1
-0.09605225,-0.17832063,-0.3841913,0.7472756,0
-0.40520775,-0.2945141,1.1595666,0.5026276,0
-0.32530904,0.8146631,0.518438,1.7358509,0
0.9182644,-0.08252599,0.6877924,-1.287791,1
-0.15439545,2.7398803,-0.4230594,0.7063037,0
-1.6829956,-0.4150505,-1.0817528,-0.651985,1
1.1093881,-0.5393433,-0.9413276,0.07481946,1
-1.2869089,-0.35177997,-0.50399953,0.49772108,1
-0.5645869,-0.39637607,-0.35479444,-0.55252814,1
1.7295246,0.13603757,0.26737326,0.16679135,0
0.9935948,0.61319953,0.021537006,0.5474469,0
-0.37871927,-0.73448384,0.62722796,-1.1300545,0
-0.60958236,0.023216188,0.42662734,-0.78291404,1
0.78969055,0.33454362,-0.08359352,0.4670914,0
0.53684044,2.0934658,0.14928588,-0.8010688,0
0.3081206,-0.31841075,0.2986933,0.0968979,0
0.07715807,0.18281391,-1.114056,0.12449892,0
-1.9515905,-0.571473,-1.1923777,-0.82374984,1
-0.9646157,0.58300215,-1.0540107,-0.6601249,0
-1.2335376,-0.4655395,-0.8814255,-0.7496526,0
-0.91610754,-0.89793456,-0.09039144,-0.6398357,0
-0.31614548,0.16698104,-0.24666089,1.4879184,1
0.741444,0.16730048,-0.32158375,0.11936362,1
0.48045412,-0.74353135,-0.26596725,-1.1181746,1
-0.686483,-0.4193868,-0.7881576,-0.69418997,1
-0.60005206,-0.4352224,-0.7811817,0.17537144,0
0.41740847,-0.3632707,0.15295544,-0.71525085,1
0.500403,0.31299117,-0.033084795,0.022235222,1
-0.73278487,-0.41688514,1.3565916,-0.18404296,1
-0.68279684,-0.36929306,-0.5463485,0.092188984,1
-0.043771327,-0.20013994,-0.08769217,-0.049915515,1
-0.8019042,0.33537954,-0.60059255,-0.040517196,1
0.17064464,0.039112434,-0.68658245,-1.0033336,1
2.4665735,0.14433414,-0.93471897,-1.1640352,0
2.0420868,0.03879996,0.28662366,0.10569571,0
-0.5107267,-0.2937136,-0.70241964,-0.12749155,1
-0.37894115,-0.011213824,-0.75781286,0.8114166,1
-0.6519078,-0.04442306,-0.5984766,-1.025894,0
-0.31963086,0.1081918,0.5417292,-0.26114246,0
-1.2151203,-0.2063828,0.5446011,-0.9653232,1
0.0028602863,-0.010630995,-0.8979664,0.04036658,0
1.4043006,0.0973369,-0.52214414,-0.8707947,0
0.35819906,-0.23910251,-0.09099862,0.071412235,1
-0.82116884,-0.6226647,-0.7660494,-0.36526278,0
-1.920723,-0.531489,-1.4977391,-0.61242056,1
0.2959914,1.0874304,3.194898,1.3664792,0
-0.7234088,-1.0160584,-1.4565064,-0.8338389,1
0.64408076,-0.83043885,0.13994181,2.371416,1
-1.682632,-0.21616313,-0.83542234,-1.1771687,1
-0.5804463,0.18642077,-0.13523549,-0.7541387,0
-1.300291,-0.2729413,-0.7156791,-0.7286986,1
-0.20809948,-0.35679954,0.034288637,0.22466664,1
-1.3854929,0.47994876,-1.0978104,-0.9843268,1
-0.93902063,-0.55565304,-1.2466018,-0.81365865,1
-0.43157282,-0.6340926,0.14184293,-0.11647816,1
1.5337992,1.6803888,0.11593323,-0.24702352,0
0.10214863,0.11060556,2.550443,5.9980516,1
0.50459653,0.021797836,-0.08921299,-1.0793834,0
-0.13053982,0.27687007,-0.8098536,-0.97386163,0
-1.0887933,-0.70120263,-0.8685192,-0.035699658,0
0.7063206,-0.7976202,1.9358006,-0.0087412335,0
-1.3962361,-0.66724086,-0.99314886,-1.0080948,1
0.9090584,-0.53215283,-0.22674611,1.1037054,0
-0.013535004,-0.3817454,-1.4828398,-0.7307651,1
-0.005553361,-0.14179942,-1.0003912,-0.5556761,1
-1.4328808,-0.26564753,-0.834893,-0.8051136,1
2.1396358,-0.122694224,-0.84568,-0.57899964,0
-1.403427,0.3504191,-0.9541163,-0.12950842,0
-0.58804417,-0.32263917,-0.8763412,-0.8130557,1
2.2014349,-0.26195645,0.00063952804,0.99713874,0
0.28034887,0.66522485,1.9492646,0.588153,0
-1.8335282,-0.694319,-1.1828104,-0.9781864,1
-0.35075945,1.378663,2.695123,1.5162622,0
-1.1561606,-0.04583466,-0.0508814,-0.6671827,0
-1.5294713,-0.5912075,-1.0087403,-0.57307917,1
-0.94963455,-0.16012548,-1.096468,-0.78706235,1
-0.5484736,-0.97822666,-0.42330575,-0.57274294,1
-0.7398301,-0.40448427,-0.38789326,-1.1714069,0
2.6958227,-0.29166222,-0.8084857,-0.7572544,0
0.019390259,-0.05021137,-0.92833096,-0.7384292,1
0.65206003,-0.41917473,-0.51612604,-0.13333432,1
-0.6174698,-0.10774492,0.24232161,0.23945592,0
-1.370354,-0.85123163,-0.37017897,-0.831302,0
-0.47388998,-0.5320663,0.2503376,0.5140796,1
-0.138522,1.4122859,-0.7315474,-0.12341054,0
-0.555695,-0.69823605,-0.19452387,-1.3942513,0
-0.6969631,-0.33275118,0.67302555,1.161284,1
-0.40126443,-0.5354513,0.74286956,2.030787,0
0.37970394,-0.30589768,1.5576727,0.44979635,1
-1.2462251,-1.1904675,-0.63189626,-0.5008167,0
0.19776663,0.79740095,-1.1432744,0.02527741,1
0.19925502,-0.22715917,-0.1545614,-0.35134038,0
-0.97423315,-0.7391915,0.44049704,-1.0127039,1
-0.502649,-0.3813427,0.8234552,-0.47978693,0
0.3737501,0.08097899,0.25709045,-0.11421664,0
0.39927,-0.28496674,-0.5052552,0.39804834,0
-0.17308953,0.093840286,1.5257747,0.3507008,0
-0.93712,-0.102067664,0.34835917,-0.6511182,0
-0.13742284,-1.0068047,-0.45446587,0.8301653,0
-0.25371093,-0.5306287,-0.9833127,-0.97486997,1
-0.6083303,-0.07496172,0.2787455,0.7579895,1
0.27036586,-0.40888906,0.09089444,-0.35319942,1
-0.5368981,-0.6438252,-0.8612316,-0.8337663,1
1.0847237,-1.2577827,0.013199054,-0.67220217,0
1.7293961,-0.7105961,-0.537391,-0.6366233,1
0.7472787,-0.5022152,-1.0767223,-0.14166345,1
-2.0787947,-0.3034109,-0.4273117,-0.86698556,0
-1.9858806,-0.78832483,-1.0187653,-0.5419554,1
0.8100632,0.30064887,4.173053,0.8962403,1
1.4211974,0.43106824,1.035034,0.77560544,0
-0.060083553,0.13007748,0.52595305,0.8279344,1
-1.1784142,0.70820534,-0.8688147,0.9895508,1
-0.71598816,1.4654946,0.40644425,0.5708799,0
-0.20887458,-0.36186892,-0.77021855,1.0717638,1
-1.1537652,0.23572344,-0.8337212,-0.66235423,1
-0.19317612,0.37910205,-0.08158329,-0.8114106,1
1.5362821,-0.18661952,2.1994953,0.05948552,0
-0.3410378,-0.20444119,0.28220522,-0.10246265,0
0.43943024,-0.026244827,1.1142297,0.3054128,1
0.047811028,0.23479258,-1.1752858,-0.8656075,0
-0.6467353,-0.18959792,-1.4232053,-1.0672723,1
1.1397269,-0.70820904,0.9325038,-0.44845748,1
-1.3375072,-0.072104365,-0.08873691,-0.6845638,0
1.7328607,-0.7765821,2.1260736,1.1014656,0
-0.274374,-0.37500176,-0.94941646,0.2944299,0
-0.15968505,-0.30152977,-0.660272,-0.14871426,0
-0.55528593,0.22143866,-0.2368243,0.5493094,0
1.3662398,-0.73967826,-0.6865778,-0.5741672,1
-0.77426237,0.31726688,-0.14554559,0.5094355,1
-1.0994576,1.4304912,-0.026180863,-0.089929044,0
-0.71319914,0.47081155,0.6348491,0.40559536,1
-0.57795775,-1.0691056,-0.51166946,-0.30445564,1
-0.912417,-0.3777479,-0.3912695,-0.04610662,0
0.9166446,0.34308493,0.49216795,-0.113848254,1
-1.4081235,0.21853869,1.1496031,-0.1502516,1
1.2081796,0.018553212,-0.3070115,-0.12552713,0
0.2894966,-0.486844,-0.85458463,0.045556348,1
0.9767096,-0.19318315,-0.3113014,-0.05552841,0
0.7032145,-0.5983937,-0.5621878,-1.1503482,0
0.43582374,-0.95542717,-1.4908621,-0.41806927,0
0.5621123,-0.49278408,-0.5702477,0.74473315,0
1.6626215,0.7188313,0.09257603,-0.5206646,0
0.7410681,-0.6082661,-0.3743014,-1.0159194,0
0.823023,0.9485998,0.5600973,-0.20575868,0
0.48413467,-0.03069169,-0.38312823,0.67334783,0
-0.4347878,-1.2918339,-1.0216663,-0.025229381,0
-1.1632092,-0.32770386,-0.062325545,-0.8117723,1
1.2135539,0.83682394,-1.5689332,-0.7318355,1
0.9961917,0.082626835,0.4992643,-0.75919247,1
-0.6883988,0.7634554,0.66508025,0.62028587,0
1.7512344,0.21640846,-0.0032512397,-0.7124949,0
0.96801895,-0.5944723,-0.6077171,1.422386,1
-0.25863916,0.22670947,-1.1964474,-0.98950964,1
0.31525216,0.6744362,-0.43302512,-0.17610349,0
0.5809828,-1.0326949,0.62183523,-0.002500113,1
1.004899,0.37305418,3.533875,0.17450047,0
-0.6335324,0.33357725,-1.4072663,0.38563496,0
0.42437375,-0.50833476,0.026141666,-1.010443,1
-1.0396397,-0.2880231,-1.4664917,-1.0950737,1
0.61414874,-0.41929618,0.2708105,-0.20606413,0
-1.9109313,-1.0521585,-1.4698954,-0.92015517,1
0.062892064,0.8515406,-0.14700922,0.4248921,0
-0.5728705,0.061277606,0.6916305,0.7336045,1
0.22040594,0.94264805,0.36133897,0.37277645,0
0.6732119,-0.50711375,2.6286216,0.21412335,1
1.8060336,-0.040218964,-0.9362765,0.070172116,0
1.8029201,0.18193448,1.4331298,2.6931233,1
0.067362964,-0.19665559,-0.38598126,-1.0273681,0
-0.34346005,0.7646772,1.0301154,0.5085288,1
0.091758385,-0.5558301,-0.62211883,-0.2273743,1
0.46086577,-0.7034111,-0.31473833,-0.005566843,1
0.111998774,-0.15285462,0.47255006,1.379182,0
-0.7214343,-0.012490302,0.16446665,-0.09670277,1
1.7705207,-0.9283612,-1.2461137,-0.95375407,0
0.49364692,-0.25324136,-1.3092271,-0.3658019,0
1.007598,0.72814,0.04952967,-0.6708274,1
1.1359758,-1.0447019,-1.0245745,0.10352138,0
-1.4267905,-0.7444322,-0.5212269,-0.6963539,0
-0.32332167,0.2520139,0.36740184,-0.13869087,0
-0.66815704,-0.46909907,-0.86522853,-0.963829,1
-0.26304865,0.56849253,-0.42175546,0.89040375,1
-1.1011528,-0.5713199,-0.4373806,0.7318004,0
1.3398552,-0.19396721,2.2195342,-0.21442178,1
1.751443,-0.3449525,-0.84969914,-1.1521597,1
-0.5684787,-0.7737947,-0.6357442,-0.3996545,0
-1.5716112,-0.7124212,-1.7402023,-0.8673972,1
-1.3590486,-0.7017177,-1.7420769,-0.45351577,1
-1.7912576,-0.24486345,0.55719817,-0.6432755,0
-0.57528096,-0.5012953,-0.61805004,-0.5602908,0
-1.6832724,-0.88243324,-0.7751131,-0.697232,0
-1.4150206,0.021181598,-0.12507227,-0.57285464,0
-0.075860545,2.1427405,-1.0350819,-0.5726063,0
-1.3342673,-0.09737635,-0.47733507,-0.8200304,0
-0.26760834,0.8437215,0.825674,0.6076218,1
-0.8589804,-0.35043645,-1.1886415,0.06820656,1
1.1793144,2.1273394,-0.93237007,0.84542483,1
2.0688071,-0.6004437,1.2315227,0.12042338,0
0.9200976,-0.17383584,-0.0414986,-0.7696894,0
-0.23821527,-0.10515214,-0.8877931,-0.6115656,0
0.5677336,-0.15058844,0.20047215,1.545324,0
0.72133976,-0.85906047,-0.48041365,-0.92133325,1
0.13758346,-0.62169576,1.3434688,0.4216668,1
-0.20508471,0.52699125,0.5075303,1.7460464,0
-0.9094783,0.09647052,0.2311863,1.4561875,1
0.9431207,-0.7853525,0.9431598,-0.68200755,0
0.7529998,0.9644445,-0.15154961,-0.8511276,1
0.7765001,0.08455458,1.1627405,1.3233254,1
0.50140405,-0.44981736,-0.014583074,-0.1700883,1
-0.43243495,-0.6121698,-0.4646182,-1.001381,0
0.11232829,-0.0636885,0.3317686,1.0340148,1
1.4733888,0.58208317,0.5839878,0.0497414,0
-1.1538365,-1.0319947,0.24717885,0.992632,0
-0.3376522,0.33544505,-0.7075533,0.5044137,0
1.8000715,-0.3720899,0.31392682,-1.0384645,0
0.37118167,-0.23846386,0.9008967,0.211175,0
-0.20781724,-0.11260811,-0.43929285,-0.25172666,0
0.34382695,0.36534816,-0.29537725,-0.4320424,1
0.36685643,-0.28553542,-0.9198078,0.52627945,1
-1.7666079,-0.16391954,-0.8059942,-0.36635187,1
2.434183,-0.71856093,-0.91620034,-0.8515548,0
0.54626036,0.65043443,-0.776785,0.4870323,0
-0.91606706,-0.51707,-0.9392489,0.056633625,1
0.17428789,7.041204,-1.0218403,-0.8955175,0
1.0409614,-0.70128953,-1.0643317,-0.017649353,0
-1.9607396,-0.91690713,-1.2790059,-0.46606213,0
-1.5663103,-0.32883146,-0.9956642,-0.42953956,1
0.6158285,-0.35367173,-0.9716193,-0.9323484,1
0.549982,1.0997496,-0.21658102,-1.0449892,0
-0.069251955,-0.36623904,0.27984717,-0.19179775,1
0.8817166,0.14063117,2.5280726,-0.12888052,1
0.26895082,1.4332694,3.0828304,2.4613354,0
-0.7961447,-1.1618472,-0.5003395,-0.35930586,0
0.51910645,5.602185,1.8396648,5.301072,1
-0.91380113,0.40092617,-0.1689195,1.162077,0
-1.005567,1.3157175,0.76932234,2.5014749,1
0.37491184,-0.28563666,2.4454572,0.9247561,1
0.17962116,-0.7390986,-0.3112682,-0.9174232,0
-0.95687747,-0.15828599,-0.259956,-0.8194534,1
-0.16995761,0.8897406,1.3181047,-0.064762585,0
2.0319552,-0.41674763,0.50281316,0.68929577,1
-0.49797457,-0.3223661,-0.2625471,-0.86008865,0
-1.5939238,-0.5920921,-0.3040192,-0.9758725,0
-0.36482006,-0.5295694,-1.1556249,-1.1213877,0
-1.4085118,-0.50645196,-1.1287124,-0.14363691,1
-0.22785175,-0.48053092,0.29312295,-0.110762894,1
0.6324211,0.8723854,-1.0956146,-0.27988994,0
0.3787741,-0.10156156,1.1620147,1.8436096,1
-1.009179,-0.07637675,0.5862757,1.2558564,1
-0.31370068,-0.12457363,1.9207414,-0.54529965,1
-0.5300977,0.60283756,-0.6145957,0.7430062,0
0.40022773,0.07225577,0.12695538,-0.1203271,0
-1.0127255,-0.93778753,-1.184368,-0.8549148,0
-0.41405237,-0.61385566,-1.9612279,-1.060139,0
1.4206345,0.66146696,1.1677958,3.0438643,0
-0.74806494,-0.22169942,-1.0963597,-0.347905,1
0.44226214,-0.9604871,0.9018799,-0.94132423,1
-0.39474258,-1.1700577,-1.4085371,-0.7862956,1
0.3040077,-0.40631247,1.707906,0.7103183,1
0.6864423,-0.92794377,-0.8968665,-1.133171,0
-0.9289163,-0.6673063,-0.24095029,-0.85211915,1
-0.105051026,-0.07385382,0.08309295,-0.3033116,1
-0.57021743,0.60099477,0.5045807,0.5065453,1
-0.13201514,0.28049305,0.5712518,-0.37304515,0
-0.98489493,-0.6325811,-1.737678,-1.0402232,1
1.6997176,-0.95753133,-0.18933672,0.084071785,1
-2.1766953,-0.8153928,-1.1356835,-0.8414757,1
1.1239961,-0.27366388,0.3819208,0.5253332,0
-0.8062823,0.6197859,-0.58925676,-1.0586805,0
-0.15053192,-0.60668135,-0.39996988,-0.42623663,1
-0.44511276,-0.40986618,-0.4598214,-0.6473886,0
-0.4221169,0.065090686,-1.512465,-0.7628127,0
0.14044875,-0.12963924,0.6012565,0.3775423,1
0.279081,0.85697806,2.4378617,0.7985109,1
0.68282795,-0.13343085,2.7880564,0.236176,1
1.3010882,-0.63140273,0.29052174,0.8554954,1
-1.6033483,-0.23385814,0.089594215,-0.7592168,0
0.41658974,-0.05523047,0.6290372,0.8705647,1
0.012199491,7.6413255,-0.12831974,-0.029643716,1
0.48149213,0.7124243,1.1622914,1.2951913,0
-1.5284098,-0.9438263,-2.007856,-0.54783314,1
-1.1667523,0.028870285,0.1489554,-0.9318008,1
0.02636543,-0.69685596,-0.94194746,-0.83709276,1
0.8120145,0.10670857,1.2827896,1.0621336,1
-0.29910374,-0.62121195,-0.6948589,-0.6340328,0
0.83620626,-0.09484131,0.22197089,0.9456514,1
-1.3442551,-0.207474,-0.89788616,-0.9150335,0
0.34749034,0.32395673,-0.84173226,0.0840742,0
0.90661895,0.9977508,2.9227066,1.6803201,1
-0.35986343,0.07349947,-0.82503355,-1.1446923,1
-1.1802653,-0.45335203,0.44217074,-0.2788085,1
1.3539376,-0.1737346,-0.4319399,-0.7751369,0
0.4000854,0.36545384,-0.53030634,-1.0325072,0
0.08481313,-0.05669114,1.5427154,1.1662433,1
0.8925617,-0.22383547,-1.425214,-0.73442286,1
0.67216337,-0.35962197,0.24966791,1.4255776,1
1.0750066,0.99724674,1.0336956,0.6468158,0
0.5625367,1.2429197,1.6582094,-0.030525796,0
0.4365672,0.26018068,-0.5365348,-0.24472377,0
1.1991687,-0.5522599,-0.99369705,-0.14665043,1
-0.091559894,0.81961524,-0.2849803,0.0834575,1
-0.49473694,-0.54775625,-1.3496828,-0.88236,1
0.58262163,-0.5389325,-0.6127809,-0.86031747,1
-1.4028664,-0.4179663,0.3633412,0.24653204,1
-1.8607259,-0.6563693,-0.7338188,-1.263671,1
-0.29004765,1.7591361,0.92890775,1.3547245,0
-1.0102981,-0.46968767,0.7593525,0.10099812,1
-0.5648435,-0.5202298,-0.70647216,-1.0075126,0
2.1431966,-0.74202406,0.8233106,0.99823576,0
-1.2589023,-0.3399072,0.5046074,0.66343725,1
-0.6592175,-0.21592122,-0.22911209,-1.1841118,0
1.422574,-0.16139966,2.300451,-0.18168963,0
0.3349723,0.5108322,2.048652,2.6381183,1
-0.58436406,0.033813447,0.23188505,2.181307,1
2.1953356,-0.58873653,0.28150186,1.2542098,0
0.29895735,-0.5214399,0.25966018,0.19471185,0
-0.8960255,-0.5459846,-0.95359194,-0.67973983,1
0.19177458,0.69588745,0.566056,0.117396295,1
0.7232688,-0.24695525,1.2604852,-0.02149151,1
0.5947148,-0.27097842,2.464975,3.7031207,0
-0.75615853,1.4908882,-0.22340219,-0.03302791,0
0.1764412,0.08542289,0.92123944,1.131049,0
-0.62383604,-0.33175325,-1.0138069,-0.08789772,0
0.29327506,0.20605022,-1.3961595,-1.1646221,0
-1.1366549,0.031128794,-0.40188268,2.3067222,1
-0.2799613,-0.2572587,1.2452143,0.23889159,1
-0.13021134,-0.45336014,1.1318105,0.18699946,1
-0.87318224,0.17505667,-0.33526847,-0.15948245,0
1.054776,-0.13102064,-0.29007626,0.56703806,0
0.20477164,0.8095243,-0.106972136,0.051744264,1
1.0112844,-0.44075537,0.9546287,0.20463999,0
-0.6367748,0.5196967,-0.24138379,0.8514118,0
-0.10200781,5.5515075,1.6936483,4.729802,1
1.3257643,3.2604308,0.3163281,0.30783147,0
-0.076579735,1.0909278,0.041909523,0.7644216,0
0.46437234,-0.107010886,-0.37026685,-0.3024695,1
-1.915976,-0.8085182,-2.011768,-0.7834364,1
-0.9733031,-0.5337851,0.45724297,-1.2099152,1
-0.3558876,-0.0068035126,-1.2793998,-0.69903964,0
-0.35445574,-0.4438256,-1.2077564,-0.86967814,1
1.2070032,-0.75409114,0.044225536,0.103266895,1
0.28512293,-0.53346235,0.20503679,0.06331399,0
0.80271727,2.5580125,0.359635,0.93700355,0
-1.073508,-0.012650147,0.39256755,-0.41304466,0
0.33736128,-0.6026259,-0.33950594,-0.1687576,0
0.13986434,0.61376077,0.07686201,-0.37717357,1
-0.7624219,-0.28242117,0.26475567,0.26524803,0
-1.7524523,-0.39115337,-1.2926005,-0.98641527,1
0.67770445,0.63775694,0.7389716,0.6693101,0
1.0490053,-0.23249699,1.5084695,1.0427876,1
-0.3876553,0.08572303,0.24824105,0.7241851,0
-0.6707586,-0.4839242,-0.36732644,-0.29936722,1
2.117807,-0.65857625,-0.2018534,0.81722087,0
0.88578075,0.0024107695,-0.094701976,-0.21448809,0
1.0234234,-0.9296571,1.7214963,0.25421113,0
0.73016554,0.5122181,1.7878523,0.3929126,1
0.21136567,0.33385754,1.0106,1.0562286,1
1.231989,-0.76990616,-0.9568297,-0.4624209,0
-1.2831993,-0.18075979,-1.0151166,-0.05278343,1
0.17006187,-0.30522013,1.4793032,-0.9527767,1
-1.6948862,-0.69892114,-1.0801928,-0.47327214,1
0.24730968,-0.33964193,0.018292159,-1.0360025,1
-1.2985756,-0.46528208,-0.64065796,-1.0585395,1
-0.8182429,-0.43266493,-1.5348577,-0.8825524,0
-0.095360965,-0.6691004,-0.78834534,-0.803549,0
0.20633352,0.24720171,1.0301818,0.04329301,0
-1.3908632,0.22585826,-0.027252316,-0.64561164,1
0.50243056,0.30469275,0.59120846,0.18829858,0
-0.36963862,1.6929729,1.3728561,0.42011157,0
0.9072269,0.05668895,-0.08419221,-0.6860013,0
-1.37261,3.5215974,0.8294206,-0.09622821,1
-0.41365078,0.39633292,0.7054834,1.6052583,0
-1.6437684,-0.8437414,-0.56891346,-0.65733784,1
1.4840318,1.4081554,-0.906149,0.49668726,0
1.635896,-0.8035989,-0.83848274,-0.7544573,0
-1.2410269,-0.11902419,-0.235964,-0.37548968,0
0.6805711,0.0146541,0.86496866,-0.31825826,0
1.2646861,0.083995834,0.8209214,0.55328536,1
-1.0421579,0.17368302,-0.1268374,-0.6180737,0
-1.7117676,-1.0142782,-1.0400653,-1.3053219,1
1.5972234,-0.5258812,-0.7650328,-0.6575614,1
0.71308875,0.3043644,1.1631138,-0.10855101,1
-0.24675101,1.7852639,0.5766851,0.34702694,0
-1.74708,-0.77423227,-0.56177163,0.17733718,1
1.0663335,1.5414255,0.5095265,2.1326268,1
0.8088875,-0.5193436,0.26621878,-0.12030636,0
0.65829194,2.8490129,0.8487079,0.013418049,0
-0.5236947,0.020746768,1.7546569,2.3636363,0
1.4130116,-0.28684017,0.46521434,-0.056497544,0
-0.07839671,-0.64295286,1.6140896,-0.21472754,1
-0.5655789,-0.6546678,0.67156506,0.072782755,1
-0.78171283,-0.8055606,-0.20984861,-0.85125524,1
2.652079,0.5350633,-0.21038431,0.22810976,1
-0.29325685,-0.30895954,0.34750953,-0.9825587,1
-0.17368716,-0.78139424,-1.3265983,-0.9285499,0
-1.2882464,-1.0810229,-1.0503495,-0.55446327,0
-0.21609987,0.7168482,-0.2992408,1.0733716,1
0.70433784,-0.6367021,-0.62972647,-0.6046715,0
1.3782877,-0.6104642,-0.22890717,-0.773312,0
-1.5584772,-0.94692695,-1.656075,-0.475268,1
-1.3413547,-0.2476534,-0.60939026,0.77928007,1
0.41763452,-0.4234439,-0.4333381,-0.20238258,0
0.6078864,-0.678651,1.0562167,0.6873924,1
-0.66291964,-0.0077106506,0.24974003,0.04261766,1
0.7361804,0.12306459,-0.894382,-0.7322627,1
-1.8630286,-0.6004842,-0.94074523,-1.1099199,1
-0.27250236,0.47628608,-0.42682296,1.2078075,0
-0.4926301,-0.45063478,-1.3492687,-0.7219673,1
1.1078655,0.55419433,-0.70347506,-0.26650837,0
0.64264023,-0.11903242,2.0817995,-0.010002654,0
1.175441,-0.29355162,-0.15903294,0.5009727,0
-0.8620305,0.057451785,0.020094335,-0.17826076,1
0.7937254,0.46592447,-0.5644745,0.6769367,0
-0.19187248,0.56463456,-0.97132796,-0.083099544,1
0.7019006,-0.3217378,0.7993781,0.83491,1
-0.5449943,1.0381923,0.60722196,0.71231943,1
-0.11250445,2.400616,3.1350615,2.4092848,0
0.19587556,-0.14406475,-0.41355696,-0.74478537,0
-0.964682,-0.38578764,0.032226212,-0.69273347,0
3.2454941,0.53399515,-1.1172976,-0.63025165,0
-0.2758267,-0.25660643,-0.8668007,-0.6723703,1
2.069046,-0.33860424,-1.051293,-0.17047256,0
-0.034771323,1.1439457,0.48616162,2.5899823,0
-0.0777371,0.6479451,-0.10423893,0.7581473,1
-0.88420415,-0.22652552,-0.43705106,-0.9222996,1
-0.9306268,-0.8501997,-0.27226707,-0.87718725,1
0.21423005,-0.31863132,-1.1372828,-0.1860174,0
0.13666627,-1.0956347,-1.1409029,-0.74778056,1
0.7586583,-0.8149682,1.61549,2.751043,1
-0.42430347,0.25346202,0.6671777,-0.10036315,0
-1.8165914,-0.23297529,-1.0733408,-0.68988895,1
-0.48064736,-0.98186004,-0.45043966,-0.038386002,0
-1.361749,0.23729181,1.8178167,-0.66775733,1
0.48299366,-0.16259325,0.4186331,0.030566927,0
-0.4223265,-0.521914,-1.2224481,-0.93495977,1
-1.1922588,0.004623845,0.09429511,-0.45628944,1
-0.9609855,-0.8076366,-1.0716836,0.7354263,1
-1.6145203,-0.7254823,-1.3303818,-1.0434564,1
0.6240467,-0.19485198,0.20645197,0.32994914,0
1.0178235,0.79610324,0.35821876,0.84075296,0
-0.48277682,1.6570803,1.1368799,0.8081699,0
1.5774873,0.60693187,0.43306813,-0.4642902,0
1.3374331,2.2763128,0.21140821,0.15479179,0
-0.8060887,0.39207286,0.036820337,-0.13226888,0
1.1821855,-0.3648588,-0.58138955,-0.15921657,0
-1.3958818,2.449502,0.49307796,1.5743958,1
-0.5363116,-1.0487565,1.3855412,0.13042326,0
0.13479966,-0.41602033,0.4785086,3.4810457,0
1.382956,-0.6036424,-1.3497301,-0.9493366,0
0.48276743,-0.6030843,0.34635144,-0.5933569,0
-1.3899341,0.8373648,0.40222326,0.81290656,0
-1.4848806,-0.79560626,-0.7633894,-0.21024406,0
-0.015857534,-0.51308334,1.2040331,-0.2713887,1
-0.5739435,-0.03413546,-0.8845695,-0.89054614,1
-0.8209019,-0.356003,-0.9274347,-0.639657,1
2.1734793,-1.2509501,3.0066144,-0.7844488,0
-2.0095654,-0.4138506,-0.9153025,-0.9262665,1
1.8563505,0.384564,-0.5484704,0.30869818,0
-0.12960914,0.28309292,-0.039197713,0.024519276,1
0.41880694,0.20095246,0.8139404,2.5517962,1
1.9171095,0.2832423,0.9901364,-0.23762353,0
-1.5799875,-0.5344891,-0.047124907,-0.5573477,1
-0.5944233,-0.71537215,0.68802583,0.17864442,1
1.6060594,0.6158722,-0.2397134,0.7803672,0
-1.0560238,-0.33798364,-0.29830137,-0.87251884,1
0.29716283,0.7190103,-0.1534109,0.101894885,0
-0.5915439,-0.86802936,-0.38238087,-0.82212245,0
0.15232643,0.19517058,1.7953225,0.4815351,1
-1.3495123,-0.15194172,-0.7997415,-0.8300576,1
0.9557247,-0.69730973,1.191604,2.2549715,1
-1.3672849,-0.19893058,0.28061464,0.33716303,1
-1.5433192,-0.30371222,-1.4957254,-0.9243646,1
1.088601,-0.315826,-0.62526536,-0.92995524,0
-1.5058668,-0.44690788,-0.6159252,-1.1364667,1
0.6943117,0.32514533,0.029656135,-0.020017417,1
-0.42994538,-0.7032476,0.9015722,-1.2319859,1
-0.03344071,0.19489717,0.9736297,1.0910722,0
-1.670553,-0.07540341,-1.349742,-0.72439504,1
0.29315975,-0.15174775,1.2261063,1.0448618,1
1.2860489,-0.6523377,-0.9141564,-0.62571293,0
0.09291327,0.8002792,0.44417492,3.3046672,1
-0.81843424,0.17829674,0.18302292,-0.69449043,0
-1.3140005,-0.25566965,-0.2771573,-0.78329897,1
1.6591396,0.5537399,-1.4342756,-0.84792423,0
-0.32489496,-0.84093606,-0.487821,-0.7987771,1
-1.0472909,-0.45140296,0.04124306,0.9574347,1
0.7489829,-0.44667786,-0.0028353408,-0.69154954,0
0.9476024,0.25475076,2.136295,0.66824985,1
0.21375282,0.29348224,1.3389649,6.9138155,1
1.5364873,-0.7161772,0.8299421,-0.58878946,0
-0.08956655,0.22320989,0.52220815,-0.22749701,1
-0.22832437,0.30762774,1.9058251,0.27130184,1
1.1319526,-0.9140363,1.4031216,2.1628819,0
0.6504083,-0.3284597,2.3783133,0.78875655,0
-1.1258295,-0.44832626,-0.53496563,-1.1198386,1
1.0710137,-0.5654408,-0.28895923,0.7312387,0
-0.4872023,-0.30351502,0.55937886,0.64696085,0
0.8653294,-0.28502727,-1.2545104,-0.6743576,1
0.44219476,-0.421942,-0.7951766,0.084968716,1
0.26009342,-0.41941285,-0.1371048,-0.26131395,0
-1.8537148,-1.2696923,-1.2271605,-0.5582822,0
0.034302548,-0.5555753,-0.07308324,-0.82281107,1
-1.0336418,0.14694136,0.27884212,-0.09389731,1
-0.09911896,0.013458818,-0.6430851,-0.24891244,1
1.6069725,0.09518738,1.1540145,2.9594154,1
0.20611247,-0.78473043,-0.8601438,-0.41824257,1
-0.76902956,-0.29463148,-0.9037235,-0.7617602,1
0.37160903,-0.35953236,-0.69579524,-0.90932196,0
0.6563694,0.033215057,0.6663558,0.6348079,0
1.2157559,-0.52851593,-1.2457714,-1.0505302,0
2.1144185,-0.5541681,0.36619198,-0.872368,0
-1.6099461,-0.4922296,-0.7666588,-0.75810176,1
0.36879483,0.25945342,0.26180476,-0.46568754,0
-0.86286503,0.28724363,-1.0759395,-1.1560259,1
-0.061899804,-0.83573264,-0.5117246,-0.082381815,1
0.48339522,-0.5835012,0.3777015,-0.02549735,0
-0.699348,0.234233,-0.92890656,-0.0014262833,0
-1.5191033,-0.83637995,0.5812041,0.43257993,1
1.3901485,1.4886557,1.1400898,0.7593987,1
-0.3600381,0.27139053,-0.96923274,-0.829898,1
-1.088765,-1.1486267,0.16940978,0.22747858,0
0.2271963,0.76278055,2.2017658,1.3333551,1
-0.32910615,0.7627945,1.0936657,2.1749816,1
0.5838138,-0.8312705,0.6533121,-0.47064453,1
0.023295075,0.9397763,-0.252593,-0.6798795,1
-0.9832573,0.31359398,0.25140068,0.9795731,1
-0.22815335,-0.7001891,-1.3417455,-0.84260195,1
-1.021634,-0.24170278,-0.41578168,-0.8130669,1
0.520792,0.13278134,2.6386752,-0.3611284,1
-0.47415954,-0.68644476,-0.7982037,-1.2034092,1
-0.6672991,1.048515,0.6794659,0.78356546,0
0.31104776,-0.48395345,1.359317,2.890606,1
0.6169171,0.18782061,1.5666403,0.9579166,0
0.3128485,-1.0853467,-0.46748847,0.11692099,1
0.16860428,-0.7364155,-0.29970896,-0.26479632,1
0.20924222,0.8064876,1.1577523,-0.13222268,1
-0.83722055,-0.19849578,-0.32707712,-0.4720814,0
-0.5651057,0.12325462,-1.079178,-0.88295054,0
1.7117206,-0.26479948,0.20078364,-1.0367953,1
0.76625836,-0.23098174,3.2489603,2.1877382,0
-0.43759894,-0.53688174,-1.5009792,-1.0258425,1
-1.2928715,-0.47297063,-0.76074326,-0.8151491,1
-0.3189746,1.0911458,-0.2794767,0.0554082,0
0.01192816,-0.66127414,0.6350031,0.38084206,1
0.041236863,-0.21207874,3.7262626,-0.33663708,1
0.182855,0.34613279,0.8053889,0.37248358,0
1.006289,-0.3237708,-0.7633761,-0.7126028,0
-0.9883394,0.08104803,-0.18650448,-0.37940046,1
1.2182559,-0.9852873,-0.51846474,-0.62626636,1
-0.115475565,0.10307753,1.0276589,0.09553717,1
0.6994897,-0.7355514,0.2549916,-1.005908,0
-0.49102777,0.039379478,0.04761209,-1.0792004,1
-0.8143833,-0.19696379,-0.49430388,0.7235456,0
0.102618456,-0.91668874,-0.7640427,-0.67302614,0
0.88577366,-0.3309167,0.14595422,-0.016502727,1
-1.0178542,-0.10234535,0.2941714,0.82806367,1
1.018133,-0.7695823,-0.3826069,-0.8194861,0
0.8238783,-0.2746063,-1.752288,-0.872151,1
-0.015203983,-0.1032527,-0.08179438,0.2739745,0
0.20906419,0.20049371,2.1099172,-0.12409748,0
-1.2592798,0.50967485,-1.2922856,-0.7786013,0
-1.4387571,-0.53463525,-0.68600756,-0.03548777,1
0.36601752,0.19153297,1.6760844,-0.29750258,1
-0.9646136,-0.34379643,0.051192507,0.30013385,0
0.44508576,0.021614447,-0.3587069,-0.733494,1
-0.73673475,5.522459,0.8252297,2.3695304,0
0.18719223,1.0814235,1.5319068,0.7762609,1
-0.6249442,-0.0020167828,-0.53903306,1.2602766,0
1.5269969,-0.716185,-0.2877803,0.051418174,0
1.5647027,0.8389069,-0.1032621,1.5424019,1
0.8249897,-0.11854593,-0.6404079,0.600881,0
0.24929327,-0.9377531,-1.3866196,0.012790944,1
0.5287342,-0.46302587,0.4956191,-0.0638264,1
-1.0118585,-0.524651,-0.86744183,-0.95511276,1
-0.60601044,0.4917494,2.8359916,0.9500544,0
-1.5984527,-1.105235,-1.4409385,-0.8912877,1
0.6044808,1.0202188,-1.2425796,-0.6638365,1
-0.26409778,-0.29522428,1.336928,-0.057674773,1
0.71813494,-0.16861926,-1.4585779,-1.1175967,1
-0.2733637,-0.108751096,-0.014038622,1.1116047,0
0.51222193,-0.030502498,0.52322024,0.16532291,0
-1.561063,0.37612697,-0.0023712814,0.5821891,1
-0.22713467,-1.3745874,0.70342314,-1.0486649,1
-1.2910069,-0.59646845,0.3565283,0.52922475,0
-0.8098439,0.23273814,-0.64724886,-0.89115685,0
0.4321205,-0.10108055,-0.80723304,0.94316876,1
0.3501781,-0.027117383,0.6358418,-0.24196646,1
2.4521139,-1.0878104,-0.98558813,-1.0409019,0
-0.43448395,1.0683082,0.47969404,1.7620242,0
-1.0448925,-0.04642871,-0.035104096,-0.16070922,0
-1.2112445,-0.78004277,-1.216264,-0.6470078,1
1.880571,0.67288953,0.5310803,-0.83781433,0
-0.12305546,-1.0486697,-0.91087455,0.051165838,1
-0.73815,0.92218316,1.8453562,1.58444,1
-0.75422204,-0.37486616,-0.8431411,-0.7681282,0
2.249861,-0.035744548,0.29118854,0.23590727,1
1.4934686,0.12844212,-0.07974321,0.22360162,1
-0.45519018,-0.829619,-0.9584727,-0.1196537,0
-0.5327832,0.49626255,0.12797084,0.31226325,1
0.16609403,0.15610206,-0.47702008,1.1183136,0
0.65981,-0.3798741,-0.3529179,-1.4821424,1
-1.9618495,-0.31787512,0.78359234,-0.7283889,1
-0.90741694,-0.08308463,-1.6005669,-1.1234219,1
0.062499255,0.63389534,-0.33684373,1.3758147,0
-0.72295964,-0.05701124,-1.7997829,-0.4328168,1
-0.28638554,-0.08150678,0.41516593,0.2760488,1
2.1044996,0.025600113,1.4701303,0.75942177,1
0.49066275,-0.2051673,2.1452408,1.0270677,0
-0.49420315,-1.2183795,-0.036386594,0.9839977,0
0.12102738,-0.4893683,0.110086754,1.5410194,1
-1.7610139,-0.50958204,-0.27415287,-0.43498158,1
-0.68788165,-0.92364484,0.09938663,-0.7776975,1
1.1185628,0.44251478,-0.9370365,-0.092530765,0
0.59338206,-0.5059726,-0.8246906,-0.46693978,1
2.358277,-0.36285484,0.68001115,-1.1366386,0
0.014840037,7.431727,-0.33507395,-0.23101339,1
-0.99154526,-0.4942149,-1.4242625,-0.8010777,1
0.5066547,-0.09502292,-0.75928175,1.6720177,0
-1.1287876,0.2898448,-1.2673417,-0.30767828,1
0.1938834,-0.63688505,-0.102962956,-0.53726137,1
-0.55312085,0.4772529,-0.12719724,1.0994096,0
1.0414709,0.35318542,-0.048389196,-0.36023167,0
2.2639508,-0.94790876,3.333748,-0.59594643,0
-0.0414083,-0.4205808,0.00054329634,-1.0840892,0
1.0234795,0.87407845,-1.1763564,0.077256024,1
1.3874216,-0.5927731,0.5269862,0.1947919,1
0.56651497,-0.32012123,-0.3018075,0.1683129,0
0.6911149,0.15917173,0.63091123,0.9905042,1
1.3971938,-0.463772,0.797003,-0.66434395,0
0.001656279,0.4822287,0.9320451,0.6354644,1
-0.3610853,0.15041465,-0.95925003,0.0065762103,0
-0.86076343,0.48653835,0.5167595,-1.1188388,0
0.9193204,0.2706465,0.21076813,0.54441273,1
0.317293,-0.44019088,-0.5535374,-0.1022367,1
-1.4525647,-0.12795958,-1.0966532,-1.0421802,1
1.0098965,2.1365826,-0.05302063,1.521457,0
0.513935,-0.67227936,0.22915755,-0.8161089,0
-0.18442193,-0.79401153,0.096637025,-0.78712857,0
1.4518111,0.41748846,-0.09944424,0.8809173,0
0.7027576,0.18859112,-0.6151482,-1.0957403,1
0.10216285,-1.0578067,-0.9301599,-1.130575,0
-1.5696242,-0.14652331,-0.9854947,-0.7444602,1
0.065971196,-0.4962654,2.9425573,-0.10255578,1
-1.0140276,-0.52884686,-0.0068221465,-0.87641984,1
-0.08187319,-0.5529359,0.2813646,-0.07916094,1
0.74001086,-0.25625998,0.631052,0.50974935,1
-1.362741,-0.90910715,-0.6109784,-0.48098063,0
0.33158952,-0.97303855,-0.5156084,-0.30732593,1
0.4599455,-1.0982748,1.8225368,-0.6663292,0
-0.028194368,-0.81209415,-1.67513,-0.61067814,1
-0.96357226,0.6142636,-0.54865646,0.81611186,0
0.41995806,-0.034289405,1.8164206,0.02442791,0
-0.9954024,-0.34980735,0.32733005,0.13822931,1
-0.04929366,1.0628259,0.0013840944,-0.26910082,1
-0.58580106,-0.14858241,-1.0174849,-0.7259428,1
1.1985692,0.074281216,0.48665679,-0.0075930078,1
-0.54014266,-0.6301484,-0.6510823,-0.5214364,1
1.1541317,0.1870174,-0.5796312,-0.6687781,0
-0.21143246,-0.32498223,-1.7045487,-0.85208786,0
-0.08098635,-0.20921823,0.070396125,-0.106075495,0
-0.44320253,-0.5338354,-0.30087,-0.2458853,1
-1.08233,-0.038196966,-0.38622135,-0.8337387,1
-2.0374448,-0.88621444,-1.1895065,-0.7645743,1
1.2084335,0.51580846,-0.45794842,0.59643686,0
-0.39564002,0.16128191,-0.26571548,-0.032259885,0
-1.2982024,0.095616765,-0.42925102,-0.81455076,0
-0.7113886,-0.11917904,0.24607284,-1.1501658,1
0.59068644,-0.6788064,0.45478788,1.9201652,1
-0.045732345,0.11569032,-0.73202205,0.026328128,0
-0.91028154,-0.5160438,0.029417515,0.8196528,1
0.19241509,-0.38007027,0.60884273,-0.4754533,0
-0.14813504,-0.5189546,-1.6886593,-0.8421065,0
0.12038512,0.29934376,-0.76404506,-0.99501866,1
-0.6926682,0.7109361,3.6542203,11.049624,1
-1.1046267,0.014869332,0.17133233,-0.009183727,0
0.14525247,-0.01845549,-0.02115912,0.9065557,0
1.2259455,-0.12422967,-0.38799873,0.07064019,1
-0.12467717,-0.19896793,-1.2768419,-0.88387823,0
-0.57906425,-0.17234783,-0.68632525,-0.7635218,1
-1.0223235,-0.09345659,-0.4138092,1.0679511,1
0.7210735,0.69538283,2.566175,0.89321375,0
-1.47928,0.055893447,-1.0576177,-0.4933372,0
-0.33469737,-0.8082508,0.19955915,-0.24852283,1
0.4838772,-0.9420862,-0.025078356,-1.099613,1
0.039430767,0.17377064,0.5416842,0.53384703,0
-0.26272583,-0.7750671,-0.3745271,-0.33149466,0
1.1162131,-0.60729116,0.51706576,0.113876924,0
-0.78787637,0.14871946,-0.56816465,-1.0893329,1
0.052677795,0.885225,0.4323138,-0.6592381,1
-0.9938009,-0.06251686,-0.60068333,0.489046,1
0.02457048,-0.9247024,-0.49853575,-0.70409656,1
-0.9477091,-0.41515678,-0.2647563,-0.627921,1
1.9756651,0.46071213,1.1773353,-0.54505813,1
0.8011422,-0.37159663,-0.035098862,-1.0850996,1
0.89219147,-0.037968732,-0.9482584,-0.03309665,0
-1.8036584,-0.9133347,-0.32743996,-0.11072534,1
0.84462595,-0.3530989,0.5174619,0.72422063,1
2.8229105,0.10308418,3.7436326,0.18413495,0
0.24674642,-0.24511899,0.048884608,0.82269496,0
-1.3687087,-0.30452368,0.106193244,-1.1166837,0
-0.7088431,-0.101347014,-0.96082103,-0.35981473,0
-1.0795051,1.4798768,1.173398,0.12102316,1
1.2484477,0.20439558,0.8085464,1.3812327,0
0.30312657,-0.22138564,0.26674983,0.34013647,0
0.992266,0.19223307,0.35456955,0.049441975,0
1.5227993,0.33047917,-0.30504107,0.30250353,0
0.5384086,-0.25467345,-1.6393346,-0.6714537,1
-0.08135997,0.28440624,0.30360702,-0.27871194,1
0.0697147,-0.37516308,-0.29295313,0.20019424,0
1.1584893,0.15163328,-0.48484096,0.43933913,0
-0.8331243,0.15462372,3.7098668,0.8174128,1
-1.5155557,-0.7428329,-0.21443966,-0.75728446,1
0.36474437,-0.4284867,0.78350306,-0.8703119,1
0.763771,-0.592613,0.091963075,-1.0438797,0
-0.8791152,0.36762506,-0.83543456,-0.91480523,0
-1.2298639,-0.46614724,0.22318582,-1.0624295,0
0.25405163,0.6706139,0.78000623,-0.16165398,0
0.6621082,-0.2562192,-0.88320845,-0.20147176,1
-0.5360362,-0.038074717,-0.78309083,-0.570184,0
0.40525165,0.39249286,-0.32212365,1.0950041,0
-0.8236443,-0.6871753,-1.1669656,-0.8237855,1
1.3553451,-1.1529444,-0.8318729,1.1345098,0
0.9000066,-0.25761744,0.26618093,0.23971914,0
0.20797457,-0.2593502,-0.18134516,1.0067894,1
0.5902082,-0.594636,-0.3448074,0.5243844,1
-0.75726736,-0.019434992,1.4633348,0.6378103,1
0.12178792,-0.3590155,-0.67366123,-0.23799807,1
-0.9326934,0.18528801,-0.43563044,1.0658004,1
0.62399936,-0.5059557,0.3921608,-0.03206255,0
0.65981793,-0.61916727,-1.464917,-0.86915916,1
0.50340796,0.3451953,-0.34325358,-0.87216675,0
-1.9041402,-0.940752,-0.7000872,-0.9506886,1
-1.3404387,-0.50144225,-0.75100434,-0.9088874,0
0.70948905,-0.33897272,-0.17573237,0.86858207,0
-0.009829134,-0.7753512,-1.0237312,-0.55100644,1
-0.7110626,-0.39634785,0.38275713,0.32649705,1
-0.49032772,0.08845424,-0.7333713,-0.7278296,0
-0.4013652,-0.6383228,-0.6656832,0.89181685,0
0.664071,0.42297027,3.2069983,0.19176346,0
0.26246536,0.15337643,-1.1753885,-0.12085368,0
-0.3724581,-0.35528603,-0.7434569,-1.188922,0
-0.35104373,-0.53702813,-0.30871046,-0.6869024,1
2.5639498,0.3909169,-1.1493309,-0.67938536,0
-0.30599988,0.09999761,-0.6357366,-0.17474413,1
0.81644654,0.8598823,-0.28879195,0.79243404,0
0.19865362,-0.8745704,0.67524844,0.7522253,0
-1.2448969,-0.7087257,-0.6811396,-0.5427778,1
-0.12259279,-1.5611115,0.2548391,-1.0813181,0
-0.86183774,0.6907388,1.5961093,-0.1454306,1
-0.418711,-1.1143202,-0.5918491,-0.035550315,0
-1.108506,0.030486118,-1.1322911,0.05160748,1
0.063920766,0.21518153,-0.8053878,0.28077865,1
-0.1751723,0.22872482,0.69965196,-0.16477656,0
0.5169923,-0.17424461,0.640266,0.45189,0
-1.1511588,-0.2917557,-0.14285971,-0.93185306,1
-0.32539234,-0.02156192,-0.85717857,-0.12550998,0
-1.0819111,-0.16388041,0.083618246,-0.52851903,0
-0.17985037,-0.42618716,0.29031155,-1.1424261,0
-0.8617073,-0.7676768,-0.34064266,-0.47107083,0
0.4645866,0.24913166,-0.67129886,0.62987256,1
0.18256049,0.3187077,-0.35724163,-0.082243785,1
-0.63506377,0.18985197,-0.67192835,-1.0404088,0
0.23727334,1.4814844,-0.21040341,-0.65675867,0
0.80585736,0.59492934,2.4130557,-0.0021792874,1
1.4297743,-1.0490196,-0.165638,-0.07949578,0
0.098249786,0.083538145,0.8302574,-0.009557081,1
-0.1772731,-0.24809273,0.920745,1.62506,0
1.6407557,1.457572,1.0483283,-0.12512699,0
0.63770604,-0.19328764,0.34859812,-0.09485254,1
-1.3385264,-0.5296462,-0.2523326,-0.10130249,0
0.83728766,-0.52841437,-0.0788928,1.6749078,1
0.7827605,-0.35104308,-0.5015086,-0.295761,0
-1.0644177,-0.59680295,-1.0250906,-0.83575064,1
-0.8205415,0.049257785,1.7121991,-0.34277186,0
0.5041545,1.0761586,-0.74129283,0.76753706,0
0.07452403,-0.5206879,0.4732561,0.7207674,1
-1.195373,-0.13012868,-0.8385286,-0.8230057,0
-0.012566097,0.45352677,2.6295013,0.56128174,1
-1.8550478,-0.9495237,-1.5780562,-0.9895153,0
0.045390397,-0.05512926,-1.4751859,-0.1417397,1
1.4200007,0.0070366524,-1.3664438,-0.9586637,0
0.4623912,0.47710168,1.2264194,1.3632486,1
-2.0703914,-0.36863703,-1.3059087,-0.7956461,1
2.0112455,0.42700815,1.1164165,-1.0133216,0
-0.06050566,0.097037844,0.19723666,0.71783257,0
-1.3139656,-0.25700516,-0.82090145,-0.93210626,0
2.2077184,-0.67105395,-0.56337535,-0.8768977,0
1.646543,1.5968084,1.0658962,0.019284591,0
0.8546794,0.47558492,0.05615496,-0.11754866,0
0.90756196,-0.24482521,-0.51532245,0.87588286,0
-1.4005966,-0.8795909,-0.9800812,-0.62911844,0
-0.21595722,0.12238628,0.9088672,0.7209218,0
1.2038897,-0.22518684,-0.18622553,-0.9480469,1
-1.3981994,-0.7567146,-0.4921153,-0.96491385,1
0.04958138,-0.37391204,1.3399172,0.2236604,0
0.583178,0.25414187,-0.25080428,0.20274433,0
0.5865577,-0.6225259,-1.3831639,-0.88156056,1
-0.42919505,-0.100819185,-0.5654703,0.86215866,1
-1.36272,1.1264594,-0.37260517,0.042786304,0
-0.31296307,-0.32265761,-1.3423316,-0.61433643,1
-0.37348503,0.07379499,-0.70637834,-0.2828809,1
1.2830591,1.0378059,1.6507682,0.111961186,0
3.3283057,-0.14735162,-1.1864965,-0.89688414,0
-1.0584631,-0.9963882,-1.0217237,-1.1242833,1
-1.1898465,-0.30319387,-0.34675106,-0.7614496,1
-0.04621327,-0.26226258,-1.5499406,0.2291603,1
0.08434403,0.17398758,-0.061057836,-0.09603764,1
-0.19334278,-0.25150612,1.447262,0.019049335,1
0.65846455,0.47768438,0.3924708,0.11359036,1
0.291897,0.18604283,0.17022574,0.66430473,1
-1.4482921,-0.8671353,-0.56020254,-0.69728076,1
0.22885787,0.25435084,2.194523,-1.332002,1
-1.0844687,-0.39703164,-0.80422217,0.14731485,1
0.88444275,-0.57772446,-0.73412454,0.1697495,1
0.63685256,-0.13415122,3.0214138,-0.042919345,1
1.4298398,3.1846244,-0.451941,-0.10411197,1
0.31424662,-0.3252534,-1.0880679,0.010113686,1
0.09963259,-0.75101125,-1.6612221,-0.803403,1
1.0526267,0.011104837,-0.23563275,1.4394034,0
0.72528857,1.6625352,-0.7437427,0.42183152,0
0.4084639,0.2954513,0.7863672,0.45155486,0
0.9218003,-0.536974,1.128174,0.6671358,1
0.6152759,-0.30840927,-0.422288,-0.7528395,0
-0.3321929,1.3597598,-0.0017526746,0.13779615,0
2.2690547,-0.38412273,2.7656438,-0.8787306,0
-0.33905998,-0.633671,0.6832194,-0.0012961961,1
0.9243574,0.95962524,0.13529384,1.876498,0
-1.1021935,-0.24379249,-0.41919133,-0.7262141,1
0.6592225,0.37419736,0.07738458,-0.046294555,0
-0.44501784,-0.68522656,-0.27489987,-0.045182403,0
-1.333702,-0.69475824,-1.0254066,-0.849899,0
-1.4722403,-0.4944503,-1.3752999,-0.6749465,1
-0.25074488,-0.17796694,-0.41273898,-0.47671786,1
-0.4773687,0.5601651,-0.06516293,0.39465094,0
0.16836771,-0.11703919,-0.676995,0.8868865,0
1.888082,0.62714297,-0.8129227,-1.0530545,0
-0.0989538,-0.24989066,0.35705823,0.72058064,1
1.7711405,-0.6703923,-0.2869165,1.5853987,1
1.7039503,-0.01494883,2.4179611,-0.022311242,1
-0.54745454,-1.2056442,-1.7282643,-0.6492017,1
-1.480359,-1.191966,-0.8912914,-0.45159015,0
-1.7068101,-0.61059046,-0.70738834,-1.0332257,1
0.15927151,0.59434074,0.46390122,-0.16052139,1
0.033478383,0.524861,-1.0211266,-0.21689612,1
0.39057127,-0.28965765,-0.41901875,0.1564125,0
0.29858115,0.63208777,0.4012326,0.8843401,1
2.0552862,1.5626192,0.8203623,-0.019136596,0
-0.27484813,-1.1394979,0.4775596,-0.9676811,0
1.9784688,-0.11439375,1.6546211,0.38126802,1
-0.74794006,-0.008483946,-0.4630889,-1.1059128,1
-0.95979,0.024227217,-0.75486124,-0.52287555,1
1.3942307,-0.2902009,1.7659584,-0.6998589,0
-0.7426915,-0.24688882,-0.4595946,-0.8559858,0
-0.8200364,-0.42451286,-0.98201823,-0.88512564,1
0.18181261,0.37370813,-1.0314329,-0.7592034,0
-0.3781478,0.032631382,-0.3834982,-0.034564678,1
0.23973356,-0.54419076,-0.091724075,-0.90191895,0
1.0657607,0.7000832,1.0330547,-0.07827152,0
-1.0177252,-0.5089083,-1.5829432,-1.2412057,1
1.0890617,-0.8292859,-1.3458607,-1.0621257,1
2.436569,-0.5459194,0.5623752,-0.41907412,0
-1.1312095,0.14819285,-1.2871699,-0.10677415,1
-1.6211565,-0.9911909,-1.7500079,-0.5221497,1
1.4274825,-0.49466243,1.2251097,1.931598,1
1.735421,-0.39922625,0.55319005,-0.9131662,0
-0.68557894,-0.44544923,-0.16604763,-0.31386262,1
-0.20212665,0.1525252,-1.2193812,-0.9416887,1
-0.1494607,0.0020559058,1.2496434,-0.33796024,0
-0.04576055,0.68886524,0.05492705,-0.20798358,0
-1.0499398,-0.10312863,-0.9602314,-0.14550005,0
-0.44981655,-0.055567384,0.45981088,0.019031413,1
-0.6507243,-0.24403492,0.011455864,-0.24938236,1
-0.45628428,-0.7628416,0.061760746,-0.75918657,1
0.6485553,-0.32389605,-0.2697512,0.9184756,1
1.185544,-0.119964115,1.5978427,0.29191408,1
2.3553958,0.20031193,0.021560073,-0.49716884,0
-0.23868829,6.949748,-0.99751365,-0.24062848,0
-1.4028798,-0.2889052,0.47327206,-0.8215356,0
-1.3033422,-0.57784474,-1.0770493,-0.69219536,0
0.6465078,-0.012753263,0.038206544,-0.058325693,1
-0.2758156,-0.27081728,-0.17603084,-0.122968554,0
-0.68531644,-0.09747533,-0.1223671,-0.7054839,0
-0.06833255,0.7204556,1.4569571,0.49410093,1
-0.046830446,0.03689828,-0.6300862,0.18043362,1
0.40594882,-1.1242442,1.5674435,-0.29811084,1
0.12154701,-0.32784742,-0.8780185,-0.8954959,0
-0.72815555,-0.1735996,-0.065364584,0.5055785,0
-0.76423264,0.1172415,0.7444172,-1.3471975,1
0.13862312,-0.11132556,-1.198387,-0.4583577,1
0.048828304,0.30197287,0.95896524,0.8291702,1
0.46289098,-0.819268,-0.8467157,-0.9122294,0
-0.3192006,-0.10709046,-0.83546257,-0.6293011,1
0.23409072,-0.039277494,-0.2547186,-0.7256979,1
-0.7103686,1.4475714,0.3814928,0.14818509,1
0.6670847,-0.70195544,-1.1522084,0.19433747,0
0.19244891,1.6036688,-0.57395124,-0.44328687,1
-1.2613801,0.33064187,-0.19880837,0.73323345,0
-1.0343859,-0.017439157,-0.7788517,0.65851474,0
-1.3792673,-0.23175193,-1.4600114,-0.79321855,1
0.42345256,-0.33523804,-0.82871175,-0.9077754,0
0.6403961,-0.40334147,-0.13530618,0.07589297,0
1.1627051,-0.29436806,2.187888,-0.017880306,1
0.0710334,1.246546,-0.5859787,-0.9361425,0
-0.5296739,1.2266526,1.4273195,-0.41488627,0
-0.04439351,0.7579664,0.045465317,0.86210227,1
-0.316545,-0.9328922,0.8746141,-0.2289908,1
0.57596505,1.1458805,1.132878,-0.2819532,1
-0.5154787,-0.004545644,-0.83546877,-0.15734106,0
-0.43446356,-0.7138058,-0.077664115,-0.72889286,1
0.16365421,0.013581265,1.2960011,1.5700365,0
-0.09883748,-1.0651199,-0.8499144,-1.0306698,1
-0.5700414,-0.20393029,-1.0362172,-1.0122088,1
0.75015163,-0.5815504,1.0679605,-0.35535568,1
-0.7966397,-0.6305003,-0.93637776,-0.78128767,1
-1.6269876,-0.20542774,-1.4948632,-0.99101156,1
0.19018775,-0.35187572,-1.2259066,0.26694843,1
-0.23470165,-0.43830338,-1.2562728,-0.21411996,1
0.8481667,0.73069537,1.2826291,-0.04724243,0
1.9175674,1.1249757,1.1418034,-0.99936384,0
1.4222248,-0.22041377,1.8160647,0.036374103,1
-0.6813517,0.6258648,-0.16012856,1.729536,0
0.11102832,0.58894724,1.1572013,1.2562076,0
-1.1497366,-0.016272798,0.62389463,1.9404132,1
-1.2311504,0.4253302,-0.51949257,0.59442455,1
-0.63012105,-0.01843907,-0.5144834,1.267693,0
-0.15115649,-0.8675909,0.25324628,-0.7538677,1
0.5090333,2.6658883,3.3299236,2.340232,1
-0.21722552,-0.11342056,0.17800066,-0.48079237,1
1.6752936,-0.22921218,-0.35062206,-0.83611965,0
0.8244835,-0.7133016,-0.095076635,-0.116741166,0
1.2815255,-0.2068919,1.8419911,-0.15258662,0
1.9747951,-0.11769568,1.63892,0.84845346,1
-1.5032312,-0.39647326,-0.2520566,-0.8589746,1
0.4883113,-0.11872809,-0.13724424,0.30872825,0
0.5202057,-0.8211999,-1.6546142,-1.1341065,1
-0.7609318,-0.4375013,-1.5307245,-0.790386,1
1.2998147,0.8727539,2.0692914,1.1042602,0
-1.3963354,-0.7507062,-0.099325225,-0.4990699,1
2.3357105,-0.11447629,-0.8913428,-1.2557182,0
-1.1960495,0.112877674,-0.7619817,1.611027,1
-1.0938723,0.17800352,-1.5564275,-0.5140078,1
2.9196677,-0.9930673,-0.9875058,-1.0606236,0
-0.18844613,1.5508597,-0.2644649,-0.06727603,0
-1.1731144,-0.34391528,-0.046441466,-0.25403258,1
1.3910303,-1.0322894,-1.022202,-1.2038325,1
-0.59073687,0.019878365,0.71683645,0.3285621,0
-0.39387763,0.0770288,-1.0930797,-0.62184453,1
-1.4535708,-0.19842997,0.5490757,-0.8633477,1
0.8298937,0.38635227,0.35154793,0.7232621,1
-0.51811004,-0.2174764,1.387034,0.65295964,0
-0.6786505,0.3990298,0.17255214,-0.97012466,0
-0.1437716,3.2081175,0.20046851,-0.09972425,0
0.45076925,0.9610727,-0.3955859,0.15081933,0
1.6209437,-0.6435568,0.019169778,-0.86972886,0
-0.994861,-0.7958931,-0.29738715,-0.6723804,0
1.0378914,-0.3927245,-1.3442634,-0.54860985,0
-0.22687703,0.19295648,-0.028050974,2.443465,1
-1.6997375,-0.8079326,-0.8637707,-0.6389711,0
-1.6440257,-0.6976203,-1.4502692,-0.31273812,1
0.9512598,1.7665038,-1.1029501,0.7448601,0
-0.16685069,-0.23187065,0.33489826,0.66612554,0
0.48565322,1.0026611,1.6641707,5.4251366,1
2.1411521,-0.58295846,0.8410645,2.421757,1
-0.57544833,-0.35288155,-0.4315575,0.07390268,1
-0.074805476,1.6481006,2.0691378,-0.08213049,1
-0.45927984,1.1069256,1.1098785,3.4010727,0
0.082654,-0.06267846,-0.0047837496,0.18620466,1
-0.29808742,0.31244734,-0.39860097,0.96671,0
0.41677752,-0.1323718,-1.5045674,-1.1171393,0
0.26483727,0.26054567,-0.2170031,0.7750372,1
-0.9314985,-0.32590598,-0.6886841,-0.06500824,1
0.20799656,-0.5574175,-1.1990192,-0.6736214,1
0.061374005,1.5306897,0.43043423,-0.10382964,1
0.74951386,-0.16883804,0.29288244,1.4329008,1
1.6661704,0.16538474,-0.16980422,0.039568465,1
1.6190437,-0.46641076,-0.70180887,-0.608456,0
-0.30966958,0.03511653,0.09284872,3.9145122,1
-2.1717553,-0.63845223,-0.5919381,-0.58949625,1
-1.2940439,-1.3580732,-0.14179641,-0.88743746,1
-0.013473045,-0.018560112,-0.45896286,0.7909542,1
0.57103455,-0.24172498,-0.9980687,-0.15419622,0
0.12288642,-0.19947402,-0.8234406,-0.058995225,1
0.38246182,0.19154859,-0.050044,-0.07951099,0
-0.7042539,-0.4109469,0.07116584,1.0215038,0
-0.056790337,-0.574055,2.1124077,4.395544,1
0.67212594,-0.6372737,0.18433285,1.0280228,1
-0.46258458,-0.15840551,0.07508159,-0.7927595,1
-0.1481471,-0.37340838,-1.437637,-0.6277155,1
-0.8249207,0.408926,-0.51577324,0.9206218,0
0.50569093,0.053225324,-0.24936727,1.3107,1
-1.0164075,-1.0325078,0.5423034,0.6139677,1
-0.3623497,0.29320726,0.04178679,-0.21691556,0
-0.4433656,0.479547,0.9361885,0.28547916,0
-0.7166149,-0.9335276,2.0023499,-0.72208095,0
-1.3411442,-0.24926168,-0.7820265,-0.17690626,0
-0.9306795,-0.47643062,0.3491875,0.024698388,1
-1.2753901,-0.31424648,-1.0534658,-0.8283904,1
1.5355325,-0.6639544,-0.118209206,-0.7938445,0
0.19824001,2.1748683,-0.098816395,-0.83778507,0
0.998145,-0.3495477,-0.27928644,0.1748748,0
0.20508505,0.60145676,1.1617337,1.4982178,0
0.31549355,0.6333249,2.469214,0.8015991,1
0.44724557,0.35402685,0.7016876,0.013960052,0
0.6437397,-0.6096703,-1.9715238,-0.90054643,1
1.9519863,0.21206413,0.014863528,0.72274625,0
-0.27720147,4.3868165,0.011664927,0.4172178,1
0.67833894,0.5625549,2.5402603,2.4287076,1
-0.48916996,0.19908753,1.1868505,-0.25606427,1
0.17387655,0.13630168,0.57739824,-0.27677622,0
0.22583649,-0.289021,1.3816319,1.0567019,1
1.2256472,-0.6996845,1.3091908,0.99012595,0
0.0385869,0.6541189,-0.43835562,-0.0156797,0
0.99442905,-1.1413714,0.8915519,0.5876794,0
-1.4736912,-1.0100069,-1.0206733,-0.9106121,0
0.79460675,-0.39517444,-0.53036666,1.2447386,1
-1.8200144,-0.60504544,-0.28061256,-0.65016276,1
2.0513468,-0.40814227,0.25047192,-0.88605905,1
1.0361856,-0.26379633,-0.455229,-0.026413307,1
1.7524282,-0.4330972,-0.22191226,-0.3501981,0
-0.83071977,-0.21560775,-0.5711159,-0.5255331,1
0.25026703,-0.22407481,-0.13592905,0.3276566,0
-1.6060327,-0.55620205,-1.3355372,-0.78391385,1
-0.047772497,-0.28741956,-0.32797933,-0.101504266,1
0.41808414,-0.16290449,0.4578981,-0.034792762,0
-0.8880491,-0.7305585,0.7761171,1.2146194,1
-1.6431413,-0.5968729,-0.21089649,-1.1290365,0
-0.8702112,0.5941092,-0.92667496,0.57623684,0
-1.1952711,-0.5110471,0.080889106,0.6439747,0
0.21825013,-0.2236187,1.9363378,0.9820845,1
1.3726107,0.7081364,0.07330254,-1.0951672,0
2.6777046,0.5518812,0.19731793,0.048683386,1
1.2044747,-0.076856166,-0.3614716,0.009931911,0
1.302425,-0.20836554,-0.36621276,0.26399997,1
0.20955852,-0.7786432,-1.3949877,-0.059596404,0
-1.4489048,-1.0307993,-2.03699,-0.81931823,1
0.39468914,0.25099424,1.8591971,1.2561578,1
0.8929205,-0.63382244,-0.1556412,-0.27000257,0
-1.0448854,0.5821336,0.5865174,-0.846791,1
0.6674998,1.3009156,0.89061564,1.049761,0
-0.53034914,0.22594023,1.2284131,0.97471446,1
-0.2199446,0.5386212,0.83973277,0.21331115,1
0.99938166,2.8468518,2.075004,2.0431747,0
1.2455058,-0.123900786,-0.6106255,0.044539485,0
-0.045217186,0.08057195,0.4836615,-0.22694385,1
-0.6574943,-0.7987279,-1.7187306,-1.0842271,1
-0.97446495,-0.28756213,-0.6906345,-0.9083622,0
-0.073474854,1.5720953,1.0619237,-0.030750811,0
-1.7812037,-0.66092837,-0.4335593,-0.73515683,1
-0.30218494,1.3674884,1.2965416,1.7130979,1
0.70004934,1.2296857,4.996122,2.4021082,1
0.35703984,-0.60106355,-0.40248665,-1.0116355,0
1.437322,0.65902066,-0.16249123,0.07428351,0
0.30817837,0.17902249,-1.668947,-1.1668024,1
0.087379694,-0.6869466,1.6356494,-0.54381496,1
-1.0976896,-0.54969937,0.31495506,0.32836482,1
-1.0539639,0.70839703,0.5355928,2.328968,0
0.4761792,-0.082399726,-0.47031686,-0.68068695,0
-0.65944374,-0.072890885,-0.16611578,0.65769714,1
-0.19501789,-0.9448916,-0.4568017,-0.76056325,1
0.9223249,-0.16634077,-0.60931426,-1.1094178,0
1.4492266,-0.92197305,-1.5825113,-0.9203887,1
0.066679955,0.023747176,0.66687644,0.40827683,1
0.3286786,-0.39896816,-0.8949716,-0.7443639,1
0.2679057,0.342337,0.88681066,0.7485434,0
-0.88659894,-0.13705613,-0.9268647,-0.9801233,1
0.18942377,1.8534503,0.5562232,-0.29367197,0
-1.4799474,-0.71016014,-0.934068,0.304768,1
-1.3009142,-0.23979482,0.40068915,-0.75636786,0
0.43149856,0.4772436,0.30445355,-0.32891607,1
-0.647065,-0.60867,-1.3364275,-0.96924365,1
-0.47292078,-0.5857148,-1.8851339,-0.8320807,0
-0.0978562,-0.26191273,1.8047683,2.8709688,0
-1.1249323,0.97541773,-0.4031543,0.84713787,0
0.08694996,-0.10553047,0.7913597,0.252574,0
-1.3102546,-0.51263577,-0.8572792,-0.016067088,0
0.54551804,0.04549572,-0.5391531,0.4799124,1
1.2157347,1.0455124,1.5243329,0.7597677,1
1.3455126,-0.041757677,-0.90384936,-0.895265,0
0.83654356,1.2977034,-0.34469905,-0.8214493,0
-0.44978175,-0.77935046,0.04341867,-0.85564864,1
-0.9929646,-0.65237886,-1.3444022,-0.69110656,1
-0.7828582,0.19925384,0.18125835,-0.16479681,1
-0.8953797,0.30917135,1.3594208,1.0746171,0
-0.35784724,-0.39960104,-0.02274482,-0.8587074,0
-1.1906857,0.006415792,-0.5755781,-0.0013978444,1
-0.45469964,-0.043105938,-0.8619982,0.12718427,0
-0.00094507635,0.13676675,-0.83897495,-1.1584733,0
1.0602105,1.5206165,-1.0418404,-1.0826877,0
-0.8540139,-0.4118157,-1.18107,-0.8158237,0
-0.23730159,-0.21400836,-0.30967426,0.974125,1
1.8604046,0.024355922,2.1723447,3.4976509,1
0.45551497,-0.6197827,-0.52912456,-0.261442,0
0.81890994,1.3208615,-1.2695191,1.34092,0
-1.3032811,-0.46342185,-1.25404,-1.0017567,1
0.6281917,-0.20367864,-0.16988137,0.016341202,0
-0.07568813,-0.17020917,-1.3503335,0.05361143,1
-1.0418408,-0.074509606,-0.2419028,0.027103696,0
0.54245657,-0.97776616,-1.3795712,0.083235726,0
0.056066014,0.44812727,0.18583801,-0.11947814,1
-0.07851033,-0.14694577,-1.5525415,-0.66447264,1
0.89979285,-0.16089563,0.055192858,0.362046,0
-0.07329349,-0.68160677,0.30399883,0.8063002,1
1.3356224,0.005469024,-0.61176664,1.0561194,0
-0.4238785,-0.15852395,-1.4953033,-1.116954,0
0.1850663,-0.28783926,-0.10173467,-0.2779642,1
1.6918373,-0.7549938,-0.09110427,1.3719786,1
0.79964674,2.3659492,3.2724497,1.3658216,1
-0.348462,-0.6770726,-0.7709002,0.29641476,1
2.2981117,-0.43457055,-1.1554492,-1.3255839,0
0.06495878,-0.7446358,-0.026099294,0.11153817,1
-0.14108464,0.6289775,1.1178968,0.59990436,0
-0.67106235,0.0062696934,-1.6037507,-0.6015661,1
-0.84123224,-0.12618451,1.9054062,0.76812786,0
0.58662367,0.548947,0.23067875,0.8780363,0
0.102635875,1.2087524,-1.1729665,0.7054185,0
0.19852644,0.021775946,-0.81326824,-0.5110145,0
-0.96330106,0.4272897,-0.80916107,-0.7652827,0
0.3432682,-1.0121105,0.15588263,0.08087091,1
0.8624854,-0.16082855,1.5645481,0.63447136,0
-0.7378286,-0.7162576,-0.7940753,-0.18282346,0
1.0375816,1.3085414,1.7292687,-0.16005532,0
-0.94859964,1.5754399,-0.04231013,-0.15424442,0
-0.5266661,0.67129695,-0.31709594,0.0056579076,0
-0.5429862,-0.3128729,-0.5612133,-0.9005983,0
-1.2877461,-0.24222949,-0.73404956,-1.1418067,0
-0.23736882,-0.30059683,0.25053203,0.677564,0
0.25326538,-0.0406162,-0.71976054,-0.8161417,1
1.9223244,-0.9845005,0.50975996,1.019696,1
0.69691026,0.04529775,-0.4367232,-0.8301522,1
-0.99204373,-0.07748181,0.70275795,-0.19986051,1
0.12025942,0.44763544,0.72665584,1.5224535,1
-0.5223622,-0.2956453,0.00678391,-0.59362084,1
-0.64043677,-0.013021704,-1.6154947,-0.6968203,1
-0.12819786,0.98226035,0.68875974,-0.5349247,0
0.451823,-1.2651622,-1.2289205,0.06542994,0
0.22561806,-0.18908417,0.04589723,-0.99413997,1
0.58591354,-0.5338514,-0.8085508,-0.45124838,0
-0.048196845,-0.08652517,-0.8581113,1.2763772,0
-0.87211114,0.79356563,1.4165136,0.057644796,1
0.8842848,-0.77450234,-1.6225483,-0.92013115,1
-1.3460872,-0.77458364,-1.1420515,-0.7697361,1
-0.50470656,-0.48754472,-0.26460278,0.58649564,0
-0.5112773,-0.12957568,-0.6110121,-0.056219857,0
-0.6284301,0.0878042,-1.2597836,-0.29913512,1
0.912984,0.3169542,2.1319702,0.65237296,1
0.13957912,0.10587374,-0.931347,0.53561956,0
-1.3988044,0.14463961,0.5426769,-0.589664,0
-1.4476042,0.11556639,-0.4891436,-0.4066167,0
-1.3374536,-0.6811026,-1.1793475,-0.7150426,1
-1.3918985,-0.01525251,0.88010967,-0.6585148,1
0.95300734,-0.21208519,0.61118495,-0.09091225,0
-0.52549857,0.14566292,0.5828831,0.074189276,1
0.59442055,-0.29292354,-1.3703554,-0.66808414,1
0.6172419,0.88769287,-0.3810453,0.7555976,1
-0.77913046,4.786935,1.1001811,3.180314,1
-1.165068,-0.9212003,-0.24846119,0.2349991,1
-0.6636138,-0.23144111,0.7077301,0.8771993,0
-0.45046097,0.15931402,-0.8684744,-0.39603853,1
-0.7245821,-0.95869,-0.10563359,-0.82225245,1
-0.34412232,0.37568146,-0.62250143,0.022855632,0
0.8411018,1.1748626,-0.07570158,0.45718658,1
-0.58168143,-0.89173234,-0.7813148,-0.67067134,0
-0.354262,-0.6174197,0.807688,0.95305336,0
-0.32631695,-0.09465814,1.170015,-0.31460387,1
0.15642056,-0.4143076,-0.83478385,-0.8501577,0
-0.56251526,-1.2309124,-0.356144,0.6911222,0
-0.9939265,-0.35773784,-1.3626511,-0.6701882,1
-0.727051,0.33883947,0.643325,-0.07477033,0
-1.3302441,-0.7175696,-1.0364887,0.06942901,0
0.9387137,0.79492664,0.08941443,0.55930066,1
0.6726948,-0.085344315,-1.4536219,-0.2340215,0
1.4373013,-0.61625296,1.1249766,0.75392234,1
1.020619,0.44464445,-0.92775047,-0.87183815,0
-1.3288276,-0.8052911,-0.48514086,0.7791612,1
-0.9308889,-1.0464752,0.6478411,2.1470437,1
2.0004008,-0.4340998,0.6994769,0.6215456,1
0.45340645,-0.2635631,0.1178748,-0.03978892,1
0.9495083,0.8872349,0.008280233,-0.29192495,0
0.14703363,0.30993858,-0.41543013,0.93914974,1
-1.1741514,0.8961792,0.6573324,-0.98335236,1
-0.6337691,-0.38417548,0.51536065,0.20013583,0
0.27061498,-0.008309931,-0.46252385,0.8680261,1
-0.56618565,-0.12779401,0.2903549,0.017425805,1
-1.7659577,-1.2328501,-1.3037076,-0.578176,1
-1.5945096,-0.51680815,-0.55987793,-0.88503593,1
0.71868134,1.5184937,1.2207319,-0.2640785,0
0.664986,0.22663654,0.089350805,-0.34858835,0
0.39521682,-0.25243944,-0.5549309,-0.73654854,0
0.5066895,-0.4067034,0.42429298,1.2138714,1
-0.21674672,0.2566852,1.1932856,1.8023167,0
-0.9220327,0.026318729,-1.0143911,-0.66337395,0
-1.0876294,-0.5630281,-1.189513,-1.0241717,0
-0.28578374,0.7471387,-0.9950506,-0.022709485,0
0.4765752,-0.16298805,1.6760156,0.7575579,0
-0.016183157,6.3309064,-0.7987781,-0.0705549,0
0.70792377,-0.7304736,-1.447204,-0.7606429,0
0.3645952,-0.70252144,-0.06541169,0.26165032,1
0.3255075,-0.15481892,-0.9509182,-0.7641981,1
0.29449958,0.36137488,0.23725866,0.39099333,0
0.620739,0.5113413,0.9413324,1.0473086,0
-0.8502094,-0.522209,-1.1926785,-0.18078554,0
-1.6681706,-0.6780004,-1.1713631,-0.8795788,0
1.4067574,-0.3900506,-0.67085445,-0.96092266,0
0.4117233,-0.48938075,0.27668348,-0.2864963,0
-0.7897295,5.6068645,-0.25128385,-0.36355877,1
-0.85973006,-1.0644791,-0.68656814,-0.20025805,0
-0.78752005,1.5445933,-1.1727984,-0.82748556,1
-1.4461553,-0.6962844,-0.2858601,-1.1419908,1
0.3244161,0.6472869,0.9935492,2.5035436,0
1.3711522,0.075151995,0.08562534,0.17962632,0
1.4012258,-0.7769628,1.0741059,-0.6467895,0
-0.008756051,0.44314978,1.4905362,0.84319484,1
-2.0823886,-0.624404,-1.3525068,-0.8730725,0
1.8668176,0.2551251,0.79403275,0.21985574,0
-1.3037066,-0.6628601,-0.48925674,-0.5105202,1
0.06821894,-0.116824895,0.3752958,1.0941161,1
-0.26656616,-0.90171313,-0.8407502,-0.6825478,0
0.7006625,0.750293,-0.32485658,-0.047548566,0
-0.4143511,0.178015,0.66089445,0.08960694,0
-0.6436347,-0.4309298,-0.11734426,0.19133686,1
-1.4072745,-0.9969414,-0.62420064,-1.3284703,0
1.097501,-0.47109243,0.093890905,-1.130704,1
-0.075203374,0.5048939,0.35016027,0.29776603,0
0.16596861,-0.2938183,-0.4946856,0.77864254,1
0.40569603,-0.457589,-0.63609177,-0.080859184,0
0.43275678,-0.36184102,-0.809292,0.26269326,0
1.0841682,1.1090695,1.870358,2.513124,1
-0.4315778,-0.20741786,-0.3894729,0.47371408,1
-0.5085247,0.1719977,-1.1130376,-0.03237142,1
0.40931535,-0.8427,1.2208318,0.80877686,0
0.009746164,-1.3335108,0.8512111,1.204251,0
-0.29087704,0.6582843,0.99074924,-0.34250706,1
0.22270532,0.18705612,0.56836134,-0.003921628,0
0.8338367,1.2592373,-0.7813091,0.9355559,0
-1.6741921,-0.80689293,-1.2924669,-0.91072136,1
0.34820628,-0.7381925,0.7129258,1.484003,1
-0.44187817,-0.9895123,0.034355238,0.9345926,0
-0.6999007,-0.16283637,-0.011898413,1.3108615,0
-1.5087279,-0.20297176,-0.45534846,-0.64280444,0
0.7679818,-0.61843103,-0.83936083,-0.7219997,1
1.1417091,-0.060643166,-0.042008087,-0.008419212,1
-0.41430363,-0.40308198,2.303267,0.13349403,1
-1.0733949,-0.565165,-0.37915224,0.898938,1
1.0760624,0.957216,0.865934,0.99635816,0
-0.57059944,2.862646,-1.1076565,-0.92425406,1
0.016978174,-0.5476015,-0.76320636,-0.97298247,1
-0.27049974,0.12697585,-0.6550348,0.024565738,0
-1.7823254,-1.0787761,0.64060616,-0.87823844,1
-1.1821898,-0.6901565,-0.52251834,-1.2210305,0
1.8909687,1.8080702,1.8825673,0.72266066,0
0.7164807,-0.3339618,0.591889,0.5901799,0
0.9085009,-0.8313371,-0.24756184,0.8161907,0
0.3491549,-0.7154733,-1.1863446,-0.86765254,0
1.2327247,2.9787524,1.9575585,2.4861019,0
0.28617764,0.27383402,2.0104265,0.69184685,1
0.0710088,-0.14273344,-0.4231215,-0.13556011,0
0.856377,1.0475141,-0.50047934,0.49079755,0
-0.83373314,-0.10226085,0.26384598,0.08525087,1
-0.54676574,-0.46595234,-0.6097296,-0.7554135,0
0.99969476,-1.0362142,0.105735205,-0.15069473,0
-0.8889318,-0.5047924,-0.20019972,0.6228773,1
-1.5038136,-0.7437681,-0.09082126,-0.98287284,1
-0.21352375,-0.33169544,-0.49247608,0.57997245,1
-1.2385658,0.3945031,-0.6377014,-1.1653516,0
-0.63554347,-0.028224224,0.19641009,0.26752788,0
-0.06450614,0.6665386,0.20983604,0.907587,1
-0.7463693,0.8128184,0.11403704,0.93786156,1
0.0042320117,-0.44063485,0.1250157,-1.1210698,1
-0.44015363,-0.45619896,-0.90831274,-1.177732,0
0.71035963,-0.15810946,-1.2405524,-0.5443893,0
0.06112445,-0.13830084,1.2076027,-0.123092994,1
2.9501846,2.1613092,-0.9296236,-0.6550251,1
0.38784504,0.4198938,0.3995698,0.08880378,1
0.28985062,-0.49136096,-0.11004067,0.5383023,1
2.0322976,-0.20115203,0.19498394,-0.6622697,0
0.18294771,10.708213,-0.66229016,-0.4796438,1
0.7212756,1.8791974,0.3565994,-0.107595965,0
-1.4670297,-0.17187881,-1.2948027,-0.5694989,1
-0.39945114,-0.6075609,-0.24821389,-0.1567168,0
0.18481088,-1.0051707,-0.2000854,-0.02325983,0
0.21711415,-0.26848823,-0.16035545,-0.82179874,1
-0.8321847,-0.08982074,-1.0229794,-1.0232943,1
-1.1451726,-0.43994474,-0.8801351,0.9914696,1
-1.4576094,0.122826055,-0.07334742,-0.7116735,0
-1.1953826,-0.08977735,-0.36126578,0.56514645,1
0.96735114,0.5051513,1.1094553,2.1353571,0
1.2341518,0.22586346,0.8164272,0.018704493,1
-1.1655345,-0.8504218,-0.93437594,-0.3090436,0
0.85153735,1.6128962,-1.138606,-0.6214565,1
-0.8423111,1.5779595,1.7509663,1.5551732,1
-1.6357713,-0.9991176,-1.0395979,-0.9041307,1
-0.5201763,0.26057225,-0.6633614,0.037118506,0
0.24978158,0.9938203,0.7817769,-0.4752691,0
0.8556881,-0.56013054,-0.12796767,0.7908058,1
0.797442,0.38501528,-0.20058753,-0.06456399,0
0.66202134,-0.29497188,-0.25261247,-0.31134716,0
0.030507654,-0.007915325,-1.4044579,-1.2219287,0
1.5477155,0.04633929,0.7565794,0.5053729,0
-0.61335874,0.4577866,-0.92761254,1.5941164,0
2.2107725,0.056688752,1.2826314,0.3473239,0
-0.8409496,0.15141913,0.831578,0.012971327,0
1.1553674,0.303764,0.85248524,0.8246733,1
-1.1803523,0.008629004,-0.54310155,0.53686464,1
-1.7354358,-0.9295541,-0.9814413,-1.0785933,0
2.5488307,0.21835169,-0.4746384,-0.6943754,1
-0.6423446,-0.2872587,-1.000356,-0.41262266,1
0.36430913,-0.41979867,-1.2703093,-1.3799047,0
-0.09807149,0.1486284,0.5563874,-1.1424398,0
-1.1016436,-0.10296741,-0.9297088,-0.6591679,1
0.14293721,0.65459335,0.6326822,0.8617243,1
0.11831546,-0.96117693,-0.26134998,-0.19838995,1
1.1985476,1.2330838,2.55602,1.6153758,0
-0.38868916,-0.27713385,0.35354194,0.92191994,0
-0.06953785,0.3829313,0.28778082,-0.095211245,0
-0.0064159334,-0.25109556,-1.2194437,-0.92270106,1
-0.46950686,0.49483383,-0.9931042,-0.6192572,1
0.3428372,0.3343227,1.8860132,2.5702786,0
0.2180925,-0.5191041,-0.38206834,-0.6124377,0
-0.646945,-0.03489366,0.0776342,0.07893066,0
-1.435622,-1.1388551,-0.045682818,-0.96279895,0
1.355783,-0.67213273,0.34823006,-0.87755877,0
1.2251753,-0.07376964,-0.8037558,0.61644757,0
0.51851255,2.3810153,0.19995882,1.6535444,0
-1.0846583,-0.243514,-0.7232174,-0.073031574,1
-1.1138388,0.21932974,-0.7580954,-0.30947486,0
0.5007061,-0.48720056,-0.21460345,0.24535312,0
1.2349554,0.36231178,-0.68946576,0.07637596,0
-0.5946703,1.0550253,3.7639155,1.6693972,1
2.2726989,-0.024978468,0.40992343,0.1540762,0
-0.20138082,0.15827864,-0.8027494,0.8833884,1
1.1519935,0.4815243,0.39874265,0.23026402,1
0.8892396,-0.18791309,-1.4878458,-0.9546436,0
1.823029,-0.7531939,-0.43712738,-0.67369854,0
0.4865678,-0.3617565,-0.10329378,0.016172037,1
-1.990144,-1.0353233,-1.6202286,-0.9569471,1
-1.6627692,-0.6542784,-0.41241187,-0.8134402,1
-0.42237234,0.12999827,-0.50202405,0.66455823,1
0.9988099,0.16897202,-0.88759166,1.0261517,0
0.059990898,-0.39111412,-0.31573254,-0.46484417,0
2.0339298,-0.44423008,1.4003623,-0.7205337,0
-0.76358336,0.795541,0.7586733,0.5443531,1
-2.3122177,-0.9322086,-0.7840067,-0.72669935,0
0.66373676,0.23905091,0.5056163,0.78236973,0
0.8666898,-0.35013375,-1.0017738,-0.032973826,1
1.3488072,0.12672451,0.6503221,0.56457686,0
-0.25726688,0.05697146,0.64724606,-0.085154004,0
-0.6366139,0.24599412,0.038469784,-0.62710863,0
-0.6064577,-0.1740231,0.4470365,-0.22294773,1
0.2536731,2.2899113,1.2216574,-0.30779925,0
0.055357326,-0.41297853,-1.2359674,-0.09130542,0
-0.73044944,-0.22952552,0.8665689,-0.9065524,0
0.015525904,-0.36918938,-0.07034248,0.034123864,1
-0.34431455,-0.8109065,0.46353662,-1.1195004,1
-1.0018606,-0.6487944,-1.1122295,-0.43265888,0
1.263642,2.4906054,4.810042,6.2973766,1
0.5085003,1.0210091,2.4173121,1.6049768,1
1.0352606,-0.13511206,0.007317923,0.06993599,0
-0.06355712,-0.37367684,0.27120948,0.15803109,0
-1.4687338,0.15514565,-0.2654758,-0.9787371,1
0.6582211,0.1188799,0.24257448,0.87656385,0
0.44488442,-0.1750078,-0.71922886,-1.048715,0
1.4177414,1.1223892,-0.0009038821,-0.30386245,0
-1.5931392,-0.21534616,-1.3526175,-0.59028196,0
0.30836028,0.023828387,1.4333118,0.9671315,1
-0.60535127,-0.07494213,-1.270282,-1.1398292,0
-0.3087948,0.24819103,-0.7987511,-0.081413984,1
-0.14479588,0.1474641,-0.8643768,-0.14567022,1
0.004340846,-0.20448577,0.032335892,-0.7721472,0
-0.008788332,-0.53080696,-0.8333329,-0.19969234,1
-0.1263346,0.040988315,-0.35619715,0.97166127,0
-1.4811381,-0.4530204,-0.6548437,-0.84542364,1
-0.71678793,-0.1438699,-0.7391205,0.04205918,1
-0.30589724,-0.37066382,-0.66929185,-0.23406224,0
-0.06284094,-0.20210426,1.0843332,0.8660038,1
0.8025678,-0.27453348,-0.9785394,-0.5462067,1
-1.4254045,-0.74262756,0.068981126,1.105089,1
-0.010138512,-0.81952053,-1.0881346,0.21427344,0
0.47882417,0.8851284,0.19538337,1.0023305,0
0.021532621,-0.36565375,-1.583335,-0.67842925,1
-1.4354904,-0.038936395,0.47392508,-0.4979498,1
-1.5031816,-1.0384223,-1.1255566,-0.4222663,1
-1.168288,-0.15124458,-0.027015135,0.748402,1
-0.79928654,0.23479155,0.23191895,-0.11339997,0
-0.4194513,0.8293724,-0.24775988,-0.0005901642,0
1.2010645,-0.31682017,0.47703278,0.5869416,0
-0.85854185,-0.97591907,-0.78380275,-0.5758586,1
0.20706159,-0.00386782,1.2459607,0.58564067,0
-1.5431774,-0.54339194,-0.1990218,-0.907528,1
-1.4689562,-0.005255867,-0.26172805,-0.15869136,0
-0.6324931,-0.57682323,0.24503814,0.5838753,0
-0.61992335,-0.54987067,0.2737191,-0.5885884,1
2.3247468,0.27129406,-0.2540143,0.09551135,0
0.7821594,0.8986766,1.0394541,0.8233518,0
0.18097048,-0.18612853,2.8403795,-0.88523096,1
-0.459196,0.20970398,-1.6516644,-0.9396978,0
-1.0854902,-0.6948682,0.9706538,0.7133958,0
1.6378492,-0.22234431,-0.7893743,-1.1202741,0
1.2223516,-1.2867396,0.602498,-0.7441416,1
-1.785991,-0.41688234,-0.3115669,-0.8881495,0
-0.31451473,0.09786893,0.55491513,0.8171145,1
0.9074261,0.095055416,0.09377031,0.062384423,0
1.2675315,-0.26416913,-0.940553,1.1059554,0
-0.13606764,-0.34837386,-1.1498911,-0.88668376,0
0.5104224,-0.09592226,1.6052864,0.92294717,0
3.1492739,-0.31842387,0.12997234,-1.0227926,0
1.535928,-0.27441663,0.6001189,-0.06528772,0
2.2542024,1.5031286,1.9417871,-0.26674017,1
1.3053111,-0.28395334,1.9864218,-0.32710537,0
0.5863122,0.26691946,0.15162715,1.7818608,0
0.16232628,0.52974844,0.34580308,-0.9894614,1
1.5287791,-0.44454786,1.7610614,0.59457076,0
0.41520467,-0.09071684,0.16186495,-0.61947846,1
1.9136783,0.27816346,0.19980541,-0.8717714,1
-0.68112093,-0.29617846,0.22811377,2.3082042,1
0.5273545,-0.26892596,-0.030459642,-1.0140994,1
2.4865851,-0.3185699,0.27402434,0.16990355,0
-0.5913875,-0.48720363,0.37399024,0.5379907,1
0.09933744,0.8719227,0.380189,-0.83404326,0
-1.6204213,-0.15071644,-0.10421862,-1.0357692,1
0.78538406,0.02436328,3.764644,1.1037995,1
-0.7548456,-0.52336943,-0.9859326,-0.6776615,0
-0.10784242,0.195567,2.2149932,1.0351634,0
0.51041627,0.0073073804,1.0521967,1.6403656,1
-0.86729175,-0.010036439,-1.214704,-0.76416403,0
2.2945025,0.91912305,0.07116589,0.8225929,0
-1.3930653,-0.052690774,-1.5733292,-0.8517003,1
-1.1753812,-0.72745895,0.48993087,0.6313951,1
1.1800215,-0.28721774,0.3418666,-0.88589895,0
-0.77573776,-0.21071771,0.14974454,-0.17332147,0
-0.75623673,-0.60676444,0.004452884,-0.978309,1
-1.0443987,0.10639463,-0.470043,-0.6407567,0
-0.42023402,-0.6912534,-0.7726044,0.25457093,1
1.001936,-0.26631865,-0.019518673,1.0028024,0
0.11833854,0.018762663,1.9034553,1.4798046,0
0.3438986,-0.5909607,0.19382903,-0.49772254,0
-0.20139833,0.24454138,0.4638254,2.6170466,0
0.037789326,-0.6649186,-0.5924734,0.35877544,0
-1.7304966,-0.8153052,-0.40855116,-1.2871125,1
-1.1743945,-0.58813584,-0.36423707,-0.9788974,1
-0.26636124,0.6295209,0.26628458,1.4587506,1
0.041752182,0.39304274,-2.0507257,-0.839873,1
-0.69620866,2.2448506,0.20821138,0.7090074,1
-1.0192491,-0.93267083,-0.32064223,-0.8646003,1
0.9731329,-0.54595184,-0.9360688,0.10380378,1
-0.6513331,-0.1435855,-0.75846535,-1.084637,0
0.26704556,-0.8100334,1.6239587,-0.8964021,1
-0.14786173,0.05904275,-0.4651857,-0.97255236,1
-0.40108395,-0.20993587,-0.9458546,0.35423142,0
-0.4606778,0.61388195,0.63968956,0.52530444,0
0.5690359,0.98411226,0.35036448,-0.26722002,0
-1.6553593,-0.7612177,-0.34031913,-0.69877255,1
0.9878913,3.0437336,0.5594821,0.41871792,1
0.6328171,-0.050243616,-0.07869154,0.19770709,0
-1.2697699,-0.23784411,1.5074301,-0.7996368,1
0.24668787,-0.58891106,-1.5364599,-0.69235796,1
-1.0284883,-0.10264227,1.8887584,-0.6501112,1
-1.0975033,-0.87134963,0.10244417,-0.18877634,1
1.699864,0.25571194,1.6310958,-0.25916034,0
-0.42502433,-0.5922948,0.0019760728,-0.23352854,0
-0.035589583,0.6756519,1.2369125,1.4633876,0
1.3063692,-0.14900032,2.135483,4.847036,1
0.046308745,0.36678183,0.50544035,0.16466862,0
-0.49502838,0.09617281,0.4119816,-0.072570965,1
-0.141672,-0.17608643,-0.28899342,0.052381758,1
0.21541041,-0.5435988,1.1090877,0.2081305,0
0.8473114,0.8383724,0.030689143,-0.46239153,1
-0.70796204,-0.2215339,0.9498901,0.82232374,1
0.05149437,1.5486673,0.3667355,-0.36969194,1
-0.4874963,-0.06557767,0.023044728,-0.51038945,1
-0.6604382,0.44906968,0.21169928,-0.39150414,1
-0.7590386,0.2997112,1.6798875,0.57792735,0
-0.48027146,-0.74789155,1.4152123,1.0177066,1
-1.3137606,0.12035878,-0.28314236,-1.0677644,0
-0.7037373,0.12470704,1.5551775,-0.005478386,1
0.9743572,-0.89524555,0.47569415,0.1687091,0
-0.9110964,0.08451289,0.35716343,-0.4123612,1
-0.88381845,0.614885,1.479978,2.5911624,1
0.48845977,0.015223205,0.30759424,0.053054232,0
-0.40371117,0.54958105,-0.5495743,0.5793554,1
-0.45406225,0.4299286,-0.22593185,-1.0047207,1
0.1823525,-0.46975744,-1.2159344,-0.11974122,0
-0.5198522,-0.26480156,0.5721936,-0.6829189,1
-1.0142487,-0.35330096,-0.52371395,-0.5251025,1
-2.0740433,-0.7127533,-0.42480314,-0.7949169,1
1.767314,0.19841096,3.054959,-0.66462433,0
0.96732265,0.2037441,0.61603326,0.036007617,0
-0.6868603,-0.10767459,-1.1955947,-0.044412863,0
-0.2300137,-0.72818273,-0.4050161,0.95367134,0
-0.1462105,-0.4547531,-0.74838316,-1.0998676,1
1.2199497,-0.06826192,0.07377887,2.4505167,1
1.6059407,-0.3936531,0.6590961,-0.9694976,0
1.8952866,3.3839962,0.72093886,-0.35243198,0
-1.1652611,-0.473279,-1.2030121,0.06466307,1
0.32102925,-0.12222837,0.7537507,-0.7558273,1
1.5379289,-0.88659286,0.8678199,-0.22017206,1
0.42159474,-0.48777732,0.34888414,-0.67801106,0
1.9328746,-0.34386787,2.3396466,-0.12801695,0
0.28608167,0.06187874,0.8721408,0.61876124,1
0.15952629,-0.38552243,1.4651821,0.59570414,0
0.38328475,0.82276857,1.9161127,4.1156535,1
0.32391548,-0.47268686,-0.48024404,-0.23915747,1
-1.2972698,-0.6560676,1.4090742,1.6033027,1
-0.4189784,-0.93200195,0.36304286,0.6586478,0
0.60522956,1.214422,-0.42926067,-0.8300201,0
0.48452783,1.5617055,-0.7534792,-0.062144537,0
1.4800488,-0.030882627,0.8087935,0.9686309,0
-0.27257037,0.10860788,-0.5102908,0.8582746,0
-0.084268436,-0.3071798,-0.2291235,-0.00986455,0
0.3655635,-0.0909857,2.053213,1.1889138,0
0.5333098,0.27587515,1.3124259,0.23833477,0
0.28517783,0.2465607,-0.06799113,0.78375435,0
0.9129511,0.19158019,-0.6995491,-0.1192528,0
-1.1234545,0.064263254,-0.16186488,-0.2290477,0
0.6034213,-0.42150855,-1.0884511,-0.4322253,0
-0.4871977,-0.9583927,-0.71492076,-0.2421867,1
-1.6854305,-0.94927937,-1.6228229,-0.88278556,0
-1.2644782,-0.33095664,-0.9228334,-0.71850353,0
-1.1224443,0.59729254,0.83016855,-1.0748136,1
-0.6293734,-0.12208685,0.793337,-0.055974334,1
1.0115116,0.4981071,2.1613665,4.487232,1
0.22121795,0.24051133,-0.7614352,-0.32980034,1
-0.6637997,-0.14954242,0.21866673,-0.96435946,0
0.97970873,0.54840463,-1.4444728,-0.14967689,1
1.2840517,1.4838598,0.58690566,-0.31248957,0
-1.3569596,-0.0875352,-1.0868614,-0.728199,1
-0.6170556,0.783526,0.61346805,-0.9783101,1
0.3147515,1.7034285,0.3630048,0.78847754,0
-0.44484365,-0.6143981,1.7866237,1.2238326,1
0.41132376,1.6247278,-0.24235621,-0.112198114,0
0.8459893,0.39614332,0.539305,-0.54252917,0
1.2318412,-0.3503889,-0.8802796,-0.8277347,0
-0.7283454,0.65975183,0.366712,2.4711359,1
-1.5847719,-0.62993145,-0.6989243,0.06163879,1
1.1660929,1.1725088,0.13949084,-0.16708736,0
0.77714,0.0197258,-0.34395957,-1.3098747,0
-0.7350432,-0.19793417,0.62075436,-1.1331108,0
0.040151868,0.94347835,-1.4624541,-0.65747565,1
0.4038294,0.8309697,-0.6377827,-0.20688857,0
0.5824868,0.0066467747,2.7965205,2.7228816,1
0.83212686,-0.30775306,-0.5680782,-0.83742636,0
-1.1312041,0.5986955,-1.0336251,-0.57109094,1
-1.3957157,-0.43693084,-0.972281,-0.7417556,0
-1.469402,-0.86672777,-0.70902586,-1.135844,1
-0.49525213,0.56125444,-0.41963533,1.2039323,1
0.2271192,-0.032663018,-0.21881449,-0.14015344,0
-0.26792213,-0.8962351,-0.17623025,0.19189183,0
-1.1195906,-0.8060774,-0.1947681,-0.5341532,1
-1.5362505,-0.47234252,-1.011798,-0.55102694,1
-0.73706686,-0.46522298,-0.61632407,-1.1588695,0
0.7007063,0.015817598,-1.2386048,-0.9434272,0
2.1965177,-0.4201085,1.5265906,0.69400555,1
-0.24304181,0.6292591,-0.019934572,-0.2891307,1
-1.1179943,-1.0206447,-0.031139545,-0.91163105,1
0.90468407,0.18317322,0.86089736,0.77656376,0
0.5198276,0.25946462,0.07650594,0.05192593,0
-0.43983322,0.29636753,-0.38819245,-0.076887816,1
-0.42123187,-0.17220667,-0.44817275,-0.07233703,1
0.28631893,-0.30222523,0.18608154,0.74582976,1
1.3625301,0.05396159,-0.7042153,-0.6869784,1
0.060457855,0.8017871,-1.5776789,-0.51496655,0
-2.0151088,3.7142384,-0.2474947,-1.0064635,1
1.164258,0.52839047,-0.2381058,-0.09084943,0
-1.3714713,-0.50722605,-1.4896791,-0.45831198,1
1.5694131,-0.6972295,0.73123974,0.035511557,0
-0.52464485,-0.1112545,-0.5524408,0.1609937,1
0.55817544,-1.225267,0.7211047,0.24508111,0
-0.14675659,-0.7923198,0.26255485,1.1760961,1
0.8787633,-0.04357396,-0.8279622,-0.9231575,1
0.5872281,-0.21561086,0.24635889,0.20399413,0
-0.7767745,-0.61249197,-0.37512258,0.8232555,1
-0.29480213,-0.15726943,-0.3498753,0.48552907,1
-1.2376828,0.7610115,0.255436,1.5384692,1
0.83594066,0.357237,0.911752,2.5935838,1
1.6941786,-1.1676898,-1.5187235,-0.31058747,0
-0.22276396,-0.6540221,-1.6361189,-0.63827807,1
1.7218121,0.10183023,-0.6939787,0.08578795,0
0.068773344,-0.3129021,0.7084211,0.9235406,0
-0.6742203,0.1736295,2.1387637,0.911079,1
0.46512613,-0.6082455,-1.2982712,-0.33010587,1
-1.0229993,-0.18725726,-0.8198798,-0.14618647,1
2.1026156,-0.34408984,1.3702662,0.042326096,0
-1.484694,0.30375746,0.27995768,-0.2977895,1
1.7002593,0.45447105,-0.74702626,0.44686046,0
-0.88603663,-0.902213,-1.2424594,-0.9417063,1
-0.3097239,-0.4309021,-0.51204777,0.021631323,1
0.44369698,0.26832673,-0.3516322,1.0718286,1
-0.9420303,-0.19033223,-0.97164917,-0.72922087,0
1.4502517,-0.33426368,-0.67510843,-0.86638105,0
-0.797696,5.356307,4.587587,18.970121,1
0.55002534,-0.09681666,1.0845413,1.9401755,1
0.08233757,-0.20582387,-0.6342989,-1.0297828,1
2.136105,-0.20520827,2.0434458,0.5418099,0
0.059795946,0.6789552,0.43368012,-0.30524796,1
-0.6630589,-0.28936473,-0.49803877,-0.5571781,1
-1.0808268,-0.44206876,1.2675276,0.61614573,0
-1.1769825,-0.4891437,-0.42312223,0.024056312,0
-0.23099236,5.734117,1.1064198,2.0411072,0
-0.586143,-0.40626726,1.3337119,-0.43204847,1
-1.6395911,-0.046516925,0.3815081,-0.8050957,1
-1.2568817,-0.3711087,-1.1724762,-0.8838109,1
-0.853045,-0.12186257,0.3533829,-0.8764666,1
-1.0606694,-1.1750953,-0.9460999,-0.4787999,0
0.8003699,-0.34702134,1.0134208,-0.7197345,1
0.94590425,0.2165652,1.0547711,0.89149785,0
-0.17790693,-0.6035343,-1.5920753,-0.43363053,1
0.49123314,-0.034314677,-0.5368851,-0.57229406,0
-0.45294082,0.3118055,-0.09723836,-0.64607894,0
-0.5490688,-0.3042733,-0.90706784,0.13838588,0
-0.97480273,-0.7031546,-0.82411885,-0.779543,1
0.5661345,0.5488523,-0.76751786,-0.6955904,0
2.2164032,0.07455014,2.1360753,-0.0077434145,0
-0.357428,1.2892009,-0.07035658,0.30290106,0
-0.6616581,0.2065576,-0.25758338,0.057805557,0
0.051507205,-0.6634276,0.89032906,-1.1625669,0
0.05900869,0.09608278,0.38134256,-0.22125995,1
0.21020547,-0.10336192,-0.8001685,1.013093,1
-0.79951495,-0.41660273,-1.2638608,-0.9727397,0
0.12787412,0.055624805,1.7255701,1.7011408,0
0.5168475,1.8739599,-0.24536595,0.3829666,1
0.9752785,0.0613672,3.9780478,0.16929142,0
1.1540807,-0.5648692,1.1364402,-0.051425472,1
0.081408575,0.14779207,0.5609257,1.2544409,0
-0.5369823,-0.3988064,-0.23284313,-0.8492395,1
-0.052834377,-0.241631,-0.7938545,-0.29602563,0
0.14755522,-0.14834821,-1.4064478,-0.05051665,0
1.8647203,-0.20979467,1.1301464,0.66437316,1
-0.89470357,-0.44226128,0.21561825,2.2320516,1
0.1773535,0.5719076,-0.63354754,0.5701504,0
-1.0108327,-0.9640175,0.10861997,-0.85912836,1
0.33428696,-0.17519845,-0.86365545,-0.9858374,1
-0.87712896,0.09974012,1.9539287,0.48596957,1
-0.5387995,-0.6323942,0.33685744,-0.21782798,1
-1.0320798,-0.11325732,0.80618334,0.02821282,1
-0.19581673,-0.546239,-1.1632762,-0.7531789,1
-1.0752208,0.46422377,0.14058155,-1.3336873,0
0.6236275,-0.69162214,0.9462623,0.33727425,1
0.34255946,-1.1120378,0.10154324,-0.1636926,0
0.898302,-0.05386257,-0.72474074,-1.4622791,1
1.7656753,-0.37375134,0.37956524,-0.112223625,0
-1.3524705,0.2724512,1.039389,-0.7588991,1
0.08422983,0.178731,1.1146654,-0.74423105,0
2.59247,2.1358128,3.7574592,3.970357,0
-0.33625877,-0.2318504,-0.1433406,-0.7251291,1
1.5834516,-0.43622142,-1.5011668,-0.8049802,0
0.16689238,-0.9659126,1.0296358,-0.8121689,0
-1.1771936,0.41707087,-0.28958777,-0.63559675,1
-1.9477866,-0.32629353,-0.9692645,-1.0011114,1
1.6559441,0.34424573,0.58657104,0.7184161,0
0.45844087,-0.23660326,1.0242921,0.8546461,0
0.65796584,1.0180858,1.7593086,0.43642023,1
-0.9950905,1.2773583,0.15244305,-0.73187375,0
0.3526593,-0.6928947,-0.47930735,-0.79427785,0
-0.8465126,-0.79297614,-0.016186893,-0.8865378,0
-0.8418111,0.4677168,-1.2690333,-0.14127472,1
0.27214384,-0.38216016,-0.1054285,-0.061654933,1
-0.630388,0.6107093,0.69279486,1.4259107,1
-0.42631918,-0.55438983,-0.03680016,2.5330055,0
1.3036528,0.44123513,0.74140406,1.094551,0
2.1258838,-0.50674736,0.22874413,0.9860852,1
-0.90439415,0.85788226,0.5548112,2.3549953,1
0.64593995,1.5477531,-0.47736663,0.8441752,1
0.103874,1.9540086,0.6001655,0.53025144,0
-0.4395404,-0.8746094,-0.17716168,1.7316254,1
0.67444706,-0.12906337,0.83581907,0.7075866,1
0.05203176,-0.1886216,0.24396206,0.27671182,1
-0.80665153,-0.10192673,-1.5484923,-0.33313933,1
-1.4380822,-0.48687917,1.3841046,-0.19618855,1
0.23585346,-0.16726315,0.113812014,0.88845813,1
-0.041630268,-0.1918878,0.99486744,-0.14365277,1
-0.23045872,0.17847288,-0.77128834,-0.0118187815,0
0.62611514,0.10993573,0.055624645,0.73488265,0
1.5224192,-0.35726792,0.17689762,-0.33889288,1
0.7798826,-0.8170266,0.025132172,-0.87377924,0
-0.07763569,-0.29870117,0.49865013,0.5643674,0
1.5978761,-0.4424572,-0.73509836,-0.66717005,0
1.2649522,-0.85995126,-0.20161158,-1.0301927,0
-0.87907755,0.36014497,0.5700671,0.43824223,0
-0.8911606,0.19469585,0.24649009,0.9425023,0
-0.38161162,-0.522366,-0.7483207,-0.9703915,1
-0.0018491298,-0.48581356,0.10020456,0.7600252,1
-0.45561215,-0.5232231,-0.3750346,0.8684895,0
-0.26062855,-0.35209805,-1.0474035,0.25803998,1
0.046117075,-1.0671682,-1.4675163,-0.7189795,1
-0.7101212,-0.9629402,-0.8819324,-0.95459706,0
0.6686111,0.013196662,0.40173167,-0.05854516,0
1.9484239,-0.31835663,0.4895385,-0.36052305,0
-1.4348708,-0.11769688,-0.43326318,0.088011876,0
-0.111388564,0.016843915,-0.35887212,1.6689521,1
1.281881,-0.9342576,-0.18092237,0.65831506,0
-0.011688426,-0.024771862,0.48180538,-0.42011562,0
-0.5561185,-0.49311456,0.10643456,0.20337449,0
-0.9425002,-0.41741258,0.72149354,0.16337968,0
0.15204376,0.36684516,-0.2722305,-0.7413536,0
1.9333549,-0.2719714,-0.6306924,-0.80526626,0
-0.09987754,0.6166416,-0.08246665,1.0204046,0
-1.1181481,1.9898549,0.7286652,0.72478765,0
0.80154073,-0.19517726,3.587221,-0.1096887,1
-1.093196,-0.07281934,-0.6219182,-0.95372695,0
-1.2881306,0.410767,0.5661471,0.8441896,1
-0.87248397,0.14039889,-1.033607,-0.86307806,1
1.323342,-0.08566796,0.8862671,0.47918448,1
-1.504313,-0.77532196,-1.2161683,-0.7060545,1
-0.93236375,-0.8391725,-0.16929154,-1.0200762,1
1.8465651,-0.21748707,1.9342552,0.65931785,0
0.43336397,-0.31482297,3.7778485,0.30735114,1
-1.2558353,-0.056830965,-0.093365684,0.7059263,1
1.921691,0.169862,0.8386049,0.9368809,0
0.55372465,1.7582165,-1.2980826,0.11361398,0
-1.4860069,-0.328085,-0.6999421,0.01226129,1
-1.5990417,-0.33501846,-0.60573447,-1.031584,0
-0.16428648,0.090663284,-0.53987664,0.08807473,0
-0.9779785,-0.94483346,0.10357349,-0.022450853,0
-0.48498857,0.0099801645,-0.34366733,-0.043391947,0
-0.9829421,0.272786,5.801281,-0.73290575,1
0.79942715,0.08991386,-0.62666047,-0.62882847,0
-0.80860174,-0.611328,-1.3776532,-1.0642834,1
1.0478323,-0.27481425,-0.26323658,-0.30938706,1
0.83780456,0.7473023,1.4803065,-0.020821365,1
-1.1585517,-0.43900505,-0.5799693,0.17737608,1
-0.98191106,-0.6558372,1.1409993,-0.019063354,0
0.08975133,1.0800772,0.79038644,1.5043616,1
-0.01636301,-0.49626666,2.6977372,0.7071948,0
-0.55151063,-0.4619067,2.6272936,-1.3589034,1
-1.3992562,-0.85118103,-0.0874144,-0.4181185,1
1.2724435,0.37172166,-0.24363777,0.21952064,1
-1.717671,-0.1477436,-0.41259474,-0.7297646,0
-0.43428406,-0.48605448,-0.9156302,-0.9954848,0
-0.35926422,-0.2876358,1.1699048,0.29256293,1
0.9890544,0.26300362,2.3403172,1.7821971,0
1.1723075,0.45289218,0.5733702,0.7012919,1
0.86917907,-1.1727768,0.9670508,0.13446707,0
-1.5116467,-0.5846143,-1.5271544,-0.669589,0
-0.037813306,-0.060689047,0.44548532,-0.3456002,0
0.61361676,-0.40393505,-0.83699584,-0.94895196,0
0.8715162,-0.2162681,-0.29321057,-0.07002187,1
1.1618088,0.030323546,-1.0634729,-1.062099,1
-0.32132444,0.18655026,1.8100818,0.20308022,0
-0.066393465,0.08859611,1.1788266,-0.011489661,0
-0.060058773,-0.15138203,-0.5330604,-0.17600554,0
0.54364353,-0.2613817,1.334857,0.83492446,1
3.6703312,-0.01435443,0.9307168,1.112943,0
-0.9610138,0.18605949,-0.38420498,1.1248395,0
0.9548128,-0.9783388,-0.7981025,-1.0279939,0
0.17499268,-0.32309926,0.34853974,0.785085,1
-0.9789192,-0.052824914,-0.039937187,-0.9073532,0
0.1724793,-0.74585533,-0.297589,-0.14912838,1
-0.6606009,-0.33326182,-1.001508,0.15707283,0
0.63075954,-0.45666403,0.34905654,0.9674395,0
2.736572,-0.06302851,1.2971333,-0.9883606,0
0.1778631,0.12307494,0.9401674,0.516672,0
-0.5783016,0.33103222,-0.41662812,-0.9920912,0
-0.36572403,-0.30048066,0.2794656,0.84592414,0
-0.60810965,-0.49662182,-1.5564556,-1.071476,1
0.98244035,0.07311839,-0.34248665,0.66846395,0
0.35115245,-0.28895986,-0.19659016,0.08772384,1
0.43917587,-0.49080265,-1.578588,-0.6948894,1
0.6710354,0.18627937,1.4158924,0.6326202,1
1.4030832,-0.85626435,-0.18839246,-0.5900725,0
0.6006286,1.2974069,0.54338545,-1.1316082,0
-0.8694819,1.5526177,0.88371605,0.9946951,0
1.0074165,0.39609113,-0.70452523,-1.0623432,0
0.6954586,0.3092915,0.10207509,-0.13929622,0
-0.9591212,-0.3666837,0.15329751,0.56559587,1
-0.7359592,0.36223084,-0.8731379,-1.0017781,1
0.08231437,-0.4810496,-0.956488,-0.20097765,1
0.076855615,-0.63683546,1.7377476,1.1515837,1
-0.22741479,-0.91352534,-0.40395314,-0.012200795,1
2.428001,0.025008544,-0.68844664,-1.0022099,0
-0.55150545,-0.13719441,-0.16151282,-0.21969534,0
0.23603614,0.6904841,-0.013795912,0.16274904,0
-1.0017829,0.09018208,-1.0650895,-0.91614604,1
1.9283423,-0.7877556,1.674186,-0.37584555,0
0.16993123,1.0507561,1.2968154,2.9610274,1
0.8413359,-0.56877327,-0.72139156,-0.8552296,0
-0.41829145,0.4641026,-0.1644353,-0.14689846,0
0.054052327,-0.55932784,0.51176685,0.44855136,1
-0.268939,0.07992378,0.12928787,-0.973467,0
-0.03479716,-0.20880723,0.13324139,0.9127999,1
-0.75104547,0.16222562,-0.32316342,-0.013330257,0
1.0047181,-0.3217554,0.3166263,0.10011022,0
0.31669644,3.4947255,1.9054353,0.5843431,0
1.8509355,0.35100842,-0.2891888,1.6275406,0
-1.5277832,-0.2764851,-1.3028891,-0.8634645,1
0.6469022,-0.5395501,-0.502718,0.23483966,0
0.048574515,-0.3455055,-1.0084155,-0.84284097,1
0.6283806,-0.36498857,-0.5915322,-0.74039924,1
1.6772783,-0.18513766,1.0615047,0.9918267,1
0.3543997,0.044409543,-0.12768674,-0.1425345,0
-0.69472045,-0.52709424,-0.48085564,-0.6574068,0
-1.8549727,-0.45030227,-1.5246375,-0.9941149,1
0.97320837,-0.67678,-0.7275568,-1.2463524,0
2.681968,-0.49553052,0.77821445,-0.17874682,0
0.8207665,-1.2989705,0.7694089,-0.95009923,0
0.88326037,0.12543513,0.72811556,-0.22833383,0
1.9929775,0.33598408,-0.17953771,0.22240551,0
0.30283433,0.29601285,-0.15094452,0.5895973,0
-0.5147244,-0.20592758,0.6933071,0.9720502,0
0.45332026,0.17779256,-0.4416558,-0.8338844,1
0.6692854,0.58530426,-0.40187708,1.0071137,0
0.55184776,1.5376035,0.3136274,-1.0172577,1
0.55040354,0.021405242,0.07526182,2.2097013,1
0.35144553,-0.6005961,-0.4821785,-0.53173035,1
-0.088810265,-0.5152285,-0.09169394,-0.10910976,0
-1.6241267,-0.5444871,-1.4092573,-1.016127,1
-0.24653624,-1.0644183,-0.1325266,-0.2784604,0
-1.7054359,-1.0915959,-0.60652477,-0.85450506,1
-0.039475508,0.12846355,-0.10655314,0.4022087,0
0.0033250153,-0.2305294,-0.11518319,0.7784798,0
-0.24192372,-0.044617414,-0.4199599,-0.007334195,0
-1.0459305,-0.4033573,-0.78727347,-0.9767392,1
-0.8692986,-0.20400986,-0.22837894,-0.47983643,1
0.85077244,-0.7953821,1.7284145,2.0971165,1
0.84896815,-0.16318092,-0.86199844,0.58751965,1
0.02008681,-0.379462,-0.69310534,-0.095697805,0
0.52241695,0.16635583,3.7043648,-0.012930628,1
0.22316253,0.47285694,-0.12048896,0.14483838,1
0.12092325,-0.31157017,-0.19023973,-0.53337514,1
0.38149703,-0.2563114,0.3762479,-0.252707,0
1.7409632,-0.255598,-0.21257529,0.998273,1
-0.50380635,0.25880933,2.9289377,-0.33592242,1
-0.59100676,-0.7093683,-0.8942862,-1.048018,0
1.2552853,0.25307807,-0.44519708,-1.1228417,0
0.77905935,-0.37701827,-0.47557765,-0.058340542,0
1.3366065,0.6111562,0.21785533,0.4557076,0
-1.4227155,-0.538046,-0.06649813,-1.2134304,0
-0.7986898,-0.2211931,-0.96738094,-1.0470568,1
0.66033953,-0.14010723,0.3843058,-0.08653763,0
0.8316773,-0.5367766,-1.0236669,-0.8907805,0
-0.9090075,-0.43964654,0.48371536,-1.007312,0
-0.5228346,0.9019786,1.3064029,0.6914451,0
1.1099885,0.44949728,0.298344,-0.1662747,0
-1.9209932,-0.09493634,-1.206342,-0.94882786,1
0.5526317,0.11374472,-0.5808569,1.7924818,1
1.1772643,0.35855,0.7819972,-0.069536,0
0.803668,0.36617818,3.8188448,2.126478,0
-0.6709462,0.2487528,-0.3817424,-0.60801035,1
0.26401988,1.1991862,0.21792048,0.16450796,1
-0.67806846,0.106966764,0.28388676,-0.7424155,0
-0.8637592,-0.46097016,-0.86204165,-0.49795264,1
-1.6326926,-0.8373512,-0.49312124,-0.9016678,0
-0.110969126,0.9362696,-0.32731897,0.8381934,1
-0.8372172,-0.10114786,0.5181117,0.9204222,0
-1.5340155,-0.27957255,-1.410021,-1.2370763,0
-0.6532641,-0.46021283,-0.6203157,-1.0338373,0
0.83460194,0.11199978,0.6307101,-0.46887404,1
0.548544,-0.3265263,1.1729385,1.2078705,1
0.46547365,0.50011325,0.14030662,0.7054372,1
0.69943357,0.67552423,2.2892275,1.7054548,0
1.3259106,0.8993851,-0.849834,-0.56861186,0
0.8491938,0.2524231,-1.2728747,-0.6730519,0
1.3590624,0.1365534,-0.8211876,1.4414244,0
1.4471405,-0.23939419,0.7841212,0.2153868,0
1.4567877,0.98749477,-0.16107818,-0.13187768,1
-1.1038079,-0.16001251,-0.7016769,-0.7630627,0
0.705969,0.82657015,0.015378296,-0.0014553182,0
2.9680505,-0.35914534,0.7368996,-0.8645179,0
-0.26127577,0.49251813,2.8843143,1.5529796,0
1.2491776,-0.46233204,-0.48383224,-0.47511247,0
0.6719821,5.990084,-0.47631332,0.72580826,0
-0.2047866,-0.7419399,-0.8347693,-0.69121367,0
1.4008104,-0.54166174,1.3589176,1.0647124,1
3.2252083,0.9480872,1.3204781,-0.39373899,1
-0.33492628,-0.40050152,-0.6811414,-0.6787073,1
2.7278862,-1.2151583,0.30274445,-0.43247154,0
0.5325082,0.23063308,-0.04742077,0.9865774,0
-0.6076485,-0.522871,-0.75359416,-0.9204275,1
-0.7612467,-0.99738455,-0.5454722,-1.2414323,0
-1.9236975,-0.84040266,-0.6621536,-0.92005986,1
-0.43998718,0.117248036,0.23850553,-1.0613406,1
-0.22339159,-0.23255827,-0.35326245,-0.052725058,0
1.536145,-0.8486589,-0.76466453,0.29841635,0
0.87428474,-0.6971888,-0.3862568,0.029191013,1
-0.8141683,-1.0168409,0.3262502,-0.38864413,0
0.37033093,0.55575544,0.06494801,0.5738505,0
-0.9455303,-0.42079827,-0.60436875,-0.17370483,0
0.4693759,-0.19772193,0.60261226,0.9522469,1
-1.7384052,-1.1860652,-1.3360507,-1.0521009,1
-0.47974813,-0.38274372,-0.45640168,-0.37059933,0
-0.6730309,-0.5108553,-0.8168352,-0.6571733,0
2.5190783,0.70968074,-1.3518047,-0.4568216,0
-1.4120964,-0.70045406,-1.3896832,-0.8467003,0
-0.95868444,-0.32065532,-1.0149133,-0.5070926,0
-0.27610913,-0.52898777,-0.8196138,0.8664532,1
-1.3961492,-0.8617859,-0.035775185,0.37965468,1
-0.2309463,-0.106101885,-0.49649653,-0.7791917,0
0.6653519,-0.56719357,0.15001865,-0.0882743,0
-0.5347292,-0.4770965,-0.62684995,2.1089716,0
0.06365329,0.15324312,-0.1659221,0.89908373,0
0.64812064,-0.70251536,-0.09814061,-0.36731336,0
0.012674391,1.0797558,0.22536877,0.4861851,1
-1.1913756,-0.15735283,-0.93454415,-0.82248926,1
0.4750203,1.4092939,1.252169,1.6945614,0
-1.8033528,-1.0240282,-1.0914887,-0.8558187,1
1.715259,0.07152503,-0.81627405,-1.2062254,1
-0.7383629,6.2954245,1.8780744,-1.027858,0
-0.0076701045,-0.4719031,-0.73972434,0.22092701,0
1.9947951,0.44806188,-0.69685006,0.48471108,0
-1.0513607,0.58384097,0.12349295,-0.33747962,0
-0.34728536,0.78640765,-0.20900738,1.5464666,0
0.9704168,-0.82630485,0.3240327,-0.94803524,0
-0.23747611,0.8764761,-0.75127804,0.6458773,0
-1.1130097,-0.46509135,0.07498452,-0.07211665,1
-0.1403768,0.08311747,1.4464593,0.83228666,1
-1.1075476,-0.39212835,0.062207133,0.8674166,0
-0.4308356,0.7100226,-0.19297077,-0.0803553,1
0.31338188,-0.62235326,-0.6763669,0.1657372,0
0.16440667,2.2423904,-0.3869614,1.5494734,0
-0.4599129,-0.10463804,0.39212862,-0.10369158,0
-1.6607373,-0.017615214,-0.055464767,-0.8169087,1
-0.009547934,-0.12441818,-0.6695098,-0.018161505,1
0.23468398,-0.11441171,0.16598752,0.7358204,0
-0.36714694,0.08008663,-0.5368384,-1.0427891,1
-0.9389535,-0.36174613,-0.96710914,-0.66693485,0
-0.6998074,0.28118655,-0.6431677,-0.050749887,1
0.6009324,-0.07614042,-0.6224251,0.13814922,1
-0.25055635,14.6874895,1.47057,0.5089637,0
-0.23515454,-1.1365376,-1.5772097,-0.96295553,1
-1.5525693,-0.6866596,-0.28707132,-0.90304536,0
-0.9370706,0.018740475,-1.2048151,-0.86832106,1
0.8585545,-0.32810122,0.61995184,0.14994991,0
1.3781173,0.17398691,1.1518426,0.54467213,0
1.3118329,1.3885303,1.2192454,0.995041,1
-1.4503036,0.07624349,-0.7164017,0.2669753,1
1.1426992,2.8582668,-0.1963489,-0.9819824,0
-1.1760039,-0.6017308,-0.89099026,-0.99089587,1
-0.7091285,-0.55801547,-0.74229354,-0.029353272,0
0.7579973,-0.6552432,-1.2682507,-1.0173781,1
0.6868772,0.7395559,0.021966636,0.7134478,1
-1.6563692,-0.20102286,-0.62474006,-0.7355416,0
-0.44472963,0.1461663,-0.322964,-0.55948555,1
0.9123968,1.0436497,0.71816856,-0.44808412,0
0.26270083,1.0017458,1.0152714,-0.030084927,0
0.5484573,2.1577728,0.88881403,-0.56261504,0
-1.1853256,0.01284498,-1.3357145,-0.65583956,1
-1.0214254,-0.626008,-0.51138616,0.08078787,1
-1.769516,-0.4631244,-1.3482202,-0.74834657,1
1.4605315,0.8885846,-0.7149466,-0.61708784,0
-0.5295612,-0.1788382,-0.81761247,-0.5710326,0
-0.46632046,-0.3594935,-1.7801015,-0.82680666,0
-0.05829516,-0.048154585,0.77970225,-0.80390954,0
-0.3598002,-0.350498,-0.264847,-1.2665057,1
0.79166365,-0.6536174,-0.5952532,-0.091692574,0
-0.35732698,-0.6902889,-1.1076906,-0.16426302,1
-1.1708596,-0.112194,-0.097534165,-0.61275834,0
-0.19961667,-0.57005554,-0.79044,-0.15689185,0
-1.225348,-0.6466103,-0.9069197,-1.0516573,1
-0.57677567,0.41987664,0.5709119,0.2675449,1
1.2540238,-0.63721776,-0.21847177,-0.6669861,0
-1.0340476,-0.50578654,-0.6497429,-0.4556562,1
0.9677021,0.15740082,0.29057693,-0.804909,0
-0.10555331,-0.13839087,0.3214506,0.5309397,1
-0.61458,-0.13044432,-0.74800944,-0.08015654,1
0.9879954,0.82048345,1.0684878,0.79205877,0
-1.1258672,-0.50448895,-1.4079478,-0.6944461,0
-1.4578512,-0.4582451,-0.8093647,-1.012591,1
-1.1900156,-0.27165318,-1.3086272,-0.91453457,1
-1.0253336,0.031228721,1.1195978,-0.5744812,1
2.1899304,-0.6127463,-0.2581218,-1.2246767,0
1.9585378,-0.5224334,0.18618618,-0.6548985,0
-0.5411725,0.2745,0.121284194,0.6585353,0
0.29591137,0.2654132,0.022819914,-0.18540314,0
-0.08347459,-0.35739762,0.92787075,1.4031887,0
2.478927,-0.81409705,-0.7684455,-0.6359685,0
1.4162062,1.030906,0.18911278,0.46154726,0
1.4159294,-0.47194868,0.33368912,-0.029373307,1
-1.3557457,0.38806894,0.6990044,-0.99219084,0
-0.5715835,-0.6560634,0.061179403,-0.17242002,0
-2.0703359,0.15106773,-0.7259215,-1.1352369,0
-0.22646193,2.0983725,0.9836738,1.8726401,0
0.5046031,-0.12114901,0.74586433,2.6538243,1
-1.0221914,-0.7785789,1.9090465,-0.014834678,1
-0.45244625,-0.30482388,0.5266585,-1.0096443,0
0.64725935,0.7399722,-0.11155188,-0.051597953,0
-0.015636086,-0.66293204,0.5066759,-0.04052068,0
-0.9147425,-0.15774344,-0.5906915,0.8587571,1
1.8614182,-0.7042102,-0.6849079,-0.73226917,0
-0.6791298,-0.58825433,-1.1269388,-0.42837688,1
0.6726374,-0.62638134,-1.2478025,-0.97375023,1
-0.23117143,-0.23734565,-0.65377086,-1.2512553,0
-1.1078931,4.6412663,-0.39601707,0.2885801,1
1.3678383,0.5494033,0.28265414,-0.6925367,0
-0.0015072525,-0.41810316,0.9326695,0.032154117,1
1.089699,0.021568373,-0.4293114,0.13661255,1
-0.49170613,-0.5284484,1.0480188,2.575911,1
1.2670591,-0.51846516,1.3915759,0.6529173,1
1.3288908,1.5876753,-1.0280714,-1.2972729,1
0.9106082,-0.45288986,1.5990719,0.2773026,0
0.3380734,0.4230011,0.2190884,-0.040107675,0
3.7102785,0.18509781,1.051109,-1.152929,1
0.5189104,-0.9914818,-1.3381218,-0.8624423,1
0.034102175,-0.9586365,0.7977707,0.5611221,1
-0.40469292,-0.33644694,0.6929451,-0.051484745,1
0.8179376,-0.76930416,1.4251457,0.4282743,0
-0.099472284,-0.6758437,-0.17161754,-0.24086753,1
0.054774627,-0.47367677,-0.42678687,-1.3981558,1
0.58385265,0.1368394,-0.5991844,-0.94610584,1
1.350513,-0.53229207,-0.40961197,-0.14248794,0
1.786879,-1.0849539,-1.0650083,-0.30883545,0
-0.96068823,0.5836214,0.24401888,1.9421562,0
-1.7741677,-0.9183447,-1.9445906,-0.70602065,1
-0.100130394,0.7922487,0.56487477,3.012355,1
2.5023324,-0.6589462,0.84866387,-0.78883064,1
0.58620083,-0.0920019,0.28756687,-0.29997164,0
-0.23085652,2.0785973,1.2233057,-0.20895153,0
0.38785097,0.11204666,-0.96963537,-0.10562554,1
-1.4177514,-0.13920654,0.8171559,-0.094519824,1
0.20301867,1.6193453,1.2057227,-0.049395423,0
-0.6825396,0.30584097,0.074010484,0.46895012,0
-1.2202283,-0.7576305,-0.6265297,-0.663539,1
-0.91809344,-0.5519931,-1.5035638,-0.70779794,0
0.3812714,-0.23043938,-0.058176734,0.5791218,0
-0.29861492,0.72552395,0.5745996,0.9962059,1
-0.07226983,0.43417805,-0.23922229,0.59501064,0
-1.0542347,-0.05899501,0.28732997,-0.4699489,0
0.37516728,-0.27720588,-0.2529394,-0.0135266725,1
-0.864292,-0.1320085,-0.11544651,0.31808752,1
-0.36011732,0.7902913,-0.7130076,0.8690969,0
-0.038972013,-0.6586383,-0.74191,-0.19276297,0
0.03819828,-0.60833585,-1.1766521,-0.6849715,1
0.24424465,-0.43544298,0.034908406,0.96699154,1
-0.4006868,-0.40916944,-0.7270868,-0.8411637,1
-0.19585241,-0.36610118,0.24500258,-0.05740567,1
-0.07739651,0.44760275,-0.8052453,-1.0748863,1
-1.5549753,0.061238885,0.41060784,-0.9588702,0
-0.13053095,-0.043503642,-1.4448587,-0.96181905,0
-0.90660614,1.1789792,-1.5986047,-0.17525005,1
1.3685265,-0.69852316,0.73574996,-0.33976606,0
-0.5311362,0.5650592,0.7014294,0.07310729,0
-0.043679953,1.547402,-0.5521488,-0.60188854,1
0.74552035,0.400116,-0.3709773,-0.1428754,0
-1.645663,-0.6465945,-0.6547282,-0.47512218,1
0.5615524,-1.019087,-0.085653335,0.05689362,1
-0.759534,-0.5339285,-1.0474293,-1.1933049,0
-0.9041042,-1.0382591,-1.1529268,-0.6484995,1
0.06388831,-0.51188457,-0.9797794,-0.49243557,0
-1.3900864,-0.84052014,0.30389506,-1.0506371,0
0.15632579,-0.60231066,0.6532479,-0.024216294,1
1.0464271,-0.53099626,1.6293662,2.3233871,0
0.8145089,-0.5339003,0.36918098,1.410123,1
-0.24077776,-0.40417746,-1.2991045,-1.2264845,1
0.7720196,-0.6887682,0.74558306,-0.8877613,1
-1.3630114,1.9054676,3.415346e-05,1.6197145,1
0.113136336,-0.45854083,0.23163508,-0.11901122,1
-0.27989545,-0.14677635,-1.0814155,-0.21810439,1
-0.5777416,-0.35918438,0.40225393,-0.09908916,1
-1.7490871,-0.8240606,-1.0635664,-0.94841623,1
-0.9951666,0.59686196,-0.93217784,-0.053153455,0
1.147894,-0.8760232,0.946614,0.7870836,1
-0.59790635,-1.0993642,-1.0674045,-1.2892146,1
1.4501832,1.4442929,2.2380288,2.2709253,0
1.0768808,-0.12377006,0.5629421,0.20898843,0
0.06814976,-0.71542764,-0.41804495,-1.0765681,0
0.21352461,-0.39736426,2.2563193,4.0611815,1
0.6522469,0.76993024,-0.3542511,0.18666425,0
-0.9155706,-0.29305905,0.8294675,-0.03405949,1
1.3469567,1.2292544,0.3026433,-0.95510805,0
-1.5008026,-1.0205052,-0.2050786,-1.1459665,1
0.7117999,-0.5080196,-0.56314945,-1.0091952,0
-0.18016097,1.0268728,2.5384765,-0.15212207,0
-1.263123,-0.49965778,0.7284194,-0.64550614,1
-1.2385035,-0.6772747,0.61463046,-0.90003073,0
-0.5645771,-0.18232433,-1.2265837,-0.75230926,1
0.14933348,-0.32609987,-0.30880257,0.046754215,0
-0.5097316,0.27158883,1.0618979,0.12911655,0
-0.3026474,0.34841684,1.4209238,-0.29659906,1
0.30145848,-0.51873773,-0.08356808,0.78526914,1
0.897644,-0.713363,-0.7250072,-0.6857054,0
1.4963738,-0.7305981,-1.2272456,-0.93430316,0
0.037220344,-0.44570225,-1.6244558,-0.70510095,0
-0.8726557,0.41669405,-0.0036320388,0.85299534,0
0.3811322,0.18576637,-1.2163942,-0.7214741,1
0.26260215,-0.5852157,-0.9787722,-0.1790773,1
-0.3498326,0.6459826,5.113668,2.003093,1
-1.8286146,-0.14382452,-0.8687311,-0.9052259,1
2.6617982,-0.92575717,-0.80016965,-0.8640234,0
-0.6529804,0.3725415,-1.2073908,-0.018832017,0
-0.81137127,1.1897488,1.1318263,1.9253936,1
-0.84433603,0.59083843,0.87676984,0.1512284,1
-1.1229074,-0.09187624,0.5907066,-0.92692524,0
-0.021733254,-0.61246127,0.113786496,-0.023900596,0
-0.7046784,-0.6595212,0.48584962,0.83412784,0
1.4758477,-0.88692427,-0.42655247,-0.97068536,0
0.77256775,1.3255037,2.7375937,2.1280365,0
-0.27758488,1.0211343,0.815776,2.2151659,1
-0.041193366,-0.026256993,1.0652956,0.18911417,0
0.8176976,-0.5818176,2.5453598,0.0040957145,1
1.4015994,-1.011216,-1.0134227,0.0044230297,1
-0.04532419,0.82051826,0.75747657,1.6032687,0
-0.884206,0.025820166,0.6802786,-0.04592017,1
2.3593714,-0.6006259,-0.81667197,-1.025367,1
-1.6110618,-0.55717456,-1.4169674,-0.9619853,0
-1.6389507,-0.59843475,0.5384239,0.9179855,1
0.0121041685,-0.3292688,0.7428173,2.5778618,0
0.16213202,-0.28482038,-0.99344003,-0.86936057,1
-0.17200302,-0.86237425,0.33862314,0.049507756,1
0.34516382,-0.75869477,0.4231434,-0.17404243,0
1.1635334,-1.0284636,0.524801,-0.07757238,0
-0.6801933,-0.7022083,0.18589026,-0.960086,1
0.015040667,-0.32917452,0.08788085,-0.8135828,0
1.1151277,-0.74644375,1.488801,-1.2166073,1
-0.42776597,-0.36367023,-0.28267723,-0.054385968,0
-0.7795006,-0.30631867,-0.17029989,-0.39048526,1
-0.115987636,0.5384537,-0.47417748,0.9181177,0
-0.33177862,0.9275394,3.7609222,12.380659,1
0.37982357,-0.008503571,0.94807714,0.7614481,1
0.055046618,-0.24347118,-0.36431518,0.5651409,1
-0.73702294,-0.31020302,0.53426445,0.60104233,1
1.7999495,-0.2772101,-0.48667967,-0.99201936,0
0.9125315,1.4261642,0.19577865,-0.31616884,0
0.07676341,-0.34042633,-0.3509957,0.025626693,1
-0.9946541,0.20338798,-0.31300008,-0.042203985,0
-0.7972195,-0.63363844,-0.10540503,-0.8422625,1
-0.008726016,0.28947288,0.6172806,0.023569744,0
0.53051984,-0.75293124,-1.4306711,-0.6472104,1
-1.1717963,0.17686003,-0.68583584,-0.7281524,0
-1.201725,-0.07276985,-0.80973613,0.599567,0
0.58245003,0.06735161,-0.30013672,-0.32528654,0
-1.2399755,-0.80415636,0.50769514,-0.5684892,1
0.22310495,-0.29906094,-0.6568195,0.84666073,0
-0.04280308,-0.96469957,-1.1570041,-0.87598246,0
-0.74635136,0.09472724,-1.2727615,-0.77312785,1
-1.2587848,-0.71568924,-0.8251493,-0.92075753,1
-0.35799643,0.24330282,3.37822,0.94921696,1
0.68899715,0.3953067,-0.2768442,-0.017043574,0
-0.60105515,1.0593578,-0.6371498,-0.82092696,0
1.2542443,0.005522861,1.1878537,5.4301763,1
-0.5407826,-0.8161614,1.1201619,0.59078616,1
1.1912869,-0.31199723,-0.57521975,-0.87424,0
-0.85339785,-0.52469677,2.124786,-0.17970395,0
0.23312482,0.27479085,-0.34780785,0.15594694,1
-0.45433137,0.16465324,-0.13066523,0.6009531,1
-1.3360093,-0.68490577,-1.0564038,-0.76089907,1
-1.1896151,-0.7161751,-0.6793274,-0.43231535,1
2.7750099,-0.29034695,-1.3682641,-0.8659156,0
1.8699926,-0.019613113,0.065129496,0.05809762,0
-0.22966903,0.13850461,-0.2269119,0.8674775,0
-1.3264248,-0.9210199,-0.8174645,-0.8192299,1
0.2625632,1.0073721,1.2417665,-0.85745364,0
1.6811559,-0.6493962,1.1431814,-0.5345495,1
0.88010347,-0.4729206,-0.5285946,-1.0279546,0
0.7954097,0.22659439,1.8635881,1.1624157,0
-1.2999249,-0.105849266,-0.967576,-0.6373018,0
-1.0904851,-0.23474568,0.5588814,0.1276578,1
-1.0651325,0.18928647,-0.11066438,1.022872,0
0.46102524,0.12113913,0.9119658,0.5625109,1
-1.3324534,-0.22886443,0.3332459,-0.81530213,0
0.71609664,0.54312134,4.0600753,0.029745955,0
-0.15650453,0.10930693,2.1280155,1.4553127,1
0.075829595,0.32477432,0.86266804,-0.18275276,0
-0.9327315,-0.025694948,0.0090332925,-0.260765,1
-0.026809454,-0.03496939,-1.401457,-0.41466773,1
0.69395804,-0.14501889,-0.06763618,0.83473104,1
-1.5996308,0.099389374,-0.41966125,-0.14628309,0
-0.6514759,-0.5359088,-0.5610208,0.7708182,1
1.4644344,-0.27816552,2.3264942,-0.25451505,0
0.020379648,0.08676213,-0.26107895,-0.0005211048,1
-1.1761392,-0.30296206,-0.7194856,0.752895,1
0.9211844,-0.2381081,0.35915333,0.04809333,1
0.09308076,-0.020646267,-0.088940956,-1.1771815,0
-1.1489152,0.16959935,-0.60532665,-0.54666865,0
1.7628219,0.026272088,2.5429075,2.7137067,0
0.13725838,0.6178529,-0.59087276,0.1413456,1
1.2274088,-0.5202439,1.6913954,0.09923251,0
-0.23036331,1.5533447,0.57019675,1.4503301,0
-1.3596361,-0.6329003,-1.550903,-1.014525,1
0.8592563,0.30632657,1.4676534,0.46609476,0
-1.4051564,-0.2708724,-0.09855076,-0.3792512,0
0.32009575,-0.19543394,0.06484629,-1.233459,1
-1.3240218,-0.6643162,-1.9042034,-0.9811051,1
0.24496154,-0.47761247,1.5952735,-0.66223323,1
1.8259944,-0.32488936,1.3682573,0.026206229,0
0.36071587,0.19026397,2.4260793,0.019463554,1
-1.4981315,0.039245635,-0.27775905,-0.90695965,0
0.250528,-0.12219056,1.5702521,0.8112071,1
-0.9934628,-0.047116607,-0.3112992,-0.71014535,0
1.5850571,1.0675186,1.3908592,0.7871623,0
1.2219163,0.13196225,-0.25916675,0.5455392,1
2.8918982,-0.30449137,0.61992997,-1.0959136,1
1.0546079,-0.37690115,-0.43062624,0.05018958,0
-0.8898191,-1.2120599,-0.5524362,-0.804347,1
-0.3092097,1.5902839,2.3030558,0.5428584,0
-0.8921239,-0.84735376,-1.4423703,-1.0180719,1
0.6286077,-0.25551078,-0.42258623,-0.09514907,0
-0.5710532,-0.7997062,0.502986,0.25467858,1
-0.7133836,-0.6791162,-0.9802527,-0.8871207,1
-1.2512805,-0.23247242,-0.7042509,-0.10853906,1
-1.4469959,-0.82797503,-1.6051584,-0.49170846,1
1.0248096,0.9063052,0.55040467,0.8151811,0
-1.1405313,-0.59867233,-1.0208206,-0.40219063,1
0.8287976,0.12307223,0.8602288,0.0930789,0
-0.20776011,-0.7298296,0.1924296,0.6139715,1
0.54946786,-0.558037,-0.7203777,-0.22972563,1
0.2291573,-0.6060658,-0.09860626,-0.44589323,0
0.005396411,-0.10915148,0.5169343,-0.7315209,0
-0.0924298,0.60755455,1.2307956,1.5563879,1
-0.76898515,-0.14926481,0.58887815,0.058399137,1
-0.61483246,-0.32638177,-0.92155135,-0.5180366,0
1.2681198,0.2823692,0.6704918,0.6423041,0
0.9659674,-0.78818643,0.5204471,0.058473837,0
-1.6392298,-0.7505133,-1.6497651,-0.71243274,1
-0.7919648,-0.3259629,0.7947055,-0.65454715,1
-0.18068092,-0.34993884,-0.09161859,0.6631644,0
-1.2256424,-0.70999354,-0.033706516,0.018475354,0
-0.09874028,-0.82194006,1.2050506,1.298898,1
-0.8950067,-0.64021486,0.6547422,2.5691755,1
1.4749738,0.123907834,0.19743747,-0.094721556,0
-0.8875561,-0.5358562,-0.84933984,-0.8798074,1
0.23894751,0.7244303,-0.8047644,-0.35687554,0
-1.8190209,-0.47665387,-1.2978764,-0.9978044,0
0.3637926,0.24120651,-0.68677205,-0.095191166,0
1.8407534,-0.7769356,0.6330458,-0.355628,0
1.2819775,-0.90935683,0.24267551,-0.047430374,1
1.5315135,-0.72088856,-0.3252477,0.5447881,1
0.8974372,-0.6563186,-0.109245986,-0.2666928,1
-1.8546185,-0.6132636,-1.3656017,-0.77373457,0
0.34127373,0.864515,0.71555007,0.8269201,0
1.0231833,0.33612633,0.59690875,-0.9215721,0
0.69022673,-0.5267895,-0.3235128,-0.73981565,0
-1.6487403,0.05582094,-1.3397663,-0.9431713,1
-1.3791509,0.04062722,-1.0817876,-0.6575867,0
2.1549633,-0.7647819,-1.3647772,-0.889953,1
-0.32591844,-0.15380149,-0.2458936,0.72492886,0
0.23551165,0.7467209,2.2554126,2.1134875,0
0.8412223,1.0146242,-0.87573546,0.79337656,0
-0.63728756,0.032010823,-0.8766661,0.3252429,0
0.14559448,0.72782934,-0.14402023,-0.11197841,0
1.3032355,0.4191024,0.87412775,0.67967796,0
1.7811273,-0.04842264,-0.32565787,-0.8688799,0
1.3640398,-0.3193243,0.13855462,0.6138608,0
0.66471946,-0.25816065,0.923722,-0.16353902,0
-0.17991927,-0.5120045,-0.3373125,0.844636,0
1.8283646,0.059534878,1.4490283,0.41893485,0
0.2968858,-0.23888293,1.2425251,1.8892947,1
-0.36243728,0.28892124,0.35777485,1.3500303,1
0.70143646,0.07509932,3.6189559,0.005075652,0
-0.39053977,-0.07999918,-0.5571028,-0.9551517,0
0.053900093,-0.57445,-0.08366141,1.2142744,1
-0.34233913,0.81252617,-0.26441303,0.09741716,0
0.8089454,0.22475067,-0.5766486,0.17788437,0
-1.2989166,-0.24884029,-0.8488423,-0.09794533,0
0.23590282,-0.21745431,-0.008007318,-0.34390375,0
0.18167996,-0.57919765,2.3202662,-0.16644,0
0.37934974,6.392636,-0.08812149,-0.081745915,0
0.82798475,8.241495,1.4824723,4.1278667,0
-0.22516987,1.22029,0.48697454,0.18587044,0
0.5704394,-0.4587431,0.50566554,0.58143646,0
-0.9694667,-0.46140414,-1.3757253,-0.89044696,1
1.6154433,-0.4841032,-0.8983685,-0.9091064,0
-0.66900206,-0.35175577,0.4274992,0.45000914,1
-0.05726166,1.1992813,-0.61656153,-0.79129696,0
-0.61827636,-0.6126955,0.7657133,0.38982075,0
0.9558017,0.44551787,0.23037522,0.49231288,1
0.8436934,-0.28786603,0.24914886,0.17249078,1
-0.96545434,-0.20889647,1.0412104,-0.6090735,1
0.55305994,-1.0104911,2.1518373,-1.082614,1
0.9793127,1.380147,0.792615,0.95748323,0
0.28141803,1.8311163,0.022714093,0.19517507,0
0.10023624,-0.19690193,-0.24460074,0.11618215,1
0.40212512,0.53149074,1.8053482,-0.12975118,0
-1.7481132,-0.9355535,-1.5122664,-0.67004,0
-0.47849193,1.0017875,0.75850487,0.08621661,1
0.011162296,0.03594494,-0.9041436,-0.08598697,1
0.8242948,-0.24967882,-1.1459312,-0.44553575,1
-0.9045641,-0.8286842,-0.10718268,0.81899405,0
-0.056811452,0.72837305,-0.741853,0.43365976,0
-0.02124181,-0.17642471,-0.4705006,-0.81243,1
0.4162057,0.9728524,-1.4091839,-0.98369366,0
-0.73162395,-0.3773971,-1.0632378,-0.6444422,1
0.4649651,-0.47816855,0.1075889,-0.8502042,0
0.18478262,-0.13713643,-0.46402243,-0.41697514,1
0.36581543,-0.60123,-0.37760141,-0.98572385,0
-1.1965809,0.10379128,0.5535892,0.7172626,1
-1.6602339,0.22850373,1.1786026,0.56778014,0
-1.3680183,0.54336214,-0.24446653,0.924229,1
1.2691425,-0.22054398,1.9474312,0.06326102,1
0.28551328,-0.063922375,-0.7591918,-0.9276729,1
0.8147444,0.3596246,3.2114034,0.45730832,0
-0.22716343,-0.8969778,-0.53449,0.6697438,1
1.5150957,-0.50094306,0.6125491,-0.08540948,1
0.5505408,0.048693262,0.62987053,0.73616326,1
-0.0046749096,0.7836046,1.0943025,0.78434515,0
-0.573512,-0.004522249,-1.0273781,-0.6909926,0
1.6921166,-0.51994497,0.052094135,0.10750373,0
0.1830199,-0.20848548,-0.45577863,-0.87538284,1
-0.6742773,0.55972517,0.41590422,-0.9507782,1
0.94323206,2.1674316,-0.3451226,0.35275453,0
-0.61779463,-0.585207,-0.40617773,0.7231799,0
-1.417176,-0.97914416,-1.4460933,-0.70022744,1
0.21790704,-0.6692139,-0.89536715,0.056818794,1
-0.91673243,-1.0983884,-0.96068126,-0.74688816,1
0.4603369,-0.15154782,1.8423175,0.663238,0
0.03646405,2.6648917,1.5509306,0.9794313,0
-1.4278698,-0.15078555,-0.44420972,-1.0549843,0
0.84399056,-0.041742317,0.3959287,-0.3128788,0
1.9641042,1.7598305,-1.375967,-0.33782756,0
-0.7916726,-0.90857434,0.13117439,-0.8343567,0
-0.23505636,0.7739965,0.6295732,-0.105143085,0
0.58792174,0.49262184,1.144138,0.8717639,1
1.2249591,-0.6684263,-1.5608215,-1.1486858,1
-0.91236115,0.23338455,-0.61193335,0.6617097,0
-0.38216713,0.08419319,0.9620939,1.5440524,1
1.5289164,-0.317405,-0.7446407,-0.23116994,0
1.0949297,0.33441097,0.07331667,0.080382496,0
-0.18860495,0.47243163,-0.35936886,-0.16136807,0
-1.5778201,-0.7848191,-0.40840387,0.57214123,1
1.5378182,0.18483105,-0.7715891,0.966314,0
0.53999496,-0.17662545,-0.7533566,-0.9784005,1
0.08944473,0.44513083,-0.58684087,0.7714639,0
-0.9194487,-0.26761308,-1.0673611,-1.180398,0
1.5246803,-0.41905853,1.3773712,0.21834849,1
0.22766185,-0.49617356,0.124444194,-0.2449386,1
-0.22953674,0.97265637,-0.15026326,0.7829924,1
0.5152877,-0.11166127,-0.67007166,-0.8027349,0
-0.29915982,0.7475757,0.9269166,0.029411908,0
1.7198933,-0.43792358,0.65553546,-0.68065107,1
0.448354,-0.646168,-0.41479087,0.22721623,1
1.0018911,-0.69206214,1.9019668,0.56297505,1
2.6313925,0.43272778,-0.40170246,0.09843661,0
0.61539316,-1.0308102,0.5773016,1.3432454,1
1.8588387,-0.54580784,-1.259018,-0.71746504,0
-0.28219527,-0.40165517,-0.46116155,-0.22474012,1
-0.83243066,0.9260279,0.74008113,-0.88492775,0
-0.49300036,-1.1497045,-0.7644894,0.04429311,0
1.6275015,-0.04434575,-0.6651501,-0.33014795,0
-1.5262047,-0.8068721,-0.22984436,-0.6661073,1
-0.2988631,0.24161795,2.4370654,0.58383036,0
2.0241187,-0.85216343,3.4403203,-0.67060953,0
0.35677555,0.23806906,1.7979834,0.88259995,1
-1.3310249,0.13105738,0.9606272,-0.1546941,1
-1.1450688,-0.46933043,-0.64360136,-1.1105734,1
-1.6171676,-0.81343615,-0.32904387,-0.5716703,0
-0.43639964,-0.18768121,-1.4070932,-0.58357805,0
-1.6602417,-0.8161743,-1.0137944,-0.6601099,1
1.5953006,-0.6744474,-0.22514538,0.2798012,0
1.7195817,-0.22176977,0.6572634,-0.5364028,0
-0.086083286,0.9903471,0.6687932,5.452139,1
1.7131838,1.8034034,-0.11369629,-0.43574852,0
-0.16982466,-0.86093926,-0.9875015,-0.5412259,1
-0.8724706,0.32731527,-0.59067076,-1.0110698,0
-0.7674705,-0.31852013,-0.9061881,-0.33442706,1
1.3725004,0.76194197,0.8176436,-0.67548096,0
-1.1650753,0.73996264,1.0286961,1.7476385,0
-0.037734374,-0.5763351,0.51634693,-1.2861031,1
-1.5378016,-0.81754357,-0.7843263,0.03291036,0
-0.6762894,-0.5066584,-1.2698798,-0.59117526,1
-0.08283431,0.5994721,1.927262,3.1413631,1
1.771962,0.24990071,-0.5104171,1.5422969,1
-0.9685596,-0.088024884,-1.650729,-0.7955041,0
-0.009660423,-0.33968055,0.07360101,0.16572697,0
-1.3529136,-0.2095182,-0.81266814,-1.0435383,0
-1.9073948,-0.7196765,-0.7135873,-0.664236,0
1.0236256,0.6010446,0.7432206,-0.18684192,0
0.37473902,0.988447,2.7897074,0.9181375,0
0.43601903,1.2499689,0.5908135,-0.84431654,0
-0.17069416,-0.7075248,-0.25901234,-0.29784015,1
-0.9520066,-0.37205905,-1.9621302,-0.78148305,1
0.5190239,-0.12153223,1.024309,-0.51140493,0
0.3067099,-0.09482616,2.5208414,1.1136236,0
2.9771683,-0.30698496,-0.29751793,-0.9316665,0
-1.0003469,-0.5960124,-0.18707749,-0.8310535,1
-1.5729645,-0.3678346,-0.4295867,-0.57416016,0
0.26795024,-0.2520176,-0.883362,-0.9238125,1
-0.017822243,-0.6747274,0.1607554,-0.45886257,1
0.5561758,-0.47658974,-0.3159302,0.84656113,1
0.6642841,0.02414979,-0.31145397,-0.98473644,0
0.75486046,0.14689067,-0.5755222,-0.48077652,1
0.54969656,-0.21190226,-0.76973546,1.1530744,0
-0.97045743,-0.80311006,-0.7901732,-0.8767745,1
0.32026026,-0.0521219,-1.3210996,-0.8254701,1
-1.504604,-0.51367486,-1.0612477,-1.1003225,0
0.43155256,1.2141361,0.20613533,0.5975994,1
0.6881591,-0.32956052,-1.3824041,-0.67581826,1
0.44465923,-0.023094099,0.53934884,1.4879957,0
-0.4147033,-0.077341065,-0.6722845,0.31450233,1
0.6735936,0.719384,0.31309098,1.9115295,0
-1.4895341,-0.8367971,-1.3623774,-0.9518534,0
-1.4662542,-0.46888363,-1.5890675,-0.8028632,1
-0.71641636,0.7459991,1.1764795,2.5066788,1
0.41958517,-0.4239738,-1.2087686,-1.0258857,0
-0.70446765,-0.457433,-0.079627335,0.11723603,0
-0.98379064,-0.47516274,-1.2265843,-0.77829164,1
-1.7406104,-0.6059534,-1.4575402,-1.0977923,1
0.79834455,-0.41956198,-0.3294258,0.921528,0
-0.40120924,-0.49337196,1.1868985,2.6201422,1
-0.618029,0.32193252,-0.9919238,-0.68019176,1
-0.8930422,-0.92428815,1.2388633,-0.05115296,1
0.13339978,-0.47499856,0.6565254,0.9724589,0
-1.3464085,0.24465816,-0.47766238,-0.66528094,0
-1.1588123,-0.0068258196,0.4168685,-0.048998635,0
-0.3167478,0.6556117,-0.04035178,0.40448138,1
1.1284001,-0.48252693,-0.9073032,-0.62091786,0
1.454432,0.24483201,0.8826073,-0.016506625,0
-1.2414272,-0.6206578,-1.3144749,-0.69398427,1
-0.11021201,0.8357541,-0.45079276,-0.8884922,1
0.042116463,0.0547432,0.45616257,0.3783306,1
-0.4131387,0.53023934,0.48222554,2.3020492,1
0.53720796,0.008719265,0.13284579,0.2791076,0
-0.2820686,0.46243715,0.61796075,-0.4129205,0
-1.3588319,0.26286644,1.4213886,4.650141,1
-0.32406956,2.4348965,2.3916397,3.14893,1
0.36066794,-0.19740884,-0.2929166,-0.13084696,0
-0.30572835,1.2625035,-0.49650973,-0.13244246,1
0.08406995,0.4207716,-0.39161897,-0.79982907,1
-0.501529,1.0103753,3.7233388,1.5805568,1
0.6244294,-0.73135495,-0.71699417,-0.7207954,1
-0.05002531,0.6003009,-0.7095753,0.7644451,1
-0.88673264,-0.029320017,2.3415027,0.6088225,1
0.041499425,0.63473296,-0.19387633,-0.10703537,0
0.12819324,0.4300633,0.0332244,1.6893756,0
0.89756995,0.6536081,0.1450825,-0.25140426,0
0.01693651,0.9875611,-0.30690652,-0.8443503,0
-1.8436122,-1.1674609,-0.860435,-0.68838847,1
-1.4815559,-0.7458812,-0.1871236,-0.43370157,1
0.1061434,0.60855955,1.4669218,0.93743736,0
1.1925926,-0.88335264,-1.0719336,-1.1314777,1
1.1322557,0.096900314,-0.5834949,0.07802187,0
0.8228649,-0.93009853,-0.54281706,-0.24929693,1
-0.5509367,0.4172695,-0.52461725,-0.17950751,0
-0.9017446,-0.6987854,-0.501725,-0.9356471,1
0.17362534,0.039734095,2.1536849,0.22028166,1
-0.7723575,0.17744607,0.9886391,0.31317726,1
0.8444263,-0.7069342,-0.06164092,-0.18288988,1
-1.2775208,-0.35239464,0.9760194,0.59202147,1
0.9885342,-0.98052144,-0.10536476,-0.0031977184,0
-0.43405554,-0.75352323,-1.2845973,-0.8231184,1
-0.057972625,-0.20395273,-0.69631636,1.0173955,1
-0.45200637,0.12367168,0.6751898,1.3939556,1
2.6431947,0.059126984,2.6512294,-0.03795536,0
0.47911426,-0.005052358,0.30671328,-0.09340008,1
-1.0441189,-0.9132645,-0.8180144,-0.6412387,0
3.2848175,-0.638233,-1.2279279,-1.1842862,0
1.8783263,1.555995,1.3866699,0.9187987,0
0.9784889,1.1976329,0.99103177,1.9166386,1
-0.39950985,-0.021499328,-0.23447707,2.2737088,0
-0.25411832,-0.09430932,0.21613356,0.009929124,0
0.49759758,-0.32902747,1.8599434,0.82946384,0
2.869164,-0.08418607,-1.2278143,-0.7613484,0
0.20432481,-0.3689158,-0.11719808,-0.659943,0
-0.6884612,-0.21468547,2.0112872,4.544349,1
0.6671034,0.5174562,-1.360302,0.7494377,0
0.2171682,-0.2663643,-0.32387125,-0.7211048,1
-0.70337945,0.6789946,3.0304058,0.60881454,0
-0.40138224,0.7480532,-0.14122209,0.19226976,1
-1.0654408,-0.02892445,-0.38347793,0.78930634,1
-1.2516425,-0.07864274,0.6547659,-1.2050643,0
-1.5244766,0.08976567,-0.94699943,-1.1650423,1
1.1164442,-0.60808116,-1.6989532,-1.1047907,0
-0.19773665,-0.63292503,-0.5750185,0.68462723,1
0.6203697,-0.08302105,2.11739,0.28707185,0
2.3657036,1.1554006,1.1755909,-0.7459397,0
-0.81271935,-1.0387232,-1.0317562,-1.1734684,1
0.99499387,0.23620807,0.61704165,-0.091819845,0
-0.763937,0.2811934,0.25701657,1.0709288,1
-0.89489996,-0.45476472,-0.56847525,-0.4465052,1
-1.0571231,0.39429924,-0.81095093,0.18501592,0
0.82476443,-0.0909119,0.10512841,0.18675905,1
0.5773418,0.6388695,0.68640256,0.80068743,0
-1.6047181,0.5068778,-1.2840723,-0.93967575,0
-0.78309923,0.022634298,0.19047031,-0.21560997,1
-1.1863362,-0.53856605,-0.083966136,-0.45911512,0
-1.2836771,0.35441846,3.633763,4.1640534,1
1.5440167,0.7147584,1.6093979,-0.058700502,0
0.0478376,-0.84335005,1.4077163,0.86507404,1
1.395591,0.022565905,-0.8661804,-0.075889364,1
1.2603655,0.25067443,1.0864991,-0.2699469,0
0.6531793,-0.7142732,2.0060935,0.89503956,1
1.1318231,0.6468779,1.7751672,0.58793616,0
0.51985323,0.9139794,0.32835406,0.78158736,0
-1.9057627,-0.37164795,-0.13286966,0.9168486,1
0.38072827,-0.69365054,0.16746473,-0.8945534,1
-1.3728672,-0.06963509,-0.08447376,0.43712,0
-1.7719849,-1.0326735,-0.32084033,-1.3467188,1
-0.6853898,-0.2766096,-0.36249995,0.9454384,0
-1.4182557,-0.87041944,-0.4311474,-0.7532687,0
-1.168422,-0.24520458,0.15088597,-0.4458009,1
1.0117604,-0.20390932,1.1255592,0.427083,1
0.6574926,-0.627368,-0.57238805,-0.043343257,1
1.2035487,0.14577973,0.26302636,0.20577502,0
-0.8395756,-0.25146767,-0.7794765,-0.7388008,1
-0.4033552,-0.67754596,-1.0804201,-0.041913707,0
-0.2574439,-0.30443788,-0.81844705,0.55461645,0
1.681966,-0.7180927,1.5740595,0.024671514,1
-0.6502789,-0.4071895,1.4871292,-0.0707174,0
0.36424005,-0.29553384,0.82522726,-0.14823784,1
0.97608066,-0.70550853,-0.4042763,-1.0379848,0
-1.3820535,-0.4994439,-1.468209,-0.035559356,1
0.46000874,0.6951006,2.745989,0.7479244,0
-1.2682296,-1.0388021,-0.20699745,-1.1119592,0
-1.1245444,-0.47723538,-0.96307653,-0.6179221,1
1.4502475,0.84981894,-0.775504,-1.3377554,0
-0.51170754,-0.5510472,0.24308488,0.7975759,1
-0.21305119,-0.25259438,-0.53297365,-0.36563322,1
1.0439692,-0.30457932,-1.4896894,-0.8246175,0
1.5094081,-0.71387213,-0.0716545,-1.2255324,0
-0.30433786,0.14025885,-0.26470262,-0.2637083,0
-0.95526916,0.74623376,-0.8289329,-1.0158873,0
-0.5735755,0.4883175,0.57930744,1.0200311,0
0.80115944,0.19060628,1.7409933,-0.0382889,1
0.5096157,-0.08339833,1.2194508,0.64312434,0
-0.7520546,0.0133473575,-0.62805516,-0.73445284,1
0.48542652,-0.26987734,-0.93933415,0.016154904,0
-0.57611614,-0.51033735,-0.017050683,-0.3776277,1
-0.30351844,0.08756766,0.474223,-0.13166907,0
0.34288096,0.13644591,0.47832242,0.7762636,1
0.8806629,0.08292397,-1.0670079,-0.41162586,0
0.055841982,0.05649303,0.2437978,-0.3607689,0
0.07073191,0.24553832,0.032465078,0.54377866,1
-1.2779759,0.2061501,-0.042042747,-0.7756499,0
0.986175,0.97137916,0.594726,1.6381918,0
0.8144667,1.2170224,0.3694855,-0.7944787,0
-0.53672665,-0.5210227,-1.2389467,-0.61461425,1
-1.7707777,0.5023387,0.65197504,-1.2099575,0
0.27347994,-0.23135924,-1.1615672,-0.9084157,1
-1.271185,0.1596272,-0.3735649,0.35316035,1
-0.35177442,0.24985078,0.5722463,0.26959625,1
2.363563,-0.5066174,0.75867814,-0.3543293,0
0.9551091,-0.067666985,-0.8892386,0.97428507,0
0.6234873,-0.7280401,-0.15088615,0.27229664,0
0.9797802,-0.24332576,0.9150093,-0.76807415,0
2.1042137,-0.6363337,-1.1850885,-0.8687878,0
-0.24915275,0.32263523,1.0433455,0.88576496,1
-0.25873953,-0.6878232,-0.4095958,-0.8263588,1
1.6738844,-0.35634363,-0.8587736,-0.5457249,0
0.8845117,-0.16916962,0.3904804,0.9715661,0
-1.9665868,-0.42404234,-0.0733857,-1.1054579,1
-0.63685894,-0.40220696,-0.47719252,-0.30532926,1
0.35251528,-0.20092498,-1.2678454,0.010070346,1
0.59974825,-0.8441242,0.9892698,-1.2184602,0
3.2486274,-0.25309634,-0.27279246,-0.83297735,0
-0.7331234,4.342823,2.9944422,0.37302455,0
-0.07912743,4.060292,-0.20423722,-0.1273126,0
-0.62376344,2.751584,-1.2174188,-0.6090669,1
-1.7076455,-0.5968924,-0.7527641,0.7902016,1
-0.36115393,0.95145047,0.4330724,0.8970246,1
-0.6156399,-0.7603229,-0.39164838,0.008517012,1
-0.38483408,0.53817,-1.0254697,-1.0419288,1
-0.9568679,-0.04497999,-1.2418438,-0.8887013,0
-0.05330997,-0.28712216,-0.39064527,0.04864223,1
-1.3671067,-0.4772583,-1.28689,-0.8391969,1
-0.16915181,-0.4574699,-1.6389421,-1.02873,0
1.2374482,-0.3860746,-0.16407692,-0.6641311,0
1.2769213,-0.4844638,0.15226674,0.7937848,0
0.035374627,0.0068455637,0.03541706,0.4090682,0
-1.5347905,0.22955315,-0.311503,-1.2183876,0
-0.32475492,-0.51680297,-1.3477106,-0.8812036,1
-0.65638304,-0.4849658,-0.543647,-0.13619605,0
-0.6019793,-0.26225495,-1.1693727,-0.6642504,0
-1.9933264,-0.77060056,-1.2471278,-0.7440935,1
1.0688264,0.4397138,1.9932872,0.696086,1
0.4770025,-0.3197353,-0.39365214,-0.5498794,1
0.42527425,-1.0189686,1.0384781,0.9301548,0
-1.0974345,-0.18469924,0.3428168,-1.1783237,0
-1.1789975,-0.10720036,-0.9284852,-0.6540665,0
0.90166986,0.63175076,-0.8662869,0.03969768,0
0.19429976,0.730709,0.29194075,1.5130483,0
-0.1743027,-0.9222537,-0.41944608,-0.08073867,0
-1.0846366,0.21519694,-0.18524224,1.9889702,1
1.6791114,0.38308078,-0.72678787,-0.18347137,0
0.13209559,-0.29932618,-0.19950955,-0.49961182,0
-1.3101903,-0.5952799,0.60049313,3.262605,1
1.2489564,0.2671759,0.4506961,0.49632284,0
-0.6212462,-0.32383615,0.66948545,-0.15511887,0
0.9184026,-0.700994,0.9140806,1.6937397,1
-0.36229986,-0.53078324,-0.52518713,-0.63856804,1
-0.10415557,-0.98000884,-1.9884765,-0.9542464,1
-0.78113496,-0.60432124,-0.9707788,-0.6617879,1
-0.57862705,0.14859205,1.010414,0.12986591,0
-1.8469683,-0.45041233,-0.75635767,-0.88414073,0
0.11993392,0.09157124,-0.68653774,-0.90354496,1
-1.343833,-0.54537594,-1.5701883,-0.56060195,0
-1.132362,-0.9767143,0.37314233,0.5640823,0
-0.8225057,-0.62760097,-0.36047792,-0.79898673,0
0.21056516,0.8912348,1.0557058,0.72961855,0
-0.8370141,-0.55759,0.08076761,-0.6912775,0
1.293706,-0.2137127,0.71359634,-0.15396185,1
0.32642233,5.5962048,-0.4493352,1.1204724,0
0.58737576,-1.0204698,0.4558909,-1.177337,1
-1.5306884,-0.2632162,-1.0937339,-0.8792756,0
-1.2607573,-0.76642674,-0.32567865,-1.0222379,1
0.84679675,-0.13031833,0.8832932,-1.0394374,0
0.26903307,0.21738262,-0.68794674,-0.00832383,0
-0.8109491,-0.43845955,-0.5498319,-1.2363241,1
-0.74504983,-0.75121766,-0.6124509,-0.9685782,1
0.8697974,-0.3995889,-0.09720273,-1.3880913,0
-1.395324,-0.12629442,0.50327945,-0.5665195,0
-1.5935775,-0.53394496,-1.1633853,-0.32893407,0
1.849174,-0.02046913,0.4788531,2.318519,0
-0.13004649,1.7456267,-0.42530137,1.0726626,0
0.27417952,0.14463371,-0.32325232,0.32823753,0
1.7679682,-0.77175117,2.6295695,0.70223296,0
-2.2521868,-0.25052133,-0.54986215,-0.80534494,1
0.007555783,-0.07148151,2.70843,0.8438055,0
-2.3982284,-1.0617541,-0.45281228,-0.3934913,1
0.20673548,-0.14389288,1.0446546,-0.056034677,0
-1.4833996,-0.5430836,-0.6238995,-0.6338177,1
0.5144843,-0.60602486,-0.418236,1.3851345,1
2.9395292,0.4024025,2.446521,0.081165284,0
-0.10996188,0.71471804,3.3233619,0.50814956,1
0.21491554,-0.55109054,-1.0394274,-0.89335984,0
-1.9387685,-0.69520086,-1.6950195,-1.2345877,0
-0.80172235,-0.09147314,0.64807737,0.5336792,0
-0.54476935,-1.2367432,-0.03836274,-0.116267934,0
1.056062,1.7435933,1.7880542,4.3988414,0
-0.6948176,1.5407312,-0.47819102,-0.49722084,0
1.1143652,-0.69673884,-0.8087233,0.18448138,0
-0.8944709,-0.41578758,0.94539434,1.4193453,1
0.66085064,0.57749534,-0.03268789,-0.27032176,0
-1.2718517,-0.69929314,-1.6019897,-1.2513685,1
-1.8802665,-0.5962968,-0.38277042,-0.42350906,1
-0.711125,-0.14249372,0.7401222,1.5974689,0
0.14267987,2.422694,0.80342937,3.9844267,0
0.5613427,-0.41929388,0.38668174,1.5409827,0
-0.89189756,-0.9062187,-0.7669151,-1.1664436,1
0.8080489,-0.28074726,-0.31961593,-0.60710835,0
0.07727168,0.50874424,0.050731808,-0.16795164,1
1.5937206,1.1040767,0.76249856,-0.134001,0
-0.70015323,0.16081999,-0.7116737,-0.18489683,0
-0.56880575,0.016473282,0.5004574,-0.3598124,1
-2.2774444,-1.0182141,-1.5559485,-0.8830389,0
-1.0608845,-0.15590006,0.5866988,-0.88467973,0
-1.744143,-0.5224946,-0.8058629,-0.7571941,0
0.602798,1.8923451,-0.70430994,-1.0370852,1
-0.5499077,-0.13607596,-1.0799805,-1.169095,1
1.3241113,0.19150403,0.6437117,0.9035365,0
0.9792341,-0.16640133,0.33650374,-0.061556883,1
1.187385,-0.069189325,1.021955,-0.11725545,0
-1.4424688,-1.1673291,-0.54087347,-0.80105054,1
1.9298918,0.25012589,-0.24696836,0.29851505,0
0.8626907,-0.5884733,-0.71336806,0.0055398233,1
0.5052339,1.9806582,1.4136242,0.14546257,0
0.06185314,0.033535022,0.9206058,0.1006989,1
1.1072873,0.71842337,0.7845119,0.7693027,0
0.6329744,0.18124294,-0.55005145,0.5954211,1
-0.910215,-0.9000652,-1.320408,0.12543216,0
-0.09705141,-0.35268983,0.87817115,-0.08772637,1
-1.6519325,0.20599169,1.856522,-0.70462865,1
-2.1225114,-0.58547175,-1.6925734,-1.0319678,1
0.55012316,0.14440037,-0.5749296,-0.5144606,1
-0.48760694,-0.42795116,-0.95946735,1.6347733,1
-1.1921681,-0.71607,0.01660654,0.08055122,0
-0.75789046,-0.55525815,-1.5035537,-0.8667397,1
0.15306383,-0.1532693,1.7325337,0.53272337,1
0.9232276,-0.27737838,-1.0176735,0.6892117,0
1.5357735,-1.0588531,-0.05515464,-1.1485959,0
-0.62332094,0.638746,0.49416238,0.25900492,0
0.70352983,0.9347221,0.23835836,-0.94001997,0
-0.63555306,0.23111738,-0.26882043,0.39956832,0
-0.06331702,0.22320512,0.7030908,0.30236167,1
0.91795117,-0.6047584,-0.7677594,0.051370364,1
0.18378018,1.0038123,0.14026265,1.0989786,0
0.49586672,1.1878219,0.67887926,0.11981347,0
-0.14697354,1.6410912,1.4281653,-0.59906685,0
0.9157898,0.43370122,1.1400119,0.03047825,1
3.4852667,-0.5214893,0.007834166,-0.67875344,1
0.09822899,0.8907052,-0.5989139,0.85205024,0
-0.9452005,0.06470978,0.8264826,0.6992924,1
-0.85819274,-0.96666235,-0.7571827,-0.84201264,1
-1.7698321,-0.21792495,-0.6493314,0.7774197,0
-0.5399232,0.124682955,-0.1351222,0.15696445,1
-1.316862,-0.2931038,-1.448484,-0.74829286,1
-0.44530502,0.5417372,0.25152248,-0.061313182,1
-0.40273643,-0.469279,-1.6794347,-0.67452604,1
0.0153148435,0.022310227,0.54232156,3.751976,1
-0.43253782,4.37248,0.37606907,-0.25011638,1
0.15924229,-0.20803341,2.5116425,-0.7617917,1
-1.0356888,-0.27026227,-0.14095034,1.7341964,1
0.7642012,1.1191729,-0.20598395,-0.71099776,0
-1.2265598,-0.82781655,-0.88163304,-0.5958897,0
-1.346452,-0.55798876,-0.32048714,0.117503285,1
0.88344204,-0.57249635,-0.7516447,0.7563234,0
1.0048888,-0.5777281,-1.1700672,-0.94057363,1
0.0108006,-0.39130095,1.4460077,-0.010793801,1
-1.0671325,-0.2816378,0.49387425,2.3134785,1
-0.5255967,-0.4331294,-0.84539396,-0.52994275,0
0.6461372,0.05241166,0.32491678,-0.3904329,1
1.3259424,-0.12979586,-1.180061,-0.13572803,0
0.97415847,-0.15073386,-0.7780026,-0.91322315,1
-0.116163746,0.3562171,0.8808922,0.15728208,0
1.1982107,1.2194159,-0.6377374,-0.44240853,0
-0.092947185,-0.15099646,0.38179097,1.0279207,0
1.3267844,0.09356274,0.04577203,1.1823509,0
-0.5212717,-0.018001214,-0.43937075,0.873523,1
-0.76632285,-0.40380946,-1.4853036,0.6952539,1
-1.5845387,-0.67141634,-0.71988964,-0.60487646,1
-0.39713794,-0.113502845,0.85031205,3.5538375,1
-0.7468075,-0.25290817,0.16467124,-0.04244031,1
-0.04665826,0.78315794,1.1585884,1.7059013,0
-0.67713535,-0.31631947,-0.004553221,0.04055268,0
0.51412123,2.5797985,1.7353536,6.364002,1
-1.2681688,-0.9032309,-0.56454724,0.014627088,0
-0.8398658,-0.62508106,-0.54151976,-0.6890194,0
-0.45443702,0.8384266,1.6128229,1.3955244,1
1.8492485,-0.8103094,-1.3505242,-0.96902573,0
-1.616695,-0.44665825,-0.53491426,-0.82281697,0
0.44465742,-0.09541681,-0.48799074,0.4958277,1
0.92370725,-0.30076125,1.7843463,0.2969992,1
1.5391212,-0.29670027,-1.1674551,-0.52224076,0
0.99742734,0.018856913,0.32626563,-0.67676735,1
-0.74333,-0.31791878,-0.06407457,-1.0732691,0
-1.9691,-0.9533735,-1.2834882,-1.1487417,0
-1.6250213,-1.1181327,-0.4717291,-0.8933608,1
0.041047037,-0.4963624,-0.7650703,0.45671833,1
2.0666416,-0.41541052,2.2219026,0.12979692,0
-0.82370627,0.1913053,-0.95387274,0.2541505,1
-0.3963223,-0.018083587,-0.770453,-1.1779871,0
1.2514992,-0.10407384,0.52451193,0.6225189,0
0.027386308,0.069087245,0.42107666,-0.062622964,1
0.52069116,-0.20181713,-1.0529435,-0.5597821,1
1.0664821,-0.3580147,-1.5971552,-0.78772235,0
-0.6253305,-1.0142142,-0.6706278,-0.9517103,0
-0.9885243,-0.10918,0.2862484,-0.35387653,1
-1.4060084,0.53134465,-0.40663788,-0.12849456,0
-0.63142616,-0.1980882,-1.3124716,-0.6536505,1
-1.2647142,-0.4241607,-1.2003319,-1.0936831,1
-0.9490069,-0.023662258,-0.2610082,-0.97793823,1
0.57185316,-0.46868068,-0.5318105,-1.0111678,0
0.3233389,-0.42380175,1.2623427,-0.7949176,0
-0.5959095,-0.6508954,-0.5465138,-0.93975717,1
-0.24281317,0.23411056,-0.6060225,-0.9129019,0
0.6935365,0.19618702,1.1688228,0.60956305,0
-0.390773,-0.42027032,-0.99057645,-1.5171397,0
2.9464912,-0.35960346,-0.97709733,-0.745818,0
-0.52802384,-0.3318958,-0.41450936,-0.9458995,0
-0.5548287,0.21944457,-1.0635796,-1.013941,0
-1.4835945,-0.5759335,-0.6959982,-0.97081417,0
-0.094988495,0.07399112,0.5216231,1.2291013,0
1.4704548,1.8830189,0.23634285,2.680829,1
-0.10561919,0.31468362,1.3543489,0.5358947,0
-0.6425732,-0.63170487,1.9141364,0.70014143,1
1.7750376,-0.4878021,-0.33850798,-0.022832122,0
0.30364442,2.140628,-0.46807104,0.8761418,0
-1.4641216,-0.28350776,-1.4723625,-1.0511657,1
2.90874,-0.58298504,-0.615232,-0.08697598,0
-1.0451577,-0.21978065,0.4799627,0.7432317,1
0.22975451,0.019476257,-0.7901066,0.0754807,1
-0.9468629,-0.71611786,-1.0629017,-1.3579226,1
-0.67064655,0.7113876,-0.72282636,-1.1215309,0
-0.1027866,-0.0849818,-0.13636684,-0.23460153,0
0.4528138,0.697815,-0.6494008,1.1231122,0
0.5510392,-0.6654074,0.61959577,-0.102668375,0
0.6599286,3.543585,1.8039892,1.28211,0
0.0501177,-0.537881,0.3124165,0.76971203,1
-1.1695682,-0.1454593,-0.49209732,-1.0915909,0
-0.36624506,0.7660071,0.18895215,0.47073978,0
0.1975517,-0.11304988,-0.42746198,-0.85507095,1
1.3683904,1.4101108,0.09875974,-0.108397245,0
0.79010755,-0.9493227,0.13311087,-0.6318084,0
0.6325325,-0.16819076,0.65901,0.82440203,0
0.8014507,-0.631689,-0.30960047,-0.7351103,0
-0.12648283,0.21620119,0.21783249,-0.18036161,0
2.1657588,-0.6730645,0.55927384,-0.47342476,0
2.1109858,0.0358089,-0.78594536,-0.7780454,0
-0.043872118,0.5623284,-0.30515602,0.9072555,0
-0.4471153,0.3331371,-0.3156075,-1.3132628,1
-0.51659256,0.5332971,0.32761842,0.7146089,1
1.4817498,-0.55791676,1.5779469,0.5834086,1
1.02122,0.4154942,-0.73477906,-0.5019428,1
0.8513716,0.79223657,-0.15462619,1.0867245,0
-1.4253542,-0.77756184,-1.1685429,-1.1041718,1
1.0297122,0.41444415,0.7924119,0.90913343,0
1.3812971,0.47248468,0.8818102,1.1038306,0
-0.62641245,-0.5813821,-0.22073665,-0.92628425,0
0.16711102,-0.25845557,1.8539478,0.9392101,1
-0.48473042,0.8108797,0.17071503,0.19825426,1
-0.9367317,0.4819561,0.6148977,1.2989,1
0.20926334,-0.022918865,2.6638346,1.1458749,0
-0.34836438,-0.39513838,-0.35312864,0.6218065,0
-0.24510309,0.25935286,1.6591015,-0.2519125,0
-0.37143493,-0.034635633,1.5364887,0.060878154,0
-1.7566205,-0.43228176,-1.22228,-0.7385653,0
-1.7935652,-0.3610059,-0.920938,-0.60382617,1
0.99207556,-0.3686571,-0.080145486,0.8536232,1
-1.4405005,0.15696514,-0.09935391,-0.879743,1
1.4202828,-1.0896957,-0.41955292,0.12832715,0
1.6463451,-0.11073512,0.4670327,-0.12057896,0
-0.49723893,1.0599813,-0.2720788,-0.005837649,0
-1.795871,0.10849556,0.35834727,0.38864115,1
0.77093476,0.3250214,1.1901436,1.6297458,0
-1.060233,0.37255457,0.65715057,-0.8930963,0
-1.0963858,-0.6107691,-0.7877957,-0.6923718,1
-1.1065822,-0.9931667,1.2237954,0.6355053,1
-1.4064989,0.63822085,0.4074457,-0.26667467,0
1.4335175,0.32161373,0.40159965,-0.17298685,0
0.07781575,0.7582898,2.7619128,0.3984403,0
-0.5048414,1.0655342,1.0756048,2.0098467,0
1.583608,0.16084613,-0.008400261,-0.9803933,0
-1.2751427,-1.0568826,-1.0801156,-0.65817654,0
-0.2640642,-0.32149467,-1.3632115,-1.0340854,0
-0.15242344,0.015833147,0.15267886,0.7825563,1
-1.3857265,-0.3842886,-0.9233994,-0.059339806,1
-0.88253033,0.24445012,-1.0782437,0.021501169,1
-0.07593623,-0.26443827,0.49866363,0.16228038,1
-0.4114764,-0.5492687,-0.89988273,-0.23559253,0
-0.5246693,-0.0076559335,0.49629083,-0.37621742,0
1.0493804,0.50717354,-1.1419939,-0.51301426,1
0.89963585,-0.5750871,-0.52198565,0.44373697,1
-0.97918236,-0.48530418,-0.003067404,-0.6105027,1
0.040655166,0.6228418,0.6854826,1.0093908,0
-0.61371076,0.19166276,0.9179396,0.13697508,1
0.5820806,-0.4224705,1.531666,-0.0030429885,1
-0.51916957,1.3395014,0.8079747,0.31610286,0
1.4179333,-0.64810044,-1.268093,0.05832346,1
-0.6480467,0.2962182,-0.5319189,0.7515978,0
-0.38939017,0.57137036,0.7504264,-0.90576303,0
-1.2172899,-1.0181102,-0.274,-0.8908604,1
-0.22220641,0.18488179,1.021546,0.7344235,0
0.892109,-1.166584,-0.7289283,-0.06577763,0
1.6704826,-0.4811154,0.59087384,0.1076549,0
-1.3038554,2.780774,1.6221159,1.9049244,1
0.017084382,-0.040612884,2.207105,0.9598525,0
-0.99908006,0.44053504,0.0875231,0.6824838,0
0.25290087,0.29689735,-0.54209733,0.7631329,0
-0.12682731,-0.39648435,-0.6141567,-0.097713396,0
-1.2019073,-0.9940888,-1.0979894,-1.0603347,1
-0.4592899,0.47589234,0.42973152,-0.030716538,1
-0.5686533,-0.21182129,-1.5043406,-1.0740718,1
0.3545865,0.55954593,0.20561174,-0.7464376,0
1.3919736,-0.3358571,-0.42677674,-1.2122068,0
-0.78753805,7.4126987,1.2331694,0.85976356,0
0.878294,-0.1042795,0.051347088,-0.3131974,1
-1.249079,1.0382303,-0.25697696,-0.9940394,1
0.08527245,-0.32617474,-0.6635676,-0.2641395,1
0.069958836,0.2860148,-0.3448746,0.92492557,1
0.12567402,-0.4678996,1.4871014,-0.17364651,1
-0.69797707,0.061440244,0.021661058,0.2098181,1
0.03236693,0.1384817,-1.5383935,-1.2828157,1
-0.9420945,-0.5273125,-0.6917409,-0.2510895,1
-0.75151527,0.024501145,-0.24993789,-0.36197376,0
0.3617843,-0.16045728,-0.6475655,-0.642923,1
-0.3748658,-0.52979016,-0.11622813,0.13034832,0
1.9277706,-0.32817468,-1.0117458,-0.7465375,1
0.7001631,-0.5350306,-0.4936066,-0.8872402,0
0.3855892,0.07971125,-0.37413532,-0.2116072,0
-0.57382613,-0.36498743,-0.1800975,-0.05655779,0
-0.7946101,-0.030984491,-1.1868199,-0.82297105,1
-0.7404016,1.1717714,-0.9295844,-1.0699258,0
-0.11065315,0.20292293,1.8021705,4.717305,1
-1.4900266,-0.7328129,-1.8201406,0.008708328,1
-0.8927658,-0.18057948,-0.8971083,-0.9137187,1
-0.50123113,0.2932399,-0.65932417,-0.01909948,0
1.1372068,0.62234175,-0.588876,-0.025331525,0
0.08958121,0.53152466,-1.1464648,-0.03654221,1
-0.26834527,0.84334326,-0.3619444,-0.3015204,1
0.061969146,-0.20827651,-0.30368555,-0.7806481,0
-0.8633746,0.34196007,0.009060107,1.1593189,0
1.1124785,-0.77184355,0.18575719,-0.9143889,0
-1.9745044,-0.3291875,-1.3312483,-0.5166113,0
-1.0230354,-0.0414598,-0.516747,-0.86551154,0
0.65614533,0.4047814,0.9119615,-0.025270367,1
0.28983128,-0.3857494,-0.36600685,0.0792747,0
-0.15984184,0.45320046,-0.9346638,0.9824858,0
-0.7647755,0.14565197,-0.32791242,-0.32011458,1
0.76646537,0.4341275,1.0940015,0.8266429,0
0.039502934,0.40604216,0.64020556,-0.13731784,1
0.24558353,-1.0770655,0.63098717,-0.51033556,0
1.0922588,-0.59703106,-1.0653752,-0.019694122,1
-0.67764735,0.11852079,-0.99404067,0.00046151504,0
-0.26307485,-0.5713203,-1.810552,-0.88446504,1
-0.39948392,-0.18965985,-0.20833579,-0.32557848,0
-1.1900856,-0.77241623,-1.3780853,-0.31909096,1
-0.015832387,0.25381672,0.44359767,0.56762075,1
0.39732724,0.7129772,-0.22779593,0.25508314,0
1.1146457,0.55398995,1.1339626,-0.07970384,0
-0.7244307,0.39436504,0.2929275,3.0593228,1
0.6416812,0.022640593,-0.6028819,-0.900959,0
-1.0314398,-0.54015666,-0.90641856,-1.4318597,1
-1.1919447,-0.41592348,-1.0581492,0.12580696,1
0.09229622,-0.06892657,-0.6236049,0.11073463,0
0.7267625,0.56819147,0.6870861,-0.1599794,0
0.41066486,-0.37777475,-0.35828856,-0.84793335,0
-0.25785556,1.7312078,0.7931782,-0.13320181,0
2.6776352,-0.46603507,-0.87808114,-1.1430697,0
-0.40704128,-0.2566546,3.3775895,-0.029693943,1
1.8877131,-0.3026675,-0.6984305,-0.51024705,0
-1.1896348,0.7083954,-1.0388092,-0.5911685,0
2.8771977,-0.16565287,0.6299272,-0.8444258,0
-0.3801132,-0.72280663,-0.71939397,1.583575,1
-0.21490055,-0.6048658,-1.3900616,-0.67250395,0
-0.6530753,0.55987513,0.8843317,-0.93432474,1
1.2308795,-0.09623888,-1.1087768,-0.18174514,0
0.9953383,0.040845513,-0.83457893,-1.0502552,1
-0.04711598,0.352201,0.9164294,0.18637542,1
0.38744947,-0.3900899,0.86487275,-0.054965667,1
1.1844747,-0.104258806,-0.39068848,0.30551994,0
0.8515631,-0.34001458,0.3704922,-0.5776693,1
0.18787193,0.2926824,-0.00034420937,-0.096662864,0
0.13174555,-0.19341648,-0.61743224,-0.097327635,0
-0.48686162,-0.6968043,-0.22985363,0.064082325,1
-0.6419456,0.81027395,1.0246426,-0.9013145,0
1.1020044,0.11812848,-0.24566622,-0.81383586,0
-1.8643835,-0.8766304,-0.4332434,-1.189182,1
1.6652279,-0.40674585,0.21051952,0.43228668,1
0.011841476,0.45610678,2.0674877,0.9257817,0
-1.359357,-0.3924116,-1.0794147,-0.09524074,0
-0.62199724,3.1280591,-1.033463,-0.80474734,1
0.20983042,-0.5742384,-0.8115008,0.3653664,1
0.2109972,0.8577436,0.30621123,0.18061359,1
0.55935514,-0.08917101,1.3390181,1.0684955,0
-1.5102967,-0.85709465,-1.5562326,-0.799812,1
1.0735241,-0.006017074,-0.67341554,-0.23500042,0
2.4263446,-0.208026,-0.046177447,0.8820626,0
0.6519864,0.75741524,-0.4311792,0.58241206,0
-1.0342897,-0.9268968,-0.23705651,-0.8129028,1
-1.6796811,-0.860941,0.46388808,0.9045976,1
-0.670807,0.2822359,-0.646556,-0.7551399,1
-1.7375219,-0.9286557,0.18944845,-0.68244827,1
-0.2884227,-0.68811613,-0.83635634,1.4755652,1
2.8788867,0.439779,-0.20782578,-1.1692176,0
-0.28107023,0.528869,-0.5138511,-0.38487548,0
-0.8411998,0.1371445,-0.83444977,-1.1907506,1
1.5374037,-0.73080224,-0.7667321,-0.8771577,0
0.3441845,-1.1225244,-1.3214576,-0.7294854,1
0.86899966,-0.7128073,1.437533,0.48887807,0
1.4460422,0.66948843,2.366439,0.08413978,0
0.7304306,0.16291742,0.16911522,-1.0070909,1
0.9101564,0.54206395,-0.35041863,-0.045564234,0
-0.08090107,0.8146407,-0.69204855,-0.4181435,0
0.35523534,-0.07216272,-0.17858967,-0.49246445,1
-0.8362806,-0.39521822,0.55865496,-0.093994394,1
0.0006464124,2.7909122,0.84638804,-0.14152591,0
0.36307144,-0.24303973,0.93562883,0.9988946,0
1.4660866,1.2735937,-1.1032493,-0.72994316,0
0.6883734,-0.7264849,-0.9006139,-1.0804303,1
-1.5671558,0.5027205,-0.75738746,0.12823083,0
-0.6512497,-0.037988156,-0.39183688,2.4481952,1
-1.3061029,0.70811254,1.0915949,-0.47605774,0
-0.6480037,-0.35303226,0.4005052,-0.30563965,0
-0.24380323,0.5566209,0.13755773,0.8298018,0
-0.83497393,-0.6440569,0.70454377,-0.65309054,0
0.2968025,0.71458256,1.3164089,0.8009923,1
0.78971434,-0.8734656,-0.09836623,-0.8426201,0
2.5557046,-0.404917,2.365548,0.027359914,1
1.27536,-0.72462803,0.81023836,-0.435418,0
1.6162132,-0.29772753,1.5217445,0.0022920817,1
-0.7821003,-0.2822149,-0.9009696,0.21507119,1
0.029118892,-0.30095458,-0.26688337,1.2834048,1
-0.10874167,-0.8387367,0.08417793,-0.9147075,0
-0.1748111,-0.78326714,-0.15606609,0.20286983,0
1.0691713,1.2007501,-1.4444771,-0.6597581,1
-0.3215636,0.59698874,1.3960139,-0.17951849,1
-0.8377627,-0.546267,-0.89871407,-0.86945426,1
1.0596051,0.21670416,-0.8086495,0.31533778,0
-0.8822121,-0.48410004,-0.04081484,1.1194777,0
0.33561176,-0.83657694,-0.91679657,-0.7188395,0
0.123827696,0.99861497,-0.05342582,1.3959605,0
0.6409492,0.076195076,0.31810954,-0.16595346,1
0.1129113,-0.26343852,-0.73577356,-0.019058062,1
0.82075214,-0.70157945,1.1962309,1.6565385,0
0.5254242,0.7352523,-0.8450995,-0.7395631,0
-1.2089765,0.010908335,-0.3659255,1.0497358,1
-0.7510087,0.041775893,0.36678848,0.18435405,1
1.015256,0.2440455,0.15747422,-0.5615558,0
2.2271764,-0.18912049,0.556131,0.9181657,0
-1.009665,-0.32374585,0.67620003,-0.10094902,0
0.41926247,-0.9690225,-0.9952335,-0.7545074,0
-0.17983356,0.9353707,0.505925,0.9598061,1
2.3910556,0.7631131,-0.26517016,-0.77169174,0
-1.4961984,-0.8034704,-1.3254895,-0.2004422,1
-1.1810812,-1.1025829,-1.2667304,-0.6738835,0
-0.24311775,0.78995085,0.26203406,0.0035002679,0
1.5105016,-0.7343889,-0.3718843,-1.0515084,0
0.51841295,0.23252015,-0.070393234,0.6340799,1
-0.9955196,0.05979283,0.07743461,0.40994573,0
0.9338703,-0.8773637,-1.1510903,-0.5602708,0
1.7295139,-0.42246625,0.8800073,1.4885553,0
-1.5902456,-0.13983381,-0.79065394,-0.7291069,0
-0.82797116,-0.6424064,-0.99829173,0.15024197,1
1.3898349,0.91090137,1.2479326,0.75976896,0
2.076125,-0.03086935,1.4465268,-0.8298116,0
-0.81767625,-0.8813108,-0.5965297,-1.0912067,1
-0.28278723,-0.315118,-1.0109789,0.13091342,1
-1.3209981,-0.37678915,-1.3484251,-0.6710626,1
-0.53318787,-0.89938986,-0.0046141073,-1.2208701,1
0.56532204,-1.0438843,-0.20253293,0.8259419,1
0.24542698,-0.8514701,0.75544894,3.6173768,0
0.27112395,-0.5667182,-0.84014666,-0.44629663,1
-0.1663751,0.006554812,-0.71792716,-0.70837736,0
0.34536093,-0.6474186,0.7696914,-0.14543161,1
-0.021934807,-0.16834888,0.3163624,-0.055530176,1
-1.6542102,-0.27461278,-0.70244366,-0.95198494,1
-1.564702,-0.11701584,-1.2680022,-0.9586367,0
-1.1872736,-0.73656154,-0.49409974,-0.43951297,1
0.18379723,-0.17520908,-0.3175995,0.61588734,1
-1.5352345,-0.44845858,-1.7357043,-1.0070444,1
0.6396153,-0.99528086,0.39253274,-0.092538,1
-0.51518166,-0.060180306,-0.1716268,-1.0032331,1
-1.1115053,-0.26871148,0.27420577,-0.78947115,1
1.7504634,0.049402922,0.17737678,0.2841203,0
0.44315755,-0.8341167,-0.8789942,-0.77883506,1
-1.0556345,0.74828184,0.7467053,-0.6671968,0
0.86049724,0.15218136,0.98765814,0.087515146,1
-1.3384683,-0.5307611,0.6522127,0.042449135,1
1.0072356,0.20993625,2.430862,0.45769376,0
-0.39011347,-0.85975766,-0.6086942,-1.015348,1
-0.2715883,-0.04575616,0.09468497,1.4068927,0
-0.4185777,1.2629182,1.3031698,0.715668,1
3.2771387,0.2146428,-0.572623,0.1944725,0
-1.184981,-0.5572876,-1.6044482,-0.67622375,1
0.2674418,0.61476594,2.6749265,1.0910764,1
0.41158724,-0.25309834,-0.31914127,-0.8304466,1
2.6257296,-0.14450993,-0.6527932,-0.8487568,0
-0.8601115,-0.15677872,-1.0549308,0.12865661,0
-0.36173317,-0.64540464,-1.0808372,-0.7281351,1
-0.824976,-0.24212879,0.3901615,0.8149744,1
-1.0805149,-0.4435099,-0.8644992,-0.99956465,1
-0.9753492,-0.51173747,-0.07307926,-0.6219822,1
-0.7584197,-0.3664177,1.9696306,0.15486808,0
-0.5858614,0.01000008,-1.2467337,-0.8755921,0
-0.028648682,-0.46317646,0.1270555,-0.9679303,0
-0.32814533,-0.7228021,-0.1382063,-0.6689795,1
-0.34094542,0.41223228,0.61796886,-0.26271185,0
-0.39661318,-0.32363635,0.32738346,1.1529372,0
0.8043467,0.35261232,0.25663635,0.53764725,0
-0.68104357,-0.0012696087,0.42981303,-1.1870303,1
1.7734944,-0.15854426,-0.25867957,-0.72746545,0
0.07804993,0.7008968,-0.49946004,-0.071511716,0
-1.1624374,-0.3756273,-0.35785478,-0.9839729,0
-0.6166416,-0.0040579066,-0.9574195,-0.49866533,0
-0.23174903,0.49647772,0.40100121,0.45393077,0
1.7246313,-0.43606707,-0.093297854,-0.5707581,0
-1.9006398,-0.7889852,0.64859825,-0.7861492,0
1.6692895,0.17575517,-0.18801115,-0.46302062,0
1.1155367,3.124535,-0.32564476,-0.7221863,0
1.0858402,0.5987475,0.8047061,-0.12685812,0
-0.31685975,1.4554398,0.40260684,-0.17316145,1
0.44742903,0.6254735,0.639892,-0.0611377,0
1.3459648,-0.08959755,-0.1985701,-0.061175514,0
1.498364,-0.90296984,0.2037642,0.8111248,1
0.9791919,0.66086686,0.79160285,0.55490494,0
1.1277611,-0.35959363,0.617795,-0.11962405,1
-0.6072874,-0.04170373,0.50709796,-0.51698416,1
-1.0756469,-1.1286764,-1.3004144,-0.97496027,0
-1.2894852,-0.29807127,1.814327,-0.587041,1
-0.51097506,0.07293412,-0.1109021,-0.57871264,0
0.3285659,0.72034955,0.26842555,1.0377109,1
-1.0608196,-0.3209297,-1.3669659,-0.19422689,1
0.25300652,0.31488708,-0.40230587,0.158126,0
1.5364871,-0.40616775,0.26488838,0.2797992,0
-0.48962045,-0.5804218,-0.034151107,-0.07166373,0
-1.2614999,-0.49392748,-1.3819352,-0.5599069,1
-1.5574694,-0.8007747,0.31352264,-0.78979874,1
-0.9326385,-0.7189031,-1.1096783,-0.92741513,1
0.05005648,-0.50491405,-0.92365867,-1.0664787,1
0.15302992,-0.08835744,-0.063562244,-0.388567,1
-0.66861796,-0.74229926,0.6858914,-0.87227076,1
0.30042228,-0.27763015,-0.08467814,-0.9450426,1
1.5422211,0.12837468,-0.7229551,-0.97356457,0
0.4567514,-0.070845895,1.5814674,0.39700705,0
2.9358523,0.07601702,-0.7759295,-1.0269144,0
-0.24567047,-0.42593437,-0.40101704,-0.7487144,0
0.2790564,0.74339163,0.7625406,3.339142,0
0.21950367,-0.5282817,0.3138054,0.24325262,0
-0.4904147,-0.23696594,0.7362821,0.0005218908,0
0.27807263,-0.047987923,0.33480617,-0.69734156,1
-0.8650123,-0.57549053,1.0932577,-0.10504888,1
0.6076001,-0.34718603,0.5969189,0.6550519,0
0.5214994,1.3111644,2.594337,1.9685534,0
-0.8126577,-0.14347205,-0.6763738,0.52362764,0
0.20430633,-0.30953756,0.63877296,0.99185234,1
1.7207531,-0.31636718,0.5007205,2.1811552,1
1.9188895,-0.8760065,-2.0509126,-0.8968519,1
-0.33180553,-0.621869,0.81868225,-0.6674589,1
-0.02778259,-0.7543607,1.1017622,0.35145858,1
0.68904257,0.3507064,-1.2753799,-0.043280583,1
-0.09919564,0.8234972,0.052120417,0.05659708,1
0.13112585,0.7740377,-0.80013067,-0.84011084,1
-0.7511557,-0.31063637,0.121141225,0.9122204,1
-1.1124252,-0.55912125,0.31944382,0.21039514,0
1.1250012,0.10668859,-0.31723678,0.17464751,0
0.005531471,0.6916305,-0.7034836,0.037507836,1
0.3369437,-0.6620134,1.7075422,0.08581905,0
0.18830211,0.16206455,-0.78206956,0.93703467,1
-0.5472827,-0.18384182,0.1406863,0.731936,0
0.70385826,3.7084348,-0.64168066,0.15944403,0
-0.6605403,-0.6291685,-1.0688651,-1.2118931,0
0.6159309,-0.22139275,-0.1640008,-0.5986259,1
0.3391357,2.2801201,2.0392408,4.719221,0
0.3311528,-0.468869,0.034327623,0.00551226,0
-0.16150852,-0.21903092,0.22350317,-0.009485904,1
-1.3739976,-0.7931094,-0.29726356,-0.6742128,1
-0.7799885,-0.96524376,-0.2996613,1.7086207,1
-0.2991872,0.4335476,2.353245,1.3259681,0
1.0309778,-0.19489194,0.85105103,0.64451545,0
-1.8956778,-0.4712767,-0.37188527,-0.91082996,0
-1.5839353,0.037584335,-0.8545866,-1.0928377,1
-0.049169846,0.42914027,0.42117116,0.1133282,0
0.019981086,-0.4156145,-1.2163955,-0.010277864,1
0.9758979,-0.1394321,1.7302738,-0.30593604,0
-0.7405021,-0.20914733,-0.89515996,-0.8858561,1
-1.7122972,-0.9942464,-0.1486425,-0.8310723,1
-1.0920341,0.6093135,-0.0105654,-0.3796085,1
0.022082686,-0.2622897,-0.37275606,-0.50797,0
0.43295556,-0.8812688,0.14153999,-0.8061653,0
-0.8077292,-0.4021928,1.5810126,0.17791271,0
-0.051844083,0.071466565,-0.27721563,1.8891741,0
-0.30125892,-0.28360462,-0.3960046,-0.7789022,0
0.25742364,0.3109215,-1.210821,-1.0381743,1
0.26815248,0.7762156,0.7823495,0.6675884,1
0.53088933,0.15027346,1.0428865,-0.16796507,0
-1.1164885,-0.20019755,-0.63454795,-0.9027252,1
0.79273486,1.1244543,2.4193785,0.9897035,1
0.2856998,0.53274524,-1.0634879,0.05082884,1
1.7264045,-0.29259625,1.3640789,0.14292404,1
-0.59908086,-0.83213115,1.9389344,0.07056789,1
0.32912785,0.20025145,-1.326514,-0.94305056,0
0.0069316872,0.46026912,0.41683856,0.22743593,0
-1.6275978,-1.010623,-1.2397369,-0.7547164,0
2.40294,0.9909661,-0.7139919,-0.711223,0
-1.1492045,0.088536635,-0.82883817,-0.02652388,1
0.08866459,1.3604589,1.5073118,0.3917225,0
-1.2194719,0.21533126,0.8122285,-0.83343613,1
0.9040989,1.3938379,1.5885774,0.69063646,0
-0.1391229,-0.67258877,-0.52958584,0.9282854,1
-1.534774,-0.080895856,-0.7448697,-0.008757455,1
-0.36118612,-0.42061874,0.7970643,-0.072625354,0
-0.36596984,-0.5959774,-0.39943603,-0.08194256,0
0.21303283,-0.5753916,0.07387911,-0.45180264,0
-0.60892236,-0.17082447,0.88988674,-1.0650152,0
-0.45304254,0.5712341,-0.07416773,0.6768826,0
-1.3480033,-0.68789905,-0.5496319,-0.6479863,0
1.7878168,0.03661003,-1.0763642,-0.5423934,1
-1.1845907,-0.7237157,-1.2399212,-0.64665926,0
-0.29894844,0.43184838,0.18927142,0.10034853,0
-1.2924333,-0.65798867,-1.5992044,-0.88946664,0
-0.33081508,3.426108,0.28897256,-0.1917662,1
1.1482722,-0.7741057,-1.6038959,-0.6926464,1
1.4853519,-0.09901903,0.36611265,-0.09053473,1
0.49531347,-0.43487024,0.56824017,-0.9671528,1
1.5407796,-0.62599456,-0.64258647,-0.91602784,0
0.51427925,-0.70637137,0.3464988,-0.14511248,1
0.1689038,0.053174496,0.5295856,0.0570121,1
-1.045685,-0.19364086,0.7987834,0.9271221,1
0.5146998,0.5771807,0.37789288,0.6430439,1
1.8986504,-0.8042362,-0.49812406,-0.678445,0
-0.3812594,1.1657227,1.3509467,1.5192212,0
-0.086294845,-0.14423075,-1.3992159,-0.61908925,1
-0.87516177,-0.38644287,-0.53222764,-0.6023424,1
-0.7403402,0.12745477,-0.6797377,0.63055485,1
0.7165244,-0.6704782,0.50004923,0.06991951,1
0.32704943,-0.9522796,-1.4106326,-0.6740547,1
1.8603232,-0.38638496,0.94331366,0.23031957,0
0.15649483,-0.37349504,-0.061723277,-0.097325034,0
1.534873,-0.2604613,0.006092608,-0.70202285,1
-0.37632474,-0.6374191,-0.13100885,0.9062747,0
0.32877642,-0.33232382,-1.0102592,-0.07462451,1
-1.7815753,-0.44988158,-1.0152308,-1.0303165,1
-0.36509654,0.3544551,-0.16465482,-1.2018063,0
-1.7751907,-0.54211617,-1.0577403,-0.4914523,1
-0.9932588,-0.2310161,0.056728154,-0.7906693,0
-0.15259837,-0.83565384,1.5779077,0.48956385,1
-0.8500972,0.7932971,2.80263,0.92439353,1
-0.5661975,-0.6255198,0.27528417,1.0054476,0
-1.0198472,1.1261882,0.053910963,0.5390968,0
-1.4420586,-0.7663403,-1.3113976,-1.0025971,1
-0.34233862,-0.55794334,0.74334145,-0.006472174,0
0.31671906,-0.42354968,-0.14549258,-0.057925537,0
-0.20178363,0.15206267,-0.5122247,-0.08022277,0
-1.4891689,-0.53448606,-0.3769164,-1.0545055,0
-0.7492821,1.7868139,-0.9750221,0.016867805,1
0.6283325,-1.0779648,-0.18745545,0.7380879,1
0.28011197,-0.11189372,0.5865861,0.013912044,1
-0.02722554,0.46924418,0.045083784,-0.32349607,0
-0.978803,-0.017635137,0.8308675,-1.1351285,0
-0.016188309,-1.1013081,2.4859896,1.0271051,1
-1.9250256,-0.74886274,-1.1244531,-0.72361517,1
-1.3000348,-0.48360974,-1.3337512,0.058817934,1
-0.2881151,0.6101631,0.5621171,0.15624307,1
-0.20208608,-1.1939046,-0.07445185,-0.14129741,0
1.0690753,-0.23673816,-1.3901918,-0.28807077,1
0.14625084,-0.8802371,-0.6457374,-1.0936954,1
2.0042934,-0.30408984,1.2487782,5.9360194,1
-1.3317839,-0.9066784,-1.2231842,-0.8020396,1
-1.0245072,0.39588314,-1.2870945,-1.0668194,0
-0.4386887,0.36816794,-1.095711,-0.18641317,0
-0.22646171,-0.16554299,0.7016181,2.3515828,1
1.2773639,-1.3367215,-0.8123783,-0.7498217,0
-0.16035797,0.2451689,0.29984632,-0.28837568,1
-1.5998154,-0.7472434,-0.6731922,-0.56947434,0
0.5997303,0.21479344,0.48410618,1.1012938,0
-0.8493438,0.032221407,-1.4255757,-0.07690918,0
0.59105814,-0.058454465,-0.06800148,0.2761988,0
0.9384433,-0.39797705,-1.0857415,-0.0020833388,1
0.912073,-0.47968844,0.2506964,-0.88966984,1
-1.8606733,-0.84037554,-1.0970333,-0.76540226,0
-0.11364469,0.06745429,-0.68239546,0.6182937,0
-0.72261703,-0.29868713,-0.8425573,-0.8062318,1
-0.6881995,-0.42075938,0.23571792,-0.13827278,1
-1.405994,-0.3041204,-1.1446435,-0.79412615,0
0.80503327,-0.5542634,-0.5637146,0.080911875,0
0.823926,-0.0755873,0.23807497,2.4368625,1
0.5076752,-0.61770165,-0.9408639,-1.2472669,1
0.42815116,-0.066934995,-0.61531067,-0.78343153,1
-0.116074756,-0.5429784,0.16488242,0.9825737,0
0.36132354,0.73096454,1.5815847,-0.7908809,0
0.3341352,-0.32696956,0.21791066,-0.14042772,1
-1.2409245,-0.6261465,0.47321737,-1.0256689,1
0.18159632,1.0348916,0.37347895,-0.89149594,1
-0.31494707,0.8788161,-0.7617433,0.10545236,1
-1.5175046,-0.52027917,-0.8781504,-0.8382509,0
-1.1220127,-0.07691361,0.30562848,0.0115553215,0
-0.70489013,-0.31893975,-0.558743,0.6096251,0
0.34790653,1.1458192,-0.70391226,-0.28817347,0
0.3837087,0.9517687,2.8688824,-0.689036,0
-0.015261799,-0.12973136,0.5195757,1.3716285,1
-0.4437942,-0.8431958,-0.11418186,-0.90469134,1
-0.07159778,-0.039412703,-0.6917394,-0.9489585,1
0.4063488,-0.6481149,-0.660257,-0.91688395,1
-1.1186143,-0.71870965,0.049690813,0.021629434,0
0.8572805,-0.29890776,-0.696037,-1.0198762,1
-0.538578,-0.12850031,-0.60373616,0.58709383,1
-0.9344208,-0.19548613,-0.2095014,0.9992511,1
1.1078546,0.62868005,1.2800914,0.34055397,0
-0.16990973,-1.0066903,-0.62293637,0.05690967,0
-0.49620163,-0.0007157512,-0.52818227,-1.1428692,1
0.768699,-0.24064815,-0.7711475,-0.83847046,0
-0.31388098,3.0138116,-0.08728656,1.524673,1
0.43124253,-0.5202415,0.63296133,-0.3343532,1
-0.06476383,0.26343414,1.3375926,1.1048906,0
-0.732586,-0.57379204,-0.99567413,-1.1382396,0
1.2075318,-0.32968122,-0.41256154,-1.0144504,0
0.3755393,-0.33648676,0.7734853,0.019039415,0
-0.30057,-0.53285575,-0.18808934,-0.9816955,1
-0.18147634,-0.34141,-0.14118733,0.54458153,1
2.8362713,-0.54625535,-0.10489183,-0.7665128,1
0.6977738,0.0028853416,1.0401871,-1.2256061,1
0.69368464,0.901545,0.71208435,0.6566596,0
0.7698696,-0.31066948,0.5497655,6.0686145,1
-1.1443027,0.8323033,2.5565784,1.463349,1
0.8002943,-0.31084555,0.87034965,0.2071534,0
0.3165763,-0.35147342,-0.7922717,0.26300392,1
-1.6792345,-0.8229495,-1.0664397,-1.1402777,1
-0.6462046,-0.3786474,0.11159765,-0.33162996,1
-0.15759464,0.45754084,2.4125633,0.43154007,1
0.09816357,-0.1799545,0.9334392,0.70169955,1
-2.2691758,-0.43895555,-0.6279447,-0.8527389,1
-0.5093683,1.1674135,0.9931414,1.4050623,0
-0.2994987,-0.22866833,-1.2382973,-0.9610143,0
1.9922609,0.21696344,-0.24953261,-0.68555105,0
-0.32316014,0.2771096,-0.24077436,0.5824275,1
-0.53968036,-0.57136595,-0.026105493,0.40855083,0
1.5735626,-0.4276865,0.08816481,0.007724762,1
-0.59775144,-0.3423638,0.48604202,0.4553377,0
0.5254495,-0.23080802,-0.41620398,0.95542806,1
0.032219812,-0.42602676,-1.529997,-0.59057844,1
-0.38126647,0.5689366,0.2912948,0.3646111,1
-1.0289063,-0.5845875,0.70342106,0.99028665,1
-0.13178241,-0.63573956,-0.31507295,-0.94777983,0
-1.068321,-0.11380346,-1.1880634,-0.5461466,0
-0.21392438,-0.8614223,0.6297526,-0.85542244,0
-0.9073109,0.011848614,0.0077438653,2.2204914,1
-0.767609,4.364661,2.9851804,0.8561298,0
0.05273296,-0.61869997,0.00619334,-1.0215033,0
0.28748965,0.6584107,1.9938956,0.5890086,1
-1.1266707,-0.42939383,0.9856312,0.5757836,1
-0.5221013,-0.038702585,-0.96598625,-0.18151715,1
-0.5346165,-0.2607223,-0.47603834,-0.17007737,1
-1.3590653,-0.78180873,-0.9936336,0.8617427,0
0.025925009,0.7275492,-0.93702394,-0.91877115,1
-1.3698788,-0.13264176,0.31533208,0.7719778,0
0.0031572925,-0.44491917,0.056184758,0.845436,1
-0.08880606,0.6268314,0.39781386,1.5126727,0
0.21257442,-0.1909909,1.7183062,-0.39975777,0
0.11248222,-0.15204632,0.76583123,0.91388655,0
1.5318139,-0.7918756,2.2675722,-0.53902054,0
-1.0888463,-0.63698363,-0.4663547,0.6689953,1
0.98984814,1.8003521,0.5723178,-0.2420014,0
1.6209038,-0.4134319,0.9625497,4.7017136,1
-0.93431616,0.5229591,1.0452906,1.1517955,1
1.4849924,0.4091301,-0.37485415,0.7875918,0
1.8755374,0.09136617,-0.20904523,-0.96808773,0
-1.1356622,-0.40850982,-0.72490644,-0.88918746,1
-1.3067927,-1.1186547,-1.5749009,-0.8497012,1
-0.15376809,-0.41671383,-0.57326376,-1.0075564,0
1.3024138,0.014864029,1.9779081,6.1225815,1
-0.728228,-1.0923692,-0.32719898,1.0011425,0
0.2074224,2.4008589,0.6923332,0.48057184,1
1.6688128,-0.41697785,0.7734809,-0.4349456,1
-1.0951239,-0.6131927,-0.39288324,-0.06672403,1
-1.8735902,-0.49991894,-1.6100287,-0.787346,1
-1.5697176,1.3552911,0.1307661,-0.8829246,0
1.2482561,0.22590962,0.7743786,-0.0045704767,0
0.71350706,-0.78202116,0.14352751,0.5862383,1
1.8462896,-0.12075786,0.7681695,1.0220861,1
-0.4597748,-0.7440545,0.22599876,-0.024947904,1
0.82255495,0.08790667,1.1111029,0.6401416,0
-0.48785117,0.57872546,-0.42282635,-0.6741838,1
-0.17977813,-0.8073472,-0.5667161,-0.14346503,0
-0.42091668,0.07423392,-0.19704476,-0.12628172,1
-0.9058717,-1.1015978,-0.6718105,0.20946743,1
1.201057,-0.28744143,-0.82503575,-0.8259802,0
0.83753407,-0.02383852,-0.31564388,-0.09393397,0
-1.065698,-0.09644289,-0.4908638,-0.82771814,1
-0.17524727,-0.52276915,0.074348606,-0.5269177,0
-0.9300957,-0.7365116,-1.160327,-0.37931135,1
0.4468136,-0.79754114,-1.7816031,-0.77515006,1
-1.7476606,-0.5919862,1.34234,-0.5741795,1
-1.6920516,-0.5060761,-1.5938679,-1.1346709,1
1.1238992,0.56519,0.68337274,-0.6296955,0
-0.6162726,-0.5513157,0.3471472,0.05229334,1
-0.04069549,1.681144,-0.93108064,-0.6579099,0
2.01836,0.20679992,-0.64767385,-0.00093799457,0
-1.4950259,-1.2303486,-0.8782692,-0.861402,0
0.06987856,-0.04317446,0.37893695,0.48196423,1
1.88322,-0.556161,0.5629258,-0.57183856,1
-1.0097923,1.5284538,0.53626496,0.33046928,1
-1.3414615,-0.114861004,0.5352449,-0.2577829,0
-0.12185168,-0.16072991,-0.5819895,0.66197705,1
-0.7166895,0.30344978,0.9041503,0.8423399,0
-0.35761258,0.19555414,-0.7096932,0.09599081,0
0.5269154,0.5361337,2.2216713,0.650558,0
1.4449508,-0.6808858,1.4065447,0.032134805,1
1.0623977,-0.37715352,-0.20265713,-0.70971644,0
0.35132384,2.5599825,1.4405088,0.66667503,0
0.7329372,-0.041134745,0.88244444,-0.038983855,0
-0.24167737,-0.44550616,-0.5155365,-0.792141,1
-0.9614692,0.050553307,-0.18525025,0.16466635,0
-0.13026756,0.10649328,-0.13722694,-0.5042882,0
0.25911534,1.3647237,1.9627297,0.5245739,1
-0.143882,-0.17623517,1.393498,1.6434934,0
0.414024,-0.5315924,-0.11891128,-0.030618858,0
0.19621098,-0.61386216,-1.0291929,-0.06188693,1
-0.18401161,0.6577455,1.4040372,0.6466237,1
-1.0534744,-0.3900478,-0.5714555,-1.5166702,0
0.68719196,-0.4262892,0.22617443,0.7652824,0
1.4537611,-1.1037169,-1.5701321,-1.0127891,0
0.9440444,0.40165025,-0.016130827,-0.82238203,0
-1.0738028,6.631038,-0.70816445,-0.9836346,1
1.4861459,2.2440362,-0.69959635,-0.28837514,0
0.30658525,-0.4413336,0.5137758,0.09006275,0
-0.08848077,0.28524792,-0.23306242,-0.90903383,0
-1.4653454,-0.054437816,0.55412006,0.40519267,1
0.35870588,0.92345655,0.07667,1.0489712,0
-0.8634798,-0.73945546,0.0011333376,-0.6111486,0
-0.5691457,-0.17072888,-0.7697644,-0.026713867,1
-1.0491258,-0.72782636,0.05071657,1.6537726,0
-0.5096321,-0.27047157,-0.8514758,-0.78124493,1
-0.03621179,2.6478286,1.5235896,0.5762578,1
0.51284,-0.63370764,0.40010884,-0.7334538,1
-0.28901967,-0.50343823,-1.0668032,-0.8803046,1
-2.43489,-0.71508074,-0.1142821,-0.04141082,0
-0.7494178,-1.0376378,-0.72669536,0.4313631,1
0.8396016,-0.36593822,-0.0052914396,-0.9927783,0
-0.68263716,-0.08071262,-0.53500444,-0.11069368,1
-1.0409063,0.6050726,0.011122286,1.9217997,1
0.29792455,-0.783584,-0.61212355,-0.10263133,0
-0.39442965,0.10389296,-0.32218957,-0.26302862,0
0.5093064,-0.48514915,2.5423422,-0.05949879,1
-0.68146443,-0.19455072,-1.4866002,0.080710545,1
-1.5791024,-0.8169254,-0.75070965,-0.8972779,0
-0.278591,-1.1086932,1.6732177,0.22345538,1
1.024798,-0.073031716,-0.6163559,-0.7508285,0
0.2847799,-0.57831496,-0.022865437,0.052866522,1
-0.66659856,0.95275486,-0.33204937,-0.013037825,0
-0.10910934,0.34322372,-0.478092,-0.13285424,0
2.5653653,-0.40391564,-0.06281549,-1.2793453,0
-0.8753458,-0.34106886,-1.0985762,-0.9726326,1
-0.29932547,1.1749635,-0.6632147,-0.36681205,1
1.4591827,-0.3820659,-0.048577577,0.059445616,0
-0.2724367,0.18397123,0.09975594,1.3149173,1
-0.17180285,-0.5405829,0.13386482,-0.14627711,1
-1.3896858,-0.44241044,-1.0106885,-0.23778783,0
-0.3773219,-0.12278253,-1.1168101,-0.088408455,1
0.002065584,-0.3489797,-0.087484494,-0.81510913,1
-0.74311966,-0.3962239,-0.43385103,-0.6302651,1
-1.4062854,-0.8563895,0.95685005,0.2050943,0
0.95915496,-0.050004423,0.17963716,-1.0671872,1
-0.70636076,-0.38549805,-1.6361458,-0.91258115,1
0.48277456,0.002327226,-0.2472867,-0.6537668,0
-1.5403955,0.09576221,-1.195513,-0.79015666,1
0.72792584,0.5670881,2.0971684,-0.115992755,0
0.8188459,-0.4077179,-0.73069656,0.027224336,1
1.8259356,-0.08876099,-0.14210437,0.80144566,0
-0.77740556,-0.84317386,-0.56329525,-0.9095601,1
-1.2438079,-0.20236881,-0.3349418,-0.6156587,0
0.26836705,-0.04930957,2.172542,1.2008426,0
-0.17674118,0.40747708,-0.8823308,-0.9889717,1
-0.16664255,-0.84495306,1.3204464,-0.19835028,1
-1.0323397,-0.512872,-0.9349533,-0.8432927,1
0.5856799,0.2772011,-0.32425955,0.79024756,1
0.054876253,-0.87139136,1.691716,1.5051646,1
-0.14570563,-0.09154181,0.5981927,1.2370036,1
-0.8223176,-0.87090665,-1.437664,-1.1637249,1
-1.2869239,0.24775776,0.20789635,-0.80062956,0
1.2818186,-0.5133246,0.982089,0.6554092,0
-1.6994567,-0.7609489,-1.0707865,-0.6678865,1
-0.7440622,-0.63526714,-1.585632,-1.0146366,0
1.7298846,-0.84075105,0.45882466,-0.4046106,0
-0.20363925,-0.5059837,-0.96093166,-1.2067995,1
0.9815424,-0.5562874,2.3374457,0.67481786,1
-0.35238266,0.40268397,0.7428807,0.73927915,1
-1.5275267,-0.5503476,-0.16278525,-1.008562,0
-0.89643264,-0.7900916,0.07848835,0.64866704,1
-0.18536521,-0.64611745,-1.2015421,-0.63059527,1
-0.69307137,-0.6207864,-0.8814661,-0.91111493,1
0.4027384,0.7916024,0.9672363,2.353413,0
-1.2811997,-0.40170288,0.111067586,-0.06864019,1
0.419267,0.64846534,-0.58553255,-0.53042567,0
-0.5734746,0.40285456,0.39435595,0.7687219,1
0.55607224,-0.5419091,0.28796345,-1.1256993,1
0.36875084,1.2844431,2.6420674,3.0798073,0
-0.41444343,0.21695788,1.1784195,7.118904,1
0.19698903,1.4527366,0.5772809,2.3128018,0
-0.46823335,-0.28376734,-0.5185374,-0.7405002,1
-0.35201812,-0.54939234,-0.6101265,-0.27831623,0
1.47349,-0.5910156,-0.39612824,0.007023845,1
-1.4624431,-0.50484914,0.5079457,-0.7357177,1
-0.49835694,-0.264322,0.03156376,0.8861977,1
-0.25536144,0.007249277,0.26577204,-0.10492031,1
-1.2373577,-0.53240275,-0.5805876,-0.7298557,1
-0.6051008,0.53544784,0.6410446,0.52692086,0
-1.8958175,-0.15632425,-1.6337774,-0.90981495,1
-0.0030706003,-0.5057037,0.09472653,-0.14106543,0
-0.75550413,-0.42703074,-1.0302901,0.7639898,1
-0.36030787,0.29402426,1.5812922,3.8796556,0
-1.972271,-0.94678104,-0.42625272,-0.78116024,1
-0.5592669,0.71234655,1.3237995,-0.47017205,1
-1.2536116,-0.12768811,-1.4735594,-0.704882,0
-0.66522825,1.0747509,0.022273935,-0.7882423,0
-1.3071554,0.9236705,0.33076113,0.47849894,1
-1.3396323,-0.27821967,-1.0557272,-0.7283311,1
1.1608506,0.05207204,-0.20239472,-0.34599134,1
0.14738342,-0.3039894,-0.18045267,-0.4167833,1
0.45076793,5.600355,1.6789688,4.7678475,1
-0.8205428,0.29007363,0.60728216,-0.7504376,1
-1.0192765,-1.2462134,-0.94924366,0.07593827,1
0.19438727,-0.029481806,-0.51429796,-0.46924168,1
-0.8154857,-0.3692485,-0.34377396,0.8927626,0
-1.1393107,-0.63144004,1.2624272,-0.7880051,1
0.9434813,0.25188953,-0.9339425,-1.0771147,0
-1.3605611,-0.8292979,-0.6384908,-1.0304338,1
0.6130003,-0.9121815,0.2866354,-0.2037466,1
-1.210344,-0.28978342,1.1889361,-0.75917846,1
-0.7698288,-0.50154656,0.9426214,1.1594584,0
-1.3401661,-0.66552913,0.27480465,-0.64970005,0
-0.5479312,1.5857251,-0.029594064,1.5257657,0
-0.55957186,-0.38735735,-0.016388863,-0.1044018,1
0.78446007,-0.13995701,0.18415204,0.71649235,0
-0.6435611,0.01661402,-0.411009,-0.8231191,1
0.8438744,0.25674057,1.9051439,0.7816968,1
-0.71048844,0.64374965,0.35095164,0.7963491,1
1.3551381,0.1802883,-0.890486,-0.9062548,1
-1.6804659,-0.0435974,0.07220638,-0.54842234,0
0.3542918,0.08442068,0.3241294,0.82738924,0
-1.7063764,-0.4321204,1.3023665,-0.9988471,1
1.2872849,-0.73442924,-1.4385419,-0.59088534,0
-1.404842,-0.26658958,-0.121927604,-1.0198152,0
-0.21254647,0.55081034,-0.797014,0.7620215,0
2.211269,0.9883605,1.1464689,-0.18529186,0
-1.3737276,-0.14319819,-0.025084905,-0.85651296,0
0.13744915,-0.5011268,-0.45434177,0.67430156,1
0.22434554,-1.3214773,-0.92325616,-0.6546537,1
-1.4734821,-0.52803385,-0.7641375,-1.1657515,1
2.4098468,0.77139044,2.1592193,-0.63018394,0
0.3991161,0.27902266,0.040640645,0.95457226,1
-1.6524017,-0.32797265,-0.6951999,-0.9029723,1
-0.7524251,0.282943,0.62156576,1.8527457,0
2.84889,0.10699113,-0.92188525,-1.0664674,0
-0.98632526,-0.22581047,1.7419578,-0.6731664,1
-0.79883957,-0.4838996,-0.90637815,-0.7532273,1
-1.8456486,-0.80381924,-0.6044462,-0.2586444,1
0.89022136,0.13661186,0.8119865,0.5234922,0
-1.115456,-1.1698396,-0.7731823,-1.2579668,1
2.043717,-0.3279179,1.3438447,0.87663937,0
1.2874123,-0.40002394,0.8076837,1.8469167,0
0.056465603,-0.5316926,1.0403297,0.07260205,1
-0.955221,-0.55547744,-0.12580371,-0.994695,0
-0.3377076,-1.0824083,0.5695716,0.32057953,0
-1.5290858,-0.7101706,-1.2530503,-0.50352407,1
-1.7259562,-1.2406148,-1.3707167,-0.6487508,1
-1.6048772,0.9994065,-0.07432762,0.67700934,1
-1.4639076,-0.38604748,-1.3920387,-0.81215715,0
0.0777691,0.96808326,0.018372953,0.3028138,0
0.26657522,-0.1492792,-1.4348665,-1.072702,1
0.42036477,0.7584275,1.4719837,0.9585601,0
1.7164822,0.59239197,-0.0043565333,0.26515532,1
0.86051285,-0.9234978,-1.103844,-0.45548508,1
0.3555425,-0.37504044,0.58757865,-0.7207839,1
0.04475507,-0.42185894,0.11582572,-0.12076463,0
0.7502586,1.1274234,0.8584449,0.8503823,0
-1.2026626,-1.2689182,-1.3994148,-0.7425939,0
0.3799215,-0.91045105,-1.9737108,-0.83303785,1
-0.5989773,-0.51036364,-1.3468814,-1.1475624,1
0.3789369,-0.013081431,1.8593671,0.9547808,0
0.6990392,-0.6215616,0.61548525,-0.91290975,0
-0.21809706,0.08796351,-0.37773114,0.6534873,0
-0.035771117,-0.28917006,-0.84522986,-1.1175189,0
1.2889594,-0.5944527,-1.0543313,0.22360013,1
2.622327,-0.55205894,-0.067738846,-0.70039856,0
0.24553597,-0.38472497,0.37519342,-0.53671706,0
-1.5437111,-0.8601149,-0.5502663,-0.6155122,0
-0.5396331,0.19374925,0.47141954,-0.8558247,0
0.7756547,-0.34755805,1.9572989,1.3075178,0
-0.16571489,-0.45608824,1.7694095,-0.32228345,1
1.146893,0.2871112,-0.7232672,-1.0167217,0
0.5782795,0.27150437,-0.92603195,-0.05203579,0
1.0340147,-0.4003803,-0.6360336,1.4976563,1
-0.3495403,-0.14556168,-0.8948744,1.1241435,1
-0.5850965,0.056841165,-0.16903636,-0.89374804,0
-0.022533178,-0.38662094,0.9555465,0.28873083,0
-1.7023346,-0.3261719,0.2083017,-0.67806923,1
-0.2993675,1.1523339,1.0606656,0.6865566,0
2.0378346,-0.5495057,0.97175217,0.062358227,0
-1.7432704,-0.18341482,-1.3195763,-1.3696074,1
-0.28786063,-0.6488976,-1.4783753,-0.80597246,1
0.7374079,1.5868586,-0.65314794,-1.3118224,0
0.20454139,0.22119719,-1.0807667,0.6871548,0
-0.25829807,0.36981243,-1.0853146,-0.17577316,1
0.7935363,0.86451024,2.6072822,-0.010890789,1
-0.381689,-0.1741479,-0.60218316,-0.8829456,0
0.24033573,-0.79331344,-0.962808,-0.2809173,1
0.24629593,0.17110631,-0.6535338,0.46710882,0
0.4373109,0.44078824,1.028433,0.068042636,0
0.78442645,-0.19524845,-0.31183857,0.80567724,0
-1.1011829,0.48397306,0.44698423,0.04997435,0
-0.45963168,0.73679626,1.669508,-0.07423052,1
0.38476816,-1.1674237,-0.186847,-0.103885025,1
-1.2520818,-0.81463623,0.4409415,-0.38231146,1
-1.0146196,1.6017314,-0.7804226,-0.92737067,1
0.7394851,0.2535212,1.380816,2.5980759,0
0.98884654,-0.70947933,-0.6672797,-1.0558578,1
0.21350056,-0.74350804,-1.2870182,-0.4032483,0
-1.1549371,-0.5077482,0.45070156,0.8910704,1
1.6808771,-1.05868,1.4544039,-0.9984093,1
0.3223543,-0.3423716,-0.11344531,0.2665138,0
0.21169299,-0.39492494,0.50711846,0.66960144,0
-1.8682709,-1.0545695,-0.09327412,-0.7399241,1
1.0185457,0.6605867,-1.4000733,0.060945246,0
-0.057189748,-0.16377553,-0.28808898,1.093077,0
-1.3056233,-0.38050428,-1.0914028,-0.64135206,0
1.171335,-0.65821457,-0.68123066,-0.8405676,0
-1.5839221,0.12663904,0.5973581,-0.7201894,1
-1.6229371,-0.46623066,-0.6871239,-0.016321858,0
-0.7043277,0.06805937,-0.31290427,0.027489778,1
0.041715518,0.6416407,-0.27311727,0.85207653,1
-0.61268103,-0.37011528,-0.76628095,-0.32320052,1
-1.1345427,-0.48960507,-0.022624746,0.8042271,0
-1.3629915,-0.33495077,-0.6867071,-0.58386713,1
0.7455776,-0.29424655,2.0574887,-0.72423834,1
0.9065565,0.40639198,1.7587049,-0.13651349,0
-1.4407631,-0.31701317,1.9873194,-0.25440246,1
0.28106058,0.6112808,2.3849878,1.8560776,0
-1.5159411,-0.69061184,-0.674421,-0.40638074,0
-0.2939366,0.3996396,0.88151145,0.9690683,0
-0.70440805,-0.063466504,-0.06514004,-0.72322,0
0.7924187,-0.10753843,-0.41482392,0.4684104,0
0.09312415,0.18591622,0.6637773,-0.053078104,0
-0.93609387,1.5327808,-0.34619346,-0.21299353,0
0.5422629,-1.2537404,-1.6002524,-0.99226224,1
0.50127053,-0.41994283,0.43184966,0.01879995,1
-0.06344485,1.0483581,-0.12651768,1.025798,0
1.0360034,-0.5816232,-0.45109576,-0.4172826,0
-0.6674182,0.45797142,0.25818264,0.7699126,0
-0.37160704,0.84561306,0.84892744,1.8506784,0
2.0060718,0.91239977,0.35398626,0.3483059,0
-0.08667827,0.06716332,-0.6462039,-0.8878529,0
1.7388244,0.2128093,-0.38838398,0.06253286,0
1.3827577,0.19592099,-0.080494314,0.17602065,0
0.01249893,-0.109844536,2.2984612,0.17710413,1
-1.1029694,-0.71063256,-0.021493033,-1.1641097,1
-0.6534794,-0.13672055,0.8122344,1.3390522,0
-0.23470667,-0.26326934,-0.64980227,-0.580865,0
-0.037713602,-0.24561615,-0.5625658,0.79605204,1
0.8137682,0.29665226,-0.37329707,-0.50366014,1
-1.3975832,-0.44531095,-0.22179256,-0.62149906,0
-0.5483109,-0.3396699,-0.64424634,-0.9290917,0
0.93599236,-0.54637146,-0.9261937,-1.0763136,0
-0.028731618,-0.53023964,-0.08046399,2.435741,1
0.0077861995,-0.16281784,0.07861623,-0.013857175,0
-0.7922127,0.072949305,-0.7054631,-0.1641523,0
-1.2538477,-0.029126346,-1.6384985,-1.0352793,0
-1.2361306,-0.6258267,0.062062085,-0.03684464,0
0.6174317,-0.36044726,-1.2018329,-0.5682407,0
-0.7954465,-0.12257979,-0.38560957,-0.028744824,0
0.4799508,0.48094714,0.04356011,0.82308364,0
0.7579442,0.14907011,-0.7000374,0.22734945,0
0.07846221,1.6999246,1.1444621,-0.8469377,1
1.1761761,1.4806583,0.96696407,2.4180834,0
-0.78835595,0.23560268,-0.7611799,0.53626704,0
-0.39595193,-0.6170014,-1.8776296,-0.67199683,1
-1.5034198,-0.7595011,-0.2451275,-0.8397186,1
0.12677725,0.13775861,0.18157184,0.045970876,0
-1.4280869,-0.5906427,-0.9028411,-0.9395204,0
-0.13041642,-0.86262566,-1.643536,-0.98397756,0
0.53532785,0.6515927,0.5463208,0.75742626,0
1.5182995,0.5420841,0.33642566,0.76692414,0
-0.44510758,-0.11169712,1.7495617,2.3242316,0
-1.4574785,-0.26077437,0.31773746,0.0045382977,0
-1.1976513,-0.31062114,-1.5611206,-0.5612813,0
2.6365154,-0.12781855,-1.4302282,-0.97433704,0
0.3393711,-0.32696387,-0.5743122,-0.15406103,0
-0.3764911,0.9077643,-0.85308725,-1.0822123,1
0.42431322,0.077610925,-0.9342474,-0.06703763,0
0.53969616,0.26006687,0.26952308,0.59007144,0
-0.015575036,0.12129551,0.6770414,0.39859504,1
-0.48233262,0.017338932,0.8844287,0.58378863,0
0.6183719,0.20885412,0.68787384,0.46215436,1
0.6388405,-0.21558663,-0.27636296,-0.8068582,0
0.108775325,-0.25469404,0.59542,0.46264243,0
0.05110389,0.20544465,0.20621374,0.11573045,1
-0.4426504,-0.90921086,-1.3398075,-0.9301721,1
-1.2109509,0.31572488,0.6872792,1.4745854,1
-0.9122177,-0.7715033,-0.32568964,-1.0088792,1
-0.9720602,-0.8682791,-0.21489424,-0.24048264,0
1.3644834,-0.34419727,1.634482,2.2400634,1
1.7216383,-0.025681347,0.4512433,0.53167367,0
1.6388093,-0.6724534,0.8294826,1.1087365,1
-0.71324253,-1.4771827,0.06372067,0.0448285,0
-1.234415,-0.71248364,-1.0818524,-0.8865092,1
1.2659206,-0.13992369,-1.4492204,-0.64479864,0
0.63008463,0.81758225,0.9044002,0.65369785,0
2.061075,-0.32181734,-0.8234483,0.7911304,0
0.7184324,0.81450635,2.9115174,-0.32420313,0
0.28738865,-0.46930322,-0.67178696,-0.49417496,0
0.92801595,-0.27824208,1.2426066,0.22090273,0
1.2047848,-0.9068986,-0.42773297,0.27452615,0
1.5778413,0.8461072,0.55376667,0.022468347,1
0.5529003,-0.8025751,1.4800512,0.77566993,1
0.35107458,3.138801,0.9668547,0.9144455,0
0.81112504,0.3497959,0.17437825,0.39641452,0
-0.52869767,-0.2376453,-0.17722282,-0.2052726,0
-0.5202879,-0.5379228,0.1922,-0.7056732,0
-1.8052847,-1.0354415,-1.3400795,-0.8007425,0
-1.4876777,-0.44805503,-0.38868165,-0.05980978,0
1.0896546,0.7761098,1.1096716,0.69932073,1
-1.5741727,-0.4262338,-1.2566925,-0.6521846,1
-1.1752027,-0.77289695,-0.5335151,-1.1086435,1
-0.7186328,0.31132782,-0.47340396,-1.0176042,1
0.32771516,-0.45141208,-0.9784801,-0.77640057,1
1.6453916,-0.77856326,-0.005888924,-0.70353764,1
0.33018994,-0.31625658,-0.06622329,0.349037,0
0.34973824,1.9408612,0.6401775,1.0346899,0
1.5143362,0.71211994,0.96779025,0.6576898,1
1.8852761,0.448677,0.40160778,1.0152059,1
-0.92060447,-0.6379237,-0.32782185,-0.122915074,1
-1.8140168,-0.8986856,-0.84297323,-0.61992854,1
-0.5513743,-0.64096576,-0.40826172,-0.63246274,1
-0.23011392,-0.8473401,-0.08326082,-0.86154497,1
0.35956612,0.037319973,-0.2458929,-0.7449865,0
1.9965754,-0.16007349,-0.97168064,0.32966146,0
-0.60776657,-0.0044153035,-0.6622493,-0.9218215,0
1.2116306,-0.30951416,1.8706472,0.044695232,1
0.5473124,0.55963373,-0.22698297,0.74624574,0
1.4347082,-0.121188715,-0.44547933,0.9557875,0
0.44995406,0.39428085,-0.7299105,-0.5085969,1
-1.3907726,-0.16252881,-1.3681686,-0.898118,1
1.7192773,-0.3783143,-1.0855608,0.38155895,0
-2.148112,0.12642762,-0.78054905,-1.1502603,0
0.06562756,1.6953135,0.45675117,0.5817722,1
-1.7649686,-0.14399895,-1.3033519,-1.054064,1
1.4585892,-0.3713677,-0.19626787,-0.23649287,0
-0.38458446,-0.28441346,-0.4484845,-0.5411043,0
-0.8583673,-0.5711164,0.31379193,-0.5548352,0
-0.12706321,0.119050235,-0.2017625,-0.85705507,0
0.65679836,0.3384453,0.7593768,0.3182629,1
0.69494915,0.8641937,1.1746534,0.24983473,1
-0.5236982,-0.4317395,1.1621417,0.7023491,1
-0.3317762,0.8925233,0.051915847,0.060827214,0
1.914447,-0.12848714,1.6123382,0.66485214,0
-0.64013916,-1.1395004,-0.1158357,-0.045854002,0
2.070084,-0.5356645,2.2835479,0.6972067,0
0.681393,-0.6040032,0.038902357,-0.72659624,0
-0.62930477,0.7549772,-0.8030193,0.03442883,1
1.5006617,-0.32521525,-0.7531599,-1.0535876,0
-0.38446462,-0.80889046,-0.25693652,0.5916456,0
0.60989964,-0.26457876,0.6749535,0.065883756,0
-0.08312762,0.32791004,-0.38251093,0.96325743,0
0.86951345,-0.44149545,-0.8942026,-0.9916404,0
0.25381017,-0.3211439,0.32225615,-0.5804214,0
1.5799997,0.109797955,0.18061778,-0.15166833,1
-1.5019968,-0.53937495,-0.829961,-0.92017907,1
0.74211687,-0.065633915,-0.6680181,-0.7080156,0
-0.79245746,-0.40369898,-1.4810057,-0.5819608,1
1.7769221,-0.15583837,-0.0473938,-0.9622644,0
1.0687197,0.11577465,0.06679943,0.74486893,0
2.03793,-0.09898331,1.582631,0.4466086,0
0.7297073,0.025755249,0.02740471,-0.9219666,1
-1.2085456,-0.6263852,-0.10231964,-0.7511863,1
2.3039517,-0.8474087,0.5600022,-0.5350934,0
0.65665483,-0.14744365,0.94877416,1.2914054,1
-0.84615695,-0.26900727,-0.07789937,-0.06047338,0
-0.2940594,-0.79267216,-0.31470802,0.70242876,0
-1.6591225,-0.5812069,-0.49387223,-1.0742295,1
-0.09049779,-0.08148545,0.2997403,0.5421513,0
-1.3291036,0.8310632,0.12412335,1.0879543,0
2.158273,-0.73802006,-0.7706758,-1.0851134,0
-0.069675244,-0.11197153,-1.2325174,-0.631741,1
-0.33587396,0.6888631,-0.1064229,0.8854762,0
-0.8403759,1.7645005,0.23565726,-0.21798268,0
1.239804,0.4553976,-0.99507624,-0.7594797,1
-0.3480981,0.45662722,0.27363235,3.442308,1
-0.43869776,0.48463657,0.6145656,-0.32500437,1
0.8342579,-0.9229344,-0.5899464,1.0558037,0
0.92111063,0.08565748,-0.7975627,-0.435714,0
-0.3954799,-0.13907738,-0.38208577,-0.8581088,1
-1.1197084,0.3554952,0.17972162,1.5614877,1
0.080987155,-1.2214277,-1.0036758,-0.06499575,0
-0.03143946,0.35805708,6.336864,0.55568886,1
1.9990079,-0.092559636,-1.1945148,-0.6924491,0
0.83481896,0.8187784,-1.1929017,-0.7929076,0
-0.68827295,-0.7011962,-1.0809207,0.66549593,0
-0.12067065,-0.5609315,0.42789388,-1.1341367,0
-0.120882556,-0.51256144,-0.63414335,0.11828978,0
-1.2211257,-0.4425376,-0.5926163,0.25906917,0
1.276769,0.5859681,-0.8263295,-1.1619145,0
0.5312747,-0.2064512,-1.4064054,0.25571626,0
-1.5982306,-0.55216193,-1.1588268,-0.73076147,1
1.1948906,-0.34685767,0.53437203,0.936003,0
0.34675816,0.22305824,-0.63101065,-0.86051893,0
-0.96835774,-0.33587968,-0.92737114,0.04795381,1
0.6581057,-0.2567283,-0.2810841,0.89891446,0
-0.76642907,0.4839651,1.4209731,2.4605994,1
0.26883018,0.00791873,0.068697415,1.0079516,1
0.66494596,-0.87969714,-0.14884113,-0.65723467,1
1.1155317,-0.15688293,0.21912168,0.68743473,0
2.8296685,-0.23070982,0.3055887,-1.0673686,1
-0.22280774,-0.59154016,-0.37050146,-0.22589006,1
-1.3856537,-0.033983707,-0.95723224,-0.5496904,0
-0.3704693,-0.8122349,-1.1048197,-0.77604616,1
0.72694933,-0.22186503,-0.54471374,-0.22721602,0
-0.49755648,-0.27232563,0.9587616,0.87294686,0
1.061859,-0.4048629,-0.3475365,-0.897778,0
0.006064756,-0.1535578,-0.3795339,-0.67318946,0
-0.15841073,1.3694701,2.3707623,1.656064,0
2.4723425,-0.3487083,2.731948,-0.78546876,0
-0.6232184,-0.17971629,-0.1041961,-1.030345,1
1.4039936,-0.65429956,0.33603352,-0.04615349,0
0.99476874,-0.3938554,2.5508864,-1.0891788,1
0.7153748,0.44528884,0.22065155,0.7743572,0
-0.038167015,0.4128134,0.94290066,0.34237668,1
-0.15764889,-0.6056423,-0.115082085,-0.34416136,0
1.0879136,-0.17717195,-1.114027,-0.8556494,0
-0.1169167,-0.27416185,0.5254556,0.1424396,1
-1.007242,1.0269488,0.5591717,2.4612134,0
0.27180725,-1.2326454,-0.32982835,0.44291553,1
0.80480665,0.2391456,-0.24025917,0.9536539,0
0.6905943,0.23286723,0.21957114,0.7849034,0
-0.5666169,-0.37678504,-0.075721204,0.14828223,1
0.7924849,0.061955597,-1.4853104,-0.94798326,1
0.3762474,0.08401108,-0.61781585,0.8719811,0
1.5877242,-0.060160935,0.42639595,-0.013681596,0
0.5695269,0.36822623,0.59808934,-0.90111494,0
1.2443585,-0.41382805,1.099645,0.5314772,0
-0.5761814,-0.79851115,-1.1772761,-0.19920722,1
-1.6522918,-1.2664876,-0.7311096,-0.94805527,0
-0.7633069,0.14854482,-0.5990116,-0.83322865,1
-0.76000214,0.17165661,3.4648867,7.0485826,1
-1.4312989,-0.49432346,-1.0860139,-0.80360204,1
-0.73603874,0.44121718,0.23313999,-0.7744036,1
0.80474985,0.011161149,-0.71015817,-1.0793371,0
1.2890704,0.1285182,-1.478887,-1.1682459,1
-1.6133584,6.4217353,-0.50450927,-1.0621452,0
-1.209586,-0.4105512,-0.12270953,-1.1506218,1
1.400218,-1.2037727,0.8568789,-0.20232676,1
-0.36471617,-0.2566901,1.0552398,0.86155146,1
0.0049912035,-0.20502499,-0.67520666,-0.06546006,1
0.5768685,-0.13124073,0.5823971,-0.28209645,0
0.37890652,-1.1601857,0.12808521,-0.91254616,1
0.46310794,-0.24721184,1.528897,0.9770771,0
-1.1224725,-0.606867,-0.6395005,-0.9614864,1
-1.2901603,-0.14733332,-0.16612017,-0.42720884,1
0.7707811,1.1531041,-1.4596975,-0.90527153,1
0.37810203,-0.12733221,0.27588594,1.3136162,1
0.8019226,-0.3855446,0.32270035,1.3411758,1
-1.2815725,0.09577435,-1.4628232,-1.0085708,1
-1.091404,-0.60898495,-0.19214326,-0.77213144,1
1.6611183,-0.44843045,0.21046701,1.0601903,1
1.6864624,-0.6038686,0.6027797,0.72896475,1
0.6420688,0.4788372,0.659763,-0.44100434,1
-1.4789529,-0.61869615,-0.86560273,-0.71322906,1
-0.67923725,-0.5148672,-0.4533795,-0.1454398,1
0.87139297,0.88894105,0.40822715,0.56201404,1
-0.8816496,-0.84176433,-0.86144465,-0.7886398,1
-0.51397794,-0.79700875,-1.2803677,0.11387886,1
-0.66326636,-0.037604265,-0.31212914,-1.1019961,1
-0.759346,-0.58668625,1.2236135,0.9411207,1
-0.67610174,-0.525614,0.20230821,-0.9620483,1
-0.2243512,-0.18650374,-0.41965637,-0.5586338,0
1.534035,0.14527637,0.051281426,0.3106705,0
-0.314207,0.483076,1.913496,0.9634124,1
0.3569687,0.29587752,3.9308321,1.7093389,1
-0.27592453,-0.04960887,1.1326824,1.7280422,1
-0.56888634,-0.35467306,-0.30552042,-0.5517864,0
-0.7417182,0.22428618,0.39875138,-0.104047805,1
0.76016974,-0.13721555,3.9636776,0.8662865,0
0.9095862,-0.7530621,0.013597578,-0.9605205,0
-0.013350874,-0.2914088,1.0069153,-0.46197882,1
-1.2936331,-0.4201818,-0.615205,-0.824982,0
0.59484625,-0.7688867,-0.31011155,-0.9098674,1
1.072055,0.17876461,-0.15914813,0.42021355,0
0.39464283,-0.19817843,0.17327696,0.70242596,0
-0.34732282,-0.105342,-0.61083657,0.80751526,1
-0.726568,-0.8613537,-0.16281177,-0.76146793,0
1.9132009,-0.69541997,-1.0604535,-1.0918651,0
-1.7630213,-0.16903475,-1.0133477,-0.8649715,1
-0.5211893,-0.264481,-0.20782593,-0.20873114,1
1.2792606,1.0089409,0.17498478,0.7485227,0
-1.4501002,0.044544578,0.114415735,-0.027216047,1
-1.4778999,-0.38461328,-1.1380849,-1.0067072,0
0.2286045,-0.4988659,0.74232495,-0.8176139,1
-0.6297331,1.3186573,0.76101726,0.9002968,0
-1.3623205,-0.6788545,-0.90464085,-1.0529246,1
0.24133259,-0.83837444,-0.45334083,0.57574165,1
-1.5817906,-0.9808481,-1.3470073,-0.6288325,0
-0.57894856,0.8579697,-0.9355329,0.37392718,1
0.12137857,-0.021122038,1.4560697,0.93671995,1
-1.0246588,-0.54079676,-1.3648679,0.40744025,1
-0.3102597,0.37780884,0.3562306,0.6132079,0
-1.2294574,-0.5477813,-0.55099607,-1.0217084,0
-0.3091726,-0.11584613,-1.0051205,-0.72859496,0
-0.20650491,2.293663,1.7654833,1.7990417,0
0.10717687,0.46467412,-0.6780327,-0.716298,1
1.5873706,1.3655686,3.474414,5.973056,1
0.4235688,-0.71720755,-0.8823214,-0.8519254,1
0.8607338,-0.55897063,-0.17119648,0.8173842,0
-0.16191731,0.20949568,2.4026651,0.78878117,1
0.85516346,-0.7125504,-0.042598546,1.0389291,0
-0.13232361,-0.3135048,0.014897913,1.7220492,1
1.1077902,-0.9919665,-0.5332228,-0.117584646,0
-0.56091535,-0.32352564,-0.34035653,-0.7709854,0
-0.8159669,-0.4904674,-0.9752418,-0.6097927,1
2.4905105,0.48423302,-1.0385764,-1.1255357,0
0.74279356,-0.12708703,0.079735205,0.79404885,0
0.20677656,0.7084748,-0.10133234,0.8691302,0
1.5761042,1.0454757,1.0273899,-0.071525574,0
1.1725454,-0.37774283,0.33718023,0.005864814,0
1.4357917,-0.36398965,-0.7060039,-1.1604805,0
1.1992699,2.9177756,1.6934831,0.54113275,0
0.4045784,-0.17865711,0.027232885,0.2199793,1
0.39431357,-0.60638416,1.832503,1.458258,1
-0.49840644,0.88373095,1.2050086,-0.15725185,0
0.062527865,-0.30536687,-0.901729,0.869851,0
-1.3985043,0.15753654,-0.31949675,-0.2821762,1
-1.4295707,-0.5040419,-0.74753916,-0.95685256,1
-0.3322819,0.10351607,0.07067505,-0.6792795,1
0.55294365,-0.34158635,0.86051077,-0.3631714,0
-1.072581,-0.03327328,-0.5266428,0.74449724,0
-0.5913905,-0.4691945,-0.64383096,-0.8335027,0
1.0173404,-0.56326514,-0.21028447,0.8543355,1
0.05987364,-0.18159601,-0.6845864,0.12172088,1
1.9392617,-1.1377851,0.020260155,0.13991517,0
-0.62424165,-0.57767206,-0.70751244,-0.7909268,1
-0.16538891,-0.39094663,-1.0486374,-0.5545101,0
0.48489624,0.12669864,0.6024443,-0.08516371,0
-0.97616506,-0.43833095,-0.4309259,-0.69969296,1
0.4265097,0.41450387,0.2375749,-0.8358802,1
-0.37052816,-0.14035569,-0.5393001,-0.39999118,1
2.187827,-0.019695014,0.51314455,0.08148861,0
-1.5189606,-0.65833086,-0.007049255,0.19895133,1
0.43262702,-0.68833184,1.5271454,-0.07027984,1
-0.19545741,-0.29890594,0.8139155,0.26250827,1
-0.4927286,0.30258605,0.023712657,-1.2952423,0
-0.7380805,0.5372829,0.10039245,0.55778193,0
-0.2916419,-0.104360014,0.656695,1.6094629,1
-0.60452574,-0.6107143,-1.0333896,-0.3767379,1
0.4951794,0.18527819,0.25862047,-0.5210799,1
-0.92465025,0.13813019,-0.8544963,-0.6899862,1
-0.07600457,0.35341722,1.2345127,-0.19286165,1
2.8192153,0.1188722,0.8449634,0.10687548,0
2.17455,0.08002366,-0.4149713,-0.27684098,0
0.95697117,-0.30838934,0.13638794,-0.17669435,0
-0.9636441,-0.24165606,2.1160395,-0.37787268,1
-2.100577,-0.7056197,-1.0194952,-1.117027,0
-0.5930637,-0.09960122,0.19215676,0.20771839,0
-1.3678902,-0.37253374,-1.5382264,-0.33031866,0
-0.1874713,-0.40296257,0.28589946,-0.8071859,1
-0.6109121,0.065455265,-0.33022967,-1.0338967,1
0.20872775,0.011836231,-1.2891961,0.07059066,1
0.9845616,2.4359753,-0.8066179,1.3591657,0
-1.0818932,0.17279588,-0.6348947,-0.665723,1
0.77280307,-0.51019657,-1.0676796,-0.3103236,0
0.023263022,-0.34091538,0.044429936,-1.1963147,1
-0.015541121,0.697615,1.0238163,-0.08146648,0
0.85329723,-0.54316425,0.57884306,1.6307485,0
-1.2063199,-0.2978356,-0.6885135,-0.64826185,1
1.4113182,0.2032291,1.5784218,0.14750205,0
-0.006363362,-0.121835366,1.4319938,1.5509044,1
0.46149755,1.7405362,0.19392452,0.7730174,1
0.7440658,-0.7803621,3.7318017,-0.260707,0
-1.4994626,-0.56067395,-1.355021,-0.9166236,0
-0.87918615,-0.42168975,-0.9455517,-0.84101766,0
-1.6742998,-0.27833027,-1.0840094,-0.82827,1
-0.12455738,-0.50594574,1.3788171,-0.16399285,0
-1.0718063,0.10965948,-0.7981274,-0.89335877,0
-0.5024816,0.62594855,1.3227707,-0.12605125,1
-1.5538472,-0.52695775,-1.2801162,-0.9082387,1
-0.8257288,0.36877197,1.1683972,0.49321446,0
0.5925144,-0.15678394,0.052353382,1.7118697,0
-1.4049349,-0.5728044,-0.83679223,-0.7522847,1
-1.9367826,0.25068814,-0.22846693,-0.9015321,0
1.4159734,-0.22644818,0.43980485,0.2530688,0
1.1165357,-0.30222994,0.6722166,-1.0965354,0
2.5129533,-0.6123345,-0.75448805,-0.67118376,0
-1.3300478,-0.30340347,-0.2863341,-0.72800803,0
-0.32805616,0.71999204,0.223735,-0.040417127,1
-0.3990548,0.6165349,-0.04831928,0.7448051,1
1.4175906,-0.74138296,1.0682383,0.33993965,1
-1.9549979,-0.19759585,0.5684415,-0.8856986,0
2.3500528,0.56700677,-0.61420035,-0.9290654,0
1.9056653,-0.29942262,1.5921848,-0.1773974,0
-1.4655674,-0.7418526,-0.34205383,-1.0286988,1
0.92576903,-0.2904449,0.62700564,0.069023296,1
-0.0058660507,0.17019296,2.9537492,0.83420664,1
1.8928974,0.24719742,-0.4155805,-1.024032,0
0.8345069,-0.58671886,-0.09469349,0.17292449,1
-0.6057246,-0.111102484,0.6533474,-0.6543111,0
-0.7208721,-1.0262207,-0.28652787,0.66269964,0
1.2987176,0.008463163,-1.190082,-0.4935393,1
-0.33091962,-0.6038989,0.28561825,0.7539827,1
-1.4381437,-0.82286507,-1.2873123,-0.765001,1
-0.86808753,-0.7485289,-0.5616348,-0.5639896,1
-0.16838734,0.5714345,-0.065775186,0.46909022,1
0.041515663,-0.44083232,-0.78435755,0.49821308,0
0.30712852,0.16184899,-0.9547659,-0.635008,1
0.7596548,-0.16061449,-0.25359803,0.24341716,0
0.41169053,0.87376183,0.8681031,1.8620249,1
-0.5115308,-0.36239755,-0.48258436,-1.0551212,0
-0.5647151,-0.8612676,-1.3681822,-0.7617029,1
1.2159061,-0.2944583,-0.82452536,-0.2718361,0
1.0602089,-0.39562404,-0.29103595,0.9232705,0
-1.0597147,0.277008,0.35299468,1.4231448,1
-0.5649945,0.3694064,-0.75754225,0.09002623,1
-1.0131365,0.05547028,-0.023760438,-0.027743842,1
0.8391852,-0.9781414,1.689472,0.9871124,0
1.3040719,0.2822018,-0.26801193,-0.09628382,0
-1.0895559,0.030961692,0.35318208,0.22508661,1
1.5019234,3.113642,0.71016204,0.07940829,0
-0.7170268,-0.1952905,-0.4936444,0.105943695,0
0.70758665,-0.31128746,0.094884604,0.19204432,0
0.51011306,-0.050805088,0.3156892,-0.59499085,0
0.16469917,1.2899654,0.5089977,1.5312928,1
1.1513029,-0.51613945,-0.27212882,0.05618762,0
0.6696485,-0.47380745,0.5142303,-0.9228529,0
-0.008641601,-0.15683292,2.006897,0.1856038,0
1.9680574,0.8976887,-0.0901822,-1.0314889,0
-0.10083435,0.8242225,0.46735415,1.7370151,1
1.2870649,0.22577561,2.0842211,0.91815877,1
0.73711,-0.70570445,1.0841622,-0.3198002,0
-0.92479885,0.09781647,1.3265966,2.4549074,1
-0.8813304,-0.6056731,0.24801782,1.4537966,1
0.4333085,0.46614102,1.8391798,-0.23112848,1
-1.8573662,-0.52959216,-1.5491403,-1.0387378,1
0.7684429,0.19196501,0.9280292,0.676259,1
0.7407798,-0.15315951,-0.71542513,0.6418027,0
0.16241717,0.7646326,-0.5962962,1.7725558,0
-0.89716226,0.63355,-0.83864784,0.10187963,0
0.47732902,-0.9867072,0.53238034,0.09084733,1
0.23019755,-0.16926399,-0.5745028,-0.47211584,0
0.70187676,-0.4366616,-0.6510029,-0.5712659,0
0.7835351,0.45935595,-0.7101228,0.84690934,1
-0.43656713,0.5199826,-0.5534563,-0.62676775,1
-1.5446262,0.2519091,-0.64151186,-0.54832375,0
-0.9984455,-0.7536346,0.39567798,-1.065395,1
0.19337691,0.4977638,0.45305017,-0.1850209,0
0.65948975,-0.47131124,0.3704724,0.26820725,0
-0.1798357,1.5306147,2.1279068,1.1765518,0
1.1839147,-0.44753283,1.5107349,-0.92063224,0
-0.8503188,-0.23550655,-1.1669292,-0.7551774,1
-0.4404892,-0.2234259,0.52681917,0.87236744,0
-0.5471075,-0.43423617,0.2165709,1.0731547,0
-0.6094285,0.8228392,-0.22245213,0.6584669,0
-1.1592566,-0.23556697,-1.0169001,-0.6863033,0
-1.0123588,-1.1405647,-1.2658194,-0.732684,1
0.6648845,-0.8885869,0.36944994,-0.1332477,1
-0.7437559,-0.1000181,1.1129986,0.5703603,1
-1.8008603,-0.04120642,-0.24015948,-0.7551364,1
-0.6330254,-0.28392506,2.2621632,-0.72249305,1
1.4083271,1.3744352,-0.62615776,-0.20321041,0
1.2940838,0.03772953,0.7307993,1.3513523,1
0.32206273,0.93386894,-0.5631079,-0.18308282,0
0.83796835,0.06602515,-0.23017183,0.0380901,1
-2.0230627,-0.6281871,-1.274994,-1.0117164,1
0.12402808,0.28091168,1.1334873,0.54116225,1
-0.43017182,-0.61893404,1.2343651,-0.6387659,1
-0.23407583,0.82738703,-0.39844945,0.844893,0
1.898219,-0.06548607,-0.9346519,-0.93760824,0
-0.8534701,-0.36421716,0.43385977,-0.5883524,0
1.1214348,-0.015021324,0.70090103,0.4358583,1
-1.0990288,-0.5755588,-0.67029786,-0.8357773,1
-0.80445194,-0.36744934,2.5796092,-0.969373,1
0.5121411,-0.62607944,0.16712022,-0.7226417,0
-0.32076135,-0.22611596,-0.86652744,-0.8362593,1
-2.1339657,-0.91771585,-0.822705,-0.6847056,1
0.7323915,-0.54411876,0.10370101,-0.20028922,1
-0.9644498,-0.22281377,-0.33179635,0.841647,0
0.4426008,-1.0054562,-1.487785,-0.65892875,1
-0.037597544,0.12654677,-0.20887035,0.5960133,1
0.4323037,0.15619099,-0.4605832,-0.34607127,0
-0.59580564,0.066973135,0.18524078,-0.26225987,1
-0.42416385,0.15478316,-1.1502397,-0.6776332,1
-0.20901754,-0.04856254,1.2282901,2.2581327,1
-1.1115822,0.40273935,0.7538267,-0.37366205,1
-1.4008073,0.013691336,-0.59946775,-0.701563,0
-1.6583488,-0.5021406,-1.1595607,-0.8723093,1
1.1106551,0.18005279,-0.8683086,0.8099297,0
-0.53389,-0.6293932,-1.0781786,-1.2069635,0
-1.0331515,0.15262139,-0.6512106,0.55924416,0
0.9584952,0.44929096,1.9195027,1.4277992,1
-1.4956622,-0.4340724,-0.39589942,-0.57466143,1
-1.33462,-0.2852275,0.7453774,-0.5308223,1
0.8203242,1.7486777,4.3703313,1.1905683,0
-0.9673321,0.39174122,0.9526417,1.293714,1
-1.9163594,-0.59107065,-1.0438166,-0.6479497,0
-0.6531593,0.019063547,0.044520617,2.230278,1
-0.75149643,-0.052450687,-0.24236874,-0.7390641,1
-0.40645143,-0.37445647,-1.0287044,-0.13525222,1
-0.49558157,4.408049,0.022390537,0.68299055,1
-0.8542542,-0.22516847,-0.91685,0.6745973,1
1.1682106,-0.17324257,1.1645689,0.13476901,0
1.5981799,-0.9939573,-1.2036738,-0.8853953,0
-0.40610054,-0.83334744,-0.83513904,0.019408792,1
0.44900078,-0.33765635,-0.7714753,-1.1485571,1
-1.4290483,-0.58009505,-1.3195285,-0.54613984,0
2.4777894,-0.5094959,0.16572706,-0.51483524,1
-0.82984143,1.8941607,0.9346942,5.33118,1
-1.1294538,-0.6723479,-0.3004117,1.1187066,0
-1.4408231,-0.5186395,-1.1892521,-0.9831716,1
-0.23976603,0.085383214,0.40680665,0.7138392,1
0.9056567,0.68295395,2.2994075,0.7062534,0
-1.0048461,-0.52746296,-0.9283365,-0.7625908,1
-1.0431609,-0.108100206,0.5860883,0.8132121,1
-0.35270518,-0.70861584,0.4568646,0.33120614,0
-1.1062893,-0.19474334,-0.46407965,0.0021656714,0
-1.5769383,0.085278995,0.19959925,-0.94874156,0
0.3035213,-0.01636827,-0.93854743,-0.2584006,0
-0.9210411,-0.71252304,-0.82926583,-0.99834085,1
0.8926611,-0.29674453,-0.8345977,-0.2445684,1
-1.852795,-0.47490963,-1.1154298,-0.88692534,1
1.110226,2.0926583,2.171769,1.1860573,0
-0.47339776,0.99280053,-0.04951033,-0.18434423,0
1.837768,-0.45053262,0.8643527,0.12959366,1
0.9181308,1.1360327,0.4058329,1.3987182,0
-1.6977171,-0.13557819,-0.9896554,-0.80083877,1
-0.9213514,-0.45419532,-0.2506855,0.69915456,0
0.8062587,1.1115036,2.766588,3.2289271,0
-0.49093622,0.84990895,-0.08959775,0.57930326,0
0.1318623,-0.65627986,-1.5303342,-1.0349978,1
0.3950762,-0.68595505,-0.0018099844,-0.07281119,0
1.4649552,0.12655239,1.4455565,2.4675057,0
-0.07359928,-0.37591684,0.41263604,0.81462276,1
0.2530951,0.37280044,1.5531557,0.60473895,0
0.4924338,-0.7509473,0.32813233,0.056883465,0
1.3888314,-0.31477162,0.018152416,0.83683366,0
0.22708492,0.20086579,2.1372092,-0.10804357,1
-0.40425688,-0.9045284,1.4258375,0.19459316,1
-1.1654892,-0.2952652,-1.7873493,-0.7018772,1
-0.45581105,-0.43047383,-1.5302085,-0.53782594,0
1.1000726,-0.53573614,1.1743001,0.73489094,0
0.478159,-0.27710748,-0.0399511,0.8415595,1
-1.0812433,-1.1858445,-0.33714724,-0.06423162,0
-1.0669421,0.008508012,-0.2012106,-0.5002544,0
1.0803664,0.37306798,0.29739958,0.6450846,1
0.8475537,0.076633334,-0.58940244,-0.060446363,1
-0.78218836,-0.5544866,-0.2611585,-0.7466564,0
2.326382,0.5542016,2.169385,-0.99102926,0
0.3511336,0.5976857,1.0741174,2.0557592,1
-1.3866212,-0.6584453,-0.48580214,-0.6809009,0
0.8416501,-0.756548,-0.24716821,0.026827749,0
-0.69914705,0.31650406,-0.30390295,0.5536749,1
-1.2813702,-0.42741168,-0.24919102,-1.26055,0
0.10702367,0.22213854,0.9156033,3.0527325,0
-0.93863785,-0.3036902,-0.6176664,-0.049308967,0
-0.9474555,-0.88771796,-1.3490115,-0.5251893,1
1.3778279,-0.5676503,-1.7738072,-0.4527915,0
-0.3603695,-0.30172268,1.1433122,-0.03608259,1
-0.0629652,0.39627427,1.4922129,-0.24626642,0
0.20220649,-0.13512641,1.8861172,-1.0173051,1
-1.2892603,-0.19278613,0.8133845,-0.15594083,1
-0.35941395,0.47213668,-0.29004425,0.24940963,0
0.85473466,0.5883045,0.4490176,1.7148079,0
0.8525479,-0.32220095,0.63393736,1.2732444,1
-0.018122286,0.54094684,-0.6997223,-0.85166675,0
0.99390733,-0.60869914,-0.5682866,-0.19952577,0
0.17732258,-0.6603439,-0.877776,1.6084123,0
-0.21500877,-0.44325268,-0.83908623,-1.0934318,1
-0.2159356,0.70277333,0.13613726,0.9277829,1
1.612306,-0.15699504,-0.5780388,-0.23145734,0
-0.5458394,0.6630449,-0.1817477,0.70378995,1
0.4822186,-0.20833921,-0.55255413,-0.06489297,0
-0.020673707,0.43721974,0.41399544,0.71685386,0
1.2870076,-0.4045299,-0.99665403,-0.51094645,0
-0.2855733,-0.12681985,-0.2984323,1.2610748,0
-0.8604816,-0.7821076,-1.4632945,-0.5228443,1
0.4769607,-0.2772479,0.6708927,-0.59227264,0
-0.31551382,0.109338075,-0.45993155,0.902205,1
-0.50904965,0.19962642,0.24049684,0.7040947,0
-0.83165276,-0.70526904,-0.04445593,-0.028753087,1
-1.365005,-0.80839294,-0.7765508,-1.0108399,0
-0.02431323,0.36072275,0.24407129,-0.12610456,0
-0.9955507,8.093319,-0.11008763,0.54934597,0
1.352299,0.052006453,0.007871926,-0.8171427,0
0.37452257,0.49968404,0.6580038,0.6613539,0
1.6338888,-0.6744359,-1.1095723,-0.9482218,0
-1.3411646,-0.6593993,-0.19858244,-0.201141,1
0.99448806,2.310355,0.39676476,1.150661,0
0.29711482,-0.07536852,-0.33576104,-0.7036675,1
-1.1492536,0.74697393,-0.5840131,-0.3909796,0
0.51936126,-0.028170407,0.18032748,-0.13616101,0
0.6182583,-0.09946735,-0.44820076,-0.87527776,0
-0.04515341,1.1719866,0.46248502,0.27826557,0
0.77897227,-0.6493254,-0.35662153,-0.18019469,1
-1.3695583,-0.7402048,-0.8094462,-0.53730345,0
-1.5710753,-0.22260214,-1.0858781,-0.6749058,0
-0.7105436,0.26215452,-1.0427415,-0.85323966,0
0.16808282,-0.27218688,2.5374472,5.677815,1
-0.57208717,0.79478216,-0.6322968,0.8899814,0
-1.0160445,0.01929313,-1.522983,-1.3561621,0
1.7366652,-0.38589218,-0.5312619,-0.8851188,0
0.68686944,-0.07353518,3.8698895,1.1562753,0
0.0019885749,-0.6353063,0.14028189,-0.69664836,1
-0.8701401,-0.2496179,-1.3929663,-0.9627261,0
0.7130428,0.21368417,-0.384929,1.4325285,1
1.1945678,0.9477538,1.8598834,0.5852771,0
-0.4531726,0.6551838,0.39761367,1.6787889,0
1.6379927,0.77575994,-0.72266203,0.029480178,1
-0.9820838,0.16514754,-0.3956606,0.3935415,0
0.1357519,0.8120008,0.21282905,-0.16274972,0
-1.1100222,-0.17040274,0.10822374,0.8560668,0
0.0030359626,-0.37613818,-0.59762985,0.07090852,0
0.2436164,-0.11599788,2.5228963,0.89678717,1
0.7773317,1.1029305,1.3332194,0.9828807,0
-1.270983,-0.49595308,-0.7972838,-0.6800559,1
1.3216139,-0.29603633,-0.42392617,-0.23580381,0
-1.1049968,0.20296876,-0.6361358,-0.29903454,0
1.3178475,-0.1926513,0.5983581,-0.40135565,1
0.33594322,-0.6205832,0.115331054,-0.03182177,0
1.8182336,-0.7949343,-0.52507734,-1.0467577,0
1.5287055,-0.19089213,-0.8622485,0.13248652,0
-0.3905093,-0.3554201,-1.3713032,-0.912204,0
-1.4807185,-1.0246017,-1.0367557,-0.82778704,0
-1.2001333,-0.6573162,-1.0239189,-0.6743041,1
-0.57752943,6.3288655,-0.9972954,-0.72216,1
1.1103891,-0.051227234,0.0790852,0.58801395,1
-1.2077096,-0.23606472,0.09400456,-1.223836,1
0.7582534,-0.16012254,4.1155357,0.07174499,1
-1.2883956,-0.67401236,-0.5912756,-0.4663632,1
-0.24487215,-0.017758042,-0.9213235,-0.66606873,1
-0.09177309,-0.32595956,-0.5459001,0.19840196,1
0.0043807626,-0.048836283,0.11747965,0.64972013,0
-1.0473211,0.045838635,0.4938425,0.63329214,1
-0.026076201,0.32635564,0.16293791,0.57039076,1
-0.3037725,-0.89280045,-0.7426603,-0.6655683,1
-0.90520513,-0.38406092,-0.5619912,-0.8659476,1
-0.3918041,-0.28266415,0.30572218,0.19412501,0
0.29353544,1.1484065,1.1503314,1.6821972,1
-0.3845912,0.51586115,1.9556724,3.6874957,0
-0.5075165,-0.38067913,0.49402502,-1.0140522,1
-1.308911,-0.4517814,-1.2245368,-0.4159398,0
0.10338966,-0.34539878,-1.2517295,-0.44212922,1
-0.0327122,0.26592726,-1.0939437,-0.124320924,1
3.867787,-0.6499118,-0.49556422,-0.8999469,1
1.3932099,1.0083138,0.028135858,0.0859496,0
0.15552104,0.6993477,0.3032892,1.266595,1
1.8829155,0.07420793,0.11332375,-0.65982825,0
-1.5705576,-0.3655153,-0.25872657,-0.82275105,1
-0.88805634,-0.5849725,-0.8008765,-0.10983749,1
1.1486824,0.86485606,-0.64850783,-1.1703568,0
0.51188296,0.41292852,1.1947014,2.0018902,0
-0.62171185,0.17048056,-0.62157077,-0.39583716,1
0.49110973,0.7002199,1.4590237,0.019051518,1
0.6825081,-0.15511546,0.13089833,0.7984762,0
0.78958684,-0.121435106,-0.32685143,-0.73241425,1
0.32153425,-0.5713886,0.55418664,0.11572154,1
1.1887702,0.7090944,-0.019076176,1.4852711,0
-0.91191244,-0.66369855,0.36816347,-0.12094484,1
-1.5792767,-0.66165715,-0.5041593,-1.1064314,0
1.8147284,-0.7212926,2.226479,0.2681684,0
-0.59000766,-0.6075758,-1.4445201,-0.87441325,1
-0.30373684,-0.5436796,-1.4592248,-0.41303974,1
-0.59503514,-0.006543517,-1.1961254,0.08319746,1
2.3576348,-0.1613559,-0.28984606,0.17538607,0
-0.39512312,0.5229778,0.86929774,3.567869,1
-0.24134886,0.26546186,1.5498065,0.15037908,0
-1.4020959,0.04234887,0.18718013,-0.70293474,1
-0.19215778,-0.4721629,-1.0639687,-0.052740652,1
-0.21076609,-1.1684536,0.96714044,-0.90814704,1
0.6535331,0.9443,-0.3156674,0.15849544,1
0.7218157,-0.03648758,2.089873,0.48230314,1
1.6642783,0.55628693,0.7264362,1.311304,0
0.33635914,0.28878635,1.7668506,0.28798416,1
-1.2478042,-0.40386587,0.2770337,-1.235853,1
-1.3981401,-0.48203534,-1.6236267,-0.6620604,1
-1.2199395,-0.5961412,0.07987998,0.88198346,0
0.3085341,-0.20657092,-0.0041650236,-0.8969287,0
-0.33759916,-1.0404726,-0.4146954,1.1646982,0
2.0619678,-0.4038344,1.1724529,1.5804687,0
-0.0102375485,-0.8175099,0.32075238,1.280494,1
1.1312947,-0.21373892,-0.17627595,0.5986159,1
-0.8765963,-1.2110457,-1.3552223,-0.6298561,0
2.1750765,-0.57852423,-1.1129444,-0.77587587,0
1.1247027,0.5095393,1.9488503,0.45664552,1
0.19256125,1.4932714,-0.15160517,0.20855224,0
0.18501098,-0.10089919,0.12412772,0.27392343,0
-0.9442074,-0.81515753,-1.3381078,-0.98308253,1
-1.1671932,0.013926774,-0.4427354,-0.4784727,0
-0.089868784,-0.20653269,-1.1539831,0.05792966,1
-0.5227109,1.0881277,-0.39809513,1.502729,1
-1.1596375,0.17476258,-0.093008846,-0.9185488,0
2.0499432,-0.445981,0.3528096,-0.7686826,0
0.4273893,-0.3377097,-0.3014663,0.789788,1
-0.17023173,-0.43749437,-0.5024129,-0.46845037,0
-0.41777444,-0.54012895,-0.936455,0.010466635,1
0.8850873,-0.13496095,0.72821516,1.1469319,1
-0.030020967,0.1646933,1.2290294,0.95035076,1
-0.8819514,2.8239446,-1.0573214,-0.29878956,1
1.6900634,0.9154026,-1.586649,-0.75452954,0
1.5863888,-0.8008012,0.030106276,-0.7521391,0
-0.37189534,0.054630563,-0.24235198,1.3028777,1
0.39851332,-0.11252491,1.25915,1.1496627,1
-0.563359,-0.7850349,-1.5895108,-0.9103643,0
-0.4423645,-0.13291416,0.26827788,0.42195177,0
-0.052851558,-0.31153923,-0.36347777,0.8734857,1
1.2768354,-0.05523877,-0.36743483,-0.03476819,0
-1.2786689,-0.5431093,-0.25328475,-0.5769566,1
0.22890536,0.038304664,-0.3469952,0.13528281,1
0.4636037,0.35565722,4.036665,1.2992654,1
0.7640494,-0.3936476,-0.26573986,-0.46885136,0
-1.0080916,0.5882071,0.65547776,0.48830435,1
0.8249794,-0.6277771,1.4478191,1.7690213,0
0.9093223,-0.08303442,-1.4073938,-0.18381305,1
-0.35113916,-0.03271789,1.3021101,-0.163259,1
0.18621022,0.09237248,-0.6636572,0.789639,0
-0.30644107,-0.4920494,-0.96843565,-0.42157325,1
1.2401834,-0.3569739,1.3676951,0.6223364,0
-1.6817353,-0.73076534,1.0144299,0.8285141,1
2.1753778,-0.7358366,0.5337369,-0.95728534,0
0.24186385,-0.6065186,0.87289715,-0.7136042,0
-0.09484321,-0.31874675,0.73576266,-0.35351402,0
-1.6981643,-0.15340696,-0.6174473,-0.69278705,1
0.3983688,-0.60752445,-1.0277996,-1.1136469,1
2.1327693,-0.86281484,-1.0264355,-0.71626866,0
-0.13094679,-0.31421614,0.074022494,-0.1470818,0
0.022965252,0.14758134,1.9367025,0.8780416,0
-1.1706115,-0.40344566,0.7056253,0.65307087,1
-0.25126514,0.5224726,-1.6694274,-0.80012256,1
-1.9559491,-0.95128286,-1.17063,-1.1734042,1
-1.7722957,-0.14204119,-0.96971935,-0.8444762,1
0.3638284,0.28209043,0.73792315,-0.93905634,1
0.043092396,0.47626847,0.51305497,-1.223984,0
-0.5034626,0.6458182,0.19423091,0.8008366,1
-0.48882198,-0.1313985,-0.1729666,1.0187538,1
-0.44200236,0.43129,1.803171,-0.032743175,1
1.672245,0.04648618,-0.59042597,-1.0348065,0
-1.4968375,-0.5710973,-1.5709227,-1.2100868,1
-0.6819881,-0.1061068,1.4888403,-0.93492997,0
1.4508793,0.34321684,-0.2758841,0.15653996,0
0.631043,1.1963239,0.69793373,1.6421505,0
-1.5374001,-0.6443932,-1.1892563,-0.53719467,0
1.251997,-0.3391776,0.27381614,-0.5942521,1
1.3077387,-0.100064635,1.1893244,0.46919206,1
0.30453932,0.27865633,0.9263456,2.2479649,1
1.0756599,0.30772322,-0.29804283,-0.02001405,0
-1.099232,0.9441659,-0.9493894,0.07941231,1
-1.2177918,-0.40990397,-0.67297614,-0.7808244,1
-0.003073275,1.0653327,0.32976577,1.1068769,0
-0.7487867,0.28589165,0.24030125,0.8477511,0
-0.5886577,1.6942921,0.9623943,1.5630522,1
1.3130422,-0.6775707,-0.7355948,-0.5689944,0
-0.7760255,0.093797475,-0.6702453,-0.7740075,1
-1.3867259,-0.6279783,0.56184596,-0.784671,1
-0.35562304,-0.054582506,-0.2803873,0.14139841,1
-0.8108984,-0.20376751,-0.22292256,-0.1535328,0
2.3909495,0.22396067,1.5125633,1.6502202,0
1.3801664,-0.7501996,-0.9484004,-0.5768201,1
0.41367114,-1.0643231,1.0729873,0.6067238,0
-0.3443735,-0.22658291,0.57690054,0.016574513,0
-1.3223001,-0.19952092,0.5937195,0.9934404,1
-0.105017364,-0.3438538,0.5365137,0.20684281,0
0.08683798,-0.4464972,-0.16918519,0.110435665,0
-0.51635075,-0.18868193,-0.45302856,-0.81452763,0
1.7223476,0.992642,-0.13123073,-0.114313185,0
-0.1385917,-0.033148423,2.5175953,5.3996673,1
-0.8686722,0.41432607,1.2559358,0.4725545,1
-1.1803823,-0.6610998,-1.0028973,-0.89159375,0
-0.181815,-0.883315,-0.11473556,0.22826554,1
-1.7393916,-0.39569086,-0.9938553,-0.63915706,1
0.24295697,-0.5012991,0.15665632,-0.1842349,0
2.4410794,0.114921905,0.06433296,0.31780186,0
0.4715772,-0.5337007,0.28368178,-0.24143513,0
0.7362082,-0.5884235,1.2895905,1.2913977,1
0.111137375,-0.0751369,1.315429,0.15486912,1
-1.820729,0.31207657,-0.90754974,0.3364093,1
-1.9730549,-0.080673024,-1.1337563,-0.8946385,1
-1.0370697,-0.46991825,-0.98171663,-0.2683261,1
-0.72688824,0.33174124,-0.57953423,0.18486793,0
0.8096575,-0.3012383,0.5789114,1.2735746,1
0.058867972,-1.1743973,-0.106815755,0.51286256,0
-1.516248,-0.27088645,-1.217838,-0.68146276,0
-0.01134029,-0.6585243,-0.9106433,-0.79685205,1
-0.6307909,-0.047229737,-1.1914083,-0.9408384,1
-1.3090372,-0.72843194,-1.0752923,-1.0760275,1
0.23606412,0.55572,-0.034026176,-0.29497683,0
1.0438282,0.66611123,0.29810613,-0.24962981,0
0.1018101,0.52626354,1.344537,1.4358568,0
1.1035392,0.18706715,-0.60516346,0.34749725,0
0.8390883,0.98765284,0.95598674,-0.15975028,0
0.25752982,-1.1772228,0.6833119,0.87750375,0
2.0563416,0.18939137,0.901569,-0.07258094,0
0.13691235,0.80919516,0.009807952,0.16340156,0
0.57632804,-0.4181227,-0.23379306,0.20234448,0
2.2503562,0.5654723,2.6640325,-0.68612134,0
0.31782788,-0.07722309,-0.46331313,-0.024165792,1
1.7454116,-0.45370132,0.076442525,0.14597103,0
0.5114996,0.1411283,-0.8101461,-0.67278147,1
-0.27131635,-0.100663245,-1.2530532,-1.1288285,1
-1.606623,-0.2049259,-0.54517156,-0.4441064,0
-1.7636341,-0.34751362,-1.3238583,-0.62104154,1
-0.0738977,-1.180377,-0.46848127,-0.29162267,1
1.124242,-0.37116078,0.338741,-1.210298,1
-1.1408933,-0.9144779,0.7450846,0.27594,1
2.5607126,-0.18674895,1.4802396,-1.1742871,1
0.6874217,0.14303991,1.1832266,0.9407828,0
0.65713716,0.30737945,1.279066,2.8066697,0
0.30154565,2.4005086,-0.3307443,-0.8508256,0
-0.10466272,0.34364808,0.36845583,0.8554736,0
-1.5551407,-0.4180612,-0.61273414,-0.745985,1
0.4553947,0.11358799,0.042042285,0.6944928,1
0.1305711,1.4639503,2.168314,0.62317026,1
-0.25808075,-0.25617296,-1.2455969,0.15446855,1
-0.031793162,0.94195336,0.29293916,-0.46313325,0
0.596141,-0.16851851,1.2435226,0.7915582,0
-0.3905901,-0.2056105,0.018416673,-0.30477828,0
-0.986859,-0.5297395,-1.534364,-0.17746727,1
-0.5306847,1.0177745,0.9590455,2.019951,1
0.81334114,-0.10634166,-0.02480352,-0.78236336,1
-0.98127425,-0.66804516,-0.0763264,0.885715,0
0.7215674,-0.35433972,0.7782138,-0.3020727,1
0.35567665,-0.5158682,1.8343389,0.09194127,1
0.55699617,2.1412504,0.3836759,0.6833421,0
0.5459072,0.20288275,-0.7939916,0.672879,1
-0.45753625,0.12821478,0.91637534,1.7370576,0
0.1065059,-0.32631624,-1.2642912,-0.55963767,1
0.09960003,-0.19003555,-0.11819297,-0.14214298,1
1.2507876,-0.35925287,2.195898,6.200661,1
-0.38325933,1.0320139,1.1781307,1.1153502,0
-0.5993978,-0.8047746,-0.83061063,-0.55739236,1
0.44095597,-0.0034944713,0.067022994,-0.21041821,0
0.5458293,1.9449041,0.002547264,0.09485263,0
-0.59242374,0.16471098,0.61386585,0.5249164,1
1.9162802,1.4701208,1.9502378,-0.1600314,1
-0.44626155,-0.29861635,0.6207336,0.80936587,1
0.11384095,-0.3234281,-0.60130614,0.27517423,0
-1.2621673,1.150064,3.940722,-0.9616723,1
1.0991654,2.0240176,1.5095438,1.3589551,1
-0.57741654,0.2706877,0.97324264,-0.14604138,1
1.131712,-0.7086658,-0.4746534,-0.7653128,0
-0.1977033,-0.02073285,-1.1150086,-0.055741224,0
-1.402499,-0.9818698,-0.4005921,-0.8242574,0
0.55475426,-0.48846626,0.86066866,-0.33498266,0
-0.07461565,-0.14529166,0.6403257,-0.06842138,1
1.1821448,-0.29796124,-0.21219128,0.68830055,0
-0.00044888258,-0.8332933,-0.36874348,-0.04141612,0
-1.0703931,-0.73314595,-0.37378222,-0.84381956,0
1.3631682,0.65376973,-0.2205686,-0.81291044,0
2.9231458,-0.38199466,0.77768666,-0.47727713,1
0.40841812,-0.002186522,1.0832464,-0.43595856,1
0.76699054,-1.0086309,0.8861911,-1.005039,0
-0.06487742,0.31840122,-0.7636053,0.43116263,1
0.27120095,0.086109355,-0.13618281,-0.8729078,0
-1.6634033,-0.35884696,-0.42376313,-0.75832945,1
-1.2742591,1.5975766,0.074059114,-0.9624171,0
1.5451314,-1.044309,-1.0699629,-0.02134204,0
1.3253522,0.6708255,0.8596067,3.0456464,0
-0.8237765,0.29726002,-0.40359783,1.6548451,1
0.24218853,-0.4585284,-0.18748923,-0.99492353,1
-0.20093228,0.030408487,0.8774078,1.8890473,0
-0.5685863,-0.32304138,-0.10725057,0.46579054,1
0.76584345,-0.54404753,-1.4694915,-0.6720257,1
0.78728986,1.8809266,1.361406,0.70156574,0
-0.12707579,0.23058282,0.31791317,-0.8821221,0
-0.5493007,-0.7778139,0.12658931,0.76445466,0
-0.844992,0.34113687,0.9316915,2.5975585,1
-1.1144398,0.09974249,1.6055704,-0.6362489,1
-0.48027885,0.3120367,-0.5543729,-1.2252002,0
-1.8203421,-0.75120187,-1.1683965,-0.29705772,0
-0.64490527,0.6682752,-1.5259314,0.012231447,0
-1.3020421,-0.57221913,-0.9718248,-0.8011925,1
-1.4244276,-0.1420853,-0.6648171,-1.129892,1
-1.2660924,-0.40877283,1.5817727,-0.93630385,1
-1.1616993,-0.7509893,-0.42504108,-0.041052904,1
-1.1023705,-0.58272755,-0.3921805,-0.7593826,1
0.70005655,0.9121219,-0.16691862,0.36078802,1
-0.83149993,-0.32411546,-1.1739831,-0.8990474,1
-0.7423434,-0.69652045,0.15180787,0.91003853,0
-0.5717918,-0.30039856,-1.2979898,-0.68273306,1
0.78569233,-0.04205796,0.988782,0.08438203,0
1.7319927,0.5422681,0.4914081,1.4839891,1
1.1248369,-0.099814266,1.4387528,1.2644811,1
-0.9384952,0.12009175,-0.62474483,-0.105159014,0
-0.89755905,-0.1820291,0.65802765,0.84455234,1
1.7581557,0.29010287,1.0012904,0.95877254,0
-0.9979279,-0.5911358,-0.0050604343,0.2662822,0
-0.7893474,1.2947949,1.7822698,1.4307209,0
-1.5570368,-0.27488256,-0.78544,0.15894875,0
-0.44104326,-0.54152536,-0.038850263,-0.8634915,0
1.2783661,-0.6225845,-0.61653155,-0.17095302,1
-0.8966609,-0.064109385,0.5442692,0.73250026,0
2.075962,-0.34228733,0.62409496,-0.13015924,0
-1.2190926,-0.46432692,-0.2965992,0.73760456,1
-0.9306565,-0.3457278,-0.44630304,-1.1175275,1
-0.6258496,4.354175,1.3372272,3.0980046,1
-0.8491808,-0.23179847,-0.951861,-0.5156424,1
-0.67723876,-0.6713312,-0.10962246,-1.1012731,1
-1.0648952,-0.48931843,-1.2081813,-0.72550976,0
-0.24277562,-0.9542273,-0.6476673,-1.0112126,0
-0.37285227,-0.14699566,-0.61176527,-0.8334834,1
-1.5887022,-0.36581787,-0.017024584,-0.77769345,0
1.5512714,-0.20433155,-0.4563765,0.21043643,0
-1.1173031,-0.24120437,-0.39434892,-0.030395571,0
1.2350936,0.065968916,2.1439526,1.2519616,1
-1.811492,-0.2541926,-1.3697146,-0.7007904,0
-0.17701952,0.055181198,-1.4144607,-0.7840204,0
-0.31852567,-0.54412675,1.786523,-0.17858572,1
-0.5831252,0.24904177,1.1019506,-0.018282585,0
-1.4962772,-1.0816876,0.86979944,-0.824994,1
-0.04124011,-0.3583591,0.0227497,0.046024118,1
2.1880095,0.114119425,-1.1762264,-0.89394164,0
-0.02397973,-0.07316681,-0.6724142,-0.28810218,1
0.5125414,-0.18083948,1.8096071,-0.25335273,0
0.074468434,-0.13461831,-1.0381116,0.07267903,0
0.6331168,-0.73492473,-0.30213326,-0.26337034,0
-0.53184295,-1.1074961,0.4030745,-0.155194,0
0.28843158,0.08949293,-1.1142554,-0.9189645,0
-0.32522336,-0.49995807,-0.5181689,-0.65092134,1
-1.40008,0.2970116,-0.27505973,0.28556934,1
0.8730842,-0.014843924,-1.008498,0.29521793,1
2.1965516,-0.17644443,-0.73881817,-1.0809464,0
-1.1879331,-0.3166201,-0.96952325,-0.94358486,1
0.9734474,-0.3684144,-0.23457542,-0.83274895,0
-0.039008252,0.41240942,-0.9785122,0.7062243,0
-0.22445707,0.18965197,0.58314943,0.38042998,0
0.46171492,-0.19248256,0.21842659,-1.0695547,0
0.005057007,-0.08108521,0.6289775,-0.5776059,1
-0.010898784,0.38039342,-1.2530622,-0.8281294,0
-0.9717282,-0.6892804,-0.2520213,-0.9106666,1
0.9053454,-0.0036353245,-1.1890239,-0.37259728,0
0.30480963,-0.20114751,0.27547613,-0.13767111,0
0.06632964,-0.14113973,-0.2039125,-0.11739133,0
1.2410468,0.20827995,0.7443299,1.1557337,1
-0.23529005,-1.0447618,-0.25473225,-0.81852597,0
1.887784,0.054982893,0.29461142,-0.08442411,0
0.84013766,-0.3047802,2.3616612,0.40589544,1
0.39206502,0.3381326,-0.6145691,-0.3607917,1
0.3179899,0.46248215,-0.8945228,-0.8891644,1
-0.08915073,0.9373934,0.3388527,0.050672505,0
1.1193637,0.259947,0.47925693,-0.00554299,0
-1.1146469,-0.8821875,-0.9614574,0.2550933,1
-0.6149935,-0.2590041,1.5083997,0.47923225,1
-0.0024423767,0.15162842,-1.2746996,-1.0046349,1
-0.035438433,0.34794676,0.6653036,-0.12155712,1
-0.083177626,-0.2691081,-0.8344984,0.11869489,1
1.1113708,-0.41551277,-0.53701186,-1.0686882,0
2.7477753,-0.533066,1.4636178,-0.8820548,1
0.1294871,-0.6678151,0.12403255,0.4119125,0
-0.4491428,0.27550846,-1.4926151,-0.7691894,1
1.7984136,-0.11284509,1.1129166,0.002392508,1
1.0286611,0.67399186,1.1535184,0.99985677,1
0.8748285,-0.37859833,0.7350364,-0.93880653,1
-0.34799334,-0.5910987,0.92441076,-0.061346374,1
-0.21705091,0.64492065,-0.27506965,-0.7877982,1
1.5300483,0.49996704,-0.1313764,-0.65469295,0
0.50501585,-0.5454235,-0.9394504,-0.14841577,0
0.59073585,-0.25633088,-0.30748492,-0.54947984,0
-1.3597012,-1.2170548,0.393045,0.6354716,1
-0.15187562,-0.43570957,0.024546802,-0.78750235,0
-1.0397526,-0.47138166,-0.036551997,0.24754782,0
0.09996578,0.5871683,0.06358534,0.81181574,1
1.4492519,0.8577734,1.8712755,1.7063098,0
-2.0630343,-0.4894173,-1.4588226,-0.7165425,0
0.8250921,-0.15779549,-0.47702718,2.5482774,1
-1.205368,-0.79171884,-1.5409542,-1.22378,1
-0.40659308,0.4667008,-0.21962099,0.17251126,0
-0.60137796,-0.07163833,0.16484885,0.047353733,0
-0.13857567,0.56517226,0.26297742,1.8828859,0
1.4963051,0.16613816,-0.83103985,0.10617167,1
0.54726136,0.43591976,0.5010933,0.9111595,0
-1.2871366,-0.5633223,-1.6505648,-1.1032785,1
-0.4202821,-0.67325044,1.3042417,0.7257355,0
1.065723,-0.06911792,0.39841804,-0.8032217,1
-0.24606292,-0.4703433,0.38077408,0.4672154,1
-0.5656921,-0.08877905,-1.0595108,-0.39776373,1
-0.55500615,0.16271454,0.21522185,0.5240101,1
1.069958,0.09461248,0.08251842,-0.41437373,0
-2.42726,-0.9505065,-1.863399,-0.65401405,1
1.4102075,-0.0014248937,0.22030006,0.41568676,1
0.08423187,0.72258997,0.89090514,0.013708264,0
0.07887313,0.8515397,0.23713978,-0.35689673,0
-0.12457159,0.3815882,1.0624503,6.4082484,1
-0.008195639,-0.127851,1.5367485,1.0140167,1
0.17431617,-0.82493794,0.6581397,-0.66074926,1
1.3981017,0.56972754,1.640013,1.2673125,0
-1.0307451,-0.38758385,-1.3612754,-0.86691254,0
0.057572648,0.047293372,0.59983146,0.58299446,0
1.3969493,-0.6480652,-0.21413772,-0.24267389,0
-1.3998337,-0.28737944,-0.97044635,-0.6162774,1
-0.6718549,-0.10445584,0.9941006,-0.011011034,0
-0.88018465,-0.26103306,0.94726473,0.6608693,1
1.6121774,-0.22889411,-1.2995664,-0.506239,0
-0.10014582,0.7645918,0.291179,0.2774568,1
0.70975447,0.8623933,-1.2842761,-0.22973402,0
0.5820565,2.4516683,1.5130008,0.7011903,0
1.758928,0.22702384,0.013151623,0.71464497,0
-1.6938832,-0.46289963,-1.4932222,-0.95413893,1
0.9181716,-0.7982393,1.1892314,-0.9634202,1
0.2939768,0.39433548,-0.43928522,-0.8903889,0
-0.9587367,-0.27507886,-0.04050295,0.49396294,1
0.15237027,0.9553726,-1.1433536,-0.20112918,1
-1.045497,-0.5142452,-0.52175844,0.17356476,1
1.0734421,0.17424448,1.6455716,-0.30120355,0
1.2783327,-0.9957221,-0.8241564,-0.1480663,0
-0.32496232,-0.7901405,0.6700657,-0.02283042,1
1.7783536,-0.6170597,0.4877472,-0.34624615,1
-0.8547188,0.75778466,2.1374576,1.3909849,1
0.4984243,-0.60763305,-0.71929204,-0.670999,0
-0.2112541,0.21450302,0.124467865,-0.3368643,0
0.73627794,0.17260452,0.26951927,0.19426504,0
-0.9021369,-0.7319497,-1.3341918,-0.85494083,1
1.2402223,1.1632907,-1.5109097,-0.6312687,1
0.2654356,-0.47381026,-1.5478723,-0.7080086,1
-1.2343855,-0.48044568,0.25947148,1.256877,1
-0.617903,0.105029315,-0.3553059,0.7649749,1
0.6387423,-0.23922142,-0.69608915,-0.03601848,1
0.2736681,0.30250993,0.9659841,0.13778839,1
0.08596426,-0.536417,-0.43389702,-0.8543083,1
2.2960355,-0.6527093,-0.2811833,-0.5452875,0
-1.5998557,-0.81626475,-0.45581168,-1.3020909,1
1.4663973,-0.6573614,-0.7452011,-0.3043519,0
2.2083452,0.16235754,0.98298216,1.8301004,1
0.16473472,-0.16510557,-0.037926614,0.066194355,1
0.3753388,-0.44538346,0.41522086,0.2475832,0
0.22350636,0.7829817,-0.80136764,-1.0504595,0
0.8643877,0.7618082,-0.30154806,-0.47254497,0
-1.4081194,-0.009457558,-0.9397319,-0.64806056,1
-0.22411546,0.36606908,0.037074313,-0.46220726,0
0.19022818,0.3028979,1.7722028,0.06952575,1
-1.1678164,-0.63513386,-0.51922435,0.44350603,1
0.4412815,-0.46503136,-1.2158664,-0.14464636,1
-0.5368148,-0.4452381,-0.058154047,-0.047657214,0
-0.59843856,-0.59297997,0.13715196,0.07832809,0
-0.64417773,-0.45268148,-1.6768572,-0.6069859,0
0.39210713,1.0488161,0.78735226,0.8488274,0
-1.1712327,-0.31045645,0.1870873,0.037004534,0
0.43463212,6.4755692,-0.40419325,-0.036748573,0
0.22479953,-0.536702,-0.29023367,0.12317753,0
-0.9339267,0.4599489,0.27264637,0.6183264,1
0.014904559,-1.0950403,-1.1606456,-0.37173048,1
-0.35929653,-0.07322243,0.3095098,0.5905744,1
0.31364566,1.2295512,2.5830421,2.9722874,0
0.1138059,-0.49857172,-0.4628864,-0.51361984,0
0.61128557,1.0054134,-0.6589027,-0.96795535,0
-1.5677273,-0.48372984,-1.7295185,-1.057132,1
-0.5763663,-0.30595744,-0.6509731,-0.5974588,0
0.9124494,-0.6694138,0.39507067,-0.57675534,0
0.7260251,0.32793313,0.12088514,0.61053455,0
0.5664732,0.039504103,-0.6701009,0.16987078,1
-0.56297255,-0.75280505,-0.8240729,-1.121325,0
-0.33595914,1.2926805,0.620099,-0.59130394,1
0.2569434,0.29804143,0.7303083,1.3007696,0
1.1449761,-0.5066472,2.2569222,-0.14984056,1
-0.28281277,0.2901754,-0.83170104,-0.9084421,1
-1.5808753,0.21428207,-0.57716393,0.22794633,0
-0.07886377,-0.45971024,-0.62858266,0.11921136,1
-0.4346088,-0.34568018,-1.0908978,-0.6971941,0
-0.59396946,0.62824214,-0.27611193,2.498841,1
0.9866376,0.19261499,-0.4741118,-0.24675928,0
0.63354677,-0.22081839,0.99365044,0.57507515,0
-1.5522269,-0.029902786,-0.38773084,-0.18959366,1
-1.1057333,-0.28043208,-0.2994129,-0.1040266,1
-0.9365047,0.662618,-0.18930733,-0.92607546,1
0.50772333,-0.8188188,-0.16054808,-0.73949385,1
-1.1325085,-0.026873043,-0.933697,-0.96015567,0
0.3825782,-0.27389368,-0.37339276,-0.0012001842,1
0.16970655,-0.15687242,0.8049796,0.19720341,0
0.7153982,-0.818454,-1.0303077,0.15190987,0
-0.40843418,-0.0798942,-0.9477555,-0.79378456,1
0.5317415,0.8753339,1.0427283,0.11989078,1
0.059873134,0.51354206,-0.4262528,-0.16558397,0
-1.2357835,-0.0883017,-0.11375491,-0.20127815,0
-0.18329915,0.4133361,0.7471894,-0.0855203,0
0.9585448,-0.38010198,-0.05604446,-0.1000261,1
0.58390385,-0.43959588,-1.2320287,-0.064097136,1
-0.6857505,0.11557571,-0.24900143,-0.87513965,0
0.639161,-0.7831314,0.23354295,-0.011177732,1
-0.57731265,-1.026167,1.0086443,-0.07061129,1
-0.8698505,0.88478696,1.9149715,1.156067,1
-1.0307066,-0.02164089,-1.0131879,-0.38210884,1
1.4960753,0.9559118,0.16178021,0.7009534,0
-1.5252129,-1.159347,-0.18215662,-0.76119345,0
-0.6471776,0.6085061,1.0472188,0.7712638,1
1.5902549,3.2925642,3.378153,1.6758734,1
1.4002521,-0.6775069,0.45521915,-0.82902145,0
0.67287195,-0.8773461,-0.90632,-0.9365644,1
0.7542853,-0.0755959,-0.7442185,-0.07551718,1
-2.0066218,-0.48750612,-1.0583123,-0.80004376,1
-0.3679633,0.027800038,0.5212146,1.7700672,1
-0.8119126,-0.7660823,-0.37510705,0.46181816,1
-0.77325,0.13534564,0.1574808,-0.74329704,1
0.48678625,0.49460223,-0.064346135,0.43906382,0
-0.21621275,0.16209273,-1.1646057,-1.284588,1
-0.7110526,-0.26721388,-0.49423438,0.7360189,1
-0.36164615,-0.24696611,-1.5379772,-0.8247081,0
-1.6553687,-0.0107708275,-1.447585,-1.065851,1
-1.6826893,-0.50432825,-0.9113074,0.07745242,0
-0.9922972,0.7742015,1.4454967,0.3876936,1
1.8577025,0.92707694,-0.66254973,-0.19936277,1
0.34785292,0.7785426,0.85491407,-0.06744598,1
0.11438599,0.16956729,0.16133961,0.570786,0
-0.73196906,-0.0327315,2.0598679,0.6501018,1
-0.9847029,-0.3341626,-0.8808719,0.8132863,1
-0.77127934,-0.08894495,-1.0876949,0.06438178,0
-0.08158797,0.15156445,-0.58603317,0.7329964,0
-0.082143426,-0.035570234,-0.6327802,0.5116848,1
-0.14101386,0.2143441,1.8320566,-0.24457854,0
2.1034803,0.06343853,-0.09470334,-0.79692245,0
-0.45960498,0.25801542,1.9793377,0.6761243,0
-0.97201777,-0.70706755,-1.7786698,-0.8996229,1
0.13647956,0.19288391,1.2039195,-0.25203308,1
0.42048964,-0.37307677,2.6202288,0.3108854,1
-1.0715258,-0.53851193,-1.5027016,-0.5000837,1
0.6125521,-0.46088797,-1.1002133,-0.31427884,1
-0.76486444,-0.8580325,-0.69655955,-0.44404098,1
-1.8550136,-0.8708657,-0.8148098,-0.7531629,1
-1.6765274,-0.30244383,0.32253152,-1.0048542,1
-0.1702178,-0.16319516,0.82458436,0.69209003,1
0.48749366,0.72633433,1.0422188,1.4779339,1
0.24455293,0.85751283,0.5415964,1.421802,0
-0.2023629,-0.17207338,-0.95738494,-0.80385494,1
2.3911443,-0.34395874,2.3702703,-1.013616,0
-1.1022075,-0.21168527,-0.23812991,-0.81187356,0
-0.51637286,0.21090817,-0.74895775,0.3255277,1
0.2621591,-0.3290645,-0.79357296,0.096787065,1
1.4028344,-0.46783304,-1.3499631,-0.9086678,0
-0.13520002,-1.4360383,1.1690873,0.70686823,0
-0.12013279,1.2086239,2.1304326,0.94247246,1
-0.17392378,-0.29400897,-0.32363918,-0.73727286,0
-0.3334725,0.12362291,0.67128867,0.4304158,0
-1.5346014,-0.6868714,-1.024197,0.6220832,1
0.5642961,-0.09807533,0.3596307,0.8381783,0
-0.8451855,1.627946,1.6783988,0.62839085,0
-0.18829226,-0.20321439,0.44811207,-0.04774107,1
-0.21521337,1.0716518,-0.8895387,0.02267702,0
0.8164809,-0.1777396,-0.32367864,-0.9881909,0
0.11861576,0.6472801,1.3663834,1.1465467,1
-0.81564623,-0.7697208,0.47713643,-0.894009,0
-0.23129682,0.19952081,0.28189227,0.13833576,1
-0.0030678809,-0.012028818,0.42500645,0.8283713,0
0.20827253,0.10466366,-0.64187545,-0.16330044,0
0.08639622,0.98094743,0.28987268,-0.81266016,0
0.4524473,2.5563583,-0.46560574,-0.10829103,0
0.0145031605,2.1442666,0.8355328,1.2969221,1
-0.989657,0.71019554,-0.29913822,0.25457194,0
-1.6135113,-0.93265885,-1.5876865,-0.75823295,1
-0.6320296,0.6230346,0.5288656,0.7445672,0
-0.63871235,0.7292752,1.1006289,-0.6427164,0
-1.2509154,-0.84969836,-0.6314787,-0.90533173,1
0.33121085,0.42467895,-0.57608664,0.07005264,0
0.79677993,0.08964686,-0.19882104,-0.005358387,1
1.4316102,0.63014954,0.073522076,-1.0972831,0
2.1386552,-0.2507552,1.0189445,0.6323074,1
0.89274615,-0.38473582,1.0498254,0.16520089,0
-1.422346,-0.26180822,-0.6084435,0.9366092,1
-0.15309298,0.47487652,0.29869825,0.5946763,0
0.21239132,-0.20891713,-1.2194598,0.83205366,1
0.47229788,4.8495555,3.7213895,1.3594794,0
-1.3865278,-0.67161566,-1.5845559,-0.32490647,1
1.1524258,0.7258419,-0.6369846,-0.30492678,0
1.2031901,-0.51371706,1.1342486,0.8183993,0
1.4055654,-0.50708723,0.8541856,-0.9891174,1
0.08329943,-0.7932823,-1.4247032,-0.78902423,1
1.837714,-0.40820533,-0.3068142,-0.6379951,0
-0.9154663,0.060888235,-1.2634443,-0.93921995,1
-0.5793111,0.15206096,1.1052535,0.6815312,1
-0.041003376,-0.39979973,3.1887128,0.30302417,1
-1.4852104,-0.36208597,-0.13349164,-0.062949575,1
0.82325673,-0.005666744,2.8402612,2.4779904,0
0.21905673,0.7438679,0.24225065,0.6500831,0
0.94855684,1.0022312,3.0889897,1.5268108,1
0.86232376,-0.31782657,1.6071547,0.046198744,0
-0.37539652,0.124044836,1.3536338,0.8168055,0
-0.2527501,-1.2065315,1.5199188,-0.7132185,0
-0.07317442,0.9976219,1.9648112,0.00013342872,1
-0.061388105,-0.5572268,-1.2158748,-1.2565677,1
-0.74677837,2.9147902,0.5595241,1.4193481,1
-0.5222757,-0.2711627,1.2912279,3.8452723,1
0.55569834,0.38526922,-0.8602946,0.13227539,0
1.187082,1.2396135,0.48897624,0.15208101,0
-0.42895103,-0.30945078,-1.1455631,-0.7598175,1
1.232735,-0.03569059,1.8076576,0.9655692,0
0.26202974,1.2029319,0.85843104,0.21202618,0
0.38250095,-0.37945783,0.34761617,0.88039887,0
-0.04347889,-0.073677644,0.56868714,0.0050847232,0
1.1663985,0.20134474,-0.43808502,0.8226616,1
-0.9975461,-1.1331575,-1.143938,-1.057065,0
-0.14943916,-0.70819646,0.5679733,-0.8832866,0
0.044982046,0.40879995,-0.097325996,0.12427591,0
-0.16398607,-0.026050612,0.5877398,0.2674514,0
-0.8790086,-0.83343756,-0.62660253,-0.18108772,1
-1.2675557,0.50049305,0.55740356,-0.33250135,1
-0.05571489,-0.7090509,-0.59973294,0.014433358,1
-0.48034018,-0.09104763,0.86852634,0.91954434,0
0.3982007,-0.7891888,-0.95899206,0.025875662,1
0.12394506,-0.69488746,0.03967511,-0.8105108,1
0.5527834,0.41120577,0.42042333,0.5347738,0
1.1403705,0.5364064,0.010981418,0.8700746,1
0.24243245,1.7670274,0.47389752,1.2651157,1
-1.0712401,0.92670053,0.1880937,0.5811472,1
0.21659929,-0.2638269,-0.52811956,0.04438035,1
-0.14872625,-0.90981257,-1.2230406,-0.84967214,1
-0.54200137,0.13171118,0.11444953,-0.6884854,0
1.4067037,-0.093235314,1.3708348,-0.20488353,1
1.0635154,0.043536365,-0.03747795,1.3273941,1
1.3264427,-0.8220434,-0.6673775,-0.8995734,1
-0.3986029,-0.08289566,-0.9779943,-1.2848525,0
1.5473405,-0.31662315,0.70448506,-0.39544088,1
0.15131438,0.078608625,0.08213939,2.3276377,1
-1.1402342,-0.6523389,-0.6456322,-1.102344,1
0.16345888,0.29209816,0.7100829,0.3347218,0
0.48149878,-0.6295782,-1.07995,-0.26426595,1
-0.21598613,0.25925332,0.07063374,0.70060676,0
-0.4296899,0.25927874,1.0869751,1.4001992,1
0.20707539,-0.27202863,0.18618765,-0.06365524,0
0.4754079,-0.38649884,3.9227698,-0.30754015,1
-0.3368164,-0.61247486,-0.25226283,1.4293542,1
-0.06602687,-0.66528565,-0.7256265,-0.740499,1
1.0453328,-0.5041881,-0.37172806,-0.91782457,0
1.4268048,1.0582136,-1.3533828,-0.9399471,1
0.6783956,2.2897666,0.8025645,0.8325059,0
1.3117647,-0.31409004,-0.10119991,-0.891503,1
0.35627818,-0.7122916,-1.048162,-0.05438478,1
-1.5261127,0.4769342,-0.6463538,0.087101966,0
0.9194018,-1.1891954,-0.88821715,-0.0375153,0
-0.22961494,-0.06763087,0.3231308,0.43799734,0
-0.42974427,1.163806,0.72465366,1.0249145,1
0.34018174,0.017898262,-0.09646039,-1.076866,1
0.9403145,0.7412753,-0.115479305,0.41260776,0
-0.20901339,-0.46484214,0.33468646,0.29933023,0
-1.6465149,0.19847903,-1.1620008,-0.8738068,0
-0.19264527,-0.38570243,0.8864794,0.5180984,1
-0.6867183,-0.3502583,-0.84469056,-0.619301,1
2.8656363,-0.58810335,-0.4364388,-0.16031238,0
-0.67496884,0.3801381,0.09074194,0.4532495,1
1.9568001,0.6305486,1.0020673,0.71073467,0
-0.5922494,0.8172397,0.1530132,1.780423,0
0.3013401,-1.0119972,-1.4239382,-0.73085475,1
0.70015323,0.9149073,-0.2545728,1.0716436,0
-0.26963827,0.7424439,0.8083817,0.6725396,0
-1.8386205,-0.47659633,-0.77151114,-0.98825556,0
-1.3639165,0.05488655,0.42855102,0.11414991,1
-1.5082083,0.06559526,-0.48477829,-1.0588211,1
0.81433946,-0.383393,-1.1055055,-0.2537331,0
-0.49546745,0.13019678,-1.0595098,-1.0873449,0
-0.6330547,-0.56400746,0.34607023,-0.71743226,0
-1.2901376,-0.2499117,-0.43090206,-0.20127475,0
1.1273785,0.05672413,0.24958773,0.6573875,0
-0.35714,-0.29362655,0.9522281,1.2079115,1
2.0904858,0.14095709,0.14488757,-0.02574775,0
-0.32013503,-0.8082915,-1.6228021,-0.7448952,0
-0.8379722,0.53725547,0.8586241,-0.1527718,1
-0.37435088,0.7292597,-0.6744554,-0.91340613,0
2.096665,-0.081505954,0.12150623,-1.1590493,0
0.5841975,-0.49796736,1.0403671,-0.75997007,0
1.9915318,0.63228166,0.42990753,1.5617119,1
0.5181482,0.6468872,0.35189813,0.45870176,1
-0.5676274,0.037114516,-0.4950416,-0.7716344,1
-1.4313886,0.3895756,0.70391,-0.2920984,0
-0.15753458,0.16403435,-0.17751038,0.042354953,1
-1.0666261,-0.2678482,-1.2035534,-0.9188189,1
2.304536,0.3432156,-0.7333739,-0.11320628,0
1.1189255,-0.115024716,-0.214394,-0.7454396,0
0.7109297,-1.0279379,-0.7644186,-0.005291529,1
-0.28153503,-0.57193494,-0.0038759708,-0.5059433,1
-1.7483584,-0.78468394,-1.3410006,-0.8688684,1
0.79893124,-0.3473619,-1.2236342,-1.0143379,0
-0.24098875,-0.5056302,-0.37342292,-0.70842445,1
-0.56315535,0.117887005,1.2152919,-0.33936217,0
0.036797866,0.2000646,0.1882323,-0.04426215,0
-0.56930476,-0.23884006,-0.53385,0.86109877,0
-1.4042106,-0.36683148,-0.5585255,-0.8160055,1
0.40345094,0.017769516,0.18499175,-0.28058425,0
-0.2454361,-0.33933976,1.1140493,-0.16130309,1
-0.9304933,-0.49401495,-0.12791538,2.6335745,1
0.06075412,-0.4311753,-0.9375191,-1.0122234,1
-0.10255772,-0.538405,-0.57704526,0.78795373,1
-1.7035816,-0.91858596,-0.92836773,-0.5174035,0
-0.3972404,0.8016282,-0.38707277,-1.0547856,0
-1.1499634,-0.3382621,0.49153692,0.013005495,0
0.6894791,-0.3447931,-1.4388483,-0.73486906,0
1.8191448,0.41045192,-0.3845804,0.34655586,0
0.45379722,-0.4106213,0.15064788,-0.34989172,1
0.67972094,0.35746893,1.804919,0.34267524,1
0.96743554,0.8117689,-0.5133296,0.64886016,0
-0.6266165,-0.2912186,-1.4500375,-0.79056805,1
-0.7691147,-0.33746487,-0.8376713,-0.71778905,0
-1.2102796,-0.5248314,-1.1831399,1.4424419,1
-1.2851284,0.85490584,0.41776705,-0.13208114,1
-1.2630396,0.12319735,-0.22385255,-1.2668074,1
0.16830955,-0.49246687,0.19219482,-0.13903643,0
-0.93159705,0.81396496,1.3134257,-0.8330478,0
-1.6994944,-0.5566516,-0.2969937,-0.8346468,0
-1.6029751,-0.41020405,-0.49979413,-0.7556224,0
-1.0948665,-0.087898076,-1.0670558,-0.7197077,1
-1.8159207,-0.5446898,-0.7719047,-0.63734174,0
-1.3600116,0.21407977,-0.9848939,0.6930467,1
0.66301423,3.5995452,1.4999368,-0.50651634,1
-0.6135463,0.4208898,-0.81919193,-1.1074591,0
1.2364798,-0.6905892,-0.5756801,0.16100095,0
-1.8328944,-0.1012771,-1.052759,-1.1170912,0
-0.7790389,0.054195885,-0.70910835,0.19393678,1
-0.2037363,-0.6393794,-0.99684507,1.7829213,1
2.0102844,1.5034547,1.3546308,-0.24652098,0
2.266618,0.6641119,-0.25470546,-1.0487835,0
-0.78579617,-0.12677667,-0.88631773,-0.9243623,0
1.7228239,-0.13854751,0.60134524,-0.96581113,0
1.3764668,0.5311397,0.75025034,-0.23828319,1
-1.604785,-0.8869324,-1.5277894,-0.92465764,0
-0.87223434,-0.017946795,0.47353286,-1.0092806,1
-0.532931,-0.42022666,-0.5383269,-0.003992211,1
0.766526,0.65133667,0.1804496,-1.0492564,0
0.8690856,0.39775756,0.2584952,0.62311655,0
0.9598529,0.3656273,2.3601434,1.6235696,0
-1.230943,0.23512326,-0.8250271,-0.6249503,0
1.002919,-0.19292726,-1.2254344,-1.0364776,0
0.40821302,-0.28819248,1.3182309,2.1571295,1
2.6975162,-0.95883644,-0.5426296,-0.7917693,0
0.91389185,0.26546347,-0.29175824,0.6592026,0
2.216475,-0.8971742,-0.8382434,-1.0387335,0
-0.22911075,0.38791636,-1.4079112,-0.9491868,1
-0.507716,0.41949975,-0.43139815,0.38591328,0
-0.74548507,-0.21319316,1.2692537,0.5940282,1
-1.3694375,0.58103937,-0.24252585,-0.87463015,1
1.5983884,-0.5832665,0.62000585,0.073425606,1
-0.2869413,-0.75745666,3.893802,0.49542713,1
0.41369313,-0.5986984,3.0447423,-0.08968136,1
-1.6578254,-0.3234588,-0.659557,-0.8685173,1
1.0192081,-0.15183285,-0.30801895,-0.3178622,1
0.5319553,-0.6569292,-0.63343227,-0.90780306,1
0.7023716,-0.4945004,0.5096629,-0.2928266,1
0.2554192,-0.53417164,1.3841846,0.07975681,1
-1.7139562,-0.50124323,-1.4215864,-0.6085727,0
-1.0419831,1.3101298,1.1806964,0.8187141,1
0.043001965,0.6849835,0.14884567,1.4550868,0
0.98878103,0.08877456,1.1412773,0.6181874,0
-1.286239,-0.11197122,-0.2723292,0.76639825,1
-0.9323479,-0.8659982,0.5170584,0.66862684,0
0.28476667,-0.15480797,-1.1892023,-0.67254895,0
-1.0531785,-0.08498727,-1.0838304,-1.0079571,0
0.6585679,0.5292624,0.5687307,-0.2114693,0
-1.8752786,-0.7977354,-0.55768776,-0.7355206,1
-0.54552686,-0.51441133,-1.0329634,-0.8039991,1
-0.61762923,1.2665372,0.7446151,0.8067002,0
0.6837612,0.89986944,1.0103548,2.6128194,0
1.4218816,-0.7485435,0.88716996,2.0210826,1
-0.29866615,-0.7812463,-1.341764,-0.0122553315,1
2.1458836,4.460166,-0.2266262,0.0463353,0
-0.03536609,-0.30058932,0.39056838,-0.38765195,1
-1.7280958,-0.93639857,-1.7005569,-0.3354854,0
-0.6582405,0.18825188,1.0677172,1.9919887,0
-0.0030310005,-0.10649902,0.47416595,-0.10423137,0
1.6991508,0.38800415,0.51073855,-0.11395213,0
-1.0925145,-0.35582888,-1.0182447,-0.6391318,1
-0.13906136,-0.6062903,0.23111565,-0.028185584,1
0.647777,-0.66746825,0.050582398,-0.74060416,0
-2.0644403,-0.519371,-0.90267247,-0.74979484,1
0.288627,0.1406623,-0.06653735,0.22595175,0
-1.0586005,-0.8975593,-1.5176808,-0.9477482,1
-0.13799676,1.2403607,-0.731485,-0.8129605,0
-0.48731926,-0.22271106,-0.63956296,-1.1902571,1
-0.22903249,3.2877045,0.30784833,0.44571918,0
-1.3866895,-0.19321702,0.15821654,-0.5886152,0
1.9762068,-0.30086064,-0.07785764,0.15108275,0
3.2059414,-0.60796624,1.0800855,-0.98997647,1
-0.36342704,-0.22512041,0.60541356,0.11392249,1
2.0820308,-0.6806115,-1.4920043,-1.0494936,1
-0.57104117,0.2367031,-0.018664002,0.3063191,0
-0.9521772,-0.7895975,-0.07317069,-0.2291553,0
-0.53570664,0.038069338,0.15008205,0.746279,1
-0.91455185,-0.18643193,1.9566617,6.0944524,1
-1.1066513,-0.37241167,-0.84176147,0.13518657,0
-1.779072,-0.31589404,-0.95096105,-0.5988939,1
0.35353583,0.14579007,1.7002631,1.0133404,1
-0.04239288,-0.7104931,-0.35128886,-0.18696769,0
-0.22151276,8.600095,-0.4514246,0.5480529,1
-0.99423563,-0.6209105,-0.060609043,-0.9766503,1
-0.363427,-0.23750213,-0.37116644,0.08341868,0
-0.62974876,0.25498447,-0.6762559,0.6558831,0
0.4822721,-0.72691244,-0.92064434,0.14108296,1
-1.1054761,-0.76165754,0.041025504,0.039565306,0
-0.19750205,1.0093017,0.985807,1.2567149,1
0.748965,0.2726279,-0.7591424,0.881033,0
-1.5627286,-0.17910725,0.7827873,-1.0236393,1
0.29373157,-0.7763582,0.08244825,1.5712522,1
0.6534823,0.67034376,2.308371,1.5601275,0
0.2132156,2.185788,0.96045625,0.6540525,1
-0.66063845,0.34734714,-0.39380693,-0.7831129,1
2.4853227,-0.65621924,0.18579954,-0.64018047,0
0.7458631,-0.030159613,-0.8751799,-0.7056194,0
-0.9754373,-0.16739874,0.26155663,0.051288057,0
0.2598987,-0.2889235,-0.631958,0.026934985,0
-0.8665083,-0.21894884,-0.15035948,-0.59607196,0
0.9041169,0.6295653,-0.13750929,-0.09322579,0
-1.3816142,-0.65736276,-0.9889994,-0.86618745,1
0.15124828,-0.23301664,1.2354902,1.5932232,1
1.2565807,-0.6802951,-0.65807205,0.45476025,0
0.2388315,0.87210137,-0.35501802,0.7860626,0
-0.9369613,1.5453234,0.8266885,4.7400675,1
0.2617076,-0.75758696,0.43294296,0.022419162,1
-0.036279216,-0.8139992,1.3229482,-0.76436293,1
0.57378554,-0.4057387,0.0145046115,0.8728534,0
-0.12266296,-0.52560633,-1.4060181,-0.94029266,1
-0.24233985,1.0096302,0.63500965,0.8254655,1
-0.8860071,-0.89280796,-0.5455583,-0.80904955,0
0.74653214,-0.030715764,0.8568673,0.41483343,0
0.34287077,-0.19179696,1.1182098,0.7319874,0
0.67600614,-0.23704988,-0.18922284,-0.29848954,0
-1.8886278,-0.21741824,0.48571086,2.315939,1
-1.0546527,-0.1713412,-0.5540602,0.39114663,0
1.8229084,-0.32030824,0.21390381,0.10741006,0
-1.5234113,-0.39709282,-0.13399488,-0.09720369,1
0.5095111,-0.56331015,0.04722318,-0.2297348,1
-1.1866362,-0.2774775,0.3263085,-0.52034533,1
-1.2408928,-0.111613855,-1.5063057,-0.6549349,1
0.9041537,0.27433723,0.9505664,-1.1079297,1
-1.1441344,6.7649937,2.1949146,-0.80075425,0
-0.09440972,0.28567556,-0.92431307,-0.8332637,1
0.44555083,-0.4731083,-0.16075778,0.36542454,0
-0.33301952,-0.8497494,0.7697976,0.8279312,1
-0.6355174,-0.51184255,-0.78221995,0.011593219,1
-0.19199648,-0.6915579,-0.75563836,-0.15764003,1
-0.49918947,-0.16973016,-0.46019867,-0.65591013,0
-1.1479819,-0.5886527,-0.5637437,0.08814798,0
0.5802195,0.2718761,0.029736035,-0.9244875,1
-1.1027019,0.15244594,0.11671397,-0.15305278,0
-1.3204386,-0.7021364,-1.6311197,-0.95109856,1
0.56201065,-0.16695161,-0.51911,-0.093884364,0
1.5603267,0.6300629,-0.5501478,-0.5626438,0
-1.5976769,-0.7280004,-1.186465,-0.5338475,1
0.6167649,1.3364128,0.31829384,0.22223519,0
0.34590477,-1.1050607,1.2252398,1.0158852,1
-0.8966919,0.30829605,1.1291642,0.80175143,0
-0.22512865,-0.044501223,-0.64388704,0.7485454,1
-0.6688931,0.50759387,1.1002191,0.58783853,0
-1.2073398,-0.75454646,-0.91663426,-0.81274045,1
0.14451806,-0.41521078,1.4697675,0.83486193,1
-0.82422155,-0.33009556,-0.3487248,0.36714223,0
-0.006005071,0.18297058,-1.4963484,-1.0693567,0
-0.455136,-0.023896575,0.6913426,-0.14486974,0
0.56359076,-0.62726337,1.1661807,3.0018764,0
0.49961415,0.10256918,1.4665244,8.718347,1
-0.3576225,0.6798955,0.9357107,0.48623747,1
-1.2180526,0.5164202,0.23697692,0.9416524,0
-0.92829883,-0.4828477,-1.1459461,-0.6207549,1
1.2168039,-0.41880012,0.030889556,0.65213686,0
-0.7081926,0.7514725,0.2936111,-0.6375047,0
-2.4226263,-0.3576843,-0.9615255,-0.87030953,0
-0.17113307,-0.043014325,0.4329992,-0.40420118,0
-0.6825105,-0.42753735,-1.1980729,-0.769013,1
-0.061819136,0.0972393,0.23484433,0.33829942,1
-0.32218128,-0.6060674,-1.1909872,-0.87406576,0
-0.0884314,0.025601856,-1.2179213,-1.3271334,0
-0.21545503,-0.65298814,-0.52098036,-0.704359,1
0.5775167,0.035739005,-0.51216465,-0.08846668,0
-0.2523455,0.01529941,-1.4486041,-0.7738422,1
-0.84249973,0.38225225,-0.42147383,-0.5789828,0
-0.51105344,-0.101006955,0.65028214,0.11973436,0
-1.6030837,-1.0326829,-1.880068,-0.8366364,1
-0.6861793,-0.18279585,-0.57933456,0.6994012,0
2.7335246,-0.6886438,-0.51282686,-1.1471108,0
0.8983607,-0.10938075,-0.0056422576,0.6823198,1
1.1592364,-0.56243414,0.08352575,-0.7252959,1
0.4382169,1.8791217,0.55026436,4.0098276,0
-0.16984972,-0.4374962,0.61523366,0.45367008,0
-1.2435452,-1.2149289,-0.26113605,0.7023166,0
-0.4484448,0.6230618,0.9875804,0.55830836,0
-0.12917262,5.872597,-0.10979852,-0.53991073,0
0.93540674,1.0662518,1.7172397,-0.11644179,1
0.017776474,0.10992436,0.52281207,-0.54283917,1
-0.4886721,-0.74890554,0.51392,-0.14392616,0
-1.090327,-0.2361939,-0.83948773,-0.9700875,0
-0.41167623,0.1814648,1.8431998,3.683823,0
-0.52306855,-0.38056475,-0.89889044,0.49700436,1
-0.6508899,-0.24174637,-0.94020724,-1.1128693,1
0.7644364,0.19970345,1.2267656,0.42390946,0
-0.15252908,-0.37276348,-1.0681325,0.02966239,1
0.1730955,-0.2670257,0.07570082,-0.98171216,1
-0.36707887,-0.2883678,0.5191948,0.72891104,0
-1.2253692,-0.5846119,-1.0456493,-0.77848256,1
-0.061735608,0.2902618,0.007325977,0.623663,1
1.1313686,-0.19226086,0.0016236007,-0.9970554,0
-0.5816393,-0.13875198,-0.31592458,0.4748315,0
0.955379,-0.56613725,0.1956296,-0.5843986,0
-0.6929953,0.9655963,0.5942765,0.83704144,1
1.2019031,-0.27461314,0.21592456,0.0839127,1
-0.79261214,-0.30100274,2.1371696,-0.2883157,0
0.0011691013,-0.34326708,-1.314281,-0.7254933,1
0.6237732,-0.16231415,2.1454558,-0.723289,0
0.08607775,-0.045190066,-1.2726675,-0.57360524,1
-0.9057537,-0.55146605,-0.6405862,-0.7268604,0
-0.12952267,-0.37630948,-0.74915844,0.07895413,0
-1.4897778,-0.9427434,-1.2819704,-0.70889765,0
0.7880797,0.14447376,-0.7955361,-1.1014316,0
0.2141742,0.21595253,1.6369652,1.0215718,0
0.5115571,-0.5066443,0.16409492,0.0114123,1
-0.5407959,-0.14437845,-1.2478492,0.07753797,0
0.5120017,1.0487465,-0.42842752,-0.5507088,0
-0.85445666,0.5682738,0.38535854,0.46730438,1
2.4366572,0.103247605,0.13816704,-0.15346682,0
-1.8582602,-0.32075587,0.59898925,0.669743,0
3.1453176,-0.27280053,-1.1619934,-0.45517325,0
-0.5535803,-0.1755289,0.1530513,-0.8680605,1
-0.39536864,0.6050954,-0.46822342,1.1497177,0
1.1196702,-0.21372694,2.221966,0.5834318,1
0.9313636,-0.66053367,-0.41744542,-0.79282457,0
0.7164942,0.5674521,-0.017165802,0.102955595,0
1.6469572,-0.5126635,1.4423615,0.26045924,1
-1.1513109,-0.62737286,-1.4478152,-0.15379404,1
-1.0760783,-0.7883663,-0.5942347,-1.1252773,0
0.116688766,0.35972998,0.3799572,0.8695393,0
-1.7737746,-0.05943963,-1.2250032,-0.5355292,1
-1.4613316,-0.6396747,-0.55705523,-1.259262,1
-1.4506056,0.44229582,-0.86690617,-0.34175637,0
-1.725246,-0.6936158,-0.65683246,-0.8794104,1
0.8964397,0.489499,0.73798585,-0.08839248,0
0.45352936,3.6891143,1.6600804,1.4306295,0
-0.55309856,0.36972994,0.6285532,0.1827764,1
-0.9970901,-0.34331602,0.45413086,0.15234405,1
0.34374496,0.86182666,1.4961799,0.9001682,0
-0.08524074,-0.3706782,6.539864,-0.71176636,1
2.1393936,-0.05584298,-0.6929487,0.1541469,0
-1.6567154,-0.48984712,-0.1612469,-0.9748406,1
0.22478166,-0.59707016,0.83837944,-0.27118668,1
-1.6402237,-0.33438796,-0.62396973,-0.24719349,0
0.9050067,3.3255258,1.3563232,0.3705621,0
0.7136297,0.1497653,0.1519133,-0.7214154,0
-0.08970384,0.2749805,-0.5909303,1.1439968,0
-1.8067886,-0.666281,-1.5461282,-0.8898821,1
-1.2810147,-0.2888914,-1.4670243,-0.8431187,0
0.40754578,0.6596291,-0.37060457,-0.24042101,1
-1.6667049,-0.9161643,-0.7937624,-1.0655382,1
0.39052063,0.6590942,0.18833607,0.7084565,0
-1.2400041,-0.27998593,-0.60063183,0.06250337,0
0.611577,1.2867084,1.656577,0.50201225,0
-1.4012309,-0.59981513,-0.38506523,0.83539206,1
0.53879446,0.66834366,-0.56381077,-0.5434562,0
0.26287085,1.4632778,0.4369794,0.30739227,0
0.32582045,-0.028217182,-0.14432259,-0.23668006,0
2.1919887,-0.90025157,-0.06377746,-0.16794313,0
-1.0690196,-0.20357098,0.93616897,0.69967407,1
0.7719426,-0.4394194,0.6498865,-0.37679708,1
-0.6113715,-0.15380225,-0.3622479,0.61042285,1
0.99055344,-0.5973921,1.5371845,1.2573742,0
1.1565228,-1.3498842,-0.75785923,-0.8898386,1
-1.2517918,-0.105652034,-0.28582874,-0.20305246,0
-1.2955165,-0.84141386,-0.95945114,-0.9741961,1
0.7200172,-1.0496053,-0.83928525,0.12449543,0
-0.13724525,-0.7427989,-1.1485457,-0.31275323,1
-1.4960387,-0.24831033,0.38852972,-0.2726764,1
1.0264302,0.98494685,-0.122498654,1.333589,0
-0.6154784,0.0064696223,0.5690705,-0.1565472,0
-1.2516857,0.23793733,1.119725,0.40889236,0
0.18582278,-0.36161765,-0.15123342,-1.0072266,1
-1.0870667,0.16806057,-0.1112458,-1.1369048,0
-0.92019296,-0.4553309,-1.5217903,-1.0402428,0
-0.87113863,0.22235765,-0.44437385,0.045684014,0
-0.2376551,0.43019772,-0.688973,0.43455872,0
2.5558448,0.018835127,0.117660224,2.284578,1
-0.25328103,-0.48632598,-0.5227308,0.17995352,1
-1.2637898,0.57466817,0.34445247,-1.040104,1
-0.93057257,-0.04873616,1.7081468,1.0386915,1
-0.37648955,-0.48916802,-0.3165678,0.18703526,1
-1.5496211,-0.4919008,-0.44132355,-0.7941977,0
-0.42610982,0.45030636,0.056260787,0.20024925,1
-0.21647243,-0.48545167,-0.71446913,-1.0995374,1
-1.3506119,-0.10285398,0.39416367,0.06859359,1
-0.98436177,0.2814856,0.45348307,0.5144839,0
1.1460702,-0.49081534,-0.45637053,1.3983678,1
1.1175027,-0.81870925,-0.56467795,1.487684,1
-1.1364077,-0.33394894,-1.8212651,-0.80847734,1
1.1942784,-0.45712715,1.3461162,0.9206335,0
-1.1566867,0.18327959,0.899605,0.1087382,1
-0.09101249,-0.25166118,1.7369292,-0.68335766,0
2.7103016,0.26117054,0.37266192,-0.5701119,1
0.42883635,0.13265291,0.037901312,0.6849653,0
-1.7597146,-0.6562496,-0.14722693,-0.7728745,1
0.09156142,-1.1741527,0.8341963,1.5695376,1
0.7026394,0.20645182,-1.1505845,-0.9107801,0
-1.6798831,-0.89737564,-0.80093545,-1.0654539,0
2.0403123,0.24752386,1.5020046,0.104970574,1
-0.8980204,-0.40982273,0.025511503,0.5318006,0
0.24711397,0.59587,1.564325,0.18381035,0
1.0127083,0.6161192,-0.13729322,0.9506654,0
0.04715349,-0.11739606,-1.0484161,0.7990455,1
0.5448702,1.2830477,2.7814176,0.8685359,1
0.07684163,0.59436667,1.7234834,1.6219057,1
0.18542664,-0.55866104,0.30913287,-0.6668544,0
1.3563666,-0.98881173,2.014606,0.24228625,0
-0.14091134,1.2291007,0.71284956,1.7446438,1
-0.58771247,0.7740772,1.715206,-0.10103445,1
-1.2302175,-0.22150466,0.037793346,-0.62390256,1
0.25762004,0.09114319,-0.878163,0.99820924,1
-0.9313659,-0.74139476,-0.29680103,-0.60652214,0
-1.4393938,-0.48905587,-1.7764353,-0.76253617,1
1.5133798,-0.8050885,-0.1737104,-0.9272255,0
-1.2154987,-0.10756159,1.9984193,1.107346,0
0.84857345,-0.39066243,-1.2573124,-0.9124184,1
-1.3238435,0.06455909,0.55847156,-0.07814263,0
-0.006506888,-0.22457144,-0.46233556,-0.013531407,1
-0.34665868,1.9402914,-0.7091217,-0.91737354,1
-0.634368,0.8073009,-0.5844999,0.075717956,0
1.5530801,-0.24952462,-1.3630116,-0.8415351,1
-0.89094305,0.55690354,1.4464844,1.7041403,0
-0.19665581,-0.2354675,1.0422096,1.6142575,1
-1.4169452,-0.97847104,-0.056406707,0.059884463,0
-0.2237123,0.13100098,-0.47730434,0.7421047,0
1.0366603,0.948527,-0.82148564,-0.45412946,0
-1.6497524,-0.30040696,-0.7194374,-0.8484309,1
-1.2288666,-0.5235279,-1.0565214,0.53825545,0
1.3900654,0.6113903,1.1100028,-0.09397985,0
-0.22466806,0.05099705,-0.8169043,-0.8296253,1
-1.3161299,0.119325906,0.017619282,-0.6585424,1
0.07447824,0.60269374,-0.11879863,-1.1828395,0
0.014428109,0.93110263,1.725339,1.5440527,1
0.8965059,-0.7848624,1.9351195,0.2614842,1
1.7680902,-0.58788174,1.7509929,0.5055874,1
-1.612219,-0.8701863,-1.3750565,-0.636952,1
-0.42995197,-0.18121707,0.17575204,0.794833,0
1.2206753,-0.059070524,0.65284777,-0.13828541,0
0.28311568,0.5213491,0.16427988,1.5983498,0
-0.096276045,0.43326595,-0.41005865,-0.08482164,0
1.6336685,-0.36362538,0.060398325,-0.8900167,1
0.30189675,1.7895887,-0.1156154,0.9087148,1
1.0246925,-0.30972666,-0.053551108,-0.58315814,0
0.39277613,-1.1915748,0.6104127,-0.13751194,1
-0.9752817,-0.5048175,0.9280405,-0.0008392446,1
-0.32618403,0.047108978,0.37241715,0.38830376,1
-1.522746,-0.27006024,-0.9719422,-0.4204152,0
0.62878776,0.7969682,-0.7816179,-0.5370457,0
-1.3412995,-0.46959543,-1.2731515,-0.9267648,1
-0.76467097,-0.52949774,-1.0570585,-0.8568393,0
0.17642179,-0.59187853,0.31543595,1.0056533,0
-0.5783606,-0.717073,0.4665373,0.5082386,1
-0.03431423,0.54955566,0.91083974,0.115949705,0
-0.39128515,0.10298554,-0.596218,-0.6941005,1
-0.076669514,0.5719693,0.005826004,-0.43404257,1
-0.7033144,-0.019183911,-0.10717195,0.67745674,0
1.7199461,-1.1189265,-1.3250153,-0.70568454,1
-0.68990195,0.47422397,1.5036721,-0.09913952,1
-0.43544593,-0.65803474,-0.3979171,-0.4493097,0
-0.029213428,0.50140256,-0.7130385,-0.2537099,0
1.1270318,-0.019821078,0.6463454,0.8678821,1
-0.2455657,0.55600166,0.8193097,1.5727673,0
1.5126433,-0.23677412,-0.24214865,-0.29184833,0
0.5361565,0.9129403,0.37448823,-0.44761527,0
0.65530455,1.916196,0.43779346,0.94379145,0
0.07424423,-0.07597158,1.1900895,0.039770883,0
-1.4883244,-0.76662064,-1.0477688,-0.819327,0
0.7375932,0.3457837,0.35521105,-0.6911668,0
1.3996483,1.2575749,0.0009964705,-1.2231735,0
0.618758,0.64052624,1.4249638,0.45038655,0
-0.67766255,-1.0412114,-0.6807089,-0.94254243,0
0.55687815,0.6421784,1.6023254,1.1015162,0
-1.1950692,-0.60877603,-0.8478206,-0.8881062,0
0.698575,-0.009184036,0.17764995,2.382079,1
-0.5119892,-0.8206404,-0.59268427,0.77507234,0
0.3087874,-0.48175773,-1.5964029,-0.69427174,1
-0.59999907,-0.7848705,-0.046331137,0.6936861,1
-0.87440777,-0.3786453,1.0990365,4.169684,1
-0.15875018,-0.5513575,2.5458982,0.052444924,1
-1.2446666,-0.448962,-0.99031097,-0.26099023,0
0.17204422,-0.24853733,-0.52783984,0.79757357,1
-0.5355397,-0.69910467,0.15576202,-0.6286695,1
-0.5180385,-0.27557135,-1.9558129,-0.8618276,1
-0.49088007,-1.379101,0.16109306,-0.7569039,0
0.5548882,1.0760947,2.8424842,1.3030543,0
-0.93674403,-0.22502199,-1.1483836,-0.96352446,1
-0.39632362,-0.12712145,-1.2171241,0.1612287,1
2.2818103,-0.44473585,0.20505211,0.28007564,1
1.5116937,0.45364588,0.104196206,-0.5982579,1
-0.86951286,-0.024519868,0.67934275,0.044708382,1
-0.5329131,-0.15277076,0.061989248,0.676255,1
0.10611612,0.5213244,-0.5260096,0.70220435,1
-1.4417883,-0.19345264,-0.27870107,0.81275076,1
1.2609259,-0.5736661,0.2575908,-0.37080634,0
0.74909663,0.27861437,1.9715062,1.0602168,0
0.7354062,-0.69709665,0.14395452,-0.9277163,0
-0.035891384,0.1871634,1.5822399,0.15501365,0
-1.7144984,-1.208819,-1.0425719,-1.1142174,0
-1.4304695,0.3189937,-0.37458867,-0.203901,1
1.3272964,-0.56417733,-0.92493397,0.27564064,0
1.2071242,-0.51183355,0.42787105,-0.6342231,0
0.4199103,-0.63010144,-1.2619723,-0.95389664,1
1.1972061,0.7468027,-1.0742389,0.31325138,0
-0.585477,-0.82937616,-1.663591,-0.91901004,0
-0.36557794,0.78015065,0.25303242,0.6144845,1
-1.0912101,-0.16600814,0.9248768,3.8976815,1
0.29346117,1.3048934,-0.61215836,-0.20210212,0
1.4779046,-0.024504915,1.4572053,0.32171357,0
-1.6934553,-0.37210387,-1.002957,-0.7312716,1
-0.9990105,-0.9838891,0.54392713,1.2256765,1
0.5054874,1.0810242,2.0917237,-0.21406668,0
-0.3645479,-0.8108191,-1.5188644,-0.9377724,1
-0.31880602,0.29234105,-0.3101623,0.21757682,1
-0.30918488,-0.41911635,-0.47526878,-0.4682848,1
1.0374393,0.1132458,-0.17712769,0.4994228,1
-0.48646685,-0.46688607,0.7515909,-0.23278247,0
-0.6409263,-0.54015064,-0.69284654,0.7128722,1
-1.7820742,-0.37293714,-1.3396825,0.16821289,1
-0.4941339,-0.15515137,-0.73161983,-0.19796766,0
0.10831872,1.2464644,-0.7601527,3.1432638,1
-0.19970691,0.19991371,-0.8980372,0.4149922,0
-0.18341988,-0.07548565,-1.297563,-0.90637213,1
0.73472416,-0.2068636,0.35067126,-0.7709537,1
-0.43931445,-0.6777328,-0.6209288,0.112246275,0
1.1533906,0.91299987,0.38023967,1.6381139,0
1.6388773,-0.0023095384,1.1878511,0.6569085,1
0.65685195,0.32183242,0.7161911,0.67633146,0
1.4202154,-0.9572482,-0.094359934,1.4841597,0
-1.7872787,-0.8620905,-0.80086696,-0.58719045,0
0.20307226,0.7586075,-0.89069414,0.0732837,1
-0.87703305,-0.4779261,-0.89744806,-0.10624474,1
0.7455767,-0.7280647,-0.018540442,-0.8986247,1
-0.17307469,0.27774388,-0.49661255,0.17501415,0
0.115284055,-0.55186546,0.06434292,0.2677187,0
-0.27898127,0.31481063,0.586894,0.091067955,0
1.2870934,-0.23842794,-0.09155309,-0.20627859,0
-1.294668,-0.3647879,-0.36283115,-0.78500545,1
0.72001183,-0.40699813,1.1449746,0.8323716,1
-0.73978305,0.3103354,-0.24385226,-0.55513716,0
1.5280032,-0.31771576,-1.0418892,0.048906777,1
-0.7911308,0.2352925,-0.35368967,-0.9227936,0
-0.29669985,0.9518176,-1.3550246,-0.96351266,0
-0.12195775,0.0534911,-0.845856,-0.08938083,0
0.030136332,1.3422344,0.18666302,0.34455052,0
-0.56361794,0.044455685,1.1587254,0.045169983,1
-0.2740211,-0.28331655,-0.6872969,-0.89798135,0
-1.32875,0.008518308,0.7828078,-1.1126283,0
0.23687784,0.024932034,0.05554831,-0.91775334,0
-0.6684602,-0.14731598,0.19596538,-1.0980883,0
-0.74877524,-0.71201736,1.6943594,0.8643511,1
-0.40239722,-0.13139406,-1.4807389,-0.9719649,1
-0.8487798,1.9346706,1.3434352,0.114085674,0
-1.120287,-0.8774705,-0.44032234,-0.6612647,1
-0.44893906,2.0447245,-0.40814537,-0.10822916,0
1.430104,-0.49961105,0.75987315,-0.8531924,1
-0.43153113,0.17624584,0.9874504,-0.62410516,0
0.98745763,-0.045915768,1.3901806,1.6357721,1
1.5710021,-0.1554134,0.038758762,-0.6828189,1
1.3156803,-0.51840454,-0.0938157,0.06359342,1
-1.3284928,-0.4059407,-0.73232806,-0.23846544,0
0.88631845,-0.9625933,-0.05296161,-0.8660764,0
1.5381032,0.27251378,0.5118063,0.8413154,0
-0.13637248,1.2035801,1.0272949,1.9003218,0
-1.3711554,-0.5800319,-0.9560212,-0.85340726,1
-1.0033512,-0.40402037,-1.1538949,-0.68048525,1
0.39903218,0.983272,0.4192735,0.45027477,0
-1.3247681,-0.27741122,-0.7298626,-0.41778973,0
-1.5078996,-0.25851098,1.1330434,-0.8584575,1
-0.20754021,-1.1987449,-0.0074122474,-0.80283284,0
-1.718237,-0.7099038,-0.16344586,-0.89550155,0
0.9054067,-0.054811884,0.07624088,0.61637515,0
-1.2294438,-0.7152649,0.23640777,-0.9094494,1
0.96756685,0.43405348,0.7130583,-0.9264232,0
1.9954197,-0.1564936,-0.7119483,-0.9947639,0
1.0297973,-0.6526048,-0.9133435,0.43440047,1
0.19299671,0.50853693,-0.71187544,0.5895362,0
-0.17307235,-0.3571931,-0.872884,0.27672112,0
1.4074619,-0.2549383,-1.4618293,-0.62540853,0
-0.87481904,-0.94413626,-0.5352149,-0.2876003,0
0.60242623,-0.46147978,0.9873308,0.04023521,1
0.5252886,1.7912382,2.585901,3.5829408,0
1.5896167,2.5890908,0.506317,0.12909432,0
0.20687605,0.29311034,0.4192537,-0.9130421,1
-0.7729037,-0.24187198,-0.30338666,-0.06455764,0
-0.9789608,-0.35692954,0.49083912,0.7927732,1
-1.5857126,-0.15888998,-0.48971972,-0.14774835,1
-1.2465544,-0.1958963,0.9654447,-0.2963441,1
-0.6906916,-0.32608193,-0.60853684,-0.76910806,1
-1.0907171,-0.18975782,0.47153428,-0.6431162,0
0.41412905,-0.72179085,2.1376944,-0.23698585,1
0.5069612,-0.027105266,-0.3790445,0.054833855,0
-0.12915151,-0.4808888,2.351638,0.9676603,0
1.5250498,0.20294544,0.052887417,-0.12639228,0
0.06961331,-0.8679018,0.0988392,-1.0166966,0
-0.8022245,0.0028395522,-0.17465943,-0.24728929,1
-0.6582532,-0.33300692,-1.5719912,-0.6566298,1
-0.7777669,-0.2387936,0.5644991,0.046127755,1
0.12353741,0.11516911,0.71412385,2.4203324,1
-1.3091677,0.72704923,-0.8448816,-1.1964773,0
-0.597728,0.2702883,-0.50415355,-0.31837612,1
-1.807165,-0.8360218,-1.096483,-0.83294666,1
-1.1823281,-0.657793,-0.75092477,-0.18949372,0
1.0392824,-0.33391255,1.5707016,-0.2888029,1
-1.1592551,-0.62502253,0.35618666,-0.6203103,0
0.50655335,-0.55697054,-0.41274986,-0.010775793,1
0.122685924,0.06581154,0.38232717,-0.85089713,0
-1.4982134,-0.2363989,-0.39590237,-0.7377939,0
0.23077948,0.49666944,-1.0254524,0.08397317,0
0.42153084,-0.05141279,2.2827582,0.12362467,1
-0.84921825,-0.25810766,-0.86297137,-0.98202646,1
-0.954986,-0.39051354,0.22816797,-1.0772052,0
-0.7745207,1.6879346,2.025866,0.8064762,1
-1.8132719,-0.71268934,0.008258954,-0.2533676,1
0.87340546,-0.35466212,-0.7871063,-0.9196922,1
1.2329764,0.067652054,-0.027771145,2.134419,1
-0.022945553,0.0883714,0.17114991,1.6096,1
0.31319103,-0.06412706,-1.6794251,-1.0870332,1
-0.06264052,-0.38459995,1.4172724,0.8100271,1
1.6065112,-0.36387908,0.29385462,-0.99507457,1
0.57260895,-1.1710583,0.45541048,-0.6996434,1
-1.4896812,-0.1807718,0.41596296,0.26672062,1
-0.7899235,-0.71981263,-0.42002082,-1.0958588,0
1.0608978,0.18370542,3.0208354,-0.73906565,0
-0.18760663,-0.49761224,-1.3695198,-0.63758516,1
0.5177349,-0.5116696,-1.092558,-0.30808327,1
0.6440129,0.3884297,0.07133048,-0.014382048,1
-1.1323037,-0.78680235,-0.34590322,-0.679407,1
-0.9198165,-1.1837933,-0.66349417,-0.8993987,0
-0.4299,-0.059612095,-0.93950266,-0.8423754,1
0.5505452,-0.15668716,0.2661872,-0.5370502,1
-0.44400787,0.38782802,0.5786191,-0.16484557,0
2.2903554,-0.51508695,0.14151761,0.12399158,0
-1.348796,-0.5892597,-0.89153266,-0.68369806,0
-0.40474647,3.163216,-0.97823155,0.55265266,0
-0.7543105,-0.39147353,-0.04262346,-0.004342746,1
-1.1403804,-1.0483012,-1.6607693,-1.1468227,1
-0.56481993,-0.34539947,-1.6681384,-0.97826415,1
0.55565107,-0.8355282,0.080623664,-0.8911533,0
1.1366613,-0.13667874,-1.5735688,-1.0803506,0
-0.31218636,1.6253552,2.205604,1.7736263,0
-0.344513,-0.669106,0.47831562,0.028019097,0
0.6474472,-0.34946495,-0.6066927,-0.023364661,1
-0.5187589,0.3740481,1.1408628,-1.0913459,1
-0.010388613,-0.37485954,-0.54013705,-0.9895443,1
0.18294224,0.19991931,0.83117414,0.7117496,0
0.41518545,-0.31274658,0.9720207,-0.6877452,0
1.7320336,-0.1975822,2.544128,0.16892506,0
-0.5590196,-0.34396705,0.36234006,1.5766342,0
0.54137456,-0.67245793,-0.010052234,0.0924637,0
-0.6907581,-0.80947375,1.2641894,0.645259,0
-1.2915533,-0.52780104,-0.08304971,-1.0464745,1
-1.400278,0.08124784,-0.5092467,-0.18940406,0
-1.6077884,-0.18089598,-0.64468205,-1.1359587,0
2.215697,0.23383522,-0.04526326,-0.08229452,0
1.1205255,-0.10775483,-0.43227148,0.6534227,0
0.25859773,-0.38169727,0.9845681,-0.10984923,1
0.5466459,-0.6539497,-0.23499638,1.1270856,1
-0.026797354,0.6976381,0.4216548,0.8580086,0
-0.017303854,-0.6624769,-0.40307817,-0.6838435,0
-0.26107156,-0.062461026,1.058611,-0.22584437,1
2.1987722,-0.2127823,0.23807003,-0.15119599,0
0.10124123,-1.090899,0.2400202,-0.09162359,0
-0.99675083,-0.19310308,0.00065898895,0.08392143,1
-1.4352895,-0.5711384,-0.76501155,-0.41410184,0
-0.860374,-0.4051045,-1.4596267,-0.789787,0
-0.31468266,-0.08693522,0.4456895,-0.2633731,0
-0.48213696,0.35332733,0.6449261,1.2281039,0
0.9821242,0.41497564,1.4098,0.7988508,0
0.024483263,-0.532431,0.35234272,0.6148889,0
0.7286798,0.25834268,1.9800944,-1.0463762,1
-0.24946114,0.27379206,-0.017634839,1.5086884,0
1.3655074,-0.5508938,-1.0556425,-1.1196167,0
-1.0592017,-0.36140123,-0.06830649,-0.35928252,0
1.2894366,-0.063826635,0.5983807,-0.5476755,0
-1.3476447,-0.5948761,0.19343674,-0.11534116,1
0.4317281,-0.7950374,2.0641563,0.41968465,1
2.582219,-0.9134564,0.23719636,-1.4732296,1
1.126311,0.16803586,0.802952,-0.21907134,0
0.29275912,0.48657864,3.9862738,0.5443203,1
-0.7156363,-0.4664287,-0.7515141,-0.5321026,0
0.25744596,-0.35471377,-0.18704772,0.17900099,1
-0.7813566,0.4689025,0.6642684,-0.6971305,0
-0.016751051,-0.7805129,-0.259513,-0.68493485,1
-0.42207092,-0.09870712,1.0612981,0.05651499,1
-0.87268394,-0.51883006,-0.18786587,0.8806321,0
0.48769745,6.090352,-0.764006,-1.1417968,0
-0.5214816,-0.7036569,-1.3459477,-0.13134149,0
0.32564104,-0.078646645,0.16808999,-0.37243465,0
1.6500821,0.57466763,-0.13531977,0.0046810657,0
1.033176,0.16469613,0.88611585,-0.882671,1
0.20208593,0.012888074,-1.5364829,-0.7755372,1
-0.37757957,-0.10396954,-0.47643757,-0.9689324,0
0.25898984,0.051099785,0.17195737,-0.8985619,0
-1.43982,-0.8563519,-0.610518,-1.0653722,1
-1.7215575,-0.7814044,-1.8278056,-0.7771317,1
0.6656628,-0.38475177,0.42102575,-0.8261552,1
-1.5448987,0.15633336,-0.8277612,-0.98500407,0
1.1265671,-0.4692505,0.58446646,-0.83675444,0
2.4480274,-0.877604,0.8169075,-0.7696096,1
-0.7935045,-0.37927085,-0.4071626,-0.8789661,1
-0.54374063,0.010864066,0.45475098,0.87364614,1
0.81986797,0.38923457,-1.4184244,-0.60940766,1
-0.94640857,-0.4870547,-0.095255405,-0.84045005,0
0.44500738,-0.04936648,-0.5252066,-0.81843215,0
-0.92181975,-0.69794255,0.66032994,-0.9901562,1
1.2408352,0.315855,0.3837801,0.76639414,1
1.3043364,1.0047824,0.3929772,0.8539966,0
1.0167788,-0.71175915,-0.38350448,-0.24203423,0
-0.85502565,-0.67675304,0.22380325,-0.7987655,1
-1.0615268,-0.19345686,0.27297172,0.6028045,0
2.6577275,0.11377531,-0.7129963,-0.78934824,0
0.37769985,-0.34312326,-0.7673159,0.070646524,0
-0.65011257,-0.20573133,3.009621,8.949536,1
-0.1521019,0.66662574,-0.35113162,-0.16363156,0
0.7324382,2.1646025,1.5020679,0.07252863,0
0.6801291,-0.80401987,-0.9893694,0.11787349,1
-0.47688016,-0.64493245,-0.83177745,0.7839473,1
-0.829759,0.58856505,-0.6001361,-0.6501501,0
0.03311938,-0.21543989,-0.4522773,-0.0565959,0
-0.69045395,3.4505286,1.0003706,2.1649847,1
1.4430798,-0.5539143,0.5331557,0.2376139,0
-1.0590501,-0.6255967,0.050628323,-1.3242359,1
0.050081197,-0.19353776,-0.09238087,0.18087952,0
1.0332128,-0.40879118,0.8550827,2.5779917,1
0.6939657,0.83734304,-0.36445892,0.88439655,0
-0.07171166,0.39374173,-0.33711687,0.036240052,0
-0.01593864,2.0620847,-0.26078868,-0.63364536,0
1.3001322,-0.10351819,0.6817498,0.66941655,0
-0.29764172,0.026739333,0.06565094,-0.04594582,0
0.22220954,-0.24216768,0.24758558,0.15191253,1
-1.4960195,-0.9286383,-1.2153933,-0.48014563,1
-0.29316434,-0.13608292,1.6630734,3.0395768,1
-0.88099736,0.54010296,-0.5106024,-0.43631598,1
0.7043462,0.7640576,0.06546176,0.50132054,0
-0.20911628,0.688155,0.50542545,0.0477215,1
0.48651177,-0.32562986,-0.77244294,-0.5419247,1
1.9370137,-0.3316461,-0.7011417,0.13325934,1
-0.7882571,-0.90023196,0.46083042,0.039365154,0
-0.099515595,-0.021637246,-0.6922752,-0.25236672,0
1.7003458,-0.11577905,-0.45387504,0.16638368,0
-0.2191566,-0.8695264,-0.9097251,-0.7632967,1
0.17146811,-0.4829245,0.8733971,0.085413724,1
0.34418762,0.5422295,-0.5454826,-0.5760738,0
0.2266336,-0.16277659,-0.31416613,0.24572249,1
0.48772272,-0.48332548,0.22605993,-0.75231886,0
0.7294196,1.0145556,1.173058,1.7574487,1
-0.9482513,-0.6793088,-1.238472,-0.7556316,0
-1.8135732,-0.71731514,-0.80011296,-0.6866814,1
-0.23011124,0.19273408,0.38427234,-0.21878146,1
-1.0945474,-0.22342557,-0.5489451,-0.6823095,0
2.0049987,0.9890079,-0.7790702,1.3202015,0
1.1925118,-0.62641937,0.2952845,-0.5309002,0
0.69707966,0.000101193786,1.4156905,0.86695075,0
-1.7274013,-0.88907754,-0.89149183,-0.72555333,1
-0.7216661,-0.12483209,-0.7192005,0.95283836,0
0.11080155,-0.39431027,-0.3738156,-0.19887698,1
-0.2169944,0.62385684,0.73673797,0.05505188,0
-1.0415285,-0.33288485,-0.4785485,-0.61104393,1
0.57537043,-0.33889207,-0.798784,-0.4850138,0
-1.2539448,-0.45287126,-1.2291465,-0.7873107,0
-0.21661805,0.40230584,0.47621635,-0.14556935,0
0.28216687,0.83079714,-0.30497134,-0.014671564,1
0.96003926,-0.270002,1.1218698,-0.18416964,0
-0.3294884,-0.37133452,-0.76070285,-0.7314281,1
-0.6842445,-0.54186827,-0.59288573,-0.25663802,1
-1.0350865,-0.4380062,-0.59811,0.11776665,0
-1.1143992,0.49087384,-0.8336431,-0.27742317,0
1.5088065,-0.46145275,1.1704938,1.2349173,0
-1.1363354,-0.49064058,1.0380743,0.5043392,1
-1.6184268,-0.45467597,-0.46891594,-0.8450919,1
-0.8957653,-0.170254,-0.0911801,-0.438075,0
-0.11008042,-0.2837939,0.035705574,-0.4155718,0
-0.52519417,-0.4413233,-0.39325553,0.4028453,0
1.0035743,-0.37186998,-0.7885891,-0.26846617,0
-0.50249124,0.12606938,1.1981521,0.27022374,0
-1.633909,-0.7818084,-1.1963822,-0.8056634,1
-0.7705897,-0.14575906,-0.71469766,-0.8245763,1
0.52674437,38.498844,1.7485825,4.0542784,1
0.23826817,0.883691,-0.4257521,-0.65028006,0
-1.9161916,-0.0884449,-1.0880241,-0.75831205,1
0.6283673,0.040874273,-0.27962452,-0.23996942,1
-1.9074349,-0.24677697,-0.693122,-1.259995,0
0.84641904,-1.0555917,0.56455404,-0.6513318,1
-0.7548289,-0.6897163,-1.6584228,-0.78834534,1
0.3976187,-0.75605375,-1.3084316,-0.67731047,1
-0.008822044,1.6405673,-0.7558047,-0.63489014,1
-0.032257095,0.609066,0.73364115,0.6582059,0
-0.4988834,-0.22201112,-0.35501,0.15224028,1
-1.0474164,-0.5452927,-1.0727637,0.07954526,1
-0.6775185,-0.56512946,-0.78945035,-0.6787708,0
1.5693092,-0.20369084,-0.30702242,-0.64219296,0
-0.4461015,0.5945949,0.7098015,-0.38609397,1
-0.84624285,-0.21078397,1.343503,1.4965634,1
0.19630912,-0.77049863,-1.0200953,-0.89825547,1
-0.4005017,1.0444392,0.24434513,0.4222566,0
0.3460768,0.28756273,1.7234666,1.3538498,1
-0.5156571,-0.68377054,-0.25973594,-1.0235065,0
0.4193921,-0.33020878,-0.7939743,-1.1566365,1
0.19247921,-0.21911573,0.042579338,-0.11353415,0
0.17676072,1.6681125,-0.82797575,1.2117174,0
-1.5109254,-0.31397188,0.24712983,0.33602032,1
0.8280872,0.12924375,1.0395205,1.3687384,1
0.097583726,-0.07592961,-0.09843443,0.6741221,1
0.45250368,-0.13723418,-0.026058227,1.0922112,0
0.7766044,-0.4503833,0.80200106,-0.9536231,1
-0.23680717,-0.39101171,-0.87853533,-0.42183936,1
-1.2255956,-0.7416731,-0.5556995,-0.8878901,1
1.3590784,-0.27788976,1.0951195,0.92168736,0
1.5314806,2.5477386,-0.43677375,-0.079493724,1
-0.022427201,-0.86321557,-0.71731156,-0.8812291,1
0.5553987,5.5396323,2.103639,5.3184876,1
1.5613781,-0.8557711,-0.68182063,-0.58112204,0
-0.5831435,-0.56029207,-1.4081721,-0.7095383,1
0.41956955,-0.77026397,0.52470094,-0.5428276,1
-1.8782927,-0.8978068,-1.0648708,-1.0560904,1
-0.41333723,-0.2315401,0.6067433,0.7442418,1
1.0965542,-0.81122774,0.12199068,1.9031554,0
1.0367095,0.68531203,-0.62294614,0.19018768,0
0.9936397,0.80114686,0.27837574,-1.0455977,0
2.0553467,-0.28842726,0.23938167,-0.7454628,1
-1.0100455,0.41613758,0.40611118,0.13765676,0
1.0242177,-0.5337443,0.41177243,0.10154629,1
0.85711074,0.88674986,0.6845827,0.24695311,0
0.3004878,-0.2413707,3.7064362,-0.03313004,1
0.5501751,0.42246428,1.0017523,0.1436903,1
0.56777984,-0.41748747,2.9990423,-1.056778,1
0.36485133,-0.12588206,0.6660311,-0.5772202,1
0.6977696,0.82046163,2.708304,1.0899135,0
0.43640488,0.3330465,2.0881023,-0.49386075,1
-0.49740976,0.46158648,2.523276,0.43375912,0
-1.138637,0.7950177,0.272689,-0.36492473,0
0.39941198,-0.4524832,-1.2832825,-1.0961134,1
-0.21169686,0.21437186,-0.19424286,-0.639303,1
2.0084977,-0.5348929,0.75542676,-0.09035458,1
-1.026168,0.42108342,-0.2641797,1.6495601,0
0.27306104,0.91800237,0.21902299,-0.0039643124,0
2.3258474,1.3811419,1.5401821,-0.18131205,0
-0.5673163,-0.017546346,-0.9614238,-1.0006708,0
-0.49750647,1.0364963,1.0115569,0.57567763,0
-1.3909993,-0.6394445,0.036286794,-0.74794424,1
-1.1850238,0.0829362,-0.7283147,-0.12194276,1
-0.57436055,0.14393519,-0.21296111,-0.566293,1
1.5714973,0.26612103,0.4030215,-0.4615303,1
-1.8211901,-0.91207916,-0.92432374,-0.9635902,1
1.4312154,0.3775165,0.42003617,0.48385385,0
0.115742184,-0.6283575,1.0554413,1.6134723,0
-0.85114485,-0.61877894,-1.3933219,-0.6118242,0
0.951668,0.12851927,-0.4972615,-0.79941666,0
0.64866817,0.87042606,0.26573908,0.1468209,0
-0.6837627,0.3946948,0.06375686,0.7175221,0
2.2389207,-0.041594967,-0.38253072,-0.6622397,0
0.17560324,-0.09173195,0.69166315,-0.97379524,0
-0.5971834,0.062942274,-0.13533038,0.04645511,0
-0.40356198,0.24038634,-0.5465729,0.7880574,0
-0.10637444,-0.5365405,1.1936717,0.12354393,0
1.7589214,-0.5460855,-0.08938359,-0.58265805,0
-1.345648,-0.53971833,-1.0343754,0.123190135,1
-1.2387178,-0.44098946,-0.10022796,-0.9080513,0
0.5740743,0.23268625,-0.020920433,0.07388723,0
-0.8883828,-0.9029147,-0.6661167,-0.0885364,0
-0.17256704,-0.16825603,1.2991964,-0.05967842,1
-0.5557752,-0.11288628,-0.86072695,-0.0798628,1
0.020472467,0.5363868,-0.21168451,0.6680183,0
-2.053352,-0.9177135,-1.6374291,-0.3216622,1
-0.68606365,4.292568,0.75814354,3.7764497,0
-0.15570587,-0.17062645,0.40836883,1.0691785,1
0.93279237,-0.29978094,-0.1582439,0.76679605,0
0.148417,1.3261254,0.6019503,0.6459818,0
1.4464566,-0.34565154,0.38086146,-0.58656275,1
0.7224653,2.583902,3.4841955,1.554948,0
0.17616287,-0.87611747,0.55158764,-0.013322145,1
0.036428075,1.029832,1.3482159,0.38452247,0
-1.097703,1.4695914,-1.1823984,-0.67301625,0
-0.29182693,1.513061,-0.4879275,-0.117323115,0
2.1699617,0.12670538,1.6568519,-0.35167357,0
-1.3887696,-0.6972617,-1.1300912,0.12413722,1
1.3715763,1.8137414,-0.2320447,0.24110144,1
0.12675887,-0.45818612,-0.76063955,-0.43559572,0
0.33541933,-0.695869,-0.18443769,-0.94274324,1
-0.5682438,-0.24734898,-0.44195312,-1.1060367,1
0.92913324,-0.046652585,-0.03526781,-1.0116487,0
1.2084917,-0.02426818,0.5078732,-1.1522156,0
-1.1991374,-0.19001585,0.33819133,-0.8778197,0
-0.7786508,0.43997556,0.42353588,0.8303788,0
-0.5850506,0.51664156,0.08722368,0.9562469,0
-0.90467507,1.0816562,1.2364026,-0.62841785,0
-0.52677214,0.69288707,-0.18370432,-0.08157517,0
0.6048248,-0.6697588,-0.21127346,-0.5374867,0
-0.459735,0.05034291,0.49126944,0.5948532,1
0.92351997,0.037363946,0.8144335,1.2533644,1
-0.0027337074,0.36141136,-0.12360561,1.1538279,1
0.35706812,0.895971,2.2860994,1.4053217,1
1.1061771,0.5301298,0.61094207,-0.13131368,0
3.0429225,-0.2103422,-1.3406507,-0.7153236,0
-0.26421338,-0.24013267,0.75774705,-0.048831087,0
-0.5865226,0.16079432,-0.5088042,-0.6222127,1
-0.9128611,-0.61799395,-0.036738127,-0.67255664,1
2.0150976,-0.33648893,-0.5117316,1.4855905,1
2.038829,-0.97668374,-1.6819047,-0.9021441,0
-0.8385479,-0.44277644,-1.4375929,-1.1026546,1
-1.6438209,-0.7437401,-1.1368111,-1.1590391,1
-0.34147313,0.85770816,-0.33995205,0.76131606,0
-1.0083318,-0.6351261,-0.52239144,-0.7688304,1
-0.34123993,0.31487393,1.4104822,0.8570018,1
-0.72794044,-0.050278224,-0.93935895,-0.5464193,1
-0.8404653,-0.49305302,-0.59043753,-0.8261636,1
0.104879245,0.2750505,2.167865,2.9171798,0
0.1764263,0.08842392,1.8415326,1.4495964,1
0.4647349,2.0172715,-0.091461495,0.6993524,0
1.3808725,0.75310755,-0.50017923,-0.9084585,0
-0.5636115,-0.07872841,-0.5623434,-0.7891331,1
-1.2312145,-0.33717474,0.35351568,0.6557345,1
0.79260707,-0.17213525,-0.9436225,-0.8278733,1
0.9267325,0.23679738,0.38711497,-0.31705987,0
0.9063829,3.0158353,-0.21847574,-1.0385705,0
0.008020908,0.78712064,-0.2173264,0.52933306,0
-0.8487921,0.6947497,-0.08330852,0.42601356,0
1.3123477,-0.018186383,1.0897706,-0.1391302,0
-0.3421148,0.7056317,-0.16068491,0.66173285,1
-0.47643635,-0.34434003,0.30226067,0.29774958,1
-1.1776779,-0.25486892,-0.37226743,-0.48464242,0
0.5574429,0.1551533,0.7323848,0.43781915,1
0.6827309,-0.31186816,-0.4560014,-0.7693027,0
-0.08968441,-0.3207683,0.7191962,-0.88169247,0
-1.5457779,-0.53095007,-0.6348956,0.9116576,0
-0.5163932,-0.27816302,0.2306725,-0.19065867,1
0.51386935,-0.07395289,-0.6443208,-0.08640294,0
-0.6983847,0.44181472,-0.82349396,0.102573365,0
0.08507007,-0.36152244,1.2403845,-0.7374309,0
0.14874741,-0.5949434,-1.4004984,-0.72711754,1
1.0898029,-0.668074,1.1627775,-0.8278822,0
-0.810859,-0.41518104,-1.4927518,-0.57385135,1
-1.384072,-0.71300364,-0.42761472,-0.8439873,0
-0.5262201,0.18810537,0.008780457,0.8528612,0
0.62655514,0.824481,-0.37995616,-0.88254553,0
-0.63294065,-0.26792198,0.22836299,-0.025931438,0
-1.6500646,-0.30722994,-0.5464436,-0.61808586,1
-1.0680561,-0.10025686,0.48759767,-0.9882904,1
2.5417142,0.15749447,4.053605,1.0345851,0
-1.0216027,-0.061390936,0.3743716,0.16627002,1
-1.192465,-0.64187205,0.24239913,-0.96304524,0
1.4321455,-1.0219183,-1.3158083,-0.81787163,0
0.21836725,0.4126939,-0.38540882,-0.86801285,1
-0.5256102,-0.91187286,-0.7925324,-0.32357395,1
-0.3026254,0.025462896,-0.6284017,-0.6117769,1
0.17812946,-0.25305578,0.481802,1.634257,1
0.2615316,-0.3874666,-0.45018542,0.20757413,1
-1.3716741,0.3943036,-0.16318545,1.0976996,0
-1.0355179,-0.27935624,-0.34605348,0.37394848,1
-0.5829895,-0.4435223,-1.4089009,-1.0758061,1
0.72259814,-0.70697653,-0.89292884,-1.0704825,1
0.8641933,-0.96898127,0.074898764,1.0116107,0
0.46330306,-0.70859474,0.024998136,-0.020248331,1
0.14690667,-0.0931574,2.024992,1.8499081,0
-0.5145501,-0.29428235,1.4541664,2.3480155,1
2.408328,0.3844614,0.6837336,-0.16654731,0
1.2891767,0.14233014,0.53285205,-0.8846959,1
1.5080961,0.31646484,0.5087426,-0.24505785,0
-0.9013114,-0.0208596,-1.0259067,-0.7412667,0
-0.21683636,0.55804867,-0.6679839,1.0602148,1
2.0684874,-0.01603651,0.3894921,-0.010103928,0
0.46723217,0.22619043,0.91406024,0.9764228,1
-0.26511717,-0.27905455,-1.1185628,-0.922925,1
0.41299874,0.11228506,-0.88103175,-0.7001248,1
-1.7649704,-0.8210515,-0.9457689,-0.9880562,0
2.6644242,-0.7761893,-1.3970921,-0.9808699,0
1.6530814,-0.6504884,-1.1286366,-0.7433448,0
0.41493922,0.8503401,-0.96569455,0.41823426,0
0.0016899109,-0.50329083,-0.15344945,1.4582176,1
0.58739793,-0.2952389,-1.1318318,-0.5848052,0
-0.51039803,2.0126312,0.92882514,-0.17120211,0
0.13791837,1.0365571,1.7124448,1.4081286,1
-1.2723536,-0.15729284,-0.79926956,-0.12971331,1
2.340341,0.78844637,1.2920947,-1.030814,1
-0.50169295,-0.29989707,-0.3139492,0.7612296,0
-0.13061923,-0.21414807,1.0660185,-0.5115386,0
1.3005342,-0.21426676,2.5639653,0.87581855,0
-1.2111812,-0.1346522,-0.28914896,-1.0833035,1
-0.32543367,0.053332396,-0.8936368,0.07283059,1
-0.24012172,-0.20083769,-0.39890078,-1.1213751,1
0.4623807,0.06966545,0.3141613,-1.0579088,1
-0.81110346,0.25123554,-0.4969117,0.42062312,0
-0.50386536,-0.17576632,-0.29013342,0.7900707,0
-0.009711025,0.87337327,-1.2121426,0.7110946,0
-0.78285456,-0.28562325,-0.5212125,-0.0037457682,0
1.2748241,1.1162775,1.2685215,0.69838494,0
-0.124865174,-0.04249447,1.276736,0.17894395,1
1.4305329,1.3888153,0.61296123,-0.8377955,0
-0.15415421,0.07755051,6.7292485,0.54794896,1
0.3271455,1.2333387,-0.19064224,0.5288178,0
0.68070525,-0.58138883,-0.6752285,-1.0072646,1
1.2072041,-0.9241303,1.23644,-0.9488042,0
-1.3975588,-1.1547015,-0.7184177,-0.84389055,0
2.8730376,0.090890914,-0.65946686,-0.35075596,0
-0.060045168,-0.017684981,0.18411684,0.4182881,1
-2.1534038,-0.36882856,-0.6757901,-0.78920484,1
-0.35945255,0.5012732,1.1786633,1.5880209,1
1.2201058,0.2720097,0.95594376,0.61802304,0
0.90017295,-0.2433765,0.23651423,-0.310442,1
-0.8258167,-0.74852765,-0.14133906,0.26562107,1
2.371858,-0.57886505,-1.0153081,-1.1889048,1
-0.9007798,-0.2584113,-0.8794428,-0.66084385,1
0.28559846,-0.49991167,-0.88175976,-0.23374356,0
-0.43423957,0.42198336,1.0966367,1.578514,1
-0.32387888,-0.07984559,1.608099,2.9047806,1
-0.23046952,-1.0063317,1.2680992,-0.7081063,1
2.08184,-0.07113532,0.3974839,1.0132787,0
0.8420845,0.10950643,1.1383604,0.5317474,0
-2.2138104,-0.94658595,-1.5112506,-0.9258565,1
-1.2645569,-0.21738186,-0.34536466,-0.43663618,0
-1.679503,-1.1428337,-1.2888608,-0.7667055,1
0.64109015,-0.45017618,-0.37786692,0.86804414,1
-0.75515115,-0.46478313,-0.1863088,0.76505154,0
0.30692992,0.078189105,1.3732988,-0.29080886,0
2.3487484,0.97578895,0.6748883,0.39428762,0
-0.03159502,0.56874114,-1.0726196,-0.7206856,1
1.99892,0.82253176,1.0160202,-1.0618235,1
-1.5685201,-0.49003413,-0.9585992,-1.2056721,1
-0.86899936,-0.3409787,-1.2327923,-0.77364266,1
-0.78889936,-0.53408474,0.39764166,-0.069708616,0
-1.0823445,-0.2472785,-1.1987176,-0.7975336,0
-0.71871614,-0.107710056,0.052667998,0.8163511,1
0.47742188,-0.53781736,-1.2105297,-0.26796246,0
0.040003132,0.5832319,-0.71237123,0.4249789,0
1.0350504,0.033158064,0.15964767,-0.31646067,0
0.3331976,0.40128434,2.2851164,1.4731374,0
0.3003223,-0.44438285,0.068302676,-0.028626593,1
0.9791968,0.10415489,-0.049441427,-0.073458426,0
1.6987084,-0.9245763,-0.4622745,-1.1120726,1
1.0515087,-0.3372846,-0.71475106,-1.0268314,0
-0.33477464,-0.056484282,-0.07470702,1.3728662,1
-0.5034055,-0.28034252,-0.60080266,-0.9052702,1
0.74217725,-0.16067454,-0.76640844,-0.7433216,0
0.44219717,-0.0773637,0.6701467,0.6347013,0
0.58695734,0.117756724,-0.08329344,-0.07931815,1
-1.6088189,-0.83448505,0.11680375,-1.2437148,1
-0.06815344,-0.54135996,-0.6689956,-0.7457674,1
-2.1455514,-0.72698784,-0.030985177,-0.9642181,1
0.15067112,-0.47912377,-0.40530875,-1.1569867,0
-1.3687819,-1.0848476,-0.8246941,0.23645018,0
0.6365899,0.877346,3.5378222,0.6336616,0
-1.4155521,-0.13234499,-0.87934005,-0.5411042,0
-0.9418639,-0.24199018,-1.200086,-1.0349914,1
-1.1503879,-0.37446,0.35651028,0.4916329,1
-0.6684907,-0.39940605,-0.31442901,-1.0425222,1
-1.4146564,-1.1750159,-1.4731262,-0.5975317,1
2.3453035,0.09410313,0.8797853,-0.9390217,1
-0.64331067,-0.67060894,-1.3590679,-0.8423005,0
0.10868314,0.26841962,-0.6555113,1.2636645,0
0.47139534,0.028019778,0.9022263,1.7875588,1
-0.23774631,-0.11966752,-0.17218578,0.4583675,1
1.4107383,0.74283457,1.2352192,-0.24953382,0
-0.12484067,-0.52790046,-0.27632022,-0.6318319,1
-0.5064255,0.18012793,0.22801906,-0.7717266,1
-1.1322855,-0.19082335,-0.016814142,-0.48858538,1
-1.2276347,-0.32215342,0.54550505,-0.84731555,1
-1.0753142,-0.65829957,-0.5214219,-0.44480112,1
0.7270691,0.24401864,3.9965394,0.8705541,1
-0.86068696,-0.4976858,-1.2501328,1.3752713,1
-0.03681818,0.61005545,-1.4992152,-0.17748107,0
-0.010639779,0.27897304,0.74520504,0.7200123,0
-0.0896755,0.64659625,-1.0678122,-0.08039012,1
0.071278326,-0.6030223,-0.72810924,-0.0975374,1
-0.71348864,0.5618625,0.7278912,1.4033415,1
0.6709273,0.686319,-0.52444065,-1.0673572,0
-1.2185359,0.8841266,-0.09606461,2.4266624,1
-1.1488365,0.7963353,1.0839188,0.21367006,0
-0.57132494,-1.1502753,-0.2942192,1.4248605,1
-0.68764853,-0.52309066,0.4853926,0.042775694,1
-1.9500681,-0.9280934,-0.6727597,-0.97034925,1
-0.47620812,-0.91478723,-0.85978234,-0.45677206,1
0.68939054,-0.36274028,1.6883154,-1.0142905,1
-0.90896153,0.23638068,0.21346599,0.7864805,0
0.6054017,0.4469659,2.523565,0.89364517,0
0.045734584,1.1532564,-0.61832166,-0.046010822,0
0.64426416,0.35530365,1.5112501,2.4107165,1
0.18742064,-0.64906985,0.4522377,-0.05979046,1
1.1730598,0.108792394,-1.0490637,-0.8638477,1
-0.8645994,1.1604426,0.92269355,0.99880457,0
0.36487642,-0.6514662,0.70258385,1.8197225,1
-0.01595974,0.35302204,1.2921761,1.2390394,0
0.38212377,-0.18339886,-0.39265242,0.09620312,0
-0.37801486,-0.75057405,-0.67937654,0.07411696,0
0.9037782,-0.042537212,-1.6498547,-0.77057,1
-0.35380182,0.060379587,-0.25508642,0.23618804,0
-0.6442838,0.2528229,-0.5350188,-0.26925194,1
-1.3476906,-0.8046185,-0.8756626,-0.7888995,1
-0.6304344,-0.19885889,-0.8068814,-1.106716,0
-0.9239212,-0.19003318,0.562051,1.0667967,1
0.8955638,0.78986764,1.1690835,0.6365511,1
1.2059543,1.0000025,0.07530741,-0.031521548,0
0.7478209,-0.403812,-0.14561775,-0.24847603,1
0.08778156,-0.81747097,-0.0665506,-0.7263175,0
0.49077997,0.18305895,-0.19217971,-0.30176863,0
-1.1645923,0.64875937,0.1987496,-0.9679109,0
-1.1445714,-0.5724989,0.6992387,0.887016,1
1.1814971,-0.6829213,-1.070569,-1.0797093,0
-0.0018628966,-0.30729073,-0.8267963,-0.3089548,0
-0.54160494,-0.52305424,-0.31412333,2.4129376,0
-0.71192807,-0.034034654,0.94922847,-0.7538004,0
0.13275011,-0.566416,-0.5491575,0.048010204,1
-0.80126655,0.5865319,-0.54713666,-0.33211663,0
0.80543125,1.3151581,1.6936294,2.047246,1
-1.6381407,-0.9941838,-1.8845637,-0.8195028,1
0.033426583,-0.7701259,-0.78694767,-0.52894354,1
-1.4669992,-0.6999275,-1.0325296,-0.75728625,1
0.007898554,-0.22136734,-0.10220506,-0.055764787,1
-0.85588294,0.43304422,0.20678672,0.613941,1
-0.7468716,0.02268286,-0.7845019,-1.1886355,1
0.35545278,0.2588236,0.7290588,0.12302174,1
-0.12823458,-0.60791594,1.1051573,0.058079142,1
-0.5184115,-0.64580095,-0.5097976,-0.83087176,1
-0.23304278,-0.3713851,-0.65712714,-0.057575032,0
-1.3087189,-0.37279463,-0.6313007,-0.83771664,0
-1.0326713,0.56487346,-0.43483862,-0.9140245,0
-0.34909263,-1.1338663,-0.61466575,-0.037672244,1
-0.5344083,-0.19883972,-1.0033901,-1.0239661,0
-0.67329514,-0.40196,-0.8310427,-0.7395099,0
-0.039661326,1.9276148,0.6099857,1.7030888,1
-0.5883629,0.4375883,0.023618475,-0.30715963,0
-0.77319145,0.14835,-0.74725735,0.30659413,1
0.30655226,-0.7483191,-1.3598417,-0.5724019,1
-0.292731,-0.32770735,-1.3517706,-0.54583114,1
0.70233893,-1.0309882,0.18789493,-0.64444995,1
0.35925156,-0.100959,0.61247754,1.7764101,1
-1.5112693,-0.88170403,-1.3146954,-1.0972193,1
-0.82193506,0.26674417,-0.45068222,-0.061019942,0
0.23428081,-0.24675912,1.7840574,-0.47486955,1
-0.2767697,-0.15002562,0.058158338,-0.18375404,1
-1.3995968,-1.0134063,-1.3761764,-0.7117418,1
0.5422927,-0.17430635,0.36006242,0.5119073,0
0.65239084,-0.17327662,-0.22684467,0.22267754,1
2.2119763,-0.07008312,-0.9762101,-0.27127698,0
1.721462,-0.039069697,-1.346276,-1.0614518,1
1.2098073,-0.46332717,0.6413051,-0.6835779,0
-0.011462569,-0.21953097,-1.6142066,-0.9001996,0
-0.55104077,-0.5549742,-1.449861,-0.9484336,0
-1.3505162,-0.48156637,-0.8250543,-0.77132046,1
1.0671699,-0.42515934,-0.24666496,-0.9370083,0
-0.64620537,0.19910483,-0.102853596,0.016441848,0
-1.2719128,-0.6010694,-0.5976207,-0.94372505,0
-1.3906957,-0.23975705,0.8963229,-0.9272517,1
0.48729974,0.04778652,0.48295036,-0.451437,1
-0.7190751,-0.8710997,-0.31903005,-0.7119906,0
1.5088027,-0.4563763,0.99505365,1.7305489,1
-1.2157831,0.1099155,-0.5169351,-0.23970889,0
-1.0676746,0.86778253,-0.27277166,0.8528705,1
0.7970908,-0.7926546,-0.5627486,-0.8271101,0
1.2086669,-0.6352821,0.4992129,-0.6682432,0
0.39892226,2.1187499,-0.33709213,0.5650168,0
0.15310007,-0.41318172,0.24628298,-0.7281246,1
1.0200796,0.7052996,2.4533927,1.2721423,0
0.21777174,0.18852031,0.36266106,0.19369142,0
-0.06236899,0.35077748,-1.245696,0.14046991,1
0.35904294,0.14037055,1.0484414,-0.2804321,0
-0.61739624,-0.4509347,-0.49564242,-0.8692045,0
-1.1912035,-0.28285328,-0.89656246,1.1080244,1
-1.4652336,0.495699,-0.97156477,-1.1424559,1
0.72640073,1.4097916,-0.22497906,0.09760377,0
-1.1406218,-0.8589307,-0.6758302,0.3306984,0
-0.7873297,-0.35768497,-1.3935566,-0.6335629,1
1.8024192,-0.037093148,0.092536055,0.023532331,0
0.8233564,0.28105965,-0.054519698,0.8669888,1
1.0705812,0.067511104,-0.526103,1.5557122,0
1.3975673,-0.62796044,-0.47881383,-0.16679466,1
0.06433211,0.4930665,0.5391983,3.5969965,1
0.31729534,0.71854556,0.93222654,2.2660542,0
-1.6087868,-1.0672839,-0.9034903,-0.8129211,1
0.21224022,-0.5805949,0.88723445,-1.0324557,1
1.8826293,0.10197276,2.343409,-0.02930422,0
0.050635334,-0.73369265,-0.66661537,-1.0067782,1
-1.0177178,-0.28794032,-0.5672331,-0.028100636,1
0.14626667,-0.39947104,1.1874552,4.8621974,0
1.1640451,-0.8133583,-0.82828236,0.09561528,0
1.7098161,-0.53727305,0.0028731227,1.0508039,0
-0.21593049,0.2674476,-1.4026029,-0.8561285,1
-0.4526721,-0.1378941,-0.6743281,-0.33133632,1
-0.16772324,1.6819834,1.3576353,4.5438633,0
-1.4519812,-1.0816627,-1.2630036,-0.75675523,1
1.1169405,0.3490875,2.650565,0.9795046,0
-0.3088645,-0.12131284,0.13166846,-0.008728061,1
0.494987,0.099762425,0.35779515,-1.0854272,1
-0.12823626,0.42046174,0.56016934,0.11231436,1
-0.3128897,0.22988302,0.37630278,-0.013862079,1
0.84870815,-0.5991873,-1.3147966,-0.8510707,1
-0.32891995,-0.3006909,0.18042728,-0.62903553,0
-1.0583694,0.18538782,-0.06432876,0.8009983,0
-1.0010333,-0.037383843,0.29244778,-0.07380928,0
-0.8689952,1.9237634,1.6160153,2.5599415,1
0.04417786,-0.20882797,0.6819216,-0.82813925,1
2.1633377,0.925918,0.7389067,4.154105,1
0.04617706,0.13819335,0.75526345,-0.24699423,0
2.137137,-0.65286326,-0.06287193,0.12721395,0
1.2740061,-0.56012595,0.05605748,0.87755054,1
-1.8190581,-1.2006807,-1.6306627,-1.1158928,0
0.2276917,1.1051042,1.7542247,0.43955442,1
-0.28020442,0.33968934,-0.8778139,1.4655074,0
-0.56869376,-0.7124692,-0.8961659,-0.93354696,0
-1.5128071,-0.5048533,-0.8912091,-0.84815854,1
-0.7399625,-0.46684617,0.28147155,-0.11393568,1
-1.6001176,-0.78061956,-0.91493297,-0.6974857,0
-1.1781847,0.007975517,-0.2598519,-0.83084065,1
1.3595805,-0.26043448,-0.3769403,-0.7563528,0
-1.7544057,-0.031264246,-1.6402503,-0.7543415,1
1.1652361,-0.9904648,-0.6161945,0.215079,0
2.0971797,0.6134985,1.1951748,-0.6980579,0
0.8150835,-0.64677644,1.305505,-0.69608754,0
-0.3197346,0.3521084,-0.36243978,0.043404575,1
0.85100996,-0.43109834,-1.3571262,-0.7892627,1
1.2028712,-0.34476465,-0.9619802,0.25239134,1
1.7623423,-0.22449377,-0.041509688,0.43708533,0
-1.3989685,-0.23856664,-1.511132,-0.9756191,0
2.845883,0.522831,0.094171785,-0.62780154,0
-1.3875073,-0.049108442,-0.19100387,0.5856905,1
1.1719435,-0.09154301,-0.60014886,-0.70709383,0
0.40315643,0.9724579,0.14231099,0.23433615,0
-0.30423722,0.09512696,-1.1973118,-0.7539706,1
0.13393101,-0.67756003,-1.3445746,-0.91613775,1
0.33635813,0.7388019,0.21309699,0.8109731,1
0.71470124,0.5182262,2.3517964,-0.21254918,1
1.8075646,-0.49850804,0.038716435,0.21014912,0
-0.6074145,0.5404442,-0.8507275,0.6689159,0
-0.22540998,-0.57366425,1.4649265,0.7077514,1
-1.3535522,-0.12646395,-1.0493113,-0.74672264,1
2.685772,-0.27055147,2.027387,0.004442673,1
-0.5255451,-0.21174572,-0.21948615,1.6397133,1
0.49866366,0.7228652,2.2297907,2.6185267,0
1.1203341,0.51502633,0.23984829,-0.24564017,0
-1.0556184,-0.820792,-0.988421,0.06451535,1
-1.0053829,0.34260824,0.2671106,-0.97578365,0
0.32941332,0.3106495,-0.9839877,-0.20801009,1
-0.03671889,0.10750467,0.55686605,-0.17511094,0
-0.6253643,0.08619024,-0.6589702,-0.50974166,0
0.38196677,0.1894125,-0.8257734,1.4735011,1
-0.9814877,-0.16688353,0.5861732,0.39521116,1
0.19640078,1.2436719,2.280346,3.1087637,0
2.2023802,0.07222383,-0.06012568,0.70171267,0
0.7737268,0.24099594,-0.4655264,0.8042146,0
0.20291212,-0.7901581,-1.9928688,-0.90178895,1
-0.47007415,1.3325473,0.9751403,0.8328294,1
0.56368005,-0.341536,0.19204207,1.4939973,0
1.0697088,0.77219987,0.88026756,2.979216,0
-0.66705775,0.694433,-1.8197498,-1.035888,1
1.0607321,-0.7947662,1.4109961,2.5671525,0
-0.28442642,-0.25540203,-1.1493579,-0.81594706,0
-0.5707964,0.26725206,1.409775,-0.21291415,0
2.0089204,-0.84117484,0.8653163,0.6598065,1
1.8884261,-0.16446689,-0.9705148,-0.8541088,0
-0.18753974,-0.317545,-1.091553,-0.68116546,0
-1.2352885,-0.9900007,-1.032084,0.27524054,1
0.7278102,-0.86416817,0.39486516,0.20924047,1
-0.70420724,-0.6202392,-1.1760944,-0.6492225,1
0.83191144,0.2502154,0.12272818,0.17118461,0
-0.48789936,1.2863253,-0.20635404,-0.99807215,0
0.5800214,0.3912151,1.4988314,0.5909449,0
-0.18413709,0.14039502,0.07575505,0.005989734,1
-0.11556796,-0.1163716,-0.9238613,0.20893751,1
0.9080395,0.13474508,0.6883604,-0.80906475,0
0.50132406,-0.6031208,-0.9440769,0.8708334,1
-0.3851488,0.4880064,-0.6290962,-0.7722946,1
-1.1093479,-0.75891614,-0.5388941,0.09815526,0
-1.6089143,-0.8368424,-0.11791541,0.6735818,1
-0.28985488,-0.45225662,-0.65113556,-1.055776,0
-0.2605699,-0.21427077,-1.2305918,-0.5950304,1
1.5670724,1.8852352,0.22875735,-0.02787061,0
1.3513733,0.9894242,-0.048844486,-0.68143755,0
0.73017997,-0.9401075,-0.106356904,-0.07155478,1
-1.3527132,-0.9509717,-1.0592132,-0.7475854,1
1.2122754,-0.94124377,-0.958663,-0.33075145,0
0.781666,-0.1513516,2.6157072,-0.31670457,0
-1.1514577,-0.15270652,-1.5267693,-0.7631972,0
-0.055234045,-0.24241868,1.6344103,0.7477588,1
-0.33704334,-0.095744655,-0.84240913,0.23187442,0
-0.52065027,0.37753642,0.8604312,2.0924785,0
-0.11174756,-0.6429677,-1.387554,-0.79911816,0
-0.2952601,-0.110106595,0.39690274,-0.9409766,1
0.7323202,-0.47141248,-0.07055166,-0.8294563,1
0.03383681,-0.07861954,1.0009593,0.33807504,0
0.9829904,1.139161,0.81386405,0.49124733,1
0.7395043,-0.38231307,-1.3869458,0.24105518,0
0.99803746,0.120941296,1.5360856,0.94681096,0
-0.85657626,-0.68870986,-1.0021231,-0.75376904,0
1.4831223,0.26101544,2.1949646,-0.6450518,1
-0.058670834,0.79050505,0.40411586,0.052091386,1
-1.9234746,-0.9743247,-0.8170682,-0.93590957,0
-1.1677372,-0.05571676,0.013661705,-1.2047645,0
-0.322617,-0.7052562,0.63533425,0.83983237,1
-0.9010833,-0.4970004,-0.36066663,-0.7959292,0
1.1942087,-0.68353754,-0.47326115,-0.9072795,0
-1.1755948,-0.81385124,0.26595473,-0.888553,1
-0.7550765,-0.66652113,-0.11501446,-0.25170976,1
0.1546989,-0.24448104,1.1116948,-0.98818684,0
-0.49988276,-0.87104356,0.18976784,-0.76502573,1
0.59046394,-0.7155238,1.5417747,0.21698372,1
2.3189993,-0.06898425,1.4095075,0.20718275,1
-1.3097227,-0.6073679,0.20631203,-0.63093334,1
0.6766879,-0.2947575,-1.2673708,-1.2334504,0
0.3360542,-0.67895246,0.364186,0.76587856,0
0.033755586,1.3085753,0.26718011,0.44744506,1
-0.10487388,0.49187383,-0.2150163,-0.81193966,1
-2.201114,-0.53620404,-0.6198615,-0.7524082,0
1.1461935,0.7817776,0.23235936,-0.9952823,0
0.15911254,0.026199315,3.394166,0.6490906,1
-1.2799491,0.09750732,1.0252475,0.39393178,1
2.2491698,-0.38651448,3.533395,0.49685666,0
-1.2193729,-0.15626933,-0.6527341,0.54699683,0
1.2449081,0.8719911,-0.85829616,-0.017537361,0
-0.24858731,-0.2608649,-1.1367538,-0.714167,1
-0.28871113,0.15063508,-0.6101663,-0.31783378,1
-0.7907642,-0.4382692,-0.71956164,0.21012397,1
-0.5149493,-0.3222733,-0.25657424,-1.1474743,0
0.9448549,-0.30708912,-1.3374029,0.21817614,0
-0.04411871,-0.09881643,0.0065819025,-0.74179626,0
-0.3140571,0.72079325,0.22805142,1.5329283,1
-0.5100355,-0.5657452,-1.0387359,-0.78360707,1
-0.1662718,0.94736725,-0.2560622,0.17582603,0
1.2291489,-0.5312743,-0.2993127,-1.2100344,0
1.5725864,1.7969055,-0.6931249,-0.28357077,1
0.6253321,0.13451985,-0.19822454,0.7725545,0
-0.33178806,1.307424,-0.38525394,0.91604173,1
-1.3965689,0.3781209,0.6491362,2.3320663,1
-0.49421817,-0.71642876,-0.29906392,0.0040329844,0
-0.33120316,0.08912572,-1.3229371,-0.8882034,1
-0.63256544,0.33617437,-0.65832037,-0.3045302,0
0.21669295,1.3473756,0.21988568,0.5593926,0
-1.5434421,-0.60593307,-0.5261785,-0.82600313,1
-0.5070506,-0.55871856,0.5243455,0.11649549,0
-0.0681081,-0.5989647,-0.820137,-1.2893416,1
-0.12319273,-0.14981198,-0.7776343,-0.99644697,1
1.9042742,0.25247568,0.65062755,0.92352736,1
-0.01945275,-0.30221516,-1.0458775,-0.93259627,0
0.25071102,0.7177634,0.54748595,0.15583837,0
0.62954825,-0.30684805,0.05032111,-0.84965074,0
-0.47382796,-1.3393872,-1.0779846,-1.1148837,0
0.23676522,-0.044393152,-0.6337863,-0.781976,1
2.6198795,-0.63914126,0.5974311,-0.8362355,1
-0.7807638,0.22839677,-0.4857716,0.8259379,1
1.2439187,0.59126925,0.4021811,-1.0603904,0
-0.94052184,0.58331406,0.297579,0.21765195,0
2.0568912,-0.1315212,0.14916623,-0.10938054,0
0.5001103,0.16924642,1.7418329,0.5068133,0
-0.7540033,-0.32237518,-0.7039884,0.7495476,1
-0.36136353,-0.09634041,-0.79358137,-0.9323027,1
1.00779,-0.5774463,-0.21788117,-1.0460894,0
-0.5685299,-0.6131572,-0.20786664,-1.0569899,1
0.32852453,1.5956742,0.28221112,1.5228297,0
0.39023623,1.0337288,1.7284609,1.961533,0
-1.3296568,-0.61538434,-1.5354189,-0.42466864,1
0.7531626,-0.21154441,0.615079,0.10279107,0
-0.64505064,-0.5695638,0.39682198,0.18886396,0
-0.65377086,-0.68613684,-1.8320186,-1.0097865,1
0.45624915,6.7297597,-0.3047484,-0.17741784,0
2.0860956,0.29246247,-0.01860796,-1.0890207,0
-0.23850286,0.50454944,-0.23774996,0.7487562,0
-0.42338663,-0.435949,-0.15681323,-0.73903775,1
-0.3736552,0.43331692,-1.0511029,-0.13611016,1
-1.6632526,0.26843578,-0.7095088,-0.90509075,1
1.060921,-0.64342505,0.42784446,-0.6992868,1
1.4846232,-0.39988688,-0.9058342,0.08550419,0
-0.24059764,-0.1754805,-0.053522423,1.9674864,0
0.37160873,-1.168237,-0.2940968,-1.1072965,0
2.425872,0.20238368,-1.0552223,-0.15325989,0
0.84173614,-0.44500026,-1.4974669,0.05815481,0
2.1327362,-0.109152704,-0.7281875,-0.9112195,0
0.104265764,-0.4086599,-0.009964228,-0.22531608,1
2.5153484,0.6752236,-0.80723137,-0.32012576,0
1.3378664,2.2095034,0.5603031,3.2345324,1
1.5305084,0.0796223,0.5113182,-0.41183057,1
0.3274011,0.16482788,-0.8672749,-0.9624443,0
-0.0039690733,-0.6598297,-0.44837815,-0.63993764,1
0.0296579,-0.04726488,0.04973369,0.32724348,0
-1.0177475,-0.38448697,-1.4785576,-0.9254574,1
1.1479471,-0.24472514,1.428831,-0.09578508,1
-1.2075386,0.4577214,-0.47795346,-0.26445562,0
-1.1271331,-0.55423075,-0.16673183,0.8448943,0
0.1691088,-0.12991287,-0.07973918,-0.24740814,0
-1.1530315,-0.5739824,-1.1387962,-0.41084355,1
-0.39703506,-0.3341151,-1.0477525,-0.9012514,0
0.29390058,0.5693505,-0.09998144,-0.6333004,1
0.9915981,-1.1556324,-0.0020292997,1.5303727,0
0.31532842,0.7442671,-0.18951213,1.4788923,1
0.033899352,-0.92004573,0.90411794,0.35560554,1
-0.5855871,0.14342214,-0.77384937,-0.53594947,1
0.8085751,-1.0210217,-0.9502203,-0.14938183,1
0.530051,-0.7883575,1.3826773,0.49672934,1
0.66695833,-0.4953748,0.1457324,-0.685156,0
1.4222673,0.5396676,0.0840562,-0.88992614,0
0.205359,-0.27403158,2.462473,0.7420765,0
-0.034355465,-0.35845673,-0.23049384,0.1040013,1
0.6221018,0.5761388,0.24866828,-0.12275496,1
2.130406,-0.32901335,0.3269924,-0.49093235,0
0.41526896,-0.8193273,-0.85499424,-0.9996662,1
-1.5029318,-0.70413053,-0.7348231,-1.0286814,0
-1.360708,-0.73080474,-1.0661732,-1.1421914,0
-1.004704,-0.14689419,0.5699288,1.065676,1
1.6171494,0.26192474,-0.02428858,0.13306355,0
-1.6411881,-0.97308457,-1.8380018,-0.9409684,0
0.5086558,-0.019513011,0.2964348,1.0353105,0
-1.4622891,-0.11729321,-0.9167213,-0.89870054,1
-0.8285659,-0.33560625,0.55635095,-0.67686665,0
0.9286725,-0.72679144,0.5143275,-0.0231551,0
0.22531572,-0.95854795,-0.34211093,1.476017,1
0.3690606,1.8287165,0.5898153,1.5041318,0
-1.3014938,-0.41242254,-1.1877171,-0.6069824,0
0.7043147,1.7388479,-0.65232575,0.98018515,0
-1.0817881,0.30669978,-0.8475954,-0.3563903,0
-0.97717637,-0.09567744,0.14328688,1.6113621,0
0.5984132,-0.31204143,-0.8205609,-0.78012043,0
-0.24472243,0.14385787,0.27398688,-0.07407723,0
-0.22942728,0.5397464,-0.5720836,2.0214083,1
1.2031198,2.5441105,4.6162987,6.3516207,1
0.40658385,0.23810434,0.16264811,-0.19753072,0
0.7626396,0.17428026,-1.1227294,0.99939656,0
1.0049698,0.025315464,0.2711139,-0.9960036,0
0.8673672,0.61631095,1.5280402,0.5382048,1
0.31175765,1.3923347,-0.04110948,-0.44367132,0
0.98425114,-0.27042177,-0.16893333,-0.8503602,0
-1.1976956,1.051576,-0.73230934,-0.65520155,0
-0.39302182,0.53874373,0.0022511259,0.6887836,0
0.17480198,-0.14580783,-0.086978994,-1.0957719,1
-0.23445624,-0.37374023,-0.042352345,-0.02239183,1
0.24708559,-0.6125843,-1.0673516,-0.8162662,0
-0.29670653,-0.19807434,-0.56644547,-0.5788545,0
0.0648416,-1.0006628,-1.637896,-0.75413126,1
-1.2030673,-0.4491991,-0.79754263,-0.5137588,1
-0.27977198,-0.426221,2.0785806,-0.8101904,1
-0.20526092,0.21143697,0.12818038,-0.58910364,0
0.09976368,-0.4429639,-0.18389589,0.15710424,0
-0.8953234,0.21905193,0.9349052,2.711636,1
1.01555,-0.0985674,-0.3390805,0.93639106,0
1.1101587,-0.43463644,-0.4076008,0.8699777,0
0.6905533,1.047869,1.4832655,0.90871406,0
-1.4383276,-0.5948683,-0.6562736,-0.8053753,0
-0.5976704,0.6035415,-0.40092924,-0.5006984,0
0.5357716,-0.53098416,-0.58791465,-0.024633603,1
-2.0369747,0.21677767,-0.3960032,-0.023872253,1
-1.2499385,0.047690272,-0.49929613,-0.15134794,1
-0.17489162,-0.3312279,-0.0065160766,0.68892354,1
-0.9880292,0.6085845,0.19534913,0.7705563,0
-1.4679135,-0.355469,-0.96686053,-0.59674215,0
1.3231221,-0.45553714,0.1390731,-0.91354823,0
-0.9942868,-1.1220092,-0.9648199,-0.7517952,1
-0.8582401,-0.69892085,-1.3107531,-1.0903181,1
-1.6379459,-0.15371093,0.14931351,0.6315477,1
-0.12437102,0.43460616,1.4076985,0.3928598,0
-1.1078284,-0.42371482,-1.1402261,-0.6702274,1
-0.31725806,0.26871026,0.22618745,-0.42006266,0
-0.07070526,0.1647731,-0.82215476,0.18052748,1
-0.5391273,-0.6170146,-0.15150729,-0.055589877,0
1.9476367,-0.5456846,-0.7167188,-0.84799147,1
-0.27023494,0.1319159,-0.4821866,-0.822713,1
-1.0278106,-0.7706031,-0.23330258,-0.40038455,1
-0.6437479,0.17914206,0.0871585,-0.95288396,1
0.51283413,1.3546838,-0.15182844,-0.67727554,0
-0.21338302,0.1169939,-0.43749085,-0.46664673,0
-1.4443804,-0.53870696,-0.76970255,-0.9849207,1
-1.4916193,-0.68295044,-1.7531592,-0.7381301,1
-0.1821852,-0.21389624,-1.525181,-0.42221704,1
1.8153696,-0.50289315,-0.8467356,-0.36739126,0
0.9304152,1.1295389,1.461025,1.0712075,0
-0.00035350025,-0.5825459,0.27576438,-0.8710182,0
0.34217304,0.7644939,0.5615863,1.5407431,1
-0.28655058,-0.17967501,0.28906304,-0.8545539,0
-0.518528,-0.5179343,-0.79544765,-0.8864263,1
0.3310695,-0.7280425,-0.4425413,-0.12506942,1
0.8775288,1.0720863,-0.41277683,0.6893318,0
0.029334266,-0.13339052,0.6056422,0.07543263,0
-0.08246741,0.023068696,2.3553777,-0.80497026,1
-0.3015619,-0.39908522,0.028538994,-0.39663038,0
1.0780892,0.77015626,0.8882019,0.50315017,0
1.6618308,3.4662588,0.4547263,0.30049035,0
1.9115356,-1.0613756,1.5898263,-0.15042052,0
0.093730904,0.16644731,-0.67133486,1.3733752,0
-0.26253805,2.1364064,1.9907398,0.5032575,1
-0.9648892,-0.7051814,0.9595575,-0.25951454,1
1.2411442,0.21374094,0.39988464,-0.87312615,0
-0.41429052,0.69968516,1.4861505,-0.054250058,1
0.7561831,0.10439068,1.0366956,0.65350306,1
1.2002655,0.44037622,-0.44109142,0.00055035204,0
-1.7232943,-0.15824947,1.3813475,-1.3440481,1
-1.3055921,-0.8480263,-1.158211,-0.8161734,1
0.38581985,1.9381261,-0.43494922,0.17003413,0
0.5832207,-0.3086196,0.73516846,-0.10056454,0
-0.56720614,1.0527939,-0.77654296,-0.280893,0
-0.51958776,-0.87419343,-0.85428154,-0.95793104,1
1.5556475,-0.42828655,-0.17815548,0.18723656,1
0.3662202,0.04028727,0.4924821,0.94219726,1
-1.5354403,-0.14335564,-0.33285642,0.17276879,0
-0.79369974,-0.3100152,-1.4422567,-0.7914074,0
-0.96471083,-0.5015797,-1.5824692,-0.9662397,1
2.3837876,0.28257024,0.045460388,-0.4321972,1
-1.465327,-0.79702497,-0.55994195,-1.0988951,1
-0.6711746,0.012912179,1.4050977,0.533454,1
-0.6043692,0.008149378,-0.4380473,0.55738974,0
-0.66940874,-0.8724104,-0.030389369,0.042845655,1
-0.19064711,3.5338254,-0.39028987,-1.4202988,0
1.9603715,0.39928097,-0.49090374,-0.13776915,0
0.3680938,-0.34771135,-1.0609221,-0.2007723,1
0.72203624,-0.35915834,-1.523593,-0.70605737,0
-0.84302,-0.4701532,-1.3577287,-0.97737795,1
-0.44885832,-0.09181374,-0.76148474,0.6718231,1
-0.89801407,0.2936609,3.2141013,6.817607,1
0.69286346,-0.944858,0.868253,-0.51284015,0
-1.0642498,-0.42216343,-0.8187498,-1.0460954,1
0.074204594,-0.5232419,-0.75886905,-0.1245441,1
-0.75900024,-0.5055349,-0.8792501,0.31654286,1
0.095004715,-1.3276501,1.0558523,-0.26232415,1
-0.11809014,0.5280912,-0.85163414,0.2560346,1
1.6530751,0.3548397,-0.25383368,0.32200107,0
1.6995748,-0.29743612,-0.24780822,-0.1354322,0
-1.187744,-0.0704162,-0.32427508,-0.27346402,1
-0.69267386,0.6250624,0.28144032,1.0050877,0
-0.45775497,-0.050993323,1.2957078,0.024654884,1
0.903368,0.58410543,-0.08913034,-0.19612387,0
-0.53035176,-0.5416715,-1.1884856,-1.2046611,1
0.85177433,0.42088524,0.5395776,0.054619443,1
-0.08302347,0.47442347,1.6194699,0.8882993,0
-0.8532842,-0.2052737,0.11305586,0.3961711,1
0.11638093,-0.14956915,0.50162715,-0.91619074,0
0.9397383,-0.90286595,-0.83849186,-0.5855068,1
0.54834425,-0.06760116,3.6947987,0.49975732,1
-0.75999355,-0.7749657,-0.9351461,-0.6279614,1
0.7238755,-0.94224393,-1.1983659,-1.1907933,1
2.2066996,-0.3191457,-0.2826759,0.03507444,0
-0.22641028,-0.021615125,0.6478065,0.6736877,0
-0.7390399,-0.38706425,-0.165596,-0.99235225,1
-0.054187432,-0.96870756,-0.87838876,-0.5753447,1
-1.0615246,-0.58093303,0.23506743,-0.6424974,1
-1.0300988,-1.0774341,0.11641956,1.9075415,1
-1.8031062,-0.7659961,-1.7441782,-0.74643093,0
-0.24410915,-0.35610834,-1.4283463,-0.7570784,1
0.18671703,-0.36037087,-0.41526902,-0.85965943,1
-0.2030972,1.5842125,-0.39646158,-0.10749565,0
-0.6461953,-0.30893892,0.84344053,-0.004417315,1
-0.97724247,1.557718,0.4901972,2.109035,1
0.3463152,0.91544557,2.2054327,0.15734117,0
-1.0091718,0.24192283,-1.4799926,-1.175374,0
0.46360075,-0.37946254,-1.044054,-0.9606538,1
1.7836131,-0.6219537,0.8182663,-0.7924033,0
1.4696133,-0.23411791,0.40057802,-0.1599758,0
0.835788,-0.82433444,-1.2100027,-0.40128672,1
-1.703874,-0.565195,-0.382535,-0.7841863,1
0.50082624,0.24323851,-1.1536633,-0.3358111,1
-0.76269495,0.36474434,-0.44463485,2.3855321,1
-0.23112106,0.8877675,0.75993407,0.8839927,1
-0.279284,-0.3904386,0.15343243,0.017650474,0
-0.59188175,0.3025499,-0.8086744,0.16130856,1
2.1229343,-0.20317805,-0.26371604,-0.9308503,0
-0.19993213,0.62550646,0.23865794,0.9603733,0
1.7479358,1.2663548,0.6402134,1.7311217,1
1.1822671,-0.5235617,-0.016880624,-0.13187352,1
0.82836473,0.1411576,-0.07594004,-1.0007113,0
-0.5827309,-0.82401466,-0.92086935,-0.9684389,1
0.79627615,0.9296059,0.5172442,0.89007986,0
-1.491688,-0.8095684,-1.3362644,-0.52083015,1
-0.102934025,0.6251405,1.3804996,0.5390397,0
0.7064346,-0.14215675,0.12304201,-1.0459877,0
-1.4748471,-0.8948327,-0.97172165,-0.46500823,0
1.2357417,-0.667978,-1.5078956,-0.72195244,1
0.38646656,1.3201215,1.0701624,0.027476337,0
0.20964044,-0.066235654,0.37048796,0.19208716,0
-1.8570712,-0.38833648,0.8870993,1.5522699,1
-0.8958381,-0.7518001,-1.477043,-1.1528064,0
-0.07447754,0.55890834,-0.47727838,-0.11274189,1
1.0870867,0.07724355,-0.5164031,0.69816905,0
-1.2593657,-0.12673229,-1.0163858,0.876572,1
-1.2172151,-0.85964096,-1.3400536,-0.7580446,1
1.2905239,-0.484658,0.31663293,0.18892555,0
0.57523066,-0.009509444,-0.5344123,-0.3378266,0
-1.4683454,-0.6506859,0.9181931,-1.0836532,0
-1.4265025,-0.23832494,-1.01975,-0.6669642,1
0.8392929,-0.27263096,0.16944426,-0.09587698,0
0.19604981,0.2953126,-0.7920626,-0.20501962,1
-1.6637233,1.0235674,0.28514707,-0.8621917,0
1.2546277,0.42590863,-1.4103917,-0.99929875,0
0.22702245,-0.4165691,-0.5555183,-0.57565176,1
0.49656838,-0.39558375,-0.49869752,0.30332696,1
-1.4861379,-0.47331697,1.3144783,-1.0934486,1
0.47572932,-0.48279098,1.1831124,0.26985818,1
2.2764764,-0.34154746,0.53006303,1.72622,1
1.886613,-0.10903742,1.6087234,-0.23394765,0
0.042791262,-0.11877784,-0.73568434,0.10577938,1
-1.2079029,0.6203086,0.3044043,-0.3130056,0
-0.73533195,0.038456514,0.06104768,-0.10273802,0
-1.4739839,-0.5020821,-0.8714203,0.19234046,0
-0.82268286,0.8984471,-0.50315815,0.043988984,0
-0.94719493,-0.3911385,-1.9908037,-0.8066498,0
0.8116854,2.1749313,-0.56263673,0.84712553,0
0.75378203,0.58385533,0.28175429,0.32361564,0
0.9709218,-0.43005857,-0.41741318,0.5478497,0
1.3857979,-0.2829547,1.6050818,0.08605923,0
0.0849854,-0.24878633,0.26970083,-0.11606404,0
-0.5628129,-0.9160999,-1.0883328,0.14508939,0
-0.59617835,-0.29885542,-1.3210126,-0.77888566,1
-0.022466991,0.94328755,-0.015693933,0.6698751,0
1.2915566,0.5427917,-0.1525118,-1.0027148,0
1.6959951,0.32438433,-0.16559638,1.6211426,0
-1.0330495,0.23064086,-0.4089313,-0.19581811,0
-0.13335252,-0.45810187,-0.15365155,0.6324859,1
0.8001512,0.66989946,-1.1038041,-0.85723335,0
0.061412714,-0.29416156,0.8792082,-0.5924864,1
1.1868072,-0.38491288,1.189745,0.68357384,1
-0.97133994,-0.6116924,-1.090821,-0.6345268,0
0.038687848,0.934787,1.649849,0.50523126,0
0.23130557,-0.22182763,-0.85018283,0.04807434,1
-1.1496617,-0.61252016,-1.2813505,-0.94466126,1
1.8228031,0.34391892,-0.61274785,-0.33189616,0
0.018199414,-0.6897926,-1.6988703,-0.77860487,1
-0.06865227,-0.15545408,-0.8736317,-0.6262545,1
-0.7414044,0.012494221,0.51128584,0.04293635,0
0.0861464,1.3344338,1.4216883,-0.5431526,0
-0.33319983,0.61507344,-0.31444937,0.00456059,1
0.57299817,1.2997988,-0.2677346,0.43691453,1
-0.7366888,0.3287512,0.14031625,1.7377038,0
-1.1348034,-0.7457476,0.27648324,0.55166835,0
-1.5217987,2.5484626,-0.16995233,2.174201,1
-0.75943255,-0.547999,0.2347647,0.7587176,0
-1.3660915,-0.32660544,-0.9350531,-0.529413,1
0.18176517,-0.688184,1.2398465,-0.96042967,1
0.11529762,-0.4568544,-0.123153225,0.27709377,1
-0.49539262,-0.045966744,-1.819503,-0.3526212,1
1.2917367,0.6775981,0.28050148,0.6102786,0
3.0223508,-0.24215981,-0.09011406,0.8656737,1
-0.8629128,-0.42866832,-1.0798409,-0.95791376,1
-0.20143694,-0.87342453,0.99754655,0.6634583,1
-0.009871781,-0.2820835,-0.5521806,0.14027314,1
-0.22470026,-0.8668069,-0.714231,-0.16133942,1
-1.1464509,0.1199838,1.0544244,-0.30419722,1
2.1838233,-0.96639127,-1.307254,-0.558968,0
-1.3836898,-0.66807765,-1.3857183,-0.91955656,1
0.2422398,-0.33369744,-0.21608272,0.24292068,1
-1.0258325,0.473768,3.1775227,3.9856367,1
1.3067014,-0.10233256,-1.1907642,-0.045230024,1
0.28694874,0.5574944,0.54526913,0.6766731,0
-0.8605417,0.042118512,0.08348169,0.48246926,0
-0.5898218,0.32716104,-0.09306069,-0.7347634,1
1.1327645,1.456719,0.05823633,-1.0582421,0
-1.1868701,-0.5147368,-0.76191354,-0.7689416,0
0.692832,-0.2876504,0.9423446,-0.185931,0
-0.22794642,-0.119230345,-1.9342612,-1.0220258,1
-0.22306536,0.26527646,0.8423736,1.1026883,1
0.5074948,0.5909415,2.030954,0.77576286,1
1.0251484,0.4768614,-0.14317828,-0.15133922,0
-0.3683988,0.2794342,-0.4671833,-1.0328685,1
0.6919119,0.76321566,-0.36768833,-0.35776377,0
-0.9247298,-0.03541988,-0.3689632,0.44662476,1
2.336475,-0.41388354,2.8341951,-1.0718055,0
0.64037883,-0.081057556,0.6625035,-0.13021453,1
-1.3960024,-0.2790107,-1.1299956,-0.96230793,0
-1.4015038,-0.66225797,-0.55268985,-0.266733,1
-0.5648359,0.060936738,-0.114697576,0.096591234,1
0.37763155,-0.0009368658,1.1017511,-0.1815995,1
-0.76328593,-0.7050657,-0.9782898,-0.8451375,0
-0.93463457,1.9302487,0.85225713,1.0770471,0
-0.2645543,-0.2640828,0.31869775,-0.12530887,1
0.71211547,0.9432405,2.2275496,0.678251,1
0.66384625,-0.2883867,-0.56418794,-0.024353903,1
-1.6759473,-0.6170875,-0.9517758,0.10920574,1
-0.047008127,-0.08091855,-0.20654908,-1.1434976,1
0.094606005,-0.73388344,-0.8158333,-0.09993768,0
0.19290183,-0.57619125,-0.5978278,0.06894167,0
1.2911401,-0.045845807,-0.10855539,0.35257238,1
0.6019546,-0.0016118214,-0.67746973,-0.83678037,1
0.16746034,0.22181578,-0.9594935,-1.0172853,0
-0.51625544,0.11138943,0.8407123,0.6348685,0
-1.0293087,-0.33265328,-0.5554011,-0.9099351,0
0.8280993,-1.0896815,1.3506403,-1.0325162,0
-0.24019797,-0.33421847,1.8176514,-0.45216516,0
0.19003886,-0.22813441,0.71957844,1.6098347,0
0.24820483,-0.5466042,-0.55830383,-0.032678805,1
-0.722681,-0.18538383,1.0787704,-0.14948004,1
-0.61008596,-0.14863819,0.8763602,-0.09663642,1
0.7365601,-0.06805375,-0.81007826,1.1812478,0
-0.8413453,0.5451666,-1.3908851,0.2959375,1
-0.23917323,-0.15074113,-0.9631398,0.28332198,1
-1.4958603,-1.035778,-0.022161044,0.66073036,1
-0.6671279,-0.46917382,0.17760494,1.5504208,1
-0.4183759,0.31408483,-0.39520532,0.8361932,0
0.072726175,1.0409657,0.30246553,0.8794614,1
0.81064594,-0.33274,0.0070727766,0.90637475,0
-0.97503436,-0.44595253,-1.0935426,-0.70939755,0
-0.054061815,-0.23890387,0.3148145,-0.046339717,0
-0.3205197,0.12047917,2.8949883,-0.02455087,1
3.3331072,1.3336352,1.4294327,-0.95023924,1
0.8916585,1.6421015,1.0572901,3.4411204,0
2.8450985,0.72065717,0.43187422,0.35545376,1
0.7481013,-0.5554936,0.9306602,1.1685497,1
-0.33174372,-0.40007204,-1.0860184,-0.8477665,0
0.4482161,0.82454115,0.33704415,-0.4228139,0
-0.7098451,-0.43973413,0.92722297,0.66409916,1
-1.313541,-0.25287935,-1.1028222,-0.93390113,0
-1.730038,-0.71064174,-0.9861895,-0.63685673,1
0.24237795,-0.546783,0.023654565,-0.24262384,1
0.8634317,-0.1449315,-0.23040226,-0.5197088,1
0.19309627,-0.024744421,-0.89255476,-0.68861884,0
1.0991864,0.7658998,0.5300546,0.81156576,0
0.47257185,0.15812922,-0.14723223,-1.0386904,0
1.2524772,0.0134702325,0.69373053,-0.059999056,0
0.32074732,2.2170656,0.20225522,0.4770818,0
0.7428086,1.4341341,0.21490926,0.8512682,1
0.48008642,-0.23674679,-0.6447139,-0.12268315,0
-0.70513356,0.02172289,0.27694112,-0.6085388,0
-0.952757,-0.4257903,-0.29991758,0.49409723,0
-1.446722,-0.038309306,1.4315085,-0.23232357,1
-1.3554261,-0.51415515,-1.1330742,-1.0266359,1
-0.3094869,1.782537,-0.62411344,-0.40005526,0
-0.86313146,-0.21087357,0.43160498,-0.96764314,0
-1.1887931,0.024619363,-1.1073555,-0.6071019,0
0.9065601,4.9045606,0.121821865,2.3142452,0
2.0051568,1.3871206,-0.6851257,2.7055957,1
0.4757557,1.7181035,1.8451425,-0.25148404,0
-1.3126655,-0.4023744,-0.780444,-0.78231084,1
-1.5070153,-0.8332506,-0.7304252,-0.5788417,0
0.34345052,-0.3315146,0.40840715,-0.2972012,0
-1.6509148,0.075246796,-1.1852225,-0.415858,1
0.3195999,0.53349996,0.2795522,-0.767464,1
0.92037255,0.072735354,-0.3250128,-0.78102976,0
0.0026134104,-0.53416586,0.38879734,1.155823,1
-0.9492995,-0.25840157,0.6453421,-1.2991372,0
-0.9670849,-0.47989237,0.9583179,-0.99728596,1
-0.093050554,-0.6735917,-0.16325888,-0.27855352,1
0.6095714,-0.2134926,-0.67434824,0.6520419,1
1.3750552,-0.10629655,0.7905668,0.6514031,0
1.5938215,-0.18398279,-0.4993441,-0.20624658,1
-0.57984114,-0.6295198,-0.8103756,0.18158811,1
-1.2762518,-0.5125275,0.31314877,-0.8969401,0
0.3686921,1.1953206,2.5375602,1.7373692,0
-1.6162858,-0.15964545,-0.11192609,-0.8706323,1
-1.6459259,-0.6998223,-0.7417858,-0.7691201,1
-0.53192216,-0.08182725,0.53668505,0.7728147,0
-0.02928564,1.5873709,-0.20947617,0.4998836,0
-0.5204371,-0.887097,-0.662079,-0.72662234,0
1.0626004,1.5466615,0.72673905,0.5945864,0
1.1276248,-0.79635394,-1.1318146,-0.6939906,1
-0.054612994,-0.20404185,0.016203612,0.89606464,1
0.6019829,-0.9045597,1.7010165,1.1612809,1
3.0938852,-1.3710938,-1.1344236,-1.1180007,0
-1.4737369,-1.0957571,-0.8292504,-1.0437354,1
-1.1133621,0.1261299,-0.6998218,-0.8410758,0
-0.11324951,-0.229948,0.66082716,0.08007695,1
1.0263333,-0.20701917,-1.7477562,-0.8581839,1
1.9835216,-0.68050945,-0.17230836,-1.0824747,0
-0.9154143,0.6686403,-0.8617347,-0.14368564,1
-0.18332632,-0.2905771,-0.38793305,0.92480755,1
-0.8599317,0.12166819,0.10180669,-0.2813713,0
2.631966,-0.3138941,0.73712665,2.2278569,0
-0.34504876,0.09093034,-0.43682262,-0.8441502,1
0.7010199,-0.49658012,0.36225995,0.5069131,0
-0.1178791,0.16290934,-0.26640728,-0.11208911,0
0.9855076,-0.9403261,-0.18340605,-0.86683667,1
