V1,V2,V3,V4,V5,Class
-0.63878524,-1.0615379,-0.47765326,1.0675927,2.7695308,2
0.69623524,0.60861874,-0.31127056,1.3804126,-0.92787176,1
-0.14451268,1.863827,-1.3992242,-0.13996638,-0.5930137,1
1.9935076,-1.712525,-0.52907944,-0.48207802,-0.012222469,1
0.12451474,0.3181185,0.5775787,0.008792087,0.90473634,2
-0.3644042,0.13624232,0.58900654,1.2884582,-1.0401304,2
2.9215066,-1.5637264,0.44642282,-0.27511975,-0.6677866,1
-0.52849996,-0.38544488,0.35245112,0.6527445,-0.7070344,2
-0.24471706,-0.18124485,0.6028235,-1.3337275,2.0151808,2
-0.6956842,0.24553081,0.4490825,1.9475185,-1.0342057,2
-0.25421032,-0.37898803,-0.040103205,1.0584248,-1.5210147,2
-0.8913206,-1.0089295,-0.4524714,1.5169718,-0.29674965,1
-0.73264825,-0.1222471,-0.4842069,0.2716408,1.0280149,1
-0.9919049,-0.9354776,-0.47015062,-1.257379,1.3841413,2
-0.27081108,-0.76967627,1.3750284,-1.5606517,-0.2534503,2
0.0708444,2.3205698,-1.6696932,-1.1609104,-0.39716,1
-0.5596522,-0.8208075,-0.51515627,0.3229171,-0.19311598,2
1.5483928,0.2005471,-1.039203,-0.43794987,-0.00811497,1
-0.2700108,-1.2082661,0.9217172,0.43013102,0.97306824,2
-1.0095935,-0.82412124,-0.18223578,1.4779294,-1.3474218,1
-0.59898937,-0.37831688,0.73617095,0.9796399,2.2934248,2
-0.07228562,-0.6666605,0.6510154,1.0109267,0.9848769,1
0.93382347,0.9766828,-0.14652319,0.4115988,1.2305667,1
-0.4838842,-0.7653599,-0.02382283,0.504961,1.3934906,2
-0.94895446,-0.81213444,0.2259778,0.53092766,0.24578412,1
-0.9350782,-0.5361884,2.0294623,-1.8978174,-0.742469,2
0.008732837,0.11334327,1.5551279,0.71109945,-0.60009974,2
1.2208472,0.72352844,-1.2261992,-0.7679168,-0.03610228,1
-0.28168982,0.40014392,0.35760877,1.3944257,-1.0909369,2
-0.14650087,-0.123613715,1.4407527,0.54645383,1.1720612,2
1.2342073,0.07041804,-0.6559051,-0.8385557,-0.93099993,1
-1.4861625,0.92140776,0.12428686,-1.2295821,-0.42258555,1
-0.12186945,1.3016906,-0.4946553,-0.03669192,-0.38997212,1
-0.5568052,-0.054204144,-0.6020783,1.2026459,0.8525679,2
-0.8538273,-0.6692717,0.12742352,-1.1192735,1.9722317,2
0.16421747,1.9727618,0.6270757,0.25086746,0.5973284,2
-0.13019599,0.21359634,1.3967339,-1.0434463,-0.44100624,1
-0.28921515,-0.5232735,0.09763105,-1.8669283,3.5856452,2
1.0197208,0.42141724,-0.5398833,-0.051977023,-0.29925984,1
-0.5487173,0.06124361,-0.026701083,-1.1940473,-0.17833409,2
-1.187246,-0.7960202,-0.21062669,1.6389849,-2.2347062,2
0.5601541,1.1594305,-1.2079223,-0.13668351,-0.6678933,1
3.3770752,-0.5507656,-1.0013007,-0.5953518,-0.5634912,1
-0.7060205,1.2280041,-0.02482318,-0.17367196,-0.6372717,2
-0.9655241,-0.38848376,0.5012912,1.3814938,-0.18541342,1
-0.7102184,-0.58706385,-0.29907155,0.7405212,-0.21891597,2
-0.3497388,0.6084502,1.4908957,-1.3722103,0.54320127,1
-0.55737644,-0.93275404,0.47759634,1.7682859,-0.09630406,2
-0.5531552,-0.12837966,1.7551694,-1.5152667,-0.03985201,1
-0.4345885,-0.95221657,-0.6861596,-1.2825242,1.85748,1
0.14476874,2.0655668,-1.6646615,-0.32868016,-0.43369198,1
-0.72735,0.081949845,1.088764,-1.5452619,0.80419743,1
1.9852777,1.0143352,-1.4570128,0.60340226,-0.6941218,1
-0.4228079,-0.7269686,-0.54254085,0.36516243,-0.24161802,1
-0.73657215,-0.37698752,1.5800791,0.28696004,0.7077919,2
0.0149188675,-0.32878768,0.6736152,0.61707157,2.5755067,2
-0.6315315,-0.3242886,2.7580714,-1.4541912,-0.5350354,1
1.9126679,-0.23066342,-0.65169454,-0.965759,-0.48394048,1
0.11158174,-0.6664127,1.0201067,0.8144725,2.0455909,2
-0.6894805,0.22205888,2.1048923,-1.1823392,-0.65055174,1
-0.8020965,-0.7541292,-0.2979938,1.638438,-1.1963011,2
2.5783281,-0.740498,-1.145026,-0.4471931,-0.040948197,1
-0.06566979,2.6685684,-1.740181,0.46229064,0.52792555,2
0.26581317,0.70281225,-1.580162,-1.1933446,2.5835052,1
-0.5316173,-0.30933604,1.6621063,-1.4742894,1.9319932,2
0.61195153,1.4107596,0.13981105,-1.4183254,0.19143486,2
1.4426973,-0.77599347,-1.1621753,-0.7026838,-0.2496817,1
-0.35882545,1.6972498,-1.9226605,-1.2706916,1.7774003,1
-0.24165863,0.62707514,-0.2835391,-0.110451624,-0.27180842,1
-0.74353576,-0.70427394,-0.18301848,-1.0737267,1.7358131,2
-0.5697046,0.8092011,-0.16283421,-1.1566523,-0.46074006,1
1.2288408,-0.30893955,0.44882518,1.3401757,-1.0528092,1
-0.8794757,-1.1296556,-0.33653757,1.8549298,-0.7936618,2
-0.5175043,0.32169905,0.35048038,0.05478727,-1.0222521,1
-0.65435916,0.017374933,-2.1295478,-1.0295424,0.06870906,1
-0.9508953,-0.9662204,-0.5553573,0.116084896,1.7656105,1
-0.7252279,0.0375295,0.90635514,-1.8365397,2.1648934,2
-0.55837137,-1.1634814,-1.0351528,0.8835652,2.486539,2
0.2859013,1.2716814,-1.7318151,-0.3610559,0.03941235,1
-0.35555634,1.8984612,-1.6381273,1.009924,-1.0801789,1
0.44028285,1.097312,1.3133,-1.3112322,-0.71186256,2
-0.6957592,-0.9913689,-0.06373809,1.7433319,0.0024605691,1
0.47049594,-0.7303818,0.93272966,0.3486154,-0.9068672,2
-0.14020075,-0.17931801,1.140728,-1.2860435,-0.2315505,2
-0.6521727,-0.6943911,-0.16831881,1.4854708,-1.541565,2
-0.72809064,-1.1159011,-0.34809172,1.7422247,-1.5903535,1
-0.53228873,-0.09155795,1.2583737,-1.1830738,-0.73429924,1
-0.08067328,0.11611183,0.7154909,-1.40496,2.4362595,2
0.10417187,2.4988976,-1.7492094,0.39647192,0.13852979,1
0.60213256,0.4613344,-0.30484727,-0.83745784,2.2784653,1
-0.9640556,-1.6674962,-0.97614354,-1.2321815,1.4470465,2
-0.59566057,-0.983032,-0.6868875,1.8410932,-1.2449567,2
-0.8936428,-0.5634276,0.1337166,1.2598585,0.7452059,2
-0.8306641,-0.17123652,1.5786554,-1.4559643,-0.4504934,1
-0.14394185,1.9965748,-1.5870104,-0.8317822,-0.59526944,1
-0.6094525,-0.8129276,0.2430577,1.3574998,2.5445192,2
2.526928,-0.5601136,-0.81989145,-0.82598305,-0.14589733,1
-0.21499254,-0.8896142,0.023637388,0.63428056,-0.23032688,2
-0.105888024,1.8305833,-1.4673319,-0.7426337,1.464392,1
-0.40657026,-0.14047241,1.382343,-1.234453,-0.5873123,1
-0.7612909,-0.47275063,2.0631764,-1.3757176,0.18744361,1
-0.7791361,-1.6387421,-2.1788962,-2.0145915,-1.597764,2
-0.9449562,-0.8303958,1.7198678,0.44539556,0.85066426,1
-0.04397355,1.9614412,-0.16362986,0.535076,1.0627068,2
1.6706871,-0.31242672,-0.89884067,-0.61260337,-0.34349683,1
-0.99286515,0.53574204,-0.089021266,-0.2778082,0.18104845,1
0.052968234,1.9982026,-1.6914368,-0.4778724,0.4224932,1
-0.8406166,-0.78866994,-1.6953592,-2.0859551,-0.17968856,2
-1.1307676,0.34722358,1.7074075,-1.4747393,-0.24915329,1
-0.224682,1.820003,0.6734429,0.29606664,-0.899642,1
-0.5399135,-0.9773227,-0.1712253,-0.9772006,0.06347075,1
0.42889947,-0.4842546,-1.1456808,-0.879033,-0.33607176,1
-0.3350283,-0.22811866,1.2358221,-1.504092,0.89713603,2
-0.06444962,0.83512187,-1.192327,-0.2822076,-0.6417735,1
-0.45044172,-0.22916377,-0.20751601,0.66081774,1.1020612,2
-0.6329488,-0.46504593,1.8046961,0.70662177,1.2590313,2
-0.6851806,-0.8475462,-0.059944272,0.83237875,0.122174814,2
-0.73077863,-0.99734944,-1.8002198,-2.109501,1.1899488,2
-0.25170523,2.4726899,-1.4349501,-1.1678622,-0.8701851,1
-0.523835,-0.67804277,-1.7134025,-1.8273252,1.7766399,2
-0.3774565,0.46992642,1.0199981,0.6451361,-0.09096329,1
2.7234657,-1.286813,-0.791244,-0.543683,0.009907229,1
-0.84503025,-0.8277522,-0.2206731,0.39998388,-0.21837205,1
-0.60189635,-0.5759667,0.23265089,1.9535189,-1.5668317,2
-0.07782829,-0.7899525,1.2932333,0.811111,2.0668926,2
-1.11269,-1.1836705,-0.708915,-1.2119893,0.02672176,1
-1.4479821,-2.3869627,-1.3707154,-0.68302536,-0.1747514,1
0.91872245,1.7052504,-1.6022117,-0.5385512,-0.1225829,1
-0.60442257,-0.39203596,0.112880275,-1.3374293,-0.46362096,2
-0.73276275,0.23668341,2.0300262,-1.7090986,0.02328211,1
-0.6824064,-0.7110338,-0.042560138,0.052371234,-0.20367332,2
-0.2335638,-0.4938717,0.6035119,1.039638,0.92346025,2
-0.55921,0.58384156,0.09422274,-0.019626006,-0.6805231,1
-0.5837587,-0.9579962,0.5485687,0.98525715,1.0180295,1
-0.70449567,-0.8516238,0.075372145,0.90845156,2.6965513,2
-0.7696994,-0.10890505,-0.44016147,0.6128077,-0.5709139,2
-0.36477447,2.2190907,-0.17801261,0.15691988,0.95110714,2
-0.92945206,-0.21043825,1.4869194,-1.9087888,-0.6672322,1
-0.44355583,1.4701324,-1.5874317,-0.87664104,-0.36406285,1
-0.26880288,0.1642783,0.7629882,1.4290887,-0.9078136,2
-0.17549671,0.4993124,0.17485704,0.26625463,1.7110089,1
1.2099105,0.8640195,-0.796897,-0.23990111,-0.12064953,1
-0.23560657,-0.22612739,0.45616105,0.6155676,2.556185,2
0.37803563,-1.0731411,0.42710868,0.7393658,1.660608,2
-1.0384023,-0.8432197,-0.07056851,0.4703692,0.29627377,2
-0.5591925,-0.7682931,1.4669535,0.45333114,1.017484,2
-0.7297708,-0.21153784,0.8921,0.59520704,-1.2461176,2
-0.5936011,-0.6434597,-0.5088549,0.57453555,-0.38497162,1
-0.11613502,2.9046445,-1.5769074,-0.7744635,-0.22336338,1
0.34437865,0.08862342,0.7269902,0.10299075,1.2315868,2
2.7169988,-1.493284,-1.356315,-0.425524,-0.17331699,1
-0.45189402,-0.42746657,1.7718437,-1.2256682,-0.83086324,1
0.26588467,1.4721193,-1.3061385,-0.7846393,-0.35737354,1
-0.62718815,-1.2562459,0.3664068,-1.6967633,3.4773903,2
-0.36595187,-1.3081704,-0.07772817,0.92956895,1.1656867,2
-0.5438462,-0.36386377,1.590371,0.78466594,-0.28750283,2
-0.5543146,-0.74309015,1.3417712,-1.1659737,-0.08978168,2
-0.5430128,-0.28325105,0.111604154,1.2446187,1.9341526,2
3.0404153,-0.9253832,-1.6017106,-0.4274559,-0.35263133,1
0.86637527,0.3444981,0.876486,-1.0568657,-0.29174685,2
0.5968656,1.5789292,0.2607459,-1.1076614,-0.5581986,2
0.5611347,1.3795993,0.9866246,-0.6818614,-0.29298443,2
0.73389924,0.58162355,-0.42396796,0.23357187,-0.64544547,1
1.3945067,-0.3833526,-1.1504183,-0.23061517,-0.20550111,1
2.161837,-0.880448,-0.6404831,-0.41404617,-0.09703605,1
-0.52346134,-0.5038744,0.014039756,0.60106164,0.9649321,2
1.6547718,-0.92276096,-0.81642854,-0.53713906,-0.11759812,1
-0.7197691,-0.941987,0.07224403,0.5194877,1.3047662,1
-0.16220175,1.42411,1.3441678,-1.2988774,-0.5691011,2
-0.78729486,0.16240537,0.8955452,-1.1461136,-0.3870504,1
-0.9291662,-0.80779445,0.06500756,0.27143878,-0.18240884,2
1.8409861,1.74969,-1.3237815,-0.9999715,-0.13237016,1
-0.0682562,-0.8028292,0.6978357,1.6823556,-0.88430715,1
-0.18523009,0.2761124,0.8322953,0.08637072,-0.68389046,1
0.5264473,0.03541074,-1.3275056,-0.9371047,-0.087502435,1
-0.81771797,0.5283166,-0.09262614,-0.35587355,0.18778357,1
-0.10924795,-0.28338724,1.0409276,0.7538242,2.2485526,2
-0.62751687,-0.61085063,-0.019243225,1.8598979,-1.3817251,2
-0.72344226,0.003584668,0.41877025,-0.8882359,0.15497276,1
0.7004613,-0.33394656,1.3715292,-0.12295581,0.49269453,1
-0.56552273,-1.1751084,-0.63900054,-1.1362351,1.3407997,1
-0.48701328,-0.7368056,0.2033516,1.5989038,-0.35355395,1
0.75217175,0.31168747,1.1762773,-0.88056874,-0.7675879,2
-0.61145306,-0.9720222,-0.25421554,2.1208994,-0.114005476,2
-0.32853714,-2.9124944,0.66184056,-1.8003696,-0.54681265,2
0.3061499,2.3450027,0.2281332,-1.1696312,0.37095445,1
-0.7725979,-0.58163565,-0.49870306,0.6241944,1.3519362,2
-0.48926395,-1.1251445,0.67949176,1.4327403,3.265821,2
-0.81231356,-1.0861403,-1.0261884,-0.30727828,1.1030883,1
2.1196017,-0.7536684,-0.5645464,-0.49249655,-0.2569908,1
-0.49985072,1.4248066,0.44010234,1.1772709,-0.8593613,2
-0.37611896,-0.3867694,0.72483146,-1.4681339,2.3202355,2
-0.8413268,-0.49450248,0.75456214,-1.693022,2.2092524,2
-0.5691131,-0.42172003,1.5938559,-1.363214,-1.1815652,1
3.6409554,0.5211512,-1.4886262,-0.58986986,-0.0396301,1
1.280142,0.16369455,-0.2752649,-0.4067182,-0.55487067,1
1.5903959,-0.41800547,-0.8008965,-0.3938236,0.28719404,1
-0.9075786,-0.8156782,-0.112829424,0.36360395,-1.1550124,2
1.8224564,-0.1776083,-0.5839316,-0.5429316,-0.12760027,1
-0.9167669,-0.7349314,0.44901425,1.7240067,-0.16801675,1
3.958667,-1.5140975,-0.99770504,-0.5890373,-0.301042,1
0.6597714,1.3636266,-1.6140567,-0.34617856,0.05207091,1
-0.19365413,-0.60009193,1.6330402,0.69264776,1.7378308,2
-0.16647494,-1.1852357,-6.055087e-05,0.6429138,0.896712,2
-0.35962313,-2.3264992,0.039267242,-1.1087736,-0.45529294,1
-0.53942996,-0.13345906,1.4465612,-1.429387,-0.72524196,2
-0.2444185,-0.8914341,0.6261468,1.3509375,2.7311344,2
1.0788673,-0.5222677,0.12940425,0.4834261,0.46077436,1
0.92517054,0.4426861,-0.62773883,1.2766445,-0.6988005,1
0.35657716,0.15087472,0.8081262,0.8616066,1.3950859,2
-0.3453985,-0.23223402,1.1020211,0.671351,0.78974193,2
0.54189336,1.8363736,-1.327851,0.07222259,-0.71897125,2
-0.29428768,0.9624978,-1.0886604,-0.38619468,-0.23279798,1
3.2035816,-1.0029185,-1.0191747,-0.6476525,-0.5415135,1
-0.37349117,0.212345,0.7811653,1.4990184,-0.71872246,2
-0.15656355,1.3618883,-0.424654,-0.043813616,-0.42327482,1
-0.21263719,1.3823829,-1.473471,-0.78385735,0.0015052557,1
0.6034816,1.5018618,-1.4702919,-0.3781101,-0.59417117,1
-0.39840278,-0.5400456,-0.1963609,2.0428152,3.1304662,2
3.4151025,-0.7261166,-0.99154645,-1.0082016,-0.06701555,1
-0.13246436,-1.005616,0.6533529,0.005852163,0.687822,2
-0.9899011,-1.7824721,-0.52119493,-1.5335889,1.9370162,2
-0.81971294,-0.93731576,0.8204295,0.6951027,1.0967897,1
3.2144086,-1.3815558,-1.0258372,-0.663557,-0.31835464,1
-0.9497423,-0.6850077,0.2598264,1.8716583,-1.723106,2
-0.8296102,-0.59614056,-0.04726647,-0.07817341,1.6920801,2
-0.679822,0.03374249,1.4160371,-1.2892281,-1.0861659,2
0.35777545,-0.61154896,1.053596,0.6211168,1.9095576,2
1.6758381,0.9858193,-1.1177709,-0.5704083,-0.117067285,1
-0.14738323,2.7164924,-1.409478,-0.08002601,0.6931875,1
-0.6036992,0.19175297,1.0056534,0.34454003,-0.4900761,1
-1.1157484,1.2507019,0.16184174,0.20286816,-0.3093794,1
-0.4881488,-0.5596615,1.6078912,0.25567323,2.1290643,2
0.48404697,0.3624896,0.6270436,-1.2957904,-0.31331593,2
-0.9638724,-0.7397486,-0.13237666,1.1999332,-0.40622795,1
-1.0888813,-0.82356465,-1.6430459,-2.0352633,0.08039646,2
-0.7452695,-0.259439,1.6643019,0.5806674,1.5739008,2
-0.7454822,-0.62625384,0.66706455,0.29705626,-0.35226545,2
-0.80823433,-0.96652126,-0.74279636,-0.20360185,0.118373975,2
-0.6751287,-0.42108202,0.011370733,0.3346676,-0.05370847,2
-0.029916644,2.3302631,-1.7109163,-0.13498953,-0.53023773,1
-0.34078002,-0.27357352,1.3874347,-1.7419015,-0.78470105,1
-0.42314512,-0.54640305,1.0925068,-1.5502222,0.4996829,2
-0.7624257,-0.2935388,0.006924793,1.655822,-1.9057791,2
-0.44814253,-0.34133983,0.97575986,-1.2317972,2.2154102,2
-0.46899503,1.2408961,-0.068833105,0.21156335,-0.34430498,1
-0.67975974,-0.7554692,0.43669683,0.12140712,1.8467532,2
-0.63468534,0.8931342,-1.4284542,-0.9083231,-0.27965552,1
0.93485385,0.6352039,-0.3862273,0.48195374,0.9067455,1
-0.6431887,0.6493996,0.7614571,0.22671187,-0.8021089,2
-0.9318394,-1.1729523,-0.1891864,-0.071483955,0.020838842,1
-0.51831526,-0.16015583,-0.17132798,1.7729176,-1.5605552,2
-0.1892965,-0.44958034,0.31422,0.42668408,-1.5136509,2
0.62086576,0.7543721,-1.4562842,-1.1895896,-0.089161314,1
1.0130262,0.8224866,-0.10437581,-1.1697874,-0.45002478,1
-1.2331303,-1.2485137,-0.3878398,0.86908007,1.9303812,1
-0.3996826,0.0383089,0.19808583,0.70716023,2.2418072,2
-0.15792575,-0.29904783,0.8236692,0.47049335,1.8859493,2
-0.48880357,-0.7879187,1.2285956,0.93388885,2.6625495,2
-0.79355717,-0.8706694,1.1773916,1.1313443,0.96236724,1
2.7608263,-0.07642163,-0.36649406,0.24139187,-0.35724097,1
-1.0807502,0.2864484,1.5205952,-1.8214717,-0.20133124,1
-0.71902996,-0.09891196,1.3604696,0.834003,1.1627396,2
-0.82495064,-0.4823199,-1.7314188,1.7163148,-1.6873906,2
1.1233848,0.4430039,-0.27154502,-0.13160712,0.13210194,1
-1.1245767,-0.87819797,0.08401567,1.2713717,-1.2717097,2
1.0317141,1.5350182,-0.39026815,-1.6140397,1.1220104,1
-0.41770795,1.169883,-0.31628725,0.13613635,-0.9719103,1
-0.6755316,-0.9774289,-0.8870318,-0.2971151,-0.7147661,1
-0.067108154,0.06298223,1.3087342,1.3714434,1.6125649,2
-0.81331944,-0.88790053,-0.3012449,1.4769927,-0.2715785,2
0.6780252,0.6146208,0.8475136,-1.2677962,-0.41352484,2
0.14579043,0.2428924,0.7067259,0.79446197,1.237245,2
0.62866056,-0.12737273,1.9122508,0.44736016,-0.7835677,2
-0.7749361,-0.73548996,0.71803993,-0.4654926,-0.1574584,1
-0.97329926,-0.8299006,-0.37658915,-0.12574825,0.73605263,2
-0.5239966,2.1331291,-1.9080774,0.14606626,1.0317266,1
-0.832962,-1.1947762,-0.0030403584,1.4637116,2.2268157,2
1.3325046,-0.7028692,-1.0083561,-0.5667993,0.05043719,1
-0.02789402,-0.08792907,0.29566076,2.2200203,-1.0275345,2
0.07268931,0.17488296,1.1982157,0.94931614,-0.74509555,2
-0.39338598,-0.33348337,-0.2331618,2.25175,2.6047077,2
-0.85972863,0.031655036,-0.073632024,0.52102464,0.8595727,2
-0.56357783,0.1260557,0.30276406,-0.8212739,0.06111434,1
-0.52487624,-0.25351855,0.029402733,0.22973862,1.4431043,2
-0.5374707,-0.31948796,1.2688268,-1.1915383,0.4153211,2
-0.6920739,-1.0786127,1.0494187,1.0663462,3.295728,2
2.937442,-0.24940485,-0.53431344,-0.46058083,0.80024284,1
-0.65984327,-0.24920122,1.3132164,-1.7740101,0.015332758,2
-0.5329004,-0.32857934,-0.7158217,0.082218274,-0.004267797,2
0.17402394,0.120706305,-0.47713795,0.22731882,0.93966794,2
0.101403326,1.6803588,-1.6466671,0.70225686,-0.69602346,1
1.1468514,0.09645195,0.5607279,0.029160947,-0.8885196,2
2.1781535,-1.0384619,-1.2081437,-0.6123556,0.03509756,1
-0.44591528,-0.57085234,0.7892505,1.1358649,2.5973759,2
3.2941303,-0.79084855,-0.43406817,-0.38399634,-0.14667256,1
0.23337327,2.1187859,-0.016416319,0.1345802,0.5037959,1
-0.48382556,-0.46042553,1.0250306,0.51857054,0.6195198,1
1.395202,-0.532557,-1.2070856,-0.60190845,-0.21407656,1
0.2607064,-0.16642186,0.2710812,0.3773894,-0.7408229,2
-0.050460555,-0.089603364,0.74963075,0.08806902,-1.2538666,2
1.1494561,1.2578979,-1.4090669,-0.42555004,-0.27365443,1
-0.2958545,-0.5221403,0.89004725,0.71243274,2.4683747,2
-0.74960196,-0.9295728,-0.42061514,1.0477881,-1.0500559,2
-0.082134016,0.8497591,-1.4944004,-0.9722637,-0.22031718,1
-0.49224824,-0.61116695,1.1144719,-1.3293926,0.212494,2
-0.88224155,-0.86476207,1.8284466,0.49561864,-0.14836672,2
-0.76209325,0.36989844,0.49193737,0.028455138,-0.5945271,1
0.9912404,1.4338437,0.40542805,-0.7880604,-0.3230265,2
-0.71526986,-1.0420266,-0.108505756,1.1316913,1.0924557,2
3.3354394,-2.0425959,-1.2249402,-0.55071586,-0.46558213,1
-0.50515366,-0.31055716,1.3707899,0.28489533,-0.24608976,2
-0.38309428,1.4877379,0.24645495,0.25218016,-0.20215653,1
-0.6948995,0.3433984,0.8258102,0.102650404,-0.41948092,1
-0.7664454,1.8139266,-1.3992944,0.9868087,-0.66136605,2
2.3146796,-0.0028320402,-0.41476652,0.5712147,-0.5785708,1
-0.7276852,-0.49917698,1.3284259,-1.585643,-0.1490793,1
2.2552598,-1.8726851,-1.0756748,-0.64827746,0.061673313,1
-0.66983545,-1.0329239,-0.117709726,1.62012,-0.9836241,2
2.0255935,-1.4587041,-0.53170544,-0.2732431,-0.2447976,1
-0.88997126,-0.9100763,-0.6658937,0.7546822,-1.522666,2
0.009682484,1.7740542,0.2741111,-0.049065158,0.1268685,1
4.0509977,-0.752586,-0.80605966,-0.021135844,-0.44446605,1
1.5391167,-0.75136214,-0.84650844,-0.25057995,0.2751008,1
0.28159338,1.5795325,0.29951143,-0.1476691,-0.50302815,2
0.29826283,0.1628226,-0.54411495,-0.029085323,-0.664048,1
-0.10171063,-0.5573563,-0.48782682,1.9405069,-0.9448191,2
-0.36593837,0.90018654,1.5698675,-1.358658,-0.5692053,1
2.658335,-0.9409894,-0.7366851,-0.389461,-0.48645663,1
-0.2545417,0.11290188,1.0537024,0.42610484,-1.2590868,2
2.7434795,-0.45538336,0.1883745,-1.0025681,-0.5426934,1
0.43064556,-0.41901457,2.285355,-1.3451945,-0.5207672,2
-0.8987325,1.0670121,0.30822587,-0.9076879,-0.19702408,1
2.3713112,-0.9705161,-1.2955866,-0.4354968,-0.18727392,1
-0.8910134,-0.7562639,0.4051159,1.2547846,-1.000761,1
-0.71268946,-0.9465288,-0.1777924,1.5218986,-0.79998815,2
-0.10805465,1.8785536,0.25850832,-1.0175284,-0.4524737,1
-0.4602646,-0.12069845,0.87363017,-0.783903,-0.3068905,1
-0.57792616,0.6693157,1.8152828,-1.172864,-0.3061814,1
-0.050048456,2.4335513,-1.6120869,-0.96392244,0.077871546,1
-0.17639619,-0.30131063,1.2239267,-1.3477646,2.2492058,2
-0.20357274,-0.8942201,1.1662571,0.55294824,2.3380375,2
-0.77054614,-0.8182427,-0.35167998,1.4100771,-0.07890447,1
4.0737095,-0.5483669,-0.5443468,-0.08929271,-0.55401146,1
-0.70854795,-1.309341,0.24572408,0.7589143,0.87372553,1
-0.47779375,-0.45468706,0.896558,0.3391146,-0.5668508,2
-0.5503159,-1.0538597,-0.028734356,1.0706589,2.539999,2
-0.85697794,-0.98448116,-0.8973477,-0.2531147,1.01393,1
-0.31307632,-0.3100621,0.5821632,1.3987728,-0.9673835,1
0.5640056,-0.58412075,-1.1893269,-0.4698406,-0.2958539,1
-0.36565763,-0.42825523,-0.18852398,2.0334415,-1.9389299,2
-0.9109273,-1.1837332,-0.21409449,-1.7274817,2.9181554,2
0.27520096,0.68704134,0.32407516,-1.2509986,1.5345372,2
0.14168592,0.67304254,1.3580263,-1.0713664,-0.6160979,2
-0.5032152,-0.9706611,0.5457269,0.43902814,2.7124782,2
-0.70858806,-0.5202173,0.19130471,0.7733315,-0.688272,2
0.07721549,0.9499334,0.78338146,1.713521,-0.997315,2
-1.0054605,-0.8556783,-0.3797592,0.23659989,1.0432642,2
-0.56952155,-0.9442427,1.2948065,0.17906311,0.41716754,2
-0.6296883,-0.50174713,-0.14982781,1.6395124,-1.520244,2
4.118074,-0.23337257,-0.918934,-0.6961563,-0.30285946,1
1.1463766,0.78743076,0.4688096,-1.3430259,-0.1556946,2
0.40036473,1.2608471,-0.2985749,1.2893597,-0.43667918,1
0.17232592,1.1748947,-1.7365179,-0.95291233,0.12123318,1
-0.51967764,0.108302966,1.6030993,0.48985347,1.8184947,2
2.9787369,-0.94349957,-1.0543021,-0.76194525,-0.4009167,1
-0.7631032,-1.1452641,0.123000145,-1.0691118,-0.66861504,2
0.5406612,0.3176655,1.3307272,-0.94780064,-0.588428,2
-0.24634835,-0.65360224,0.5413523,0.5844465,1.5068449,2
0.4907104,-0.1468133,-1.4229558,-0.45718127,-0.101921625,1
0.81310594,0.8652841,-0.080945484,0.089591525,1.2644473,2
-0.7779975,-0.39105278,-0.5982419,-0.21099536,-0.4467408,2
0.17616506,2.3731327,-1.7417728,0.05103274,0.41887972,1
-0.6316833,-0.0926629,-0.1390315,1.2866626,-1.4650538,2
-0.0069654677,1.8814267,-1.4000735,-0.37247968,-0.50969565,1
-0.51460475,0.13336805,1.5493016,-1.5562148,0.0022948086,2
-0.70213306,-0.87247914,1.3719013,-1.3783588,0.10719283,1
-0.40751505,-1.0276402,0.039292917,0.7625549,1.6823112,2
0.0716469,-0.9214716,0.9889987,2.2966313,-0.961578,2
-0.3724321,1.1606871,-1.7418491,-0.9491878,-0.25650913,2
-0.8225623,-1.7487422,-0.38004366,-0.073602915,-0.33034128,1
-0.5090368,-0.6983566,1.3745538,0.42101026,0.49742693,2
-0.80888665,-0.6837135,-0.5537969,0.38073143,-0.14150181,2
-0.71803564,-0.55678046,0.17179272,1.9089422,-1.2858615,2
-0.5433903,-0.5947835,-0.32161927,0.86167496,1.8941796,2
-0.9424775,-0.48460943,-0.5300599,1.0666625,-0.36445487,2
-0.22562791,-0.833361,1.8774076,0.30456722,0.8220477,2
-0.5328166,-0.6107969,0.3987531,-1.9137561,3.5922368,2
2.7499652,-0.55212367,-0.7664344,-0.5376809,-0.043911487,1
-0.41569892,-1.2180495,-0.3040775,0.33057308,-0.7857765,2
-0.274702,-0.35847118,-1.5786271,-1.1838378,0.5684607,2
0.3373463,-0.30041537,0.8090242,0.87943995,1.8895397,2
0.39657763,-0.48442864,-0.43021643,-0.49964458,-0.38352352,1
0.39598614,0.33925688,1.2202208,0.6723295,-0.9989159,2
-0.5493304,-0.78118163,-0.23428816,2.3004777,-0.50826085,1
0.62171274,-0.61020374,2.0675075,-1.6946796,-0.5498178,2
-1.09219,-0.8417573,0.091388,1.5320855,-1.6140764,2
-1.1254253,-0.9755782,-0.45767808,1.4595739,-1.8609778,2
-0.6577484,-0.65040064,1.7170856,-1.1563697,0.32559812,1
-0.8703793,-0.5782306,-0.28533223,-0.006542746,-0.3896773,2
-0.35649422,-0.45023385,0.64554054,0.877574,0.5307337,2
-0.56295043,-0.833364,-0.25358826,1.2412847,2.1612046,2
-0.3543867,-0.5186045,1.242183,1.4214327,-1.1134051,2
-0.7414052,-0.58723736,-1.7246974,1.9366236,-1.6325423,1
0.7589812,0.73378897,-0.48834893,-0.81017154,-0.28284323,1
-0.45719415,-0.7344642,1.5343614,0.31495547,1.0033013,2
-0.9951525,-1.1841137,-0.26269376,-0.79143006,-0.24534306,2
-0.26778492,-0.6475656,-0.31082696,0.8415437,1.4171073,2
-0.4273831,2.0864422,0.13007383,0.019166358,-0.18903665,1
-0.90816945,-0.8137765,-2.275463,1.3685393,-0.49025428,1
0.7129273,-0.76813,-1.1780831,-0.5934485,-0.17484072,1
-0.2590533,-0.47411677,1.39586,1.0528897,-0.54957896,1
1.7031821,1.0099841,-0.26451442,-1.2578816,0.20764866,1
-0.14043146,-0.6545611,0.86027396,0.5228175,2.4283915,2
0.5776588,1.4046919,0.83278716,-0.97310084,-0.33427262,2
-0.52849424,-1.0607281,0.02967732,0.2565182,-0.004215613,2
0.61043924,0.20270202,1.6477846,-1.201318,-0.7804687,2
-0.70375365,-0.737164,0.3262248,2.162234,-0.2281147,1
-0.01176823,0.1613348,-0.80975723,-0.58855224,-0.25109482,1
-0.3806419,-0.46545562,0.2710821,1.5965652,-1.3445549,2
1.80252,-0.37689492,-0.52456516,-0.8550259,-0.23825562,1
0.9579849,-0.55388343,-0.8290109,-0.7017945,-0.60731024,1
-0.531541,-0.60866046,1.1286018,0.69302297,-0.80606174,1
-0.5430405,0.44772547,1.0914214,-1.5494483,-0.42277202,1
1.7317773,-0.20867164,-0.9158939,-0.14704242,0.05640605,1
-1.2440766,-1.6508387,-1.6843766,0.55600643,-1.2611011,1
-0.48098406,-0.13573653,-0.4312301,-0.14299789,-0.26222023,1
-0.32517013,0.2131658,1.4541082,-1.1266608,-1.1903311,2
-0.36938202,0.4842226,0.25920904,0.22425021,-0.63431215,1
0.4961531,0.5671451,0.748093,-1.2559625,-0.37145704,2
-0.35024732,0.004437834,1.44322,0.92598975,0.40130812,1
-0.67825615,-0.09664747,0.5971011,-1.2218201,-0.18038085,1
1.0386307,-0.14276773,-0.6786992,-0.7644723,-0.97032017,1
1.8806776,-0.6916431,-1.1641853,-0.6996043,-0.2270096,1
-0.36773986,2.3377829,-1.3563665,-0.232321,0.13092993,1
-0.14985472,2.2305243,-1.6396682,-0.5258667,-0.3154452,1
-0.8935682,-0.849234,-0.51673234,1.1334796,2.9024282,1
-0.31256527,-0.70230967,-1.0850077,0.5118765,2.3362968,2
-0.46720135,-0.64464825,0.017224789,1.8378937,1.821136,2
1.2223552,1.1936469,-1.5028137,-0.43822166,-0.2549194,1
0.7704334,0.018105775,-0.771458,-0.57976055,-0.32234526,1
0.47771868,0.59714234,-0.5505992,-0.7969187,-0.02909102,1
-0.8125968,-1.0092543,-0.38454372,1.0431572,1.8691316,1
0.14226443,0.32302278,-0.33908722,-0.7576891,-0.27094036,1
-0.5037515,-0.68849504,-0.013150886,1.5913979,0.08934428,2
-0.4888854,0.4866469,-1.431071,-0.7723344,-0.44490182,1
-0.6283555,-0.94586575,1.1154224,0.75287294,-1.3551339,2
-0.6811758,-0.90152264,-0.46192265,2.2211876,-1.7320753,1
-0.2335668,-0.29367003,1.0771945,-1.1289562,-0.9146864,1
-0.44647115,-1.0398908,-0.33973372,0.11327172,0.8544957,2
-0.40213948,-0.4019638,1.3326437,1.0070876,-0.93189734,2
-1.2453375,-0.21456346,0.2597955,0.72620463,-0.8799088,2
-0.405967,-0.44250023,-0.04045284,2.0293784,2.6407194,2
0.2638722,0.27502233,0.74033046,0.0876261,1.0856133,2
-0.80004245,-1.0272512,-0.5101156,0.7692012,1.8307713,1
-0.22326617,-0.85685444,0.4427759,1.3682319,-1.5844138,2
-0.71318173,1.7724837,-1.6695068,0.99451315,-1.1453364,1
-0.8665712,-0.26453906,0.00602708,1.9790658,-0.054251157,2
-0.23960665,0.6544326,1.6075824,0.4886407,-0.40775728,2
1.531414,0.2867126,-0.13856559,0.26955408,-0.53704566,1
-0.5876703,0.5416585,-0.057660062,1.7294146,-1.313444,2
-0.16666561,0.49143687,0.6166046,0.6913282,1.7415091,2
-0.9752258,-0.45227665,-1.9015075,1.5837828,-1.0950888,2
-0.9661466,-2.046536,-0.8316275,-0.97588366,0.02896905,2
-0.28365174,-0.17891788,-0.07112756,-1.20342,-0.08471948,2
0.28266966,-0.9227498,0.6437533,1.2133455,1.7886466,2
-0.8428458,-0.107935295,1.8165785,-1.4065931,-1.1932075,2
-1.2198775,-0.3814545,0.20752245,0.9748687,1.5993428,2
-0.5878847,-0.72246075,-0.07431221,1.5909674,1.106197,2
-0.11076178,-0.6850157,0.7847594,0.27685592,0.5623558,2
2.0842052,-0.5398445,-0.91325736,-0.74318904,-0.3349967,1
-0.5840879,-0.29783142,1.648967,-1.663709,-0.21668974,1
-0.09984366,2.126015,0.34572357,-0.27338257,-0.58261,1
-0.6039106,-0.5718125,0.09095448,0.82578725,-1.1814353,2
-0.5643308,-0.44313315,1.8740966,0.18324119,-0.89152753,2
-0.3416077,-0.367498,1.6141616,0.6249258,1.9005524,2
-0.7482072,-0.35448068,0.16537979,2.573306,-1.6274976,2
-1.1584923,-0.7477603,0.30135667,-0.6967624,-0.20509118,1
-0.97996163,-1.2287908,-0.22516532,0.07992682,-1.2154727,2
0.7894548,0.6919225,-1.4616561,-0.5677403,-0.29347414,1
-1.0078341,-1.2656807,-0.71766675,-1.4556952,-0.112170875,1
0.047924265,0.5758925,-0.461623,-0.40470448,-0.53964067,1
1.6523601,1.6920913,-1.297894,-0.5863539,-0.49337947,1
0.09118506,-1.1516929,1.8363423,-1.1153678,-1.2962203,2
-0.39147475,-0.3811006,1.7628168,-1.5578867,0.73266846,2
-0.583957,-0.6986026,-0.19538657,1.364539,-1.8036203,1
-0.41678643,-0.6554056,1.6396276,0.6947981,-0.12677139,2
-0.51340145,-0.44355983,0.08032139,2.2767363,-1.3589189,2
0.53242815,-0.56478965,-0.5458518,-0.4877652,-0.5431594,1
-0.47552407,-0.99093103,-0.118420854,1.458775,-1.6059091,2
-0.523844,1.1939516,-0.31654638,-0.464521,0.6154299,1
-0.6558366,-0.39194086,-0.110149294,1.8464746,-0.99362314,2
0.50274503,1.1413599,0.7894842,-1.0874963,-0.48021886,2
1.3146563,0.8544844,-0.6881569,-0.08791163,0.5637028,1
-0.54317296,-0.13808267,-0.0076254606,0.44983897,-0.14374837,2
-0.5737742,0.2138438,-0.28594333,-0.37675756,0.27084687,1
-0.37435666,2.2477024,0.49038163,0.57869667,-0.7393552,2
-0.3554957,0.14193371,0.44337964,0.23389174,-0.8691929,2
-0.59825087,-0.33011308,1.1936259,1.2123927,1.8783879,2
-0.36957085,0.61130756,1.826599,-1.3626635,-0.49658078,1
-0.18771788,2.214165,-1.7645338,-0.07449114,-0.5434222,1
-0.3027435,0.086184844,1.5668229,1.0824785,-1.0970504,2
-0.8248612,-0.17419438,0.29385215,1.8555974,-1.3971862,2
-0.55201226,-1.2943863,-0.2674241,1.0339378,1.7007052,2
-0.43799293,-0.5740391,-0.39270714,0.5582119,1.686051,2
-0.46353367,-0.1539115,1.0446856,-1.3557086,-0.67971873,1
0.3744012,-0.9143405,0.6523096,0.56547815,0.8120055,1
0.25179395,1.9900889,-1.4918574,-1.3374927,1.562302,1
-0.3606993,-0.94047654,1.3153124,0.5572404,0.7604978,2
-0.15683329,-0.3924846,-0.41487393,2.2249148,3.1388283,2
-0.5771732,-0.65949696,0.6038399,1.2916684,-0.3187908,2
-0.7680838,-0.5486058,-0.043845907,-0.38762218,-0.17197399,2
2.309869,-1.7249436,-1.0836122,-0.79903984,-0.051394887,1
-0.20302577,1.5372511,-1.8029879,-0.30502436,-0.37073675,1
-0.7404909,-0.6138606,-0.03311494,1.6660819,2.3461394,2
-0.2590583,1.6446078,0.959374,-1.0837533,-0.7565069,1
-0.9072301,-0.54076433,-0.6927048,0.5531622,-0.29703015,1
2.5327559,-1.62986,0.5092283,-0.22631967,-0.6549399,1
0.32481527,0.34116006,0.9279204,1.1686232,-0.8776708,2
-0.5472923,0.080746114,1.3999988,-1.7969805,-0.15925638,1
-0.015108958,-0.58154374,1.3081796,0.72241503,2.3862226,2
-0.79454786,-0.7095635,-0.66144884,2.0110176,-1.898975,2
-0.33099356,-0.6142726,1.0261422,0.98651063,2.3769512,2
2.633712,-0.84033215,-1.2255551,-0.7602572,0.16180299,1
-0.5112165,0.10027998,1.9035606,-1.3595822,-0.597788,1
-0.5141512,0.2042169,0.59970707,-1.5472023,-0.6449309,1
-0.8126469,-0.51570785,0.06262697,1.5770024,1.3666251,2
0.26250702,-0.45884863,-1.0896904,-1.0792303,-0.05287461,1
1.8605559,0.041952312,-0.10543832,-0.2602024,-0.32491082,1
0.474621,-0.4902214,2.1710787,-1.3314109,-0.36927056,2
-0.49786508,-0.88743824,-0.37465644,-0.043569416,1.0720577,2
1.3922567,0.12581134,-1.2722054,-0.5052384,-0.18986948,1
2.3092663,-0.8056358,-0.69915456,-0.343516,-0.50743294,1
-0.36056453,-0.59913176,-0.08546138,1.483506,-0.16194205,2
-0.8131157,-0.95368606,-0.3217593,1.105297,1.7827132,1
-0.3594994,0.1388305,1.6235754,0.83059245,-0.11499266,1
2.2419121,-0.89547086,-1.1827585,-0.38921136,-0.040446833,1
-0.6426376,0.036477298,2.1227982,-1.3173794,-0.8722534,2
1.0074569,1.4462426,-1.1774764,-0.8107864,0.028179504,1
-0.410902,-0.85544616,0.031581312,1.752382,-0.34208167,2
-0.6958173,0.5810561,0.3053196,-0.0550997,-0.40293676,1
-0.6248889,-0.8529204,-0.7840085,-0.28567088,-0.3249565,2
2.6941178,-0.19388781,-1.1797029,-0.5386986,0.15897462,1
0.9182907,0.4363729,-0.4367304,-0.17345005,-0.13114482,1
-0.6017136,-0.43230864,-0.5562856,1.5385329,-1.6382701,2
-0.6540442,0.7985389,0.821415,0.819398,-0.9774262,1
0.35521865,0.9253602,-1.4084787,-0.32384944,-0.32255197,1
0.13056932,-0.8082403,0.22786757,1.5644934,1.538618,2
-0.555225,-0.37336257,0.079782814,0.31862563,-0.3056572,2
-0.84629744,-0.3346095,-0.0021017753,0.28718853,-1.1265501,2
0.15612441,1.6708977,-1.65165,-0.5472677,-0.48639175,1
-0.9341806,-0.44900438,-0.7542324,0.5629888,1.2880424,2
0.04308129,0.25312993,1.2787362,0.2296496,1.7913854,2
0.2274724,1.4244802,-1.4780191,0.76122856,-0.5287152,1
0.56524265,-0.8546281,1.023601,1.2186619,-1.3695154,2
3.3738928,-2.0061085,-0.87188506,-0.3757738,-0.2677501,1
0.2269978,1.2669864,0.86275476,-0.852709,-0.6518321,2
-0.46657825,2.9670687,-1.6987617,-0.25515637,-0.23311506,1
-0.7216071,-1.1147608,1.0540526,0.69612306,-1.079895,2
0.6512745,1.0554662,-1.2727318,-0.21882358,2.0865161,1
-1.0234597,-0.54228866,-0.015319396,1.7810869,-1.0196681,1
-0.54838485,0.18373762,1.0672891,-1.246904,-0.06503394,1
-0.7819242,-0.21981774,1.3660517,-1.53225,-0.0327494,1
-0.39677176,-0.79289997,-0.025189832,0.7736973,-0.183905,2
-0.30743563,0.58069605,-1.4729863,-0.8482051,-0.46039563,1
-0.8049809,1.1004694,-0.07148522,1.5262222,-0.5248118,2
1.2356849,0.52651453,-0.4708804,0.9993095,-1.1225128,1
-0.7244492,-0.19921467,-0.16330738,-0.9912522,1.9292227,2
-0.5738684,0.46207422,2.2262738,-1.4678473,-0.8850316,1
-0.55096287,-1.0059339,1.2616861,1.001225,2.5370588,2
2.0043373,0.386302,-1.2385709,-0.81710637,0.06802797,1
1.1043673,0.36941075,-0.1600866,-0.22718498,0.18211761,1
-0.45809424,-0.77836525,1.1500617,0.49701735,0.7308353,1
-0.4400056,-0.892463,-0.3293453,0.9777559,1.2244549,2
-0.25500858,1.4383135,0.16048013,0.9938924,-0.90787005,2
-0.67888916,-0.6146998,0.012857884,1.7888376,2.6944113,2
-0.74382013,0.93048596,0.9653202,0.86319935,-1.0178275,1
1.8284552,1.1487564,-1.4771495,-0.6980044,0.0019267201,1
-0.51989496,-0.33885437,-0.4811961,-0.21054047,1.035198,2
-0.816059,-0.65365255,0.50637287,0.88274056,-1.010893,1
-0.31605822,-0.8774785,1.5239074,0.48084056,0.837191,2
-0.16190237,-0.56712216,1.0479789,0.8260019,1.1055807,2
0.08126934,1.5203062,0.06902799,1.041538,-0.90387875,2
1.4885575,-0.8859503,-1.1615258,-0.5174154,-0.29079533,1
0.42551744,-0.596873,1.0791296,0.6053126,-0.8866177,1
-0.84578913,0.015454173,1.2614598,-1.2170217,-0.50518596,1
-0.5914036,-0.30048504,1.2385281,-1.5374839,-0.47057968,1
-0.09258766,-0.039099928,0.9427735,-1.4008386,-0.6865391,2
0.2971145,1.0182558,-1.2380607,-0.64013946,-0.41772252,1
-0.39206147,0.11378383,-0.41101322,0.52651304,1.0519614,2
-0.49524125,0.47160026,1.7448485,-1.4787726,-0.121435314,1
-0.75096077,-0.9189557,0.37872466,2.269727,-0.04199417,2
-1.4168152,-0.020851798,1.8399128,-1.7584739,-0.090418294,1
0.39517787,0.27779543,-1.283783,-0.88557565,-0.37759948,1
-0.57998,-0.9468977,-0.29689616,1.9924291,-1.3683562,1
0.43182904,0.7584557,-0.42444995,0.04385855,0.85444725,1
0.61332273,0.06773196,0.56711674,0.658362,0.8451362,1
-1.065037,-0.42928684,-0.69354135,0.23590454,0.91526365,2
-0.30990297,0.29052365,0.82505125,1.256335,-0.8745729,2
-0.5280859,-0.8954401,1.272457,0.43535358,0.8402076,2
-0.6430695,-0.046045184,1.4902703,-1.4163091,-0.89891315,2
-0.9326443,-1.101556,-1.5023887,2.1078715,-0.2042541,1
-0.48358965,-0.58283436,1.6819024,0.86854374,1.4295349,2
-0.51152277,-0.10232365,-0.062260017,0.16226545,-0.5334408,2
-0.52956116,-0.4817702,1.4160316,-1.3590002,0.7012769,2
3.1741185,-0.6829281,-1.3177416,-0.20360759,-0.2797039,1
2.6631868,-0.41414708,-1.2874568,-0.44421923,-0.31898993,1
1.3723463,-0.89966726,-0.603074,-0.43710047,-0.49260208,1
-0.6213017,-0.85114735,-0.6451682,0.80252063,-0.1768055,2
1.7440318,-0.6054008,-0.6380471,-0.65904003,-0.32992,1
-0.71072733,-0.4836245,-0.084341764,2.0070567,-1.2339581,2
-0.4072821,1.8457105,-1.4154534,-0.7842633,0.38592038,1
0.18069884,0.8123629,0.82918364,0.2565447,0.86027545,2
-0.3659566,0.98090523,-0.22291198,1.3163778,-0.057818353,2
0.018431164,1.851766,-1.5425152,-0.56871295,-0.53736645,1
-0.47085124,2.1565948,-1.5297403,0.12944135,-0.23817375,1
-0.46776372,0.9304281,-1.0715698,-0.76711214,-0.29988894,1
-0.5160617,0.024517462,1.3067739,-1.2775099,-0.45281842,1
-0.36420166,0.3156957,0.68324906,0.0958412,-0.7574761,1
-0.46656233,-0.872093,0.631426,0.851382,1.1735166,1
0.18710275,1.2142464,1.0493703,0.03940443,-0.29797637,2
-0.50189674,-0.54376143,0.0901099,1.9495679,-0.097128265,2
2.7167432,0.40378958,-1.3876017,0.1728487,-0.501256,1
0.7913192,1.446814,0.12968752,-1.138495,0.9195441,1
-0.54749966,1.1521368,1.1419086,0.046645194,-0.65972084,1
-0.94774044,-0.2182779,-1.864543,1.6098217,-1.0916622,2
-0.55826753,0.4209216,-0.058519468,-0.42482555,-0.03529422,1
-0.5621519,0.42971343,-0.06357333,-0.84986293,-0.50691164,1
-0.17519794,0.22755104,1.6478579,-1.2764888,-0.79418874,1
0.15365909,1.0756514,-1.44487,-0.4446336,-0.71441436,1
0.83860016,0.7961438,-0.5374828,1.0607939,-0.7443032,1
-0.96270937,-0.5453104,-0.062408105,1.8317056,-1.4142064,1
0.4603045,1.3834524,0.78191507,-1.1598966,-0.5742641,2
2.6505976,-0.2228167,-0.68482983,0.3713626,-0.73450184,1
2.8832417,-0.6634207,0.42939505,-0.9215963,-0.34541103,1
-0.49793196,-0.18058027,1.1415061,-1.3062618,-0.360709,1
-0.3727471,2.5373065,-1.6382602,-0.92619056,-0.31285438,1
-0.8293272,-0.74033237,-0.05480747,-1.0763996,1.5783889,2
0.45600685,1.3664955,-0.38976598,-1.2469949,-0.762812,2
-0.29644963,-0.31904304,0.6099513,-1.1712846,-0.5653289,2
-0.8364687,-0.73875517,0.45327133,2.1849568,-0.47141808,1
-0.1918965,-0.06252375,1.5640885,-1.554621,-0.9353645,2
-0.8294622,-0.35642213,1.7396237,-1.246443,-0.43165767,2
-0.64091116,-0.73577094,-0.7256594,0.93637156,0.966544,2
0.7424309,-0.07119495,-1.2726738,-0.7954052,-0.226759,1
-0.13328478,-1.2748206,0.79440194,0.23490283,-0.92487454,2
-0.78219545,-0.54732955,-2.0031972,1.572858,-1.2298318,2
-0.6849874,0.23807104,1.8659526,-1.4602461,-0.15904512,1
-0.26292008,0.19288042,-0.09679827,0.5589882,-1.5907199,2
0.09740532,-0.105828926,0.4101126,-2.0596557,1.9843602,2
-0.4201837,-0.54007524,0.1676788,1.8664478,-1.3768508,2
-0.3884887,-0.9480944,1.4191241,0.3535155,2.301823,2
-0.12820467,-0.5355304,1.7306298,-1.1942451,-0.46600664,2
-0.75041634,-1.9966375,-1.8893728,1.0134494,-1.0652725,1
-0.6483866,-0.5514892,0.3698624,2.1952417,-1.6889398,2
-0.93485814,-0.51937556,1.2868713,0.5754715,-0.18027598,1
-0.060959786,0.3321424,1.3325043,-1.6221607,-0.36833864,1
0.08880854,1.0852005,-1.6414862,-0.31333482,2.0733833,1
-0.27659613,-0.20623541,0.36610124,0.73193634,1.170983,2
2.8648446,-0.8354683,0.44144127,-1.0138743,-0.13956973,1
-0.30307657,-0.51721,0.16003847,0.99622345,-1.2267348,2
-0.40461582,-0.86984843,1.2079533,1.0112996,-0.4412326,2
-0.5093323,-0.98169917,0.8501672,0.5097678,1.6514946,1
-0.18604985,-0.3631408,0.16416404,1.0214071,-0.24663815,2
-0.07585111,1.2382605,1.0381008,0.22146425,-0.77732116,1
-0.68365175,-0.0735314,-0.58127046,0.97856975,-0.3913815,2
-0.19149852,2.1390429,0.22961278,0.5533368,-0.5918803,2
-0.22662343,-0.25262782,1.5383496,0.7999767,0.6286019,1
-0.06494385,-0.69673836,1.2881001,1.192745,1.6689186,2
1.7129767,-0.24903807,-0.7648068,-0.2975744,-0.28518975,1
0.95697993,-0.75105715,-0.6685924,-0.29954517,-0.35210532,1
0.1572731,1.6629239,-1.7192832,-1.286157,1.1073585,1
-0.12974517,0.44667882,-0.27868184,-0.12324129,0.21817704,1
-0.21662568,0.016614154,0.077989966,0.5328652,-0.71937376,2
-0.66430116,-0.686508,-0.01576523,1.1146924,0.772604,2
2.782357,-0.2565241,-0.15156335,-0.09334488,0.3654531,1
1.043738,0.8977955,0.6234993,-1.2245834,-0.3692669,2
-0.5348669,-0.9595333,-0.38397765,1.5978267,1.2186725,2
-0.17682678,-0.42800003,0.8489617,0.27709877,2.1870172,2
-0.8655418,-1.2411276,-1.0261762,-1.4469131,1.4530468,2
-0.27917206,-0.8529203,0.01778303,2.2397373,-0.036188528,2
-0.29318714,1.8952426,0.29562896,0.35024285,-0.3551899,1
-0.9050886,-0.87622046,-0.4437167,-1.190039,-0.41425774,2
-0.3930927,-0.5525853,0.09593711,0.85173786,-1.617282,2
-0.30125535,0.31318814,1.1467196,-1.1183413,-0.47670707,1
3.0705593,-0.73185533,-0.73686564,-0.20737536,-0.3393737,1
-0.33359382,-0.28294244,-0.25214475,1.0673575,-0.24864687,2
0.1507068,-0.5115628,1.2130326,-1.1964781,0.64630294,2
-0.7887486,-0.80941236,0.041722354,1.689123,-1.7645665,2
0.34368235,-0.65108114,1.0765778,1.012065,0.93870604,2
0.06924369,-0.7653898,0.57442296,1.3798114,-1.3021356,2
-0.61234754,-0.446402,-0.1394556,0.32094815,-0.4805243,2
1.1904099,-0.08624581,0.63359904,0.16079023,0.46946904,2
1.6875037,-0.57745343,-0.9808899,-0.6372555,-0.29798132,1
-0.10354766,1.6877885,0.25247687,0.3815805,-0.24694413,1
-0.29143482,-0.8867889,1.4686193,1.6417899,-0.9159068,2
0.5071838,-0.42672443,-1.468915,-0.80409884,-0.24860418,1
-0.106689505,2.345206,-1.2851932,0.53522015,-0.7614039,2
1.8864948,-0.40161234,-1.0981563,-0.61018795,-0.18747176,1
-0.14669408,1.5853224,0.42384356,-1.2102808,-0.5077556,1
0.2552365,1.5936025,-0.016232232,-0.23372547,-0.1476569,1
-0.8624797,-1.067421,-0.19968095,0.57786703,-1.5716231,2
-1.2668196,-0.54892987,0.26586685,0.8743115,1.3785058,2
-0.36507812,-0.2477549,-0.19029231,-1.3205234,1.9708362,2
-0.43482774,-0.53737485,0.6789581,1.7861948,-1.2864449,2
-0.11487305,-0.082571656,1.6429306,0.97725415,-0.5691452,2
-0.069843434,1.2926984,0.27019936,0.13987339,-0.6668813,1
0.47949177,2.1106691,0.08168653,-0.29358068,-0.46301314,2
-0.47818747,0.27143186,1.042421,0.31827268,-0.6006359,1
-0.7790602,0.6598888,0.43167946,0.104463756,-0.18686783,1
-0.30918837,-0.19895817,0.42298475,0.7706082,2.4629784,2
0.005684212,1.8178403,0.8130452,0.061390907,-0.4787755,1
0.1223396,1.2035962,-1.5643717,-0.24862455,-0.5510827,1
-0.54459465,1.0424501,-1.3364106,-0.31005904,-0.40377778,1
-1.1330975,-0.72456604,0.026167542,-1.416575,0.18793349,2
-0.47962004,-0.07997549,0.61307645,0.8406032,-0.90676254,2
-0.71009195,-0.5437875,0.22359312,1.7261813,-1.4926217,2
-0.6257149,-0.8989114,-0.14491019,0.21016982,-0.09991728,2
0.38021702,-0.46542233,1.3565134,-1.2458737,0.49684796,2
0.17377508,1.0634779,1.4828169,-1.2611885,-0.54123527,1
0.14686683,1.9322541,-0.17627801,0.16873595,-0.9606666,2
-0.25763547,-0.5536402,-0.18285295,1.1580603,-0.2583138,2
1.6052513,0.80965924,-0.57761544,-0.083396584,0.72142327,1
-0.31728035,0.068461314,1.7838316,-1.4346116,-0.4219765,2
-0.3884031,-0.7811535,0.23145205,1.4777498,-1.1298438,2
-0.47857642,-0.46486935,0.88429743,0.091892086,-0.90871847,2
-0.7448828,-0.1940628,0.42982757,0.08295422,-0.5100169,1
2.1941469,-1.1566633,-0.34454086,-0.26021338,0.5256432,1
1.7117147,-0.28402176,0.4075375,0.37943247,0.71436065,1
0.16510862,0.4493857,0.8545768,0.64374423,1.3580463,2
-1.0658464,-1.1625159,-0.31110027,1.7651614,2.145531,2
0.4024221,0.5848738,1.2410535,0.19132847,-0.5496402,2
-0.571111,-0.8402914,1.2368058,0.2831664,0.48722953,2
2.3439622,-1.0838389,-0.7294915,-0.58909404,-0.44323766,1
0.74197054,0.90326697,-0.5012134,-0.22739534,-0.18816936,1
0.37734082,0.9692848,-0.0864144,1.3591685,-0.689335,1
1.6364487,-0.09678747,-0.32254377,0.9347545,-0.80571264,1
-0.85254365,0.45424753,1.7491555,-1.2917925,-0.5776382,1
-0.6453563,-1.0418018,-0.25102466,1.7616564,-1.1083198,2
-0.6747689,-0.3421988,1.6608706,-1.7337598,-0.10242015,1
-0.59293693,-0.8718914,-0.72308177,-1.455573,-0.3465631,1
-0.6935319,-0.80453855,0.82699955,1.3173867,0.917241,2
2.0569334,0.17057872,-0.5028724,-0.22423168,-0.5869907,1
-0.31448567,1.2593037,-1.8938684,-0.99142873,-0.1713478,1
-0.18754584,-0.72611016,0.71411276,0.77743626,-0.6513436,2
3.862881,-1.5486982,-1.1219852,-0.71484846,-0.07223347,1
-0.1571278,-0.39344162,1.109925,-1.078544,0.87508893,2
-0.38696933,0.022196341,0.919209,0.60180485,-1.4953712,2
-0.50452447,-0.6704219,-0.13508865,1.2046044,-0.022841513,2
-0.45819014,-0.70887166,0.513806,1.246899,-0.84141624,1
-0.80470955,-0.8978879,-0.61242014,0.19208671,-1.4904587,1
-0.7891468,-0.9804357,-0.52398765,0.8123054,2.813001,1
0.53373295,0.3100591,0.2978872,0.20353624,1.7047379,2
2.0939996,-1.2399148,-0.37448344,0.475653,-0.80228615,1
0.19852708,-0.781114,1.2395172,1.5976188,-0.7301419,2
-0.6131978,-0.51035994,2.011976,0.91121507,1.126364,2
-0.7305161,-0.90228736,-0.006367659,1.8587883,-1.62268,2
-0.25604632,-0.45993674,1.9609332,-1.5618618,0.7929795,1
0.38236696,2.0365567,-1.5285039,-0.4468037,-0.16603735,1
-0.36305076,-0.6541568,-0.0070329234,2.6377444,-1.4286053,1
-0.4479258,-0.4387496,0.1955191,1.1293911,-0.8795298,2
-0.6251629,-0.5447908,0.7503052,0.42782986,0.81535566,2
-0.53978586,-0.6526148,0.5209762,0.65362483,-0.83071613,2
0.072390705,1.2675726,-0.1795662,-0.9118085,-0.2599681,1
0.5195909,1.6647552,-1.3124098,-0.9220549,-0.045678854,1
-0.6646724,-0.759254,-0.115269154,0.15676829,-1.381049,1
-1.5104324,-0.4440735,0.64933425,0.6138097,-0.34753954,1
-0.6972034,-1.3558221,-0.051228963,1.7606072,1.8573277,2
-0.7487003,-0.43963778,-0.13524987,1.7696093,0.0779769,2
0.1674498,0.030107677,1.1635596,-1.0222464,-0.22135013,2
-1.0586576,-1.6385314,-1.6348635,0.707216,1.9905472,2
-0.17398584,-0.34160614,0.4381392,0.42516047,0.7298975,2
-0.38494563,-0.44020936,2.0343761,-1.3353516,-0.9744107,2
3.7967937,-1.7466477,-0.78280145,-0.6768801,-0.4032167,1
-0.80285,-1.2493188,0.9079583,0.92645264,3.272061,2
-0.16166192,-0.2820639,-0.013114954,0.27991015,-0.027401254,2
0.6212065,0.1502097,0.99197394,-1.1106964,-0.65321034,2
-0.57528985,-0.8098633,-1.2694559,0.6824552,2.4993443,2
-0.18222904,-0.49996632,-0.30222633,2.0937514,-0.7969576,2
0.2491441,0.24700212,0.81378406,-0.9760284,-0.3754446,2
-0.83296233,-0.7875164,0.32986695,1.3407927,-1.1262004,2
-0.60964644,-0.16197541,1.5807538,-1.6153281,1.2242457,2
-0.19255327,-0.064507164,0.9844785,-1.2897192,1.8893068,2
-0.70852613,0.7388004,0.81864154,-0.14322822,-0.8516553,1
-0.942785,-1.0145352,-0.46097162,0.35891324,-0.18065897,1
-0.29355848,-0.70968294,1.2846192,0.64611614,0.7789353,2
-0.7722027,-1.0610814,-0.33152306,0.7400397,-0.042034343,1
-0.44126728,-0.28805035,1.7414186,0.2410832,-1.0060656,2
-0.4581867,0.35926574,1.0548216,0.46917665,1.535338,1
-0.24752489,-0.6793999,0.7439574,0.68614507,0.24624646,2
-0.66932863,-0.5668453,0.29500166,2.2655609,-0.038307875,2
0.081286594,1.3616252,-0.18306826,-1.1145064,-0.4985599,2
0.0907744,0.07455978,0.9107501,0.03337331,-0.5275758,1
-0.70432454,-0.81113183,-0.3757155,-0.38097534,2.2547293,2
-0.50646335,0.030038089,1.3590078,-1.6448308,-0.6770198,1
-0.10713604,1.0440205,-1.2859828,-0.009500533,-0.68463194,1
0.827765,1.6954762,0.15275228,-0.80684143,-0.27369034,2
2.4290953,-1.7391903,-0.6595317,-0.40855658,-0.46234736,1
0.10757961,-0.8392015,1.2646084,-1.3015288,0.4348701,2
0.29046702,-0.6306309,1.1603878,-1.1454972,0.38507843,2
-0.6099552,1.3884013,-0.14667016,1.6146251,-0.98472065,1
0.20544055,-0.91711485,0.45804644,1.8359394,0.80824596,2
0.2263894,1.7665405,-1.3980663,-0.5113472,-0.55603176,1
1.5866361,-0.6892053,-0.48551074,-0.3305189,-0.6481378,1
0.5839318,0.3150471,1.4799988,-1.2661493,-0.7877988,2
-0.29391852,-0.45721322,0.6426154,-0.022935912,0.53296536,2
0.5870895,0.580239,-0.6744643,-0.13375242,-0.46990296,1
1.6835058,0.27898377,0.15693557,0.03202358,-0.4946426,1
-0.4448612,1.9644203,0.004113078,-0.13270159,-0.02284585,1
-0.29038054,1.2653065,0.21153015,0.77400935,-0.9437188,2
-0.4235562,-0.09415224,1.03099,-1.3471022,-0.20233421,1
-0.7170138,-0.64062095,-0.1821371,1.7828963,2.0334167,2
1.1900613,0.023567436,-0.4248555,-0.86556584,-0.9686992,1
-0.5963851,0.16417104,0.78570265,0.3452467,-0.80360603,2
-0.02168262,2.0241184,-1.5377966,-1.0980277,-0.5148149,1
1.6729429,-0.03937442,-1.1726422,-0.55273944,-0.33311704,1
-0.31917155,0.6113083,0.8718722,1.241883,-0.91048455,2
-0.6450341,-0.4306332,0.5786815,-1.6811776,3.533622,2
1.0837086,-1.1426388,-1.1446337,-0.6499478,-0.14507242,1
-1.2606158,-0.52429795,-0.3589434,1.5981188,-0.14903405,2
0.082287505,1.2354149,0.7320808,0.27104914,-0.28853244,2
-0.40814131,-0.6806123,1.2832514,0.35778198,-0.9282358,1
-0.7471704,-0.06673056,0.47963104,-0.13093007,-0.8020501,1
-0.4271381,-0.7019565,0.89217424,0.48686814,-0.5900948,2
2.1835732,-0.21309029,-0.054247186,-1.0915256,0.24455044,1
-0.5465841,-0.56206524,1.3058535,0.6137926,0.57906234,1
-0.80275947,0.00097078085,1.4191582,-1.4897528,-1.028138,1
-0.4775592,-0.6669186,-0.45678872,1.6160971,-1.6865158,2
-0.6314132,1.416744,-1.4208817,-0.32840103,-0.22770658,1
-0.44601882,-0.7375641,-0.16641411,1.6314505,1.8811315,2
-0.77288496,0.5262035,0.5942957,0.30575925,-0.4943835,1
-0.929104,-0.75042284,0.14431009,1.898827,-1.8412514,2
0.6443505,-0.45979324,1.0235983,0.8296545,1.5787245,2
-0.34329185,-0.41748506,0.3804434,-1.4829017,-1.2700897,2
-0.5753246,2.7104373,-1.6335409,-0.14249074,1.1094954,1
-0.377114,0.015733138,0.78573215,2.069149,-1.2044605,2
-0.2305831,-0.10788065,0.049665764,0.9741199,-0.3750679,2
-0.5310724,-1.2472793,1.1795099,0.5563804,0.6012998,2
-0.71572465,-0.86869276,0.11018689,-1.6050131,3.5003448,2
-0.7226064,-0.87439764,-0.7709956,-1.2205212,-0.08089829,1
0.4202041,-0.38762328,-0.5872842,-0.5166377,0.033594705,1
-0.55614215,-0.22000146,1.1048915,-1.7300369,-1.3147486,1
-0.70324683,0.59453493,0.040968873,1.8160015,-0.95975596,1
-0.95968145,-0.373589,1.0727099,0.95862174,-0.39978844,1
2.5950525,-1.8195928,-1.4028167,-0.9216879,-0.24777043,1
0.7354673,0.59440404,-0.21174788,-0.034748435,1.7081954,2
-0.026280463,2.4305997,-0.20176041,-0.07945767,0.15082617,1
-0.35102147,0.2620209,-0.37217045,0.77782905,0.56698906,2
2.007564,-0.957327,-0.49158096,-0.61654514,-0.11373408,1
-0.6011784,2.1210928,-1.629166,-0.74019647,-0.3754162,1
-0.5118983,1.2300494,-1.569761,-0.85726243,-0.20555708,1
-0.8124035,-0.3753258,1.7677536,-1.4192066,-1.4012595,1
1.0538523,1.0505812,-1.3651874,-0.90759385,0.0049346387,1
0.5868307,0.42598262,-1.2291143,-0.8295134,-0.07926657,1
0.32427198,1.1411996,-1.0686309,-1.3103435,2.0108366,1
-0.0809284,0.63741225,0.04555871,-0.8480402,-0.028899888,1
-0.63929504,-0.73680365,-0.18561728,1.44384,-1.322176,1
0.19169313,-1.0116842,0.78667283,0.3943985,0.41670015,2
0.73716044,1.1756461,-1.6411984,-0.29736626,1.3118801,1
-0.526261,-0.8125036,-0.5047209,0.8789978,1.2138847,2
2.0448923,-1.0437242,-1.2005877,-0.77289486,-0.11890621,1
-1.1954468,-1.8060317,-1.5277649,-1.7037264,-0.24631971,2
-0.772397,-0.4618558,1.1207784,-1.3025737,-0.34081313,1
0.9613025,1.4089324,-1.4974138,-0.2982801,0.120153174,1
3.2588332,-0.663253,-0.5353644,0.25677833,-0.81852436,1
-0.34571776,0.34532374,0.59267265,-1.3742051,-0.5764783,1
1.1612488,1.5512197,-1.7320935,-1.1538141,-0.4902262,1
-0.4374982,1.8068109,-1.6283594,-0.78245735,-0.111343905,1
-1.0201689,0.17013502,0.8195816,0.31106657,-0.27779695,1
0.88833994,-0.383613,-0.16458307,0.21610351,0.5458293,2
0.19133529,1.2917798,0.37811583,0.57674915,-0.83664703,2
1.78573,0.052714836,-0.5102863,-0.45545736,-0.15906084,1
1.1445045,0.22282158,1.0417528,-1.2448599,-0.58239865,2
-0.3935155,0.9715061,-1.350114,-0.71086067,-0.33472416,1
-0.45767772,-0.26963046,1.0751984,0.65651244,-0.07790994,2
-0.38505447,-1.0460889,1.1648551,-2.206176,-0.9832859,1
-0.9752515,-1.8190795,-1.5028145,1.113653,-0.0770292,2
0.013602808,-0.29392928,0.33343968,0.53341925,-0.428307,2
-0.50287676,-0.28631648,1.7826352,-1.5822875,1.0880036,1
0.20534876,-0.7218387,1.059956,0.036111176,-0.64685094,2
2.969633,-0.67561924,0.17157629,-0.7443748,-0.33238602,1
1.019683,0.35605732,-1.4198369,-0.7229902,-0.17410575,1
1.9078543,1.0428171,-0.14775154,-0.920704,0.18693075,1
-0.3441824,0.5572979,-0.34968722,-0.8032582,-0.5026858,1
-0.09633528,2.735749,-1.8015761,-0.15509117,0.4443219,1
-0.42553082,-0.41248018,-2.3810854,-1.520276,-1.6158199,2
1.7903974,1.8492326,-1.6111507,-0.30996716,0.3363636,1
-0.792185,-1.0666263,-0.40060502,-0.62777174,0.1923527,2
2.586757,-0.3643638,-0.1777251,0.28319594,-0.46489793,1
-0.7496002,-0.6002291,0.48408896,0.47912258,-1.0161961,2
2.1355011,0.04598835,-1.289784,-0.667768,-0.1430594,1
-0.52888405,-1.1484413,-0.4465501,2.0197484,-1.2511319,2
0.26610285,-2.3715305,-1.391366,-2.1189716,-1.2942922,1
-0.30209488,-0.07229127,1.3594049,1.3479002,0.007558748,2
-0.24672106,-0.4483821,0.4600435,0.56054085,-1.0040418,2
-0.031245023,-0.68331873,0.40465513,0.8278002,0.80317986,2
-0.43391663,-0.5371931,-0.46714723,0.17899394,-0.1378609,2
-0.15825826,-0.7519543,0.4993518,1.4705584,-1.0036377,1
-0.90220475,-0.9187481,-0.54663265,0.23811826,-0.29063523,2
-0.43168792,-1.0334214,-0.3046585,-1.7349108,2.8123736,1
-0.42016816,0.036295068,0.98472136,-1.3475927,-0.49932778,2
-0.4160424,-0.20844868,-0.011891723,0.60626566,2.8487256,2
-0.53611314,-0.18455371,-0.11994265,0.9501877,1.7715149,2
0.90493107,0.55317765,0.5181854,-1.1959716,-0.5417857,2
-0.19212823,-0.2231307,1.2611065,-1.4633161,-0.88484293,1
0.45801014,0.10525234,-0.5891452,0.5693334,1.017876,2
-1.0658877,1.5097765,-0.03366837,0.19808713,-0.15526697,1
-0.1728859,2.183253,-1.573133,-1.110597,-0.5818191,1
-0.32424685,-0.16061069,0.006768793,0.4327351,1.283885,2
-0.52072227,-0.44865257,0.70534676,-1.1046795,-0.7565118,2
-0.32946575,-0.061598413,1.6388308,-1.8177593,-0.5638714,1
-0.47891214,-0.92029166,-0.4249205,-1.226472,-0.012035549,2
0.118894815,-0.72361875,0.04937275,0.90922076,0.51082873,2
0.1340001,-0.80684406,1.3895515,-1.2730875,0.127072,2
0.42772502,-0.61541754,-1.060278,-0.6591077,0.054498836,1
2.1446457,0.36843634,-1.0223286,-0.2419675,-0.29653397,1
-0.28378922,0.50827205,-0.019101491,-1.2148042,2.417471,1
-0.28350833,1.6250362,-1.2569823,-0.07762547,-0.69778156,1
-0.33621335,-0.90883756,1.4324012,-0.10277289,0.922577,2
1.3899906,0.8347825,-0.16669562,0.46814257,-0.5923764,1
-1.0616693,-0.40433294,1.0143266,0.64121723,-0.6250288,1
-0.63101697,-0.4609331,-0.038323537,1.2034751,-1.1357247,2
-0.6864853,-0.89086145,-0.042656362,0.6184484,-1.2889264,2
-0.29920155,-1.0226902,-0.6201181,1.082371,1.9739245,2
0.77533525,1.6193525,-1.5933007,-0.43994272,-0.47144464,1
2.6192997,-0.069275096,0.22574341,-0.77310485,-0.27044004,1
-0.5327486,1.0932683,0.3994325,1.0706637,-0.6234409,2
-0.9665486,-0.5991847,0.9124431,-1.568451,-0.648507,2
-0.3054616,2.280912,-1.8049127,0.6715352,-0.81697536,1
-0.47691932,-0.7513132,-0.061650544,0.616582,2.0092528,2
-0.5283357,-0.60862845,0.9425762,0.3686201,1.2947872,2
3.0220606,-0.51868784,0.8066601,-0.70164526,-0.21098123,1
0.115065016,1.0591056,0.26760465,0.5911207,-0.7728911,2
-0.8703034,-0.58945477,-2.5549712,-1.6309566,-0.55620813,2
-0.89440954,-0.20898885,0.84268904,-1.1945686,0.12799896,1
-0.7525325,-0.6732847,0.6324221,1.2068366,-1.5274127,2
-0.2096721,-0.741236,0.066392034,1.7761902,-1.1871283,2
-1.1630443,-0.53253496,0.20745733,1.7921201,-1.6071275,2
0.6301016,-0.15489498,-1.2839535,-0.66134983,-0.19063418,1
-0.21299879,-0.9172751,0.9046966,-1.2794118,0.41301468,2
-1.0633988,-1.8695096,-0.7433221,-1.1163825,-0.15115458,2
-0.2515311,-0.64456797,0.64446396,0.57536054,1.3515882,2
-0.45324665,1.3527256,-0.41662627,0.38425207,1.0623481,2
-0.012125768,0.7452649,-1.5194429,-0.92791367,-0.4873968,1
0.56312484,-0.7541331,0.78431416,0.8337781,0.7922358,2
-0.07911682,-0.07922282,0.7484136,-1.2113246,-0.73489535,2
-0.46354264,-0.5801689,0.39140362,0.5593072,-0.16469142,2
0.3775468,-0.4708164,0.30777213,1.00662,0.7960579,2
-0.5430516,0.41653633,0.99978614,1.0655708,-0.9661195,2
2.3047605,-1.658741,-0.75936055,-0.28772816,-0.042626947,1
1.1657122,0.58240914,0.6318643,-1.0165352,-0.30113488,1
-0.8109908,-0.24752933,1.0172309,2.5202012,-1.3985028,2
-0.54001415,2.708628,-1.6329111,-0.2410404,-0.29131234,1
0.16226915,1.2794029,0.7935835,-1.2192726,-0.2631852,1
-0.21221685,-0.7033333,1.731851,0.89433,0.68987435,2
0.89351636,0.0819893,-0.8116759,-0.18736097,-0.15772413,1
0.78786075,2.1798775,0.1260522,-0.07606043,-0.50815433,2
-0.22980763,2.030413,-1.690505,-0.5980298,-0.4777039,1
-0.60974026,-0.4873161,-0.08870232,0.48791373,-1.5015585,2
0.62667567,0.6636402,-0.41227,-0.3617857,-0.12748283,1
1.9521174,1.7442949,-1.4615858,-0.6016576,-0.3644637,1
0.94294864,1.1896589,0.67198265,0.102612,-0.7064177,2
0.5326256,-0.7029755,-1.1694467,-0.33073282,-0.13327186,1
-0.5448068,0.4475025,0.042709325,0.106930345,0.47196865,2
-0.5373815,0.90884936,-1.5013661,-0.6982475,-0.14701976,1
-1.0386897,-0.13944477,1.9697483,-1.4508975,-0.4222347,1
-0.95490277,-0.69494706,-0.37799266,0.7645963,-1.413981,2
2.2023456,-0.15441877,-1.2612988,-0.34180236,0.07047537,1
-0.6884111,-0.9502759,-0.42636842,-1.527639,-1.9325055,1
-0.5577764,0.014670536,1.2678475,0.4072113,1.4421107,2
-0.027136385,0.06679415,1.4300948,0.9814888,-0.6159674,2
3.9628158,-0.40650073,-1.0623835,-0.5986606,-0.4373438,1
1.1544937,0.8522256,-1.695216,-0.9974486,-0.34689078,1
-0.33786938,-0.38953802,-0.35814232,0.6126487,1.5360224,2
-0.5133467,-0.16280583,1.3752893,0.96505576,-1.0875082,1
0.54541564,0.9645761,0.30496052,0.058514368,0.5350286,2
1.9330378,0.046880685,-0.944708,-0.3302357,-0.16301353,1
-0.46712595,0.13993017,1.9116371,-1.5102695,1.733208,1
-0.9338657,-1.1384689,-0.52616334,-1.2221253,0.107127234,1
-0.1717225,1.0860671,-1.6168804,-0.11694336,-0.438989,1
-1.1245053,-0.62879187,-0.08127835,1.0976946,-0.14689283,2
-1.0201423,-2.0243015,-2.3173585,-2.4912603,-0.19216521,1
-0.61642617,-0.92222494,0.04273638,1.8090458,-0.13374613,2
-0.49843088,0.030164663,0.99441594,0.14749904,-1.2372406,1
-0.8686244,-0.2198885,1.3308717,1.0175936,1.8013262,2
0.5925168,-0.15380882,-0.9109891,-0.31921622,-0.2107043,1
1.7646168,-0.34992155,-0.4716555,-0.16651678,0.71914494,1
-0.52977604,-0.42754996,-0.55909777,-1.7482864,-0.25443318,2
-0.65975827,-0.51942444,-0.010678172,1.1433469,-0.06976005,2
-0.4752897,-1.0523616,1.1130152,-1.5276821,0.11027184,1
-0.3804441,0.38906834,0.23934022,1.6479988,-1.0301883,2
-0.627646,-0.80287623,1.8674395,0.5556633,-0.22245724,2
1.9091547,-0.72649825,-0.93251145,-1.0101024,-0.33542836,1
-0.15563431,-1.0506227,1.0444323,0.7213235,-0.8975651,2
-0.28906843,1.5953139,0.53268063,0.17564705,-0.42057824,1
-1.0795486,-0.3720012,-0.26716775,1.1753973,-0.5665089,2
2.5487926,-0.9318362,-0.38339207,0.8237715,-0.69980514,1
-0.52566254,0.02236816,1.9713334,-1.2662044,-0.87423813,1
0.33922628,-0.31314453,1.8022159,-1.3400899,0.36913213,2
-0.7701204,-0.37729412,-0.21500489,0.6836247,-1.0947398,2
-1.2542601,-0.5872534,0.1886689,1.6211745,-0.07949146,2
-0.57506645,-0.6874933,-0.076915525,1.9284894,-1.1185118,2
-0.44477504,0.67956394,0.8294028,-0.08366946,-0.84273845,2
-0.10896835,0.4851709,-0.55795276,-0.55796176,-0.29190105,1
0.3964452,1.7634997,-0.36584425,0.030258685,0.021306962,2
0.98797697,-0.3221683,0.63706,1.0443798,-0.9619434,2
0.04577744,0.8965846,0.29203007,-0.8632624,-0.3473289,2
-0.45704693,1.1078981,-0.71052486,-0.18525015,-0.267566,1
-0.6543913,-0.8180832,0.42865396,0.008243181,-0.06677692,2
-0.570134,0.23000365,1.31096,-1.5895718,-0.30654445,2
-0.114271075,2.1754513,-0.20057325,0.37112463,0.5400049,2
-0.9927025,-0.649953,-0.21532626,0.9220915,-1.6070889,2
1.7342827,-0.55073774,-1.00387,-0.683809,-0.25468886,1
-0.18628943,2.0015624,0.5145781,0.19125488,0.86900944,2
-0.671329,0.10156703,0.41607848,0.008993298,-0.48690936,1
0.29904926,1.1255736,-1.4822985,-0.90403265,-0.2759689,1
0.0054147188,-0.67870754,0.80462563,0.88405645,0.6005113,2
1.0067021,0.7085043,-1.4976035,-0.83021194,-0.043900356,1
-0.7628057,-0.82365763,0.645029,1.494286,2.5582883,2
-0.55337185,-0.41418687,0.15272756,1.6833025,-1.5413779,2
-0.9602418,-1.1871432,-0.63846415,-1.7095813,3.0215673,2
0.7019979,0.73420113,1.306914,-1.1041217,-0.85888326,2
1.091712,1.3734783,-1.5758829,-0.5309494,-0.09173416,1
-0.568491,-0.926093,-0.5791776,0.41105455,-0.2662395,2
2.7300925,-1.0114827,-0.52147275,-0.46410286,-0.37700802,1
0.07752486,1.6180675,-1.4510537,-0.8741504,0.13573453,1
-0.6484835,-0.41916543,0.39992216,1.0271829,-1.0899647,2
-0.5225489,0.0036101937,0.35512033,0.8807477,-0.25357497,2
-0.020201355,2.3136692,-1.3124155,-0.8741847,-0.35995233,1
-0.57617915,1.2302767,-1.2673132,-0.37316445,-0.36307603,1
-0.8524769,-1.1844413,-0.41945255,0.9365736,1.3494933,2
0.74476886,-0.9680394,2.2880867,-1.3817711,-0.49572372,2
-0.1931295,0.068367094,1.183373,-1.7060056,0.797587,2
0.11040752,-0.12104094,0.8868521,-1.2385206,0.44154826,2
1.3022039,0.14787197,-0.25677687,-0.32712978,-0.36963248,1
-0.52522993,0.30534405,-0.055169374,-0.4299526,-0.35771814,1
-0.0823931,-0.4222472,0.9651008,0.5048873,-0.5989456,2
-0.09297691,1.0306133,-1.1975516,0.011361718,0.7942719,2
-0.7106872,-0.15161604,-1.6818229,2.0655508,-1.6590723,2
-0.5274198,0.87443024,0.041229464,0.11232774,-0.51611686,1
-0.15399234,2.1776874,0.35080573,0.049209595,0.37851328,2
-0.58906126,-0.42469156,0.21416803,1.0220321,-0.08016304,2
-0.017236233,-0.85071206,1.5140523,0.32298636,2.3691745,2
-1.0261266,-0.117758736,1.080532,-1.4197706,-0.5858214,1
-0.78562737,-0.24095124,0.09682199,1.7984284,-1.5382609,2
-0.62774605,-0.91582775,-0.19570719,1.2059178,-1.7442422,2
-0.61463547,-0.6964967,-0.04191073,0.17289376,-0.33419293,2
0.06354593,2.1717885,-1.5025607,-0.14542949,-0.45360714,1
-0.6855781,-0.6298394,1.3830796,0.4001709,0.95332515,1
0.47122517,0.6576152,-1.6656606,-0.6938553,-0.10098244,1
-0.9797265,-1.0757712,-0.67191696,0.14349172,2.0981684,1
0.71613723,0.9691586,-0.04389432,0.16106951,1.0740575,1
-0.35369784,0.8209016,0.09970298,1.6260962,-0.74874413,2
-0.16093943,1.2049699,-1.7894218,-0.382339,0.05123488,1
0.4332094,1.9936069,0.26321152,-0.18619893,-0.40635687,2
0.024986207,-0.50326294,1.1491035,1.4846091,-1.219382,2
-0.85853094,-0.93186367,0.42137176,1.2103217,-0.4316811,2
-0.41209918,-0.41837835,0.9238259,0.38225335,0.55077046,1
1.0593336,1.5639949,-1.3463135,-0.4030932,0.95385104,1
-0.47467476,-0.27561736,1.9415426,-1.5264066,-1.029851,2
-0.15068866,0.36899677,1.2709785,0.28658402,-0.45360258,2
-0.6270156,-0.95355225,0.13596894,1.7478919,-1.0820391,2
-0.6098578,0.08293913,1.7115308,-1.4378161,-0.18484293,1
-1.1016752,-0.65086555,0.0016849637,-1.7836701,-0.016500786,2
-0.32879084,-0.86068183,1.5110986,0.18551466,1.2246445,2
-0.71674114,-0.82074034,0.5079471,1.3704637,-1.0266851,1
-0.91265786,-0.8005616,-0.31695494,0.20472296,1.364667,1
-0.11055449,1.948502,-2.056973,-0.8261507,0.039814293,1
-0.5799236,-0.42662624,-0.1283959,0.5483571,-1.6319182,2
0.49190903,-0.54803365,0.7058157,0.57398653,0.80956334,2
0.6437147,-0.57084465,0.8519898,1.1808547,-1.0753496,2
-0.6211003,-0.3425265,0.908609,0.44526124,-1.0769119,2
-0.5933783,-0.9148277,-0.2398412,-0.773217,-0.9507131,1
-0.69848263,-0.530583,-0.17444395,0.2700876,-0.12831354,1
0.33215064,0.68301725,0.7232006,0.5865445,0.9859242,2
-0.45345008,-0.8859244,-1.9384646,0.9206877,-0.9368774,1
2.4895444,-0.76614493,-1.0158908,-0.29698014,-0.7826273,1
-0.78056175,-0.9726537,0.5668378,1.4463615,-1.1788032,1
-0.7316328,-0.10983455,1.2108096,0.6574233,2.0497804,2
0.18909216,0.3169344,0.09658295,1.7250718,-1.4618658,2
0.43927976,-0.70702577,0.9601017,1.1802642,1.0486082,2
-0.16654697,0.047850385,0.26898807,-1.7273761,-1.5846555,2
0.12531106,1.6175267,-0.1805541,-1.0980176,-0.176388,1
-0.64398795,-1.0041246,-0.31946683,1.0786192,2.6211884,2
-0.71729606,-1.20558,-0.56147444,1.1530883,1.4240061,1
-0.568423,-0.33678973,0.030657694,0.84745395,1.7525321,2
-0.10597901,-0.5386869,-1.0698564,-0.83253396,0.045240127,1
0.17236757,-0.37132376,1.0851105,1.4287266,-0.8830656,2
3.6052196,-1.736916,-1.1491473,-0.73065096,0.041092604,1
-0.6387389,1.6634555,0.03187561,0.46211648,-0.06683093,1
-0.9614527,-0.83319944,-0.020435994,-0.8639347,-0.93888927,2
-0.07728599,-0.59744227,0.50704026,1.1663398,2.3014352,2
-0.3764076,0.30675703,1.9094241,-1.541537,-0.20830299,1
-0.33929756,0.53452295,1.358111,-1.261447,-0.13523732,1
-0.32380748,-0.16829115,1.8216921,-1.7522535,-0.94116074,1
0.91318303,1.7201177,-0.3367211,-0.8542577,-0.26051491,1
-0.51011777,-0.05484782,1.8559569,-1.7799897,0.71889263,1
-0.06513217,-0.46283704,1.6653969,-1.1707138,0.3019653,1
-0.44890606,-0.25879398,0.41206008,2.4569235,-1.359632,2
0.28624135,-2.4903398,-1.1534132,-2.0593061,-1.788278,1
0.071889624,-0.85903835,1.3002492,-0.85158414,0.55586714,2
0.71608037,1.5531449,-0.24388123,-1.029402,-0.317171,2
0.6181407,1.8170379,-1.4680119,-0.80303025,0.3121619,1
0.15673445,-0.56443,0.89609694,1.9582102,-1.1505501,2
0.24296369,1.325028,0.8254974,-0.9123231,-0.49804765,2
-0.83197886,-0.79992604,0.39004448,-0.65403885,-0.009952217,2
-0.21790606,-0.97176886,0.6155927,0.24494544,0.96181285,2
-0.84252995,-0.8358958,-0.4986772,-1.2680448,-0.05180662,2
-1.0383433,-0.5594372,0.3500601,-0.41935265,-0.21233112,2
-0.39968592,-0.31247264,0.3147691,0.27722898,2.6294026,2
1.5527958,-0.5283338,-0.3188109,-0.6525305,-0.27536798,1
-0.45551497,1.4675958,0.5296397,0.4547621,-0.36369285,1
2.686139,-0.87419033,-0.5693222,-0.33570006,-0.07434206,1
0.06297937,1.5785766,0.059240244,-0.23313288,-0.6325459,1
0.435153,1.2641857,0.4395262,-0.29020593,-0.53154916,2
0.6125227,-0.2530838,-1.4191971,-0.6635928,-0.3497216,1
-0.2004083,2.0190167,-1.1671237,-0.45824575,-0.1414243,1
-0.76411927,-0.12479684,-0.089296214,1.8934834,-0.35824388,2
2.8161652,-0.9481261,-1.0977521,-0.36502767,-0.09913792,1
-0.6863979,1.3279625,-1.3037953,-0.20580478,-0.6827051,1
-0.76744133,-0.62147677,2.1551971,-1.6306427,-0.71093464,2
-0.22523628,1.9009668,-1.6988164,-0.74434364,-0.2688105,1
-1.1890168,-0.53943175,0.6045788,1.3658117,-0.09662208,1
-0.4482066,1.4868233,-1.7677541,-0.10154396,-0.37363333,1
-0.37156528,0.37924734,0.25491923,-0.21479082,-0.61517537,1
-0.6115485,-0.4730777,-0.07673012,-1.4229758,1.0109982,2
-0.38901764,0.10440038,1.6798332,-1.79084,-0.58875936,1
0.6756805,0.41547087,1.0522592,-1.1564636,-0.64991546,2
-0.35271174,-0.5630719,0.4065214,0.9991949,2.6404316,2
3.0514019,-1.5353715,-0.8578853,-0.8035434,-0.5843128,1
0.57934237,0.04767484,1.641245,-1.2109729,-0.49018317,2
0.4078232,0.79780734,-0.004509665,1.2042466,-0.9705142,2
-0.24383743,-0.37349722,1.0484142,0.11418417,0.50631076,1
-0.56763935,-0.7015175,-0.4395638,0.8126715,-0.6841649,2
1.1766045,1.2857001,-1.3199599,-1.5944465,-0.2984576,1
-1.0575098,-1.0455582,-1.3516427,0.11403272,1.1271793,2
-0.9861498,0.21333466,-0.118768595,0.22168303,0.7000446,2
-0.57421446,-1.1436362,-0.41927534,1.6426871,-1.4872372,1
-0.69600874,-0.5450957,1.1833589,0.64515704,1.9494658,2
3.6883175,-1.767607,-0.5235181,-0.36569425,-0.27367178,1
-1.0503725,-2.0087256,-1.5921187,1.580246,-1.0960243,2
0.41701007,2.15899,-1.140695,-0.30567133,0.9270261,1
-0.56990916,-0.30085897,1.0064335,1.4724772,-1.0831605,2
1.8383206,-0.22224165,-0.79298663,-0.6322566,-0.28910762,1
-0.9561691,-0.6456851,0.23534778,1.5939347,-1.0786271,2
-0.3292475,0.65084106,0.12422885,-1.0756652,0.66238064,1
0.7059722,-0.27966654,-1.0223328,-1.1248262,0.19228569,1
0.8935992,-0.85046846,0.9817989,1.0844808,-0.4508661,2
-0.3900289,-0.8984395,-0.6984431,0.9651208,1.8781922,2
2.4196029,-0.35259026,-1.3484217,-0.4086129,-0.13520548,1
-0.4237499,1.7231197,-1.4340341,-0.5742738,0.013824284,1
-0.70317113,-0.7067177,-1.7804813,2.0936718,-1.94183,1
-0.7979175,-0.07554421,1.1975981,0.6303981,-1.0824648,1
-0.4479033,2.4089804,-1.7975618,-0.10952621,-0.48581374,1
-0.6724861,-0.5412566,-0.114040956,2.2085953,2.4878442,2
-0.46369895,1.7361201,-0.16670564,-0.034175526,-0.20999232,1
-0.72571695,-0.41464043,2.1748319,-1.5892842,0.62174356,2
-0.28413013,2.5397203,0.33643323,0.16056587,-0.59513897,2
-0.8215879,-1.0345535,0.17920236,1.7379947,-1.2141438,2
-0.766768,-0.078562886,0.8385335,-1.2411479,-0.467058,1
-0.7421031,-0.64001894,-0.34907043,1.7470038,-1.5758221,2
-0.580286,-0.39118144,1.4873413,1.4513717,1.7818756,2
-0.060610108,1.7782737,-1.4936551,-0.62523496,-0.37138614,1
1.7764499,-0.37807024,-0.9963287,-0.4674602,-0.33277726,1
-0.21640845,-0.9378375,0.44660014,-0.23046027,0.585794,2
-0.6554775,0.9871534,0.5511769,-0.0077709407,0.15497357,1
2.567117,-0.9266541,-0.77118707,-0.19715895,-0.1766006,1
-0.093706936,-0.30174595,0.5906072,-1.7053056,-1.2117597,2
0.2413436,-0.2966979,1.177105,0.81175184,-1.2557994,2
-0.79339254,-0.76887035,-0.81033653,0.0010490865,1.270087,2
0.11093503,-2.4874501,0.49487093,-1.4585006,-0.55891234,2
-0.53695774,-0.79705375,-0.20611015,1.2819743,-1.481111,2
3.6842332,-0.09121523,-0.5021031,-0.2819973,-0.053742632,1
0.6833492,-0.37539208,-0.6074299,-1.0354749,0.07018691,1
2.4204733,-0.34176233,-0.64504135,-0.3396923,0.6339515,1
0.3667358,0.84421206,-1.5708047,-0.66789776,-0.30883986,1
-0.46300083,-0.5712675,0.86601317,0.6803937,2.2192953,2
3.7267497,-0.7595842,-0.5364396,-0.22650006,-0.47629282,1
-0.6670806,-1.1141108,-0.5869291,-0.91585934,1.3102318,2
-0.029590853,1.4086977,-1.4455259,-1.1106794,2.1625786,1
-0.20205411,2.1186543,-1.4271653,-0.784369,-0.15748319,1
-1.5419835,1.1277698,0.16851151,-1.1575359,-0.26220033,1
-0.4256931,-0.7334006,-0.2629461,1.2656631,1.9113954,2
3.084344,-1.5285532,-0.74836755,-0.68591684,-0.5729151,1
-0.19527899,1.7051234,-1.1475093,-0.7895726,-0.32341954,1
2.0778916,-0.15768903,-1.3222812,-0.39862436,-0.58172524,1
-0.4450447,1.2682751,-1.547909,-0.21961649,-0.5641871,1
-0.7767558,0.3269603,0.7615493,-1.0226318,-0.7224984,1
0.93482196,-0.12064307,0.47202814,0.18389155,1.1839519,2
-0.39303842,0.16777399,0.2947316,0.24245086,-1.0016499,2
0.15453799,1.5934169,-1.2007768,-0.8703644,-0.47313714,1
0.94532335,1.455046,-1.4153719,-1.1491956,1.0793395,1
-0.375014,0.7462318,0.41941157,-0.104388356,-0.065509506,1
-0.016390717,-0.64407134,0.8442329,0.6444127,2.0558717,2
-0.40829384,2.1828694,0.10121719,0.6466368,-0.6537041,2
-0.30970585,0.04203303,0.66267294,1.5253837,-0.9890553,2
-0.5448632,-0.6907972,0.04752955,1.2534243,-1.5509859,2
3.0434954,-0.9497434,-1.2973025,-1.0253289,-0.27339002,1
-0.73206335,0.6671543,1.6614467,-1.6167458,-0.30404612,1
-0.44508657,-0.55354583,1.8901494,-1.5097305,1.009746,1
-0.4985311,0.72461283,1.6969014,-1.2083435,-0.46493268,1
0.38225728,1.4843372,-1.3424557,-0.7544484,-0.3140192,1
-0.095184684,0.5757995,1.357213,-1.0947059,-0.4117157,1
0.43467966,1.0730388,-1.3858399,-0.17969146,-0.11436944,1
-0.44557077,-0.62343365,0.076904446,0.26684862,1.2322946,2
-0.11461115,0.23724023,0.8888304,0.43073255,0.662282,2
-0.62325877,1.2139564,0.5004119,0.41759163,-0.35577086,1
-0.19831088,2.885842,-1.6497258,-0.89533764,-0.37470958,1
-0.7414304,-1.1513642,-0.22047375,-1.1899652,-0.80162054,1
-0.52123004,1.5795133,1.2257541,-0.90614,-0.50173706,2
0.8911023,0.54101133,0.490026,0.4707976,-1.1759597,2
0.34955508,0.6520929,0.15453687,0.041790903,0.87931603,1
-0.45951432,-0.92363083,0.9638784,1.3045084,2.0819802,2
0.668236,0.80806893,-1.9602275,-0.07984313,0.23581263,1
-1.1932085,-1.0255723,-0.76245725,-1.3065641,-0.13518593,1
-0.88678503,-0.99248767,-0.81316584,1.1904007,1.7538283,1
-0.8785443,-0.5871266,-0.7662876,0.2318614,2.1794283,2
-0.5865257,0.17567264,1.9100903,-1.330529,-0.1799005,1
-0.48008403,-0.49913394,0.24533501,0.589278,-0.2292031,2
2.9204419,-1.9813627,-0.78453976,-0.52087295,-0.09224819,1
-0.7213683,-0.28287435,1.3430524,-1.3168583,-0.58768874,1
-1.179785,0.00527762,0.64846444,0.16731422,-0.4120615,1
-0.41978875,1.6634977,-0.14463949,-0.3632999,0.16426554,1
-0.6100453,0.85034937,0.6694851,0.28093806,-0.20889574,1
0.9013716,-0.20221266,2.036402,-1.3537549,-0.5168655,2
3.3315425,-0.58687294,-1.0441252,-0.78281313,-0.16363057,1
-0.80431134,-1.0459338,-0.869705,-1.1442772,1.2831022,1
-0.5928449,-0.813318,1.6400712,0.4837204,0.38533267,1
-0.73193884,-0.116601944,1.9292067,-1.3617995,-0.9578775,1
-0.20711291,0.13811162,0.92674637,-1.395964,-0.87564236,2
0.34149557,-0.4473188,0.9821504,0.7828477,1.6646852,2
0.70755327,1.8833969,-1.2749825,-0.071918994,0.8226481,1
0.29961103,-0.17542183,0.5719614,0.48294532,1.8321658,2
0.89406633,0.006832555,-1.678562,-1.5079842,-1.0852222,1
-0.7845366,-0.7917258,0.4498123,-0.48761737,-0.25176936,2
1.022333,0.5881473,0.35884887,-1.093203,0.8748821,2
-0.49060434,-0.9319922,-1.876027,1.5125008,-1.4437356,2
1.1044047,-0.01872471,-1.1389209,-0.48985228,-0.08041347,1
0.6334472,0.9822229,-1.1964394,-0.7694399,0.053080313,1
-0.0020196885,-0.49988228,0.85978484,-1.2907158,0.5231084,2
-0.5143175,-0.78539205,-0.21708474,1.6839429,-1.1924213,2
-0.3306144,0.8999403,-0.19409867,-0.85884476,-0.26155797,1
-0.5812663,-0.26932055,-0.28060126,0.27417344,-0.2921257,2
-0.040497407,0.71377385,1.5357493,0.35163066,-0.4652041,2
-0.5544654,-0.26820523,0.9529811,0.48015678,-1.1187437,2
-0.124828376,1.7292067,0.27667207,-0.115854576,1.1292936,2
-0.66359144,-0.91871184,0.7285971,0.5217781,0.9553737,1
-0.76579106,-0.81054693,0.24683374,2.1537259,0.050993815,2
-0.71989316,-1.3593915,-1.3036827,-0.10198413,1.1372924,2
-0.6325709,-0.6748847,0.8474487,-1.4540082,0.0594804,2
-0.25852826,1.7051728,-1.5653354,-0.05273685,-0.68699014,1
2.1340694,-0.91840917,-0.94860417,-0.5296828,-0.10345304,1
-0.3023541,0.7149666,0.6872887,-1.5752993,-0.8574072,1
3.307162,-0.7473546,0.7659033,-1.0967289,-0.68386674,1
-0.5184303,0.51442,1.1561197,1.8977063,0.35465086,2
0.6474165,1.349954,0.427715,0.22661269,-0.49867278,2
-0.86581886,-0.6310132,-0.52246803,-0.046951402,2.2896042,2
-0.43317372,-0.86478615,-0.5893976,2.1193614,-1.8370332,2
-0.37255815,-0.58020234,1.6274143,1.3797019,-1.1263463,2
-1.0304301,-0.6367185,0.14891368,0.8795106,-1.8121397,2
-0.63886476,-0.40532464,0.692761,0.8001554,2.7619612,2
-0.13838355,1.2693973,-1.710897,-0.3144857,1.3855507,1
-0.13130374,0.33344164,1.113898,1.3206924,-0.6101421,2
-0.7094156,-0.69687694,-0.08655675,0.6999302,1.6282073,2
0.77119654,1.0411553,-1.5753746,-1.0817502,-0.41739547,1
-0.6573445,-0.4408662,-0.41484714,1.2380877,-1.2648808,2
-0.22954321,-0.32432458,0.2823512,-1.5942822,2.4719303,2
-0.725184,-0.56079966,0.5654463,-1.6292038,2.2098022,2
-0.5857151,-0.361669,0.063970104,-1.2132788,-1.1390166,2
-0.22713685,-0.085144944,1.5882864,0.864649,-1.2973478,2
-0.59129435,-1.0313985,0.07642949,1.8356222,2.2493813,2
-0.4748754,2.2613828,-1.4069403,-0.2664863,0.36215198,1
-0.0033034235,1.3039974,-0.1323194,0.14308217,0.9190419,2
-0.37951168,-0.91229105,0.19327623,1.3412205,-1.6125877,2
-0.18233825,-0.80761683,0.5812768,1.480559,1.460141,2
1.0712905,0.64055556,-0.28892273,-0.57115465,-0.18625996,1
-0.8971962,-0.14517936,-0.10912023,2.0311856,-1.3620379,1
0.966661,0.24805021,-0.84875494,-0.28205392,-0.23851794,1
-0.39840403,-2.1702332,1.2654729,-1.4718251,0.9867264,2
-0.5853536,-0.8319607,-0.3286577,-1.4009231,-0.13204157,2
-0.4614568,0.032007135,1.7002057,-1.5472939,1.4238095,2
-0.38098067,0.5483712,-0.33182418,-0.23469366,-0.3497308,1
0.08816132,0.2526667,0.597711,1.7793734,-0.8903676,2
-0.16816363,0.08265984,-1.4901431,-0.65467346,-0.1369544,1
0.1320792,1.1171019,1.0597926,-0.21667305,-0.21073422,2
-0.73110086,1.9008058,-1.3353357,-0.16349293,0.024222262,1
-0.69050956,-0.7363199,0.08950175,1.4366313,2.8619957,1
-0.78987616,0.18914902,0.8356269,0.21725835,-0.29167223,1
-0.62409186,-1.0299759,0.08428106,0.9299741,2.753481,2
-0.37235028,-0.45943207,2.3263779,-1.3964056,0.66880584,2
-0.5083424,-0.40281397,-0.24087492,1.9842297,3.185127,2
0.6143756,-0.08773659,-1.055149,-0.5548813,-0.06613806,1
1.2397256,-0.32144022,-1.094215,-0.7342604,0.0037811399,1
-1.4740016,1.5313098,-0.06289696,-0.54962474,-0.09701327,1
0.471868,-0.106346846,1.6052929,-1.121121,-0.6029067,2
3.6403687,-0.84727806,-1.4372649,-0.7656611,-0.37657696,1
1.8247814,1.2370746,-1.5603364,0.30512628,-0.5614421,1
-0.9335245,-1.0991364,-0.33699247,0.27391198,0.48412117,1
2.0826507,0.35367644,0.28740984,-0.60680354,0.28027186,1
-0.4917128,-0.20385334,1.8127689,0.5310796,-0.5333664,2
-0.62436426,0.013559759,2.0116086,-1.482001,-0.84022623,2
1.483982,0.3955649,-1.449327,0.021843787,0.5765878,2
-0.6395099,0.33311614,-0.09939233,-0.10199119,-0.06793085,1
-0.48742107,-0.41010952,1.1497803,-1.341112,0.7633633,2
-0.6642819,0.38926262,2.2046735,-1.3243634,-0.35081393,1
0.11180249,1.159332,-1.6001848,-1.0569465,-0.1653368,1
-0.7644638,-0.6094876,0.17698663,1.5162275,-0.41368288,1
1.8474773,-0.9145054,-0.7631093,-0.6344894,-0.28155443,1
-0.5393515,-0.4992171,1.2338183,1.4085349,1.4973928,2
-0.5152139,-0.68513,0.10218282,1.0827384,-0.033162832,2
-0.55222,-0.88807327,-0.13490646,0.7530931,1.6510794,2
0.43709064,0.007944498,0.37309706,-0.8741541,-0.52407223,2
-0.5822655,-0.3669631,1.7477502,-1.7692875,-0.61069274,1
0.15634295,1.6162751,0.9362599,-0.065297246,-0.35885713,2
0.32637104,0.624246,-1.3081079,-0.05103436,-0.68444663,2
-0.42849958,-0.8432921,-0.3065081,2.0057342,2.6647444,2
0.39626688,-0.25828916,-0.8189062,-0.38474822,-0.08227228,1
0.12914786,-0.36811852,-0.17122012,1.7467029,-1.2131791,2
-1.358617,-1.0240116,-1.1879774,0.35392332,1.2658677,2
0.18732777,0.657418,-1.2242643,-0.51312774,-0.7450346,1
2.904277,-1.9618865,-1.3152739,-0.74032515,-0.2858478,1
0.27830917,-0.13997498,-1.4220104,-0.9287349,0.036814727,1
-0.7092252,-0.5270239,-0.4957166,1.0933369,0.9955464,2
-0.051221475,-0.71756226,1.1712472,0.7561329,-0.9014994,2
-1.1295211,1.2351325,0.15623519,-1.2781875,-0.38637778,1
-0.51490486,-0.07590245,1.6335069,-1.4437815,-1.1865518,2
-0.7218709,-1.7013702,-0.39662418,0.008383542,-0.011372402,1
-0.7804346,1.111303,-0.2038778,-0.06868667,-0.3374712,1
-0.5983621,-0.7680674,-0.10884653,1.5016143,-1.0423039,2
-0.7865669,-0.123175636,1.167321,-1.3072019,-0.6314748,1
-0.40689692,-1.0864764,0.95794946,0.9975997,1.2205648,1
0.029804455,-0.25045845,1.4376302,0.22289191,2.1449733,2
1.725564,0.28858563,-0.5456013,-0.33972815,-0.37400776,1
-0.4211462,0.30751473,0.18362948,0.007467851,0.61543113,2
0.36941674,0.57950157,-0.61193043,-0.2575198,-0.6795468,1
-0.91309446,-0.8527917,-0.6531992,1.0862048,2.631753,1
-0.4754638,-0.7865808,0.7278399,0.37820888,1.5817211,2
2.3297439,-0.022597492,-1.5049396,-0.82061964,0.011247054,1
-0.971647,-0.75347173,-0.5767191,1.7774521,-1.4902419,1
-0.59249324,-0.8143688,-0.48722956,0.948267,1.3672135,2
1.478837,1.7650527,-1.640775,-0.01946482,-0.48673317,1
-0.28117412,0.98785913,-1.1773566,-0.87096286,-0.6522068,1
-0.6187483,0.2758958,1.1417693,-1.5032562,-1.0175194,1
-0.33079678,0.9029691,-1.4485863,-0.7074013,-0.6907477,1
-1.1490611,-0.083233394,-1.227496,0.23844567,-0.41527805,1
-0.61578274,0.17293751,0.53277606,-1.0314227,-0.37247235,1
-0.29066762,-0.1875949,1.7456198,1.162893,0.065597504,1
0.021182343,-0.15222122,1.2430001,0.84862286,-1.2842407,2
0.46713322,0.16938013,-1.096889,-0.67528427,0.11454417,1
-0.26393652,0.13437213,1.2511344,0.32002434,1.3067001,2
-0.654637,0.035301723,0.8795449,-1.4244854,-1.2422719,2
2.2954497,-1.0794175,-0.11472002,-0.3901342,0.2577661,1
-1.4020203,-1.7524645,-1.5957121,0.84570897,1.6413208,2
-0.886899,-0.068562396,1.6888394,-1.3657416,-0.59160066,1
-0.16048422,0.8174152,0.46202692,-0.7968745,-0.2642815,1
-0.35627127,2.303063,-1.6051122,-1.1474617,-0.24040832,1
2.5098228,-0.2579826,-0.59150875,-0.33934733,0.79241776,1
1.0341135,-0.113551535,-0.5701012,-0.24443102,-0.9952641,1
-0.4910289,-0.2339298,2.0067964,-1.4606534,-0.45934337,1
1.1818162,0.3965693,-0.96666884,-0.48217878,0.0035240734,1
2.5686865,-1.2851646,0.13880423,-0.98157686,0.14287339,1
-0.22648527,-0.09746726,0.8153106,0.40306225,1.89947,2
-0.35864472,0.86261237,0.13756949,0.12055279,-0.6458562,1
-0.25931132,1.3316612,-1.2748404,-0.8679184,-0.37286574,1
-0.20503595,-0.9972701,0.88852507,0.8473786,-0.40156633,2
-0.22310036,0.15301102,0.9070994,0.7542047,-0.9427079,2
-0.9096532,-1.073454,-0.60657436,-1.3274632,2.1421564,1
-0.6793234,0.17025161,2.3511906,-1.6917868,-0.23417102,1
0.04746356,-0.71397376,0.66999316,0.30615073,-1.8481697,2
-0.17126998,2.0861304,-1.6648868,0.22024323,-0.6031301,2
-0.8652619,-0.60097283,-0.014559224,0.37885404,-1.0624775,2
2.4538925,0.09975518,0.021216825,-0.035013366,-0.46885097,1
-0.66004616,-0.92385644,0.09735942,2.2228162,-0.3198951,1
0.06336874,-0.3222892,0.6424154,0.8303294,2.130267,2
-0.9257558,-0.18666805,1.3521348,0.8264566,-1.1502559,1
-0.77769494,-1.0235909,-0.19366667,1.4121356,1.754596,2
-0.41992393,-0.17196879,1.2279118,-1.1738498,-0.3287256,1
-0.18999128,1.7822863,-0.04111925,-1.0387583,1.6496563,1
-0.547846,-0.74902254,1.4335386,-1.335811,0.4893717,2
-0.39580548,-0.35021555,-0.31173095,1.8305101,-1.3771882,2
-0.31789255,1.4592886,1.4168218,-1.2536429,-0.79029405,2
-0.4946829,-0.71998566,-0.4682166,-1.2505393,1.6663541,2
-0.59700423,-0.9755752,1.9298832,0.27330405,1.4405246,2
-0.56189394,-0.64425117,1.5037978,0.607432,-0.33060682,2
1.2319161,-0.9699528,-0.76018023,-0.774298,-0.18001837,1
0.32539615,1.9488158,-1.4288101,0.43368575,-0.7238505,1
-0.357382,-0.4516608,0.10043264,0.5588878,1.2767439,2
-0.23393792,1.7094784,0.30396575,-0.012200326,-0.31470066,1
-0.4959598,-0.58149946,1.5649207,-1.4408238,0.38122392,2
4.1102805,-1.9092382,-0.8748994,-0.8262968,0.2946988,1
0.06821744,2.1878514,-1.6540443,0.43116242,-0.44209817,1
-0.44447455,0.03265235,0.7744124,1.3156137,-0.9212702,2
-0.6658742,-0.7344252,-0.48730576,2.161032,-0.76306856,1
-0.62120336,-0.575649,-0.46018684,1.1175587,2.7645662,2
3.3498156,-0.7049358,-1.1963394,-0.51095843,-0.26967037,1
-0.5908916,-0.14332783,0.056861892,1.4632167,-0.24280652,2
-0.5055161,-0.58557487,0.7658279,-1.5314696,0.8054148,2
0.7325922,0.29502562,-1.1867632,-0.4139635,-0.18352705,1
3.340846,-1.5823523,-1.4261184,-0.5973462,-0.41084445,1
1.2155318,1.6584321,-1.2965101,-0.8612103,-0.22939467,1
-0.5215329,-1.0974728,1.0313876,0.9055266,-1.2369115,2
0.106881365,1.1586797,-0.0074274167,0.13356945,0.9896875,2
-0.007895678,-0.024558038,0.7951287,-1.0309343,0.16259892,1
-0.62385875,-2.509004,1.2881812,-1.7123265,0.9194935,2
2.7567542,-0.035496175,-0.2880448,-0.03946465,0.18785067,1
-0.7718923,-0.9005647,-0.697673,1.7428893,-1.0468578,2
-0.026660383,-0.58420545,0.5418333,-1.6070902,-1.4225669,2
-0.024896286,1.946249,-0.17580172,-0.7210304,-0.73597544,1
-0.6522686,0.7202994,1.5470159,-1.5300188,-0.581897,1
-0.32265413,0.5190596,-0.07373804,-0.8492693,-0.37919354,1
0.107443534,-0.35960194,1.0678604,1.165772,-0.19245039,2
0.120888926,2.4481213,-1.6916693,0.32767358,-0.45427918,1
-0.44960457,-0.5095351,-0.35820445,1.846395,-0.21839765,2
-0.73735315,-0.75376827,-0.290555,1.4834266,-1.2318327,2
0.8531396,-0.40522048,0.6960694,0.22272922,-0.4871448,2
-0.7130466,-0.7605472,0.8928912,0.97802806,-0.663822,1
0.41523433,1.8126457,-1.4410968,-1.1201345,-0.4479864,1
-0.077400714,-0.45226702,0.96801573,2.0709286,-0.14619422,2
-1.2694294,-2.0642827,-2.3819747,-2.602368,-0.4224343,1
0.9043372,0.3326597,1.3083575,-0.82066226,-0.42503074,2
-0.15062174,-0.715096,1.3709152,0.2554705,0.49161538,2
-1.1354712,-1.7119501,-1.7019342,-1.4017171,0.0507285,2
1.5920033,0.012787566,-0.7989695,-0.16627076,-0.14878854,1
1.034332,-0.22565475,-0.22215244,-0.22955406,-0.22568996,1
-0.09699777,-0.23122513,0.16472565,0.48013827,3.1108615,2
3.0868483,-1.1687852,-1.2128737,-0.94736916,-0.39755768,1
-0.12534556,1.7699779,0.2346246,0.8726078,-0.4413869,2
-0.050108757,2.573404,0.025910303,-0.545635,0.13271622,1
-0.86527455,-0.621985,-0.25763226,0.007573612,-0.8800318,1
0.041211538,2.0958383,-1.6341007,-1.1092498,-0.38958168,1
-0.89187443,-0.15399829,0.9908078,-1.3834251,-0.44183323,1
-0.48456985,-0.3724538,0.38138568,-0.032313272,-0.25921163,2
-0.331658,-0.6968436,0.10145359,1.6516951,-0.32145053,2
-0.59459955,-0.69030195,0.3829242,1.3073905,-1.3477452,1
-0.23950925,-0.35595077,-0.29415837,0.6548065,1.6540537,2
-0.095678955,0.011940584,0.38230366,2.068549,1.4195508,2
0.1530678,2.02794,-0.049799144,-0.08812447,-0.4029286,1
2.9207633,-0.70167726,0.44334894,-1.1731681,-0.7139786,1
-0.8242033,-1.0087185,-0.81591797,-0.06158161,-0.13322031,2
1.9807496,1.4251797,-1.5534455,-1.0399246,-0.47648686,2
-1.033479,-0.026431773,0.12159705,-0.118271925,-0.30435604,1
0.42902076,1.4163152,-1.6505829,-0.54836094,-0.20249248,1
-0.50963366,-0.89270204,-0.4828415,0.78316784,0.115110055,2
0.96530604,0.965668,-1.5473475,-0.82914615,-0.14979509,1
-0.44227695,-0.33053145,0.6730747,1.4211018,-0.8163568,2
-0.45920953,-1.275428,-0.2021997,1.3872184,0.9649131,2
3.2596524,-1.6018891,-0.6893648,-0.50228107,-0.1616003,1
-0.69364893,1.5882077,0.3287956,-1.264841,-0.50235325,1
3.489976,-0.63001627,-1.3681872,-0.54470134,-0.12070309,1
0.014618099,0.97742844,0.29632872,-1.0505164,-0.5680337,2
-0.18155819,1.977908,-1.2713839,-0.92478573,-0.12797384,1
0.5318539,-0.5238966,-0.44730207,-0.43408912,0.21233304,1
-0.3691119,-0.6082869,-0.20228352,2.0609381,-1.7059518,1
-0.07445972,-0.47324708,0.5954587,1.1882907,2.718116,2
0.14603777,1.6362045,-1.4276233,-0.24746284,1.2695285,1
-0.19987175,0.55701756,-1.3356864,-0.93525326,-0.346623,1
-0.70504814,-0.6592623,-0.36243245,1.7096963,-0.9829434,2
1.5204605,-0.6435873,-0.78754705,-0.5344162,-0.17520878,1
-0.7934005,-0.72008955,0.9178493,0.49826416,3.056142,2
-0.57284236,0.19299397,1.1979918,0.35824454,-0.60857546,1
-0.52878195,-0.6266538,-0.06717318,1.1353027,-1.4511575,2
-0.6947035,-1.1275365,-0.07364996,-0.049790416,-0.713182,2
-0.59954673,1.4276375,0.15198094,-0.27386674,0.27009457,1
0.5292275,1.1837112,0.51423687,-1.2424631,-0.5531112,2
2.0733304,-0.8553511,-0.60812896,-0.325698,-0.13380267,1
-0.87070894,-0.7157234,-2.123732,1.5690382,0.2378513,1
-0.43268642,-0.78379834,1.1373268,0.84674793,-1.1211003,2
-0.80840194,0.40110037,1.0677967,-1.2532567,-0.9460693,1
0.058429893,0.44932523,0.23446521,0.18067965,0.7778718,2
-0.48433974,-0.42673314,1.1793181,-1.5072987,-0.43664932,1
-0.18008316,-0.35892576,1.1638616,0.4940822,-0.2550815,2
-0.10626626,0.5526769,0.733212,1.1852678,-0.93647295,2
-0.1825653,1.1662867,0.9220766,0.16130972,1.5760342,2
-0.5712894,-0.75577325,0.31750333,0.79818517,-1.7069538,2
-0.7476939,-0.44122767,0.39639682,1.9175535,0.038250387,2
0.69489825,1.157104,-0.04274754,0.15784101,-0.6753746,1
-0.14434487,0.23263295,0.79257536,1.4904577,-0.636426,2
-0.48079586,0.21706715,0.7940734,1.7007989,-1.0649697,2
0.014648676,-0.7301303,1.000227,-1.1564157,-0.5383736,2
0.17120129,2.460915,-1.5226426,-1.2928691,0.27424222,1
-0.59830713,-0.10333409,0.6129208,-1.4269266,-0.6107037,1
-0.8337579,-0.5795463,0.3525994,1.0549753,-0.15371804,1
0.24263522,-0.20384505,-0.41624838,0.30749258,1.2937062,2
-0.50994897,-0.47293472,0.5298195,0.9654427,-0.7265365,2
-0.1311879,1.0886039,-0.052670397,-0.08622237,-0.69050807,2
-0.46388155,1.8293278,-1.4814509,-0.64495456,-0.28028005,1
-0.49292198,-0.47076347,-0.29174066,0.53304917,2.1473365,2
-0.4762847,-0.8442986,1.6705039,0.64880496,2.7849016,2
0.5110264,0.7615973,0.82102686,0.34549767,-0.65513283,2
-0.5569934,-0.5858094,-0.10809906,0.6604154,-1.0514284,2
0.117112,2.2794182,-1.5440826,-1.2738843,0.7911205,1
-0.41608328,-0.29926574,0.8746635,1.5868309,-1.1457491,2
2.1015875,-0.36877358,-0.7626792,-0.6817304,-0.050581157,1
-0.7829609,-0.65126324,1.9540398,0.56026673,1.7365835,2
2.149012,0.50221795,-0.27165973,0.3839094,-0.4981762,1
-0.43744648,0.6413294,1.4195762,-1.3908594,-0.7209706,1
0.5237491,1.3296292,0.50983757,0.29993114,-0.5067021,1
-0.54571563,-0.7600274,-0.028432578,1.1295538,-0.04436846,2
-0.818298,-0.9453227,-0.25893396,0.59050715,1.1695462,2
0.06880452,-1.3033707,0.93092245,-0.9400687,0.58682334,2
-0.58397293,-0.2408158,-0.11099236,0.284042,-0.45707333,2
-0.079855174,-0.8322995,2.4591992,-1.1752644,0.75278497,2
-0.34492967,0.38487732,0.45935372,-0.07707363,-0.8202765,1
-0.48118585,-0.271506,-0.6430613,0.7111092,0.107279524,2
0.14913973,0.09257114,0.40805396,0.1640235,1.665614,2
0.20562443,0.99462664,-1.2476137,-0.26956707,1.575309,1
-0.011250604,0.446223,-0.27380157,-1.0385219,-0.14107396,1
-0.25566167,0.16209304,1.0330966,0.5386168,2.2264664,2
-0.45473325,-0.7229226,-0.6999205,0.94676214,1.5342001,2
-0.62816924,-0.7966887,-0.15280256,-1.6540923,3.1108267,1
-0.70455337,-0.8383552,-0.23926859,-1.1357418,-0.007772997,1
-0.6548258,-0.69068944,0.39016962,0.45903492,-0.49806303,2
1.0147619,1.3033875,-1.4208796,-0.73171926,0.12490075,1
-0.96219015,-0.883339,-0.0062146485,-0.8627093,0.28612345,2
0.8006669,-0.01373928,1.1024189,-1.2369428,-0.48657054,1
0.2842891,1.2839907,0.09764013,-0.8883517,-0.20803463,1
-0.49446067,-0.18151127,0.74185634,0.6844479,-0.19843222,2
-0.9479469,1.0888385,0.20257059,-1.3818963,-0.007313162,1
0.53698474,0.19722158,0.2101495,0.58355474,-1.0805396,2
1.1318034,1.0914984,-1.3851714,-0.26907277,-0.31602114,1
0.08276625,-0.14472786,1.2153243,-1.129493,-0.17183974,2
-0.4259659,-0.463642,-0.12864777,-0.3470988,1.7455127,2
-0.20980772,-0.8101205,1.5177253,-1.647245,0.43718284,1
-0.49928635,0.109174185,0.693786,-0.007841252,-0.34838516,1
-0.5042636,1.767781,-1.4351479,-1.0073146,-0.32010972,1
-0.40646273,-0.031541977,1.2788299,1.2038429,-0.021117404,1
-0.48605162,-0.47008985,0.21894394,-0.8832889,1.602916,2
0.5782642,-0.5149678,2.0131507,-1.2549376,-0.77568066,2
-0.4698902,-0.3681984,1.1889089,0.9617448,2.183116,2
0.5439645,-0.45786437,0.013042808,0.10922295,0.2606259,1
-0.7117311,-0.93276834,0.07532719,1.2597305,-1.6859292,2
-0.576398,0.1919342,1.8933252,-1.3914382,-0.5321903,2
-0.5027759,-0.024641495,1.1407609,-1.5175878,-0.12950276,1
-0.008728802,-0.56807464,0.20680559,0.9723456,-0.8459299,2
-0.4679569,-1.0746922,-0.4793222,1.747299,1.8997613,2
-0.81135213,0.17677385,1.9221598,-1.4578121,-0.5502551,1
-0.66939604,-1.0200806,-0.4329762,1.0620409,1.3039389,2
0.32613155,1.5163031,-1.3399744,-1.0817883,-0.46690983,1
-0.6723924,-0.69308746,1.3570329,0.5557628,-0.84513074,1
-0.48156843,-0.028204322,1.805796,-1.8331141,-0.16845368,1
-0.09173328,1.1270471,-1.2921977,-1.0185367,-0.60477626,1
-0.9247789,-0.78735405,-0.39799824,-0.035457406,-0.6950595,2
-0.7516147,-0.48173693,0.86845,0.08144556,2.2888157,2
-0.7940292,-0.4173979,-0.42445844,1.6498282,1.71925,2
-0.675966,-1.0351735,-0.094700605,1.7637969,-1.2424233,1
2.624277,-0.8573206,-0.95968735,-0.5684515,-0.07532399,1
-0.41724414,-0.6105621,0.91831243,0.2867618,-0.2546506,2
-0.6873513,-0.6861465,-0.24573252,-0.11741082,-0.27780908,1
3.388616,0.19829495,-1.0784079,-0.8243269,-0.4888065,1
0.71092176,1.411371,1.0531999,-1.018507,-0.44803742,2
-1.3420595,-0.49548382,0.57552826,-1.6057526,1.3572223,2
-0.47307292,0.36293018,0.7893884,0.30882272,-1.0913851,2
1.371239,-0.7628309,-0.86150515,-0.26761746,-0.28967562,1
-0.409389,-0.7572421,1.0675888,0.27827698,0.78390676,2
0.35833034,-0.68315715,0.85594016,0.088304944,-0.5640131,2
0.11665289,1.7471691,-0.10064656,0.2703511,-0.6961912,1
-0.08856009,-0.47108412,0.465616,0.27718943,-2.2272992,2
-0.5777919,1.6934513,-1.6717733,-0.5111916,-0.17567517,1
-0.76643825,-0.6002885,-0.22224972,0.4608275,-1.1054429,2
-0.31106365,-0.7626132,1.1451379,0.27192932,2.803361,2
-0.5049894,-0.24409443,1.9419237,-1.3759367,-0.36339387,1
-0.9026393,-1.1682574,-0.52891374,-0.37178734,1.2920227,1
1.0278383,1.1679535,-0.35819954,0.16443576,-0.377999,2
-0.865486,-0.87437105,-0.60549223,0.624926,2.7562973,2
0.2772022,-0.21215898,-1.2138307,-0.4651824,-0.33320755,1
-1.0386975,-0.85411036,0.05594346,1.3149419,-2.2457623,2
-1.2830819,1.3829741,0.036127843,-1.4235408,-0.18877679,1
-0.23377284,-1.0448631,1.1904039,-1.1681235,0.1827175,2
-0.11648671,1.2509228,-0.29686067,-0.12553355,-0.6316404,1
-0.6873872,-1.0293969,-0.1436743,0.5501969,0.15313257,1
1.3668569,0.3740281,-0.32325268,-0.09964829,-0.41787073,1
-0.59094673,-0.063451454,2.2199895,-1.4441034,-0.19774918,1
-0.6481557,-1.0599115,-0.5920775,1.3672372,1.9792738,1
2.7638454,-1.0057724,-0.9298006,-0.67202556,-0.14144486,1
-0.7040764,-0.77506286,1.7560672,0.5475882,0.6248559,1
-0.2280474,1.8088006,-1.573393,-0.94393915,-0.31038022,1
0.42903352,1.9437418,0.34019387,-1.0254344,-0.54660004,2
0.2699712,-0.14817974,0.7895131,-0.9490323,1.3038354,2
-0.15998517,-0.7652402,0.50027466,0.30815154,0.897215,2
-0.13632658,2.4098008,0.26753598,-1.0085388,-0.6001279,1
-0.21823129,0.35431576,0.62293845,0.82392097,-0.63872635,2
-0.5137585,0.55015326,1.1339076,-1.6228759,-0.91926837,1
-0.63714796,-0.49624383,-0.19443616,1.8496232,-1.3290777,2
0.06472665,1.1332427,-0.10123801,0.8290016,-1.0863874,2
1.9779266,-0.72557646,-1.0785594,-0.3259675,-0.2000535,1
-0.6347649,-0.3819466,-0.37336743,0.6113419,-1.04591,2
-0.47815043,-0.12517524,1.1791154,-1.517895,1.1877873,2
0.25954893,-0.931633,1.1943625,0.45268202,-0.39598167,2
-0.29834494,-0.5066554,0.11722599,0.8827793,-0.76997316,2
-1.0729371,-1.2544527,-0.3335764,1.7365519,-2.1334534,2
1.1332066,0.5627935,-0.3041073,0.39730793,1.2763157,1
-0.64947784,-0.58703184,0.377008,1.9767228,-0.25950584,1
-0.953828,-1.101149,-0.0021899194,-0.68203807,-0.5196344,2
1.5170405,-0.9516434,-1.1431656,-0.2942872,-0.5328215,1
-0.9723286,-0.6549131,0.08735429,1.4149139,-2.0057545,2
0.59478474,-0.98754627,1.3799999,0.5231142,-0.5315839,2
0.054260284,0.24529988,0.89306694,0.51943624,0.9125072,2
0.15462323,0.7532778,-1.447431,-1.2194532,0.53209347,2
-0.57039404,-0.70093054,0.263254,0.13013788,2.0127485,2
0.043815643,-0.66593534,1.0684034,1.7267842,1.3362393,2
0.116601616,0.6110454,1.2861547,-0.99610245,-0.35708407,2
-0.018559925,2.6813774,-1.3495456,-0.8686991,0.68102366,1
-0.369632,-0.9918511,0.95422536,0.4124536,0.5060341,1
-0.18369165,0.853763,0.29591197,-0.0829409,-0.0048497543,1
-0.72231483,-0.45043796,0.17567441,0.746784,1.2404772,2
-0.6624423,-0.5795224,1.3382502,-1.6927513,-1.2519777,1
-0.7377629,-1.1565228,-0.12176049,2.0668807,-1.373741,1
-0.87315696,-0.803231,-0.1298684,1.5982338,-1.0914781,2
-0.60317564,-0.9969258,0.6145991,1.7458957,-0.791867,1
1.1020533,0.25383994,1.1380187,-1.2557801,-0.13979915,2
3.5450196,-0.37710133,-1.1808294,0.58436745,-0.25493404,1
-0.15583983,-0.03077051,1.5507457,-1.5035453,0.3037009,1
-0.61673105,0.26565218,2.1269507,-1.3804832,-0.8574824,1
-0.7557943,0.0997027,1.454511,0.61790556,-1.247532,2
-0.80353767,-0.40875012,-1.6092823,1.8178172,-0.18577105,2
-0.55606663,0.35120714,1.3777262,0.30806848,1.0077848,1
-0.11717047,-0.35747516,1.1439611,0.7375025,1.1791635,2
-0.2825242,-0.10300151,1.78441,-1.4789562,0.52443516,2
-0.40305978,-1.0279918,1.710994,0.9172362,0.6039587,2
-0.40949678,-0.63141066,0.030656725,0.86781937,-0.21082424,1
2.64313,-1.209253,-0.5947462,-0.60649383,-0.36672494,1
-1.0461053,-1.1256702,-0.36099204,0.14335072,-0.44585496,1
1.1305062,-0.75500566,-1.3437334,-0.6758623,-0.13356957,1
0.54607534,1.6438715,-1.5044706,0.4656391,-0.93897223,1
-0.5638288,-0.72165185,0.8123915,0.30045688,1.8938763,2
-0.201495,-1.1331568,-0.45277685,1.2286783,2.106128,2
-0.46751666,0.1599263,0.26899013,0.8997896,-1.194711,2
0.017206192,0.7310447,-1.8420222,-0.6035272,-0.24775214,1
1.8029877,0.31268665,-1.3152881,-0.49337417,-0.42025062,1
-0.6974836,-1.1164593,0.15509571,1.8213484,-0.9647013,1
-0.7655087,-0.47569668,0.70028037,0.38330752,-0.2986343,2
0.1391063,1.7517233,-1.7591082,0.13252036,-0.5652957,1
1.2140908,1.1518041,0.6889046,-0.85974234,-0.33868495,2
-0.060836658,0.44075006,1.3105998,1.2401036,-0.8348419,2
-0.9919975,-1.217913,-0.18727402,1.4565246,0.28923333,1
0.17804803,1.4267807,0.7096566,0.31386498,-0.6816111,2
-0.38101408,-0.71877354,0.022078887,1.2729664,1.5953298,2
-0.56213766,-1.0276946,0.03964722,1.4903524,-0.36759287,1
-0.41243213,0.04096708,2.079455,-1.7792925,1.1732802,2
-0.5072508,0.0032171905,0.10956859,2.4241571,-0.116189614,2
-0.30147237,0.975814,-1.3035,-0.9700558,-0.0771175,1
-0.53826547,-0.6446658,0.21804364,0.9866245,0.016926795,2
-0.5254291,-0.4398527,0.8045487,-1.7793412,1.9984956,2
0.04630208,-0.5712683,1.4977599,-1.40245,-1.0072567,2
-0.5989311,-0.2647949,-0.38975838,0.7620078,1.1723288,2
-0.2851358,-0.6254425,1.0058663,0.8791865,-0.2528365,1
-1.1125029,1.2916663,0.07394056,-0.046424605,-0.06390597,1
0.2995035,1.1390785,0.71189463,0.09274985,-0.16685304,2
0.8666625,1.589796,-1.409701,-0.53486145,-0.22893429,1
-0.52736765,-0.25841367,0.2644174,-1.1021874,-0.24500507,1
0.16144364,0.36549422,-0.3884297,-0.85450727,0.35201228,1
0.5163435,-0.14596468,0.15831815,-0.07165504,0.2928117,2
-0.3295048,-0.6687607,1.3072957,1.0534426,1.1488752,1
0.012824163,1.7618611,-1.3447884,-0.6173009,0.15488172,1
1.0539384,-0.3133449,0.0014618076,1.4938978,-0.679951,1
-0.41171318,-0.73628527,1.1991699,1.2148843,-1.2170483,1
-0.3301588,0.9681279,-1.3906364,-0.19638449,0.68199795,1
-0.21901,0.04213474,1.8121182,-1.3607543,-0.9709059,1
-0.4841209,0.47904658,0.9691335,0.41786936,1.4565805,1
0.09654251,-0.08831251,-1.9607308,0.80462646,-0.57793385,2
-0.74760383,-0.3328747,1.3079778,0.6497598,-1.2529199,1
-0.60250765,-0.74719256,-0.5709808,1.7679758,-0.058878258,2
-0.58578235,-0.090397105,-0.12079017,0.48945084,-0.18959567,2
-0.6755286,-1.0202363,-0.67925155,1.338935,1.0517509,2
-0.5565345,-1.0278316,-0.7573807,-1.6945906,-0.15913706,1
0.4562519,2.089077,-1.3896599,-0.5997782,-0.33519858,1
-0.7759412,-0.5179892,0.82705927,0.13162996,0.70927674,2
-0.7655837,-0.80605,-0.10591381,1.4747721,-0.27621838,2
3.2527812,-1.738602,-1.1874659,-0.5659995,-0.25891304,1
-0.5282441,-0.47048086,-0.10207808,1.0964569,1.0456412,2
-0.75122863,-0.56054103,0.35782632,0.13164039,1.9346718,2
0.251746,1.6700077,-1.5810272,0.8393021,-0.80672187,1
-0.13888405,-0.60099167,0.45173448,-0.012116566,0.84108865,2
-0.20584196,-1.0032936,1.2920033,0.7561869,1.0339547,2
2.521031,-0.55218345,-0.54221207,-0.29999092,0.2912388,1
-0.5341286,-0.46188867,1.1116554,-1.587087,0.6564975,2
2.049471,-0.36316478,-0.91106564,-0.5107602,-0.2363237,1
-0.9772917,-0.7772634,-0.49512696,0.9944741,-0.00025250018,2
-0.9267014,-1.032804,-1.113734,-0.06529339,1.1947968,1
-1.0386529,-0.07367994,0.47491348,-1.1166916,-0.1745443,1
-0.40397814,-0.28613496,0.4874668,-0.1304691,0.88735056,2
-0.26802498,-0.025358908,2.166991,-1.2678556,-0.121177934,1
0.29233992,2.026133,-0.29370454,0.13947698,-0.5624032,1
-0.3792858,0.06759027,1.1864619,0.095761806,-0.49442926,2
0.094760254,1.0476377,0.037971564,0.9305583,-0.80836105,2
-0.49853754,-1.0589288,0.50913155,0.6796861,2.8034334,2
-0.6285804,-0.27958018,1.3859289,-1.3996292,-0.6946806,1
-0.84999514,-0.82961816,-0.57648677,0.5711659,-0.32896632,2
-0.6386199,-0.19387321,1.7180992,-1.2593217,-0.83233035,1
-0.11960767,-0.019208878,0.92697567,1.020299,-0.9175714,1
0.029447716,-2.8339589,0.6074867,-1.5956578,-0.55825543,2
-0.7532963,-0.5516696,0.11741462,1.4125888,-1.2011575,1
-0.037944462,2.1940403,-1.5958903,-0.82282305,-0.41842175,1
1.9199787,-0.09529268,-1.051177,-0.33857065,-0.5297628,1
-0.5029785,0.2668274,0.7619427,-1.3112807,-0.59768087,1
-0.64478624,-0.8363569,-0.37223244,0.9220838,-0.14337203,2
-0.3896816,-0.7013592,-0.27769825,1.4826913,-0.23559994,2
0.4001665,-0.89735425,0.30734885,1.6356751,1.4682442,2
-0.72801226,-0.04817295,1.5728823,-1.9215052,0.014723599,1
0.43201137,-0.91867054,0.4735563,0.9211349,1.6316055,2
-0.75883716,-0.6253544,2.3739407,-1.9560218,0.6377058,2
2.8063233,-0.8046774,-0.73897624,-0.009054631,-0.055085264,1
1.1704888,-0.3467305,-0.95005137,-0.25522876,-0.36073774,1
0.13941664,1.3687266,-0.046315305,0.08734837,-0.3719781,2
3.8050966,-1.8100804,-0.96847504,-0.5683656,-0.12785335,1
-0.8013835,-0.5207086,1.6322675,-1.6965877,-1.3102658,1
-1.4399552,-1.8603642,0.8435596,0.09779097,-0.71626616,2
0.17168713,0.9402043,-0.06997575,-0.24658614,0.28104958,2
-0.78366065,0.485783,0.7582595,0.36920157,-0.6724509,1
-0.53952605,0.046779774,-0.044511266,2.0694637,-1.2024659,2
-0.09451389,0.9506984,-1.6427863,-0.09334235,-0.27770126,1
-0.35976118,0.8624459,-1.5486577,-0.2645026,-0.28232694,1
-0.5904262,0.17268433,0.68879944,1.5481544,-1.1310763,2
1.1185963,0.16849019,0.2201961,-0.02013886,0.3897317,2
-0.4013076,-0.7924687,1.4820133,1.0260885,-1.5149544,2
-0.26175898,-0.5310293,0.14041856,1.2465001,-1.1534626,2
-0.50486135,-0.24855481,1.5759686,-1.5888567,-0.77336514,1
-0.5888399,0.36012563,0.7981074,0.2234723,-0.11396727,1
-0.7688452,-0.93826026,0.06627381,0.46312457,1.0027213,2
-0.797388,-0.5609769,1.6289107,-1.3505888,-1.4577869,2
-0.47681618,1.9901842,-1.3034968,-0.43367994,-0.1419071,1
-0.6016348,-0.6152986,-0.16546473,1.7119547,-0.108744256,2
-0.36540103,-0.16738912,0.68369865,0.5042064,-0.73573226,2
-0.19994563,-0.47464037,-0.119798355,0.9047522,1.2816157,2
3.2277298,-0.5017642,-1.2591017,-0.62845945,-0.14327714,1
-0.3949501,-0.6818861,-0.2804226,1.6473106,2.5318484,2
-0.4027061,0.3520382,1.4620193,-1.3309398,0.22737959,1
-0.8538043,-1.0964518,-0.633662,-0.07458192,-0.23175597,1
-0.6098185,-0.33103466,2.3476872,-1.3335108,-0.70315933,1
-0.8347275,-1.0911336,-0.39240152,0.85549974,-1.4477675,2
-0.6004445,-0.5027984,0.45971826,0.63555235,0.9900398,2
0.013491265,0.20352727,-0.9817468,-0.55192745,-0.20509367,1
-0.026521206,1.3175716,-1.5867147,-0.9814061,-0.100631095,1
-0.513108,-0.15025535,1.0116482,-1.1031432,-0.27870864,1
-0.54820895,0.15915215,0.66886103,0.4917812,-0.7585172,2
-0.6261634,-0.57472324,-0.1818914,1.9301771,-1.5116625,2
-0.84449595,-0.26648647,0.25798577,2.4491184,-1.5259233,2
-0.15963995,-0.80669296,1.9905554,-2.0622072,1.2214154,2
-0.1489338,-0.13466944,1.781528,1.0032173,-1.4740802,2
2.8855991,-0.9280773,-0.7523638,-0.40805048,-0.24633253,1
1.4935992,-1.0975592,-1.0850207,-0.3615427,-0.3415799,1
-0.9118829,-0.14296085,1.5803063,0.8003553,-0.21079352,2
2.7783263,-1.2701218,-0.88376886,-0.5285636,-0.29157507,1
-0.88438857,-0.61222196,-0.14340678,0.78585786,-0.16054581,2
-0.64940506,-0.113589205,0.89153147,2.009802,-1.2991253,2
-0.8276872,0.13350561,0.8044584,0.49092028,-0.13795134,1
4.174973,-1.5108429,-0.64870095,-0.23691003,-0.19899756,1
0.011359498,1.5480276,-1.440901,-0.17937745,1.3388914,1
-0.33503383,0.14356636,-0.054199934,1.7736666,-1.2936317,2
-1.3378069,-2.275617,-1.271507,-0.52625203,-0.35947073,1
-0.246524,1.6932269,-1.6818179,-0.31759664,-0.7759948,1
-0.5597507,-0.79545915,-0.1916675,1.2567952,1.5839227,1
2.2002714,-0.5710282,-0.4701965,-1.0181115,-0.2642767,1
0.42182875,0.28945047,0.66226006,0.244579,1.0000759,2
0.024447199,-0.026529722,0.7747612,-0.9318165,-0.6369361,2
1.8429356,-0.25871265,-1.139764,-0.5533366,-0.16737434,1
-0.6870895,-0.97898376,-0.5149046,1.0813559,-0.2619701,2
-0.5066449,-0.98295975,1.2225871,2.3397815,-1.3908367,2
1.205368,1.4020962,-1.3479153,-0.11211924,0.19685277,1
2.1878664,-1.3093225,-0.9097991,-0.4241631,-0.0864075,1
-0.21367155,-0.86610055,1.1704943,-1.1732101,0.28172985,2
0.41537645,2.7099807,-1.9495305,-1.1669624,0.032282915,1
-0.7161559,-0.65455514,-0.15326634,1.7153451,-1.0955607,1
-0.756959,-0.9964614,-0.45786008,-0.97757095,-0.1057664,2
-0.35082006,-0.20779328,1.0076666,0.6834442,1.7639158,2
-1.1013595,-0.23724467,1.899475,-1.38453,-0.04815255,1
0.049670614,-0.44393888,-0.43266046,1.5991356,-0.7330115,2
0.4007786,-0.5153781,0.79073554,0.4259446,2.3226428,2
-0.7441882,-0.12677553,1.1724075,2.1909704,-1.437976,2
-0.5262084,-0.91254103,0.40993944,0.38224852,2.8438103,2
-0.694339,-0.99000156,-0.65805334,0.9323256,-1.3646468,2
-0.7685154,-0.4723621,1.6643953,0.32828805,-0.67860496,1
-0.40548494,-0.88820183,0.87865937,2.609702,-0.98259544,2
-0.38630542,-0.4941699,0.090761594,0.6013396,1.0119116,2
-0.25124383,-0.30241185,1.3673853,0.7088201,1.0065622,2
-0.469798,0.07607871,0.8359217,0.78693527,-0.8581707,2
1.7960304,1.2650353,-1.4302685,-0.7221834,-0.46817172,2
-0.7402764,-0.99482375,-0.47368073,1.7879037,-1.5525024,1
0.2894352,0.3607132,0.3997687,0.90706205,1.6137228,2
-0.44315317,2.3821335,-1.5311764,-0.8100299,-0.7467625,1
-0.23017967,0.011410698,0.45816064,2.31946,1.5066462,2
-0.97125375,-2.0655642,-1.3567528,0.43521634,2.8295543,1
-0.5454345,-0.3992414,1.0671842,-0.42160347,-0.13014904,1
-0.44024763,0.10877266,1.8698578,-1.6026696,-0.7445403,2
-0.39153337,-0.69071275,-0.036069423,0.24978375,-0.2927768,2
-0.9265263,-1.0082809,-0.339477,1.5484176,1.1758099,2
-0.5434846,-1.1606183,1.3515439,0.69879746,0.4018731,1
-0.63758516,-0.6866129,0.1560786,1.1711411,-1.6164922,2
-0.55395347,-0.7328652,1.209862,-1.3501707,0.59382105,2
-0.7574222,0.06621854,2.0887215,-1.3632028,-0.048413232,1
-0.4265163,-1.0599048,-0.6314764,0.81054175,1.603266,1
-0.40905,-0.681205,0.57166195,1.7480779,-0.9279351,2
-0.10057824,-0.78944236,1.1338173,-1.1634078,0.43191254,2
-0.07366061,0.77641976,1.54669,0.33189487,-0.5555654,2
-0.1665564,0.18919799,1.7376891,-1.363136,-0.58754075,2
-0.5181644,-0.40913898,0.84952545,2.020013,-1.1680365,2
-0.33411396,1.5363619,0.4495658,0.60370386,-0.5897079,2
-0.04890053,-0.8391985,1.6618149,0.5256211,0.45907208,2
-0.6446449,-0.6874286,-0.45948955,-0.36553526,-0.32293358,2
0.46074584,1.3837516,-0.24546158,1.0708361,-0.7392019,1
-0.7780557,-0.2970938,-0.35182935,0.3859995,1.5279214,2
1.4568882,1.3099734,-1.192493,-0.8344518,-0.3585092,1
-0.6549259,-0.8155327,-0.37687707,0.8506401,3.240823,1
0.82592696,-0.6023024,-0.6865333,-0.6534618,-0.53903234,1
0.27677554,-0.7846905,-0.9102655,-0.8193679,-0.36921817,1
-0.9957738,-1.0140676,-0.617254,-0.08367037,-0.7890656,1
2.9735954,-1.1662805,-1.0614098,-0.16850075,-0.26904905,1
-0.010505769,0.93599105,0.25110567,-0.7410308,-0.4657435,2
3.6928995,-0.84255296,-1.0940669,-0.48569733,-0.09377714,1
-0.9898665,-0.033105507,0.550966,-1.05957,-0.33130813,1
-0.77942055,-1.211938,-0.49357724,-1.1727439,1.3989078,1
1.1054871,0.70158434,0.7333591,-1.0410992,-0.7226594,1
-0.3865527,-0.84111303,1.2790687,0.43219715,0.6754741,2
-0.7573317,-0.7949082,1.1832502,0.35503036,0.5835515,1
-0.78469807,-0.7259691,-0.79586947,-0.01865074,1.5726006,2
-0.25221372,-0.05870174,1.2649136,-1.1336823,0.6581352,1
0.34276715,1.8302999,-0.068185136,0.48555738,-0.2855577,1
-0.13916622,2.7704473,-1.6827178,-0.9340099,-0.21053642,1
-0.86944234,-0.26374477,2.0460136,-1.7535591,0.052900657,1
-0.87472975,-1.1391014,-0.30678642,1.079292,1.1065321,2
-0.09273166,0.13447493,1.2354649,-1.3774785,-0.2715685,2
1.1724182,0.6297914,-0.34083313,0.4550144,1.463241,1
-0.5191771,-0.57129776,1.4637045,0.1259516,0.13721803,2
-0.46725446,-0.2923823,1.6572309,-1.467973,-0.0718434,1
1.8860525,-0.29149926,-1.1670096,-0.38266134,0.02541124,1
-0.524229,2.661036,-1.4654771,-0.8968065,-0.9461313,1
-0.9077346,-0.35794055,-0.99559844,-1.1563132,-0.09476036,2
-0.80406296,-1.118134,-0.50416136,-0.121375665,-0.7467829,2
1.649729,1.6560917,-1.307188,-0.59228146,-0.46808034,1
0.36266816,0.7361597,1.6184164,-1.4952781,-0.3523379,2
0.5826166,0.9976247,-1.1191884,-0.753663,-0.42921132,1
-0.2666302,-0.5274097,0.44650182,0.46107322,-0.30974257,2
-0.0013934746,-0.12613936,0.45882085,-0.5470867,0.1145758,2
-0.8373768,-0.72728205,0.8792712,0.34399801,-1.0335072,2
2.5006278,-0.62304807,-1.2873214,-0.88012093,-0.4201854,1
0.048232563,1.9614773,-1.6491373,-0.7760903,-0.45727867,1
1.6570678,-1.0015091,-0.68442327,-0.43458617,-0.35909587,1
0.47692138,-0.78285795,2.0102355,-1.2480865,-0.9937564,2
-0.64145267,0.37459183,0.94619083,-1.3346026,-0.7130724,1
0.5421811,-0.7400472,-1.575823,-0.37023172,-0.22488582,1
1.6977323,1.8755647,-1.3516244,-0.44543278,0.31307477,1
0.73774034,1.522065,-1.2860417,-0.1661861,1.0094087,1
-0.5693846,0.6878192,-0.27588367,-0.32251114,0.21285947,1
0.0053496063,0.18118435,0.2209253,-0.3734498,1.1473109,2
-1.2303112,-0.9617779,-0.24013975,1.6643751,-2.1037862,2
0.09864542,1.4252015,0.23596147,0.90176654,-1.0891454,2
-0.9579293,-2.0577948,-1.3012407,0.53739166,3.0631795,1
0.55695003,-0.4816646,1.1965501,0.8949906,-1.4362634,2
-0.34385383,1.6313158,-0.04236783,0.3624636,-0.65555835,2
-0.77263016,0.4990178,1.0141516,-1.5817547,-0.6522797,1
2.9602382,-1.2679144,-1.3468856,-0.51250666,-0.27851996,1
-0.8064431,-0.7207956,-0.47395712,-1.4553683,2.2736702,2
-0.384444,0.20751403,0.6338315,1.5708764,-0.17149757,2
0.54388833,-0.8359496,0.7831826,1.1625612,0.9509175,2
0.09919807,2.7506006,-1.3232741,0.10625954,-0.29898602,1
2.2059414,-0.011310019,-1.4660935,-0.4394858,0.31684563,1
-0.10476662,0.4200283,1.1222917,1.306762,-0.6715856,2
-0.28504872,1.4784968,0.6757931,-0.17244595,-0.39666998,1
0.2844685,2.6013818,-1.2531309,-0.99856985,-0.40052512,1
0.113790065,0.5154732,-0.016286999,-1.716933,1.3914636,2
0.17715116,0.4671375,-1.3006986,-0.2884286,-0.64838165,1
0.81939495,1.5085812,0.22703448,-0.9831366,-0.46279103,2
-0.5503749,-0.57004386,0.7609948,0.7553767,2.7782452,2
-0.09562102,-0.54973394,0.29343265,1.2854936,-1.0683271,2
-0.9905527,-1.2731459,-0.32878235,0.6790734,-0.33735824,2
-1.0794812,-0.6901409,-0.30868262,1.4512441,-2.2912214,2
-0.3935392,0.06074079,1.6370127,-1.2688454,0.78444093,2
4.039506,-0.10421881,-0.65641373,-0.32780454,0.037356395,1
0.3126223,2.3850975,-1.7437657,0.30421227,-0.1313686,1
0.013812907,-0.5657426,0.54847056,0.61748564,-0.961929,2
0.06434509,1.710129,0.93152916,0.30015984,-0.28647923,2
-0.6810211,1.3011878,-0.24899732,-0.22087422,-0.23896039,1
0.0371134,-1.1173847,-0.07107513,1.4175256,-1.161453,2
-0.28595802,-0.13970786,2.0593786,0.7879201,-0.6643788,2
-0.34697378,0.65161294,0.57548547,0.060982756,0.018836409,1
-0.119031146,-0.6347779,1.2948109,1.1124595,-0.1673015,2
-0.7919658,-0.4861987,-0.19154531,1.2521372,0.88364947,2
2.8113952,-1.191487,0.40858638,-1.1794548,-0.6415551,1
-0.60608387,-0.7660502,1.1138812,1.1467144,3.0246165,2
0.31510103,1.9692757,-0.40969813,-0.13847847,0.10222165,2
1.5629112,-0.11157051,-0.6418966,-0.1971346,-0.15717597,1
0.28803286,-0.87506104,-0.2598382,0.8835243,0.63919806,2
1.8439512,1.7415221,-1.5136163,-0.61044836,-0.48515648,2
0.6005875,0.06938093,-0.61063313,-0.27349597,-0.7369614,1
-0.7217616,-0.21586895,-0.4403702,0.49632597,0.9071036,2
0.87401634,1.4398942,0.20542161,0.17117813,-0.28219485,2
-0.58643067,-0.33930123,0.21366818,1.5032566,-1.16081,1
-0.6329932,-0.82597405,0.99775153,2.2393668,-1.1218245,2
2.4573405,-0.21776597,-0.7588143,-0.4425359,-0.46861538,1
-1.1584816,-2.3473363,-2.051046,-1.7622782,-0.8143333,2
0.3532275,-0.68064094,0.9518347,0.6173232,-0.5506471,2
3.6068394,-2.0541403,-0.54941607,-0.8352981,-0.054898098,1
0.39752543,0.17339228,0.9184761,0.51007247,1.2596554,2
0.4567806,-0.19388075,-1.4700716,-0.7429499,-0.08254023,1
0.7622795,0.8127058,-0.20725198,0.31512666,0.86789364,1
-0.73447734,0.6771095,0.06949884,0.32841218,-0.89003164,1
0.5770878,0.60934556,-1.1007211,-0.30141765,-0.34989932,1
-1.3394184,3.8326893,-1.4786854,-0.898438,-0.5369223,1
0.18832058,-0.3420086,1.2571324,-1.2589481,1.1861166,2
-0.010817863,2.1528869,-1.7701849,-0.8025874,-0.45977342,1
-0.5659611,-0.8953633,1.1257612,0.65749824,-0.76847744,2
0.53416723,-0.6725196,0.4045708,0.83218694,2.1654541,2
-0.13541207,-0.55612594,1.2211632,-1.1064081,2.0855567,2
-0.7280028,-1.4453924,-0.12205885,0.0742126,-0.8459118,2
-0.24651308,2.1870532,0.068981454,0.21899943,-0.101980165,1
-0.39931327,1.2979134,-1.5206194,-0.46137986,0.038516015,1
-0.5581478,2.2957845,-1.5938742,0.77938354,-0.49337825,1
0.10163196,1.93142,0.26136234,0.3269559,-0.7270094,2
-0.32551828,1.0249132,0.42760703,0.5928659,-0.21619132,1
3.0382626,-0.60251814,-1.2725391,-0.5641617,-0.20001504,1
-0.034746677,1.2807426,1.5829142,-1.4841315,-0.13772523,1
0.39627787,0.4769898,-0.56070185,-0.28450978,-0.1336016,1
1.0203705,0.08378965,-0.003195256,0.23249531,2.3958583,2
-0.12777175,-0.021345217,0.49187016,-1.5131556,2.7106905,2
3.310604,-1.6650748,-0.8353081,-0.8613334,-0.110190555,1
1.6039599,-0.59514964,-0.6159721,-0.05213791,1.5377125,1
-0.14588487,1.5384244,-1.66078,-0.4823553,-0.5632084,1
1.7738899,-1.2042243,-1.0185577,-0.29627466,-0.1705538,1
-0.26610672,-0.48161507,-0.07214117,1.0690769,-1.0460981,2
-0.22043961,2.355636,-1.7178359,-0.918159,-0.6344447,1
-0.7732611,-0.81717354,-0.35047948,1.3334601,-1.7854341,2
-0.96514297,-0.9189515,-0.4931199,0.5795899,-1.8131092,2
0.31312138,-0.37241733,1.0563333,1.6855661,-0.7814456,2
-0.8460345,-0.8088643,0.14422375,1.5860453,-1.0691676,1
-0.67496026,0.4886167,0.21176308,0.31588358,-0.20972186,1
1.7825626,-0.3792004,-0.77443403,-0.19364068,-0.16273096,1
-0.7710885,0.25261423,1.8640404,-1.6979133,-0.24045582,1
-0.8334614,-0.70675737,1.8950186,0.8263523,1.6595198,2
-0.51250404,0.292874,-0.0039443,0.11786932,0.3985946,2
-0.24747631,-0.84931564,-0.05849369,1.562984,1.4061966,2
0.6684095,-0.58209777,0.81219655,0.28398895,0.03528382,2
-0.08260667,-1.0723457,1.184079,0.9347144,2.4656627,2
1.3776411,-0.6727153,-0.9605292,-0.58337027,-0.50938785,1
-0.48500538,0.30196354,2.5881753,-1.6057872,-0.33109403,1
-0.41323245,1.1883112,-0.05032391,0.84904873,-0.9330426,2
0.7178633,0.27393275,0.09448254,0.69436365,1.5336573,2
-0.4746763,-0.6999246,0.7168635,1.3884555,3.387883,2
2.3039436,-0.585874,-0.42264885,-0.37121162,-0.027484566,1
-1.0540059,-1.9362743,-1.7107596,-2.4117036,-1.305234,2
-0.25350827,1.0709345,0.11398485,0.23355888,-0.5056264,1
-0.796739,-1.0038836,-0.6084722,-1.4539154,2.4189703,1
0.20109162,-0.99707675,1.453172,0.5729556,1.6828641,2
-0.6662172,-0.56291515,-0.4081893,-1.111933,-0.20143352,1
0.11612129,1.6869583,1.0420916,-1.4275967,-0.41877395,1
-0.25762284,-0.7328449,0.9891218,0.57345843,1.62163,1
-0.43358722,-0.54250336,0.5649291,0.9200187,2.6396594,2
-0.7519753,-0.9619247,-0.19569772,1.202034,-0.07900039,2
-0.67915136,-0.44169688,0.75997025,1.3531085,-1.4032745,2
0.9130074,0.90478987,-1.5960003,-0.8797849,-0.45473146,1
-0.9752311,-1.0404437,-0.51069105,0.40202758,-0.09676069,1
-0.3506927,1.9475486,-1.4020553,-1.1329343,-0.40604904,1
-0.51013935,-0.8398635,1.612116,0.5004844,1.3746465,2
-0.85643065,-0.5017919,-1.4372046,2.2303445,-0.017981187,2
-0.32254183,1.9833887,-0.21532863,0.36204797,-0.78687114,2
-0.5903228,-0.70589685,-0.16197087,1.3633727,-1.1897168,2
-0.31536895,2.0794647,0.085959435,-0.19622637,-0.3424716,1
-0.34786323,-0.50388026,1.1670849,-1.5914335,-0.34416002,2
0.12835105,1.7130805,0.44213024,0.16050722,1.1467667,2
1.4920824,0.572813,-0.56204164,-0.3660354,0.9608776,1
-0.6746396,-0.6867815,-0.08649451,0.9470507,-0.8743261,2
-0.24923468,1.5445733,1.3835227,-0.9004302,-0.32511437,2
-0.30466652,-2.7763011,-2.1650853,-1.2310793,-0.32971537,1
0.62620926,1.2414229,-1.7307843,-0.32707238,1.3724295,1
-0.5540761,-0.91053903,0.8488745,0.5966595,-0.9311579,2
-0.764107,-0.66359556,1.1932658,0.8048262,2.2557623,2
-0.50321543,0.88328254,1.4615573,-0.9949802,-0.65037614,1
-0.89586765,-0.5511775,-0.47820196,0.42081842,1.8752133,2
-0.20918003,-0.6261405,0.6433975,1.5098358,-1.730369,2
0.9080306,-1.0346631,-1.143045,-0.56543475,0.2216677,1
-0.21682371,1.0864991,1.4672495,-1.2948554,-0.19198453,1
-0.5498724,-0.124619156,0.8395852,-1.2312785,-0.6741857,1
-0.9041537,-0.65987945,-0.2161934,0.058434173,1.9227661,2
1.0543299,0.07602272,0.5770039,0.53529024,1.1347257,2
0.26979965,-0.5271992,0.57356244,1.6494215,0.8468787,2
1.4055418,0.22786899,0.566252,-1.288275,0.78872764,2
-0.059053876,0.26280093,0.9118985,0.30473197,1.4338644,2
-1.0023929,-1.0395418,-0.19944131,-0.020969272,-0.72713184,1
0.038762502,0.8156032,-1.275952,-0.1471308,-0.55223346,2
0.34256178,0.6315081,0.026781589,1.1246318,-0.7121684,2
-0.69730365,-0.59690833,0.06286433,-0.005164832,1.565692,2
0.59772706,1.322699,-1.4336201,-0.08099617,0.7001819,1
-0.75006646,-0.21504585,0.18999937,0.8081884,0.23458888,2
-0.71800137,0.2792996,1.0928516,-0.083294645,-0.31125075,1
1.6739058,0.17984211,-0.3869537,-0.2748794,-0.4957072,1
0.06953362,-0.6371571,1.1800277,0.6752446,1.9762696,2
-0.49151,1.3199589,-0.17016563,-1.369221,2.3012574,1
0.51481456,-1.112281,2.139134,-1.6950682,-0.37628663,2
2.0945673,-0.91138524,-1.1923915,-0.54838717,-0.4608821,1
-0.6720239,-0.8652467,0.00229308,0.5895168,1.3587242,2
-0.4831447,0.104564324,0.68860084,0.1814334,-0.64509606,2
-0.89309233,-0.7095734,-0.04667087,1.1639907,-0.20677966,1
-0.50324667,-1.0791445,-0.19063666,0.58327234,0.99292225,2
-0.20556489,1.0923554,-1.4811382,-0.7628933,-0.45402095,1
-0.437607,-0.8070278,0.1612227,-0.90976274,1.5083354,2
0.16545376,2.553029,-1.7775002,0.2697996,0.26270622,2
0.39075688,1.6583114,0.14017761,0.057851866,-0.37889957,2
0.46749163,0.17658131,0.42036837,-0.027009018,0.07280827,2
-0.8054253,-0.7893163,1.192161,0.7015827,0.63379556,2
-0.21105528,2.7601643,-1.9788338,-0.25890908,-0.53390306,1
0.45380446,1.6346159,-1.5585853,-0.30470526,-0.56019247,1
-0.23161973,-0.4359784,1.2379192,-1.2630489,-0.4441818,2
-1.1466048,-0.8554946,0.10561663,1.1691673,-1.1554646,2
0.18423861,2.2512407,-0.07989634,-0.121303454,-0.5607146,2
-0.023017734,1.0638775,-1.8040541,-0.9280335,-0.26155734,1
-0.2502538,-0.32630414,0.06887504,1.5822903,-1.2662978,2
-0.55572814,-0.34943107,0.6834701,1.4312773,-0.19965202,1
-0.9740708,-1.0478448,-1.3321936,0.36289942,-1.6781523,2
-0.6985909,-0.67313576,-0.7105008,-1.0201836,1.4819744,2
-0.9784468,-1.0021924,-0.2506799,0.044875965,-0.18566485,1
0.37115198,2.4410987,-1.5673382,-0.21136114,0.29426822,1
-0.27995872,-0.5071099,1.1859721,0.54104066,-1.2213174,2
-0.6781586,-0.5828295,-0.09695514,1.793939,-1.3776222,1
1.5449278,-0.78557646,-0.6310616,-0.38202783,-0.45617142,1
0.515979,-0.5646627,2.3890822,-1.413193,-0.5351013,2
-0.38162395,0.07143761,2.316699,-1.3045723,-0.543406,1
1.9609371,0.26261127,-1.2124953,-0.85615546,-0.06999788,1
-0.52721435,0.6888437,-0.07181005,-0.35466748,-0.16076171,1
-0.18992776,2.7732055,-1.8295491,-0.69706583,-0.042047247,1
0.3189934,2.4182725,-1.5595491,0.22957546,-0.7444869,1
0.67108566,-0.8304499,1.8031123,-1.5516546,-0.7134213,2
0.8241762,0.50596863,1.1718514,-1.2367548,-0.5207064,2
4.191807,-1.9939029,-0.42434135,-0.5779155,-0.63918936,1
2.8885298,-0.8997165,-0.75683683,-0.49746212,0.028650075,1
-0.5083436,0.023788162,1.4155369,-1.4452679,-1.1153567,2
0.8751374,0.47907823,-0.50257266,-0.42827368,0.25431678,1
-0.8751058,-0.74546945,-1.7529545,-1.7060498,-0.08754759,2
2.9763196,-0.36060727,-0.38823372,-0.41834998,-0.2937279,1
-0.75985026,-0.9620935,1.2271292,0.741413,-1.7820975,2
0.15100959,-0.7431284,1.0228268,0.72530353,0.6124563,2
0.003622491,1.158761,0.266635,0.923295,-0.6345432,1
0.08961501,0.60677797,-0.41838992,-0.71348095,-0.42389408,1
-0.595762,-0.85049033,-0.10032461,1.5544382,0.0608598,2
-0.720162,-0.8426127,0.59792846,0.300399,1.7912532,2
1.3864619,0.836843,-0.1633285,0.45675713,-0.58803576,1
-0.49527228,2.6822467,0.1817682,0.5032604,-0.1528728,2
-0.61328876,-0.6612839,-0.551729,-1.2690315,1.3987273,2
-0.3101011,-0.18623206,0.9983154,-1.2152835,-0.5640504,2
0.32041126,1.2231853,1.3309742,0.26447883,-0.49267206,2
0.4918421,0.64096963,0.29289955,0.9036698,-0.5536156,2
-0.22916707,-0.5383054,-0.34490836,1.2415085,-0.10072956,2
-0.652184,0.21720064,0.38473874,-0.13564786,-0.21537822,1
-0.9972141,-1.018535,-0.49261272,-1.142003,0.08238472,1
-0.29470813,-0.37326962,1.1465133,0.78659034,2.723072,2
0.8678786,2.2411082,-1.6232715,-0.11779466,0.469854,1
-0.5283398,-0.11156243,0.9764277,1.0757205,-0.7988806,2
-0.780531,0.3416048,0.4643637,0.070625775,-0.48478204,1
-0.41764325,-0.24851108,0.46773893,1.9033036,-0.122520834,2
-0.66803175,-0.6018164,-0.7210872,0.9713898,1.0022907,2
-0.751338,-0.9523046,-0.39860988,0.35341868,-0.78596395,2
2.6458185,-0.035942674,-0.59400594,-0.22533643,0.22502115,1
-0.8438874,0.4915799,0.9020656,0.1662537,-0.092080586,1
-0.5980904,-0.9382623,-0.2161509,-0.85647404,-0.25969294,1
2.4437048,-0.50063,-0.8201046,-0.35909274,0.77045006,1
0.4838858,-0.40553337,0.37349242,0.28600124,-0.7495966,2
-0.88632244,-0.3721469,1.8946418,-1.4739465,-0.833177,1
0.4129421,-0.32186753,-1.4215784,-0.5573324,-0.28639847,1
0.26400086,0.8672932,-1.321134,-0.48830622,-0.31146348,1
-0.8775237,-0.60175204,-0.7692535,-1.4124159,-0.14409399,2
-0.6103251,-0.5564994,0.19076551,1.8674077,-1.417826,2
-0.29643273,-0.931561,0.1193624,-1.2664261,2.9222326,1
-0.022609338,2.3846056,0.17874277,-0.8527912,0.14451492,1
0.1794338,-0.33445552,0.9174595,0.05983447,-0.6444379,2
-0.41853964,-0.87297636,-0.20135012,1.8624287,-0.2580948,2
-0.97710913,-0.92862904,-0.8779278,-0.3088365,-0.66098076,1
-1.1204286,-0.910611,0.47160983,1.5877999,-0.5836333,2
-0.6258617,1.1061435,0.19078153,0.017788654,-0.86842275,2
-0.31828076,1.6611853,0.25185415,0.3905158,-0.63416296,2
-0.267303,2.3670335,-1.5594432,0.6871443,-0.56763744,2
0.09181324,-0.010636125,-1.7084389,-0.75175196,0.023149878,1
-0.09544164,2.3031535,-1.8442625,-0.9818225,-0.39480457,1
2.7024455,-0.7374306,-0.5715925,-0.7658775,-0.1950602,1
-0.89909893,-1.2601404,-0.39125502,0.09758972,-0.4552527,1
-0.6060357,-0.11650376,0.29901212,0.9695785,-0.09833539,2
-0.61529726,-1.0075758,0.96518373,0.82899284,0.7556951,1
0.041296646,0.51982,1.2691252,0.009418592,-0.30950934,2
0.38154587,0.8366273,-1.4579649,-0.6241536,-0.011115003,1
-1.0681701,-0.59776783,0.25917783,0.45936823,-0.7117544,2
-0.26594168,-0.7461312,1.2571694,0.41500634,0.8744131,1
-0.27003992,2.0632246,-0.31614548,0.15456475,0.67459375,2
-0.6779997,-0.5333176,-0.23791645,1.4590832,0.57619214,2
2.5744553,-1.8592772,-0.9965756,-0.43595815,-0.29015845,1
-0.6472957,-1.1304222,-0.6332819,-0.9462903,1.1518307,2
-0.61668146,-0.5675204,-0.14203927,0.30550706,-1.5219293,2
1.7457666,0.2368674,-0.12096932,-0.7960713,0.2745831,1
-0.89189684,-0.66978824,-0.16171312,1.3327571,-0.33712575,2
-0.65211535,-0.47952503,0.4994737,0.9069429,-1.2090534,2
-0.4396174,-0.5510273,0.04252146,1.4585667,-1.3723794,2
-0.7005871,-0.9814753,1.3050313,0.6004396,2.063115,2
-0.6358489,-0.4826783,-0.3521178,0.32800755,-0.037425697,1
0.3200813,1.5934483,-1.2154975,-1.0768291,1.4139543,1
0.9392962,1.3953485,-1.7693387,-0.01596304,1.6545402,1
-0.16335084,-0.6912783,1.4626876,0.35637963,0.41102248,2
-0.67606795,-0.042921454,1.4449618,-1.179742,-1.4796164,2
3.1448722,-1.5206271,-0.82183003,-0.5515254,-0.29316187,1
-0.64000034,-0.78502935,0.18048336,1.5814482,-1.6989069,2
1.6024458,-0.95770466,-1.2319665,-0.5200917,-0.22385943,1
-0.24665788,1.3388727,0.21750817,1.1616968,-0.50595284,2
0.35267395,1.0114412,0.18372977,0.3864289,-0.6199235,2
-0.42370623,-0.756073,1.0983714,1.3990564,2.3299563,2
-0.7105822,-0.5036761,1.7377982,-1.416514,2.3551185,2
-0.38817796,-0.5288833,-0.041958973,1.6685696,-0.12501691,2
2.6825864,-1.0089203,-0.5199009,-0.7064849,-0.2108491,1
0.11637211,2.1010213,-1.4145969,-1.1152743,0.21175525,1
0.87587464,1.3492597,0.40134647,-0.0051992983,-0.959554,1
-0.6899149,0.39157364,1.2357519,-1.4319036,-0.36959696,1
-0.34810087,1.0201335,-0.27213553,-0.9283069,-0.34458017,1
-0.67708415,-0.39946336,0.42750508,1.9166068,-1.1566842,2
-1.0124699,0.43504146,0.21542786,0.28574216,0.03014566,1
0.45456827,1.5182283,-1.1150274,-0.15701151,-0.07773283,1
0.18055442,1.1008795,0.38916025,0.53464323,-0.45145997,2
-0.4679446,0.9834089,1.4125376,-1.183862,-0.6529081,1
1.3831002,-0.9695245,-0.9485551,-0.44398722,-0.09902981,1
-0.26628166,1.2140543,1.0833521,0.083750546,-0.7435365,1
-0.39337796,-0.062663734,0.87724644,0.29808575,-0.5233512,2
-0.67336094,-0.33480403,1.5509994,1.0586371,1.522115,2
0.5728257,0.7995324,-0.029864773,1.071726,-0.7020764,2
-0.33215278,-0.34561983,1.9246318,-1.4320467,-0.67938995,2
-0.22505026,2.5322146,-1.6440105,-0.46911898,-0.07855499,1
1.1556575,0.26759362,-1.1630902,-0.35137022,0.049564183,1
3.1435747,-0.45723963,-0.65556693,-0.28691694,-0.30072537,1
-0.50319344,-0.29913265,-0.20357642,2.180368,0.14961828,2
-0.7169243,1.6543126,-0.07202529,-0.04327581,-0.53147197,1
-0.7600137,-0.56380576,-0.077422634,-0.9711708,-0.63312674,2
-0.98302877,-0.966403,-0.45638096,1.1359748,-1.6409948,2
-0.2948301,-0.25132942,0.30427176,1.1686422,2.6609669,2
1.5201521,0.9921745,-1.5853226,-0.664521,-0.22853975,1
2.3527415,-0.23762426,-0.6366293,-0.043374166,0.5883043,1
0.24331264,-1.0143409,0.6394161,1.8281473,1.7603531,2
-0.055409882,0.036124356,1.250504,-1.1989762,-0.9053425,2
-0.63564944,-0.7699487,0.50951445,2.1045632,-0.18062046,1
-0.2107412,0.55451995,0.63131744,0.30001104,1.2497337,2
0.28680676,1.8950456,-1.5596733,-0.6888501,-0.73693585,1
-0.23898694,0.6687932,1.2001665,0.0216147,-0.76710236,1
-0.18104553,-0.1161969,0.88466096,0.7119194,1.406283,2
-0.8802544,-0.80408955,-0.22517827,0.6509046,0.71206343,2
0.049954563,1.5710701,-1.3345343,-0.19844171,1.360316,1
0.27576175,0.8211636,-1.6517105,-0.34878796,-0.6405831,1
-0.32093185,2.4515803,0.10166187,-0.116924495,-0.7891083,2
-0.13258679,0.7741174,0.5466222,0.17262919,1.2998573,2
2.530955,-1.1919353,-0.9001293,-0.6165811,-0.0973106,1
2.9311073,-1.0083977,-0.85865146,-0.7708611,-0.35248512,1
1.0531939,0.3715065,-0.17418934,1.1373298,-1.0894973,1
0.15099695,0.7216241,-1.5147188,-0.11744787,-0.47734025,2
-0.9861379,-1.1537795,-0.41569692,0.39340186,-0.3762276,2
-0.033366323,1.7030754,0.64444304,0.3838246,-0.39470387,1
0.09562057,-0.8542107,0.6451542,0.41361088,0.6556895,2
-0.79015136,0.24662443,1.7907432,-1.308988,-0.16708167,1
2.7650497,-0.90847737,-0.7843197,-0.110387295,-0.070666075,1
-0.4438215,-0.2688242,2.0392716,-1.8346027,-0.26538458,1
-0.4561513,-1.3179463,-0.0941591,1.5467035,1.7302436,2
1.5645566,1.1374729,-0.11014785,-0.7919464,-0.3235786,1
2.4173105,-0.72394705,-0.49161428,-0.69057345,-0.753572,1
-0.3541912,0.20759967,0.36559296,-1.0728561,-0.3782441,1
-0.36463767,-0.7002608,0.37659216,1.0595433,3.156195,2
-0.21364672,-0.0696377,1.121246,0.010949492,-0.38058013,1
-0.5660273,-0.53307545,0.06140145,2.2307425,-1.6400808,2
-0.23286831,1.3890833,0.07316348,0.78614396,-0.8843237,2
-0.19322507,-0.43274695,1.0852244,1.2759893,2.2177129,2
-0.694935,-0.38694444,-0.5510317,2.102611,-1.4563127,2
0.043451052,2.354575,-1.5155047,-1.2121744,0.74072945,1
-0.768317,0.8596309,0.13127382,0.18260117,-0.37786537,1
-0.4121158,1.5680493,-1.6548321,-0.89220357,-0.16431297,1
-0.025510162,-0.6285206,1.4950291,0.16738056,-0.81635016,2
0.7196558,1.014624,-0.003598243,0.107960135,0.18176268,1
-0.17735672,-0.73640096,1.4660547,-1.555737,1.3727726,2
0.39144665,-0.7615112,-1.6668737,0.9544369,1.7727808,2
0.13282329,0.86611843,-1.5096881,-0.6706292,-0.51694757,1
-0.9128316,-1.0354093,0.23488018,0.24650215,1.628007,2
1.0281982,1.1859959,-1.3030051,-0.9596877,0.20726791,1
-0.5800295,-1.2351891,-0.9296968,0.0041739494,-1.2052498,2
-0.6697195,-0.5324036,-0.13887005,1.5532364,-0.2556281,2
0.44321972,0.04167348,-1.3363903,-0.6640644,-0.45041087,1
-0.80721915,-0.87369657,-0.20615835,-0.16325313,2.1378577,2
-0.5825915,-0.8305714,1.2370272,0.32472414,0.5505675,2
-0.9014119,-0.017062783,-0.009664769,2.1122324,-0.17116396,2
-0.7321152,3.1671715,-1.3877559,-0.9741174,-0.08250174,1
-1.0154083,-0.8396914,0.2310099,1.8851084,-1.240553,1
-0.63160396,1.552809,0.03786114,-0.057833906,0.5069065,1
-0.6430288,0.014350891,-1.6003758,2.0442307,-1.770238,2
-0.97263324,-1.3735608,-1.4793571,-0.8309604,-1.1156799,2
-0.799087,-0.6743158,0.5884057,0.54729795,-0.9517676,2
-0.5203536,-0.4022448,-0.40309465,1.3660464,1.3367096,2
-0.8440589,-1.1398575,-0.47316983,0.00437754,1.9419522,1
-0.68141913,-0.90304947,0.2585411,0.31771314,-0.27701032,2
-0.42038935,1.582156,-1.1496973,-0.8149097,-0.23653334,1
-0.74628794,-0.08251567,1.2732074,-1.4825194,0.79028827,1
-0.03626181,0.7379113,0.42080677,-0.7841636,-0.72123396,2
-0.16767131,2.2155645,0.23067355,-0.9951436,-0.5556379,1
-0.28080624,0.31628147,-0.4441057,-0.16109923,-0.0063371807,1
-0.38584793,-0.91371,0.8647995,2.3826387,-1.3225962,2
-0.6637186,-0.40229678,-0.30465168,1.6613322,-1.6128104,2
-0.4053098,0.25812,-0.020081641,0.31359735,-1.2146457,2
-0.36986065,1.3041832,-0.06117453,0.44027305,-0.6980998,2
-0.84414077,-0.5656765,-0.53023005,2.000723,2.5661585,2
-0.15051976,1.2933059,0.82405466,-0.8548241,-0.5111943,2
-0.04044301,2.2195153,0.35022253,-0.03843928,-0.65705407,1
3.1830907,0.11350924,-1.4978988,0.0072584897,-0.5305699,1
-0.5937351,0.33099756,1.0597062,-1.3537185,-0.51921785,1
-0.43897304,1.9922601,-0.10869911,-0.30312967,-0.14634255,1
-0.3735147,-0.29618806,1.584009,-1.4996619,-0.61511165,1
-1.2677832,-0.5308949,0.8619278,0.9920743,1.4861146,2
-0.47493517,-1.0941769,1.0530087,0.37248456,-0.6513735,1
2.8699174,-0.79129106,0.16461214,-0.9451324,-0.35157344,1
-0.53945804,-0.72117585,-0.10871744,-1.0497079,2.9385827,1
-0.7673481,-0.45387012,0.057119936,-0.9484413,1.0409005,2
3.0150778,-1.9527755,-0.76645416,-0.4783651,-0.39385977,1
-0.2396,-0.43709493,-0.5705079,0.7116598,1.3421547,2
-0.389672,-0.13830125,2.6251922,-1.5549477,0.51641995,1
-0.72843355,-0.7431968,-0.44695154,0.44468817,0.11138068,2
0.95277166,1.7915801,-0.1778544,-0.88500595,-0.49621356,1
-0.50774485,1.0748352,0.21820866,-0.228589,1.5189848,1
-0.24563912,0.13547581,1.2012956,-1.1152623,0.96024585,2
-0.4955902,-0.43401033,1.1933352,-1.4769855,-0.3266538,1
0.15843152,0.7425989,-1.4353504,-0.2760745,-0.19117513,1
-0.92870414,0.01891087,1.8859159,-1.7293146,-0.879895,1
-0.91397595,-0.5731002,-0.6433811,0.965729,1.6271687,2
0.42001134,2.1830983,0.09533155,0.17458951,-0.80860674,1
-0.6426451,-1.2995933,-0.87086505,-0.117788225,1.0461124,2
-0.06302158,1.1586654,-1.5719965,-0.88468176,-0.33811,1
-0.40942195,0.41892067,-0.085431516,0.78248614,0.79571193,2
2.163768,-0.29600736,-0.23636693,-0.9145978,-0.25625744,1
-0.5823159,-0.47592312,-0.061939694,2.014134,-0.08447812,2
-0.023795754,2.5561223,-1.4364938,0.4496998,-0.6377396,1
-0.6957853,-0.6784633,-0.09801665,1.5563517,-1.8523827,2
0.039021224,-1.0674924,0.29996747,1.3276204,1.7242993,2
-0.4518665,2.571164,-1.4260039,-0.8217876,-0.41607666,1
2.496421,-0.1220279,-0.6891358,-0.24782586,0.52892363,1
-0.05084604,-0.95571387,1.0384377,-1.504412,0.5523273,2
0.2685532,1.7673616,-1.3807495,-1.1373774,-0.150134,1
-1.0111526,-1.1652535,-0.7610347,0.70869637,2.615843,1
2.4229589,-0.35309157,-0.66367,-0.8116756,-0.49899694,1
0.46722603,-0.46802884,-0.8486536,-0.3704652,-0.4668036,1
-0.33595595,-0.97505355,0.90061647,1.1191801,2.3895586,2
-0.82082427,-0.51532066,-0.8985024,0.75843513,2.1646075,2
0.5597595,-0.5661351,1.134808,0.13402843,-0.43384695,2
-0.8088231,-0.5741266,0.81397927,-1.2393422,-0.2024866,2
3.2439797,-1.6045059,-1.2317169,-0.4884628,-0.25468427,1
-0.41036826,-0.33254537,1.3001007,1.4094919,-1.0219486,2
3.8277383,-1.7499021,-0.81492716,-0.7084756,0.13634291,1
-0.98417526,-0.492795,-0.15028977,-0.1020806,0.850747,1
-0.38674244,-0.6270261,0.71775556,0.691313,2.6509433,2
0.5182103,1.8228359,-1.3803122,1.3466425,-0.58213764,2
-0.5577293,-0.88393193,0.8838038,2.4136984,-1.5996637,2
-0.7025184,-0.6072744,0.35202274,-1.0840386,-0.49595052,2
0.79428846,0.19674164,-1.4389946,-0.6937023,0.22083288,1
-0.88922906,-0.8693794,-0.45146853,-0.21440563,-0.78807753,2
-0.5908116,-0.29802448,-0.42894173,1.1053458,-0.1370869,2
-0.61269,-0.2524745,1.0030924,-1.6928982,-0.8200201,1
-0.2362577,-0.47492585,1.4496584,0.30524755,0.24037889,1
-0.65445465,-0.46034363,-0.1322825,2.103588,-0.24748293,2
0.14884193,0.48348865,-0.13958813,-0.85404396,0.38467386,1
-0.19446799,1.2575777,0.76255465,0.21896301,-0.43571997,1
0.16003174,-0.6507892,0.004368216,0.62195075,0.27868629,2
0.29103833,1.023589,-1.5217968,-0.8062151,-0.012881506,1
-0.7049112,-0.5737785,0.5976696,0.97337484,-0.9455141,2
-0.17674646,-0.20116045,1.3057805,-1.2217532,-0.6525355,1
-0.16205195,-0.6710086,0.8369154,1.9995803,-1.3751098,2
3.0330544,-0.81465244,-0.53657454,0.513195,-0.6505795,1
0.56094015,0.9729073,0.23465174,0.21800101,-0.70044476,1
1.2000564,-0.157199,0.29700184,0.36405075,1.0307784,2
1.2426901,-0.803816,1.5710096,-1.1112841,-0.31311625,1
-0.07049347,1.7985613,0.49185047,-1.0031205,-0.532549,1
-0.4417888,1.7912138,-1.8560039,-0.93901765,-0.46265802,1
-0.4766055,-0.5336253,1.0366994,0.4837786,-0.99549687,1
2.6184423,-1.1994277,-0.7391913,-0.67252374,-0.57880074,1
-0.4363895,1.3329391,-1.2727882,-0.08989844,-0.7509048,1
-0.71696043,-0.86867195,-0.7026855,0.26549453,1.1074715,1
0.12403023,-0.40654552,-0.07909078,1.0279671,0.4757084,2
3.180427,-0.44666657,-0.72792876,-0.9039335,-0.16323367,1
-0.7848191,-0.25973427,-0.24697734,1.4887778,-1.1584122,1
-0.8032136,-1.2404573,-0.2841615,1.6126103,-0.105245724,1
-0.8835013,-0.5276722,0.83817005,1.0958673,2.8034317,2
1.588373,0.24433002,-0.64715827,-0.13213924,-0.48926932,1
-0.40449113,-0.4330223,-0.54885775,0.75998425,-1.145273,2
-0.68796843,-0.6371047,-0.0008252263,0.46412146,-2.0028338,2
-0.7882093,-0.6232396,-0.05247153,0.87539136,1.6744999,2
-0.44083488,1.4769192,0.81906116,0.80212426,-0.33094564,2
0.29379338,-0.08661662,1.6258643,-1.2579577,-0.56776434,2
-0.832175,2.9527383,-1.2210152,-0.23598811,0.87546235,1
1.7156827,-0.76538587,-1.020141,-0.6869376,-0.20924549,1
0.36760142,-0.99038315,1.2315611,-1.038207,0.3309645,2
-0.7708711,-1.0020711,-0.2959984,-1.624722,2.406956,1
-0.19657937,0.004726529,-0.36397803,-1.1653482,-0.31198406,1
-0.190946,0.5409508,1.5931637,-0.88632435,-1.0554224,1
-0.5683703,-0.21862711,0.8785043,-1.3712065,-0.88674057,1
-0.85660785,-0.8037221,-0.46689883,2.194683,-1.7221584,2
-0.2013193,-0.84863925,0.98053205,0.3624509,0.7408427,2
1.5532125,0.15279412,-1.1432611,-0.4394663,0.03499853,1
-0.42197806,0.5922825,-0.12178737,-0.2677011,-0.3294776,1
-0.72813916,0.6379985,1.3869615,0.6484115,1.3550185,1
-0.4603051,-0.32960624,-0.14828694,0.047561657,-0.4739249,2
0.35376593,2.5637388,-1.9515829,-0.7316475,-0.011792548,1
-0.24942698,-0.61151946,1.5200027,0.9274725,1.9884019,2
-0.15637887,0.35073525,-1.2490246,-0.83011067,-0.29741737,1
0.23488215,-0.52823067,0.15262435,0.8533621,0.6918825,2
0.17393596,-0.91312176,1.9293455,-1.6131158,-0.92340827,2
-0.6454901,-1.06215,-0.03176169,2.3192697,0.25786394,2
-0.3415036,0.040437356,0.9447559,-1.3729718,-0.32316503,1
0.87030786,0.14848234,1.3655912,-1.3408905,-0.47388837,1
-0.48098716,-0.53030086,-0.32411066,0.7362994,1.701755,2
-0.25580618,-0.64712346,0.5401833,0.6241973,-0.53681976,2
-0.6154085,-0.5296299,-0.73782593,0.9606682,1.5128754,2
-0.2926501,-1.2741767,-0.5546042,0.4839346,2.6364954,1
-1.3694503,1.1665983,-1.3611732,-0.90244526,-0.09977986,1
-0.5498846,1.2759087,-0.3247247,-0.4062494,-0.29245642,1
-0.12120178,-0.57168573,-0.19257167,1.1556008,0.48632824,2
0.08868069,-0.50801057,0.9165876,1.8789881,-0.93422234,2
-0.58389246,-0.17392036,0.29074675,1.5159503,-0.34158212,2
-0.86423177,-0.91806513,0.34497845,0.20816104,2.0316844,2
1.8141527,-0.80345505,-1.163813,-0.31079656,-0.30149475,1
0.004203908,1.0627918,-0.1849123,-0.98869526,-0.31635904,1
0.42736953,-0.17949918,-0.0700213,0.25877953,-0.3243049,2
-0.70014256,-0.75194615,-0.17078486,0.60157776,-0.23323306,2
-0.6033922,-0.6895749,-0.9342935,-0.08415167,1.2759072,2
3.0758746,-0.6612897,-1.0258313,-0.54466444,0.18376242,1
-0.31219506,-0.5062994,-0.094869375,1.4833016,-1.5855287,2
-0.06863607,0.051106974,1.0311458,0.92605275,-0.89996153,2
-0.3191699,-0.85408676,-0.07391025,-1.337813,-0.39285958,2
1.9311821,0.28108644,-0.71411943,-0.36703852,-0.20782933,1
2.9287424,-0.63120306,-0.7457915,-0.0340247,-0.43631655,1
0.8654592,0.86262774,1.2358737,-1.0202334,-0.07615933,2
-0.040790677,0.082951665,1.0308061,-1.2639927,-0.5245859,2
0.03780043,-0.86015844,0.101803586,0.54777145,1.0479466,2
-0.9212459,-1.1082113,0.22280103,2.467073,-1.5486947,2
-0.58519316,-0.589982,-0.008465986,0.9382156,0.8092443,2
-1.0676051,-0.38481456,-0.0037278235,1.2477214,-1.1250293,2
-0.059557676,0.17368412,0.07575324,-0.20678127,1.2786673,2
-1.1845841,-0.5299865,0.19400042,0.830997,-0.83323526,2
-0.69570684,0.4229091,1.156706,-0.9265225,-0.2017355,1
-0.23351935,1.6141349,0.90285736,0.27582017,-0.49720103,1
-0.050735828,-0.38055146,0.8699797,0.70369637,0.91250145,2
-1.1040611,-0.073456794,1.5173795,-1.5516187,-0.15522781,1
-0.35991094,1.4317819,1.2873086,0.29075977,-0.747492,1
-0.22734629,0.055408187,0.4234036,-0.7544405,-0.38140783,2
-0.29141313,1.258515,-1.380679,-0.644373,0.18253745,1
4.0998116,-2.2507858,-0.82922035,-0.71983474,-0.40435857,1
-0.15221615,-0.40715814,0.87880486,-1.6197057,1.6516236,2
-0.3709917,-0.26626274,-0.45743212,0.72503805,1.5474093,2
-0.8175749,-0.5067523,0.24881075,1.4823369,-1.0462022,2
-1.5110936,-0.9335357,-1.3201027,0.17707115,1.1685816,2
-0.49867168,-0.25688905,0.9443982,0.19668275,-0.015056238,2
-0.5149588,-0.6777907,0.36488938,-2.100671,2.9895658,2
1.6229532,0.5858592,-0.2497076,0.37162876,-0.46965986,1
0.60872865,0.78149885,-1.2750697,-0.25227976,1.9366337,1
-0.960052,-0.91151476,-0.2837481,0.89076203,-1.505863,2
-1.1319506,-1.9153888,-1.9023284,-1.6008958,-0.9759541,2
2.9040673,-0.940907,0.08038228,-0.82844824,-0.734146,1
-0.14229777,-0.14811014,1.0134702,-1.2434835,0.93458736,2
-0.2682737,-0.32309318,0.818166,0.12494002,0.86625594,1
-0.47916126,-0.64068294,0.9770305,-1.5702113,-0.84572333,1
1.9011323,-0.46768665,-0.8600695,-0.48221147,-0.09636299,1
-0.6711305,-0.8841275,0.048644587,0.74905646,-0.1321147,2
2.5900228,-0.7367301,-1.0716491,-0.9537747,0.20824513,1
-0.4816131,-0.51598126,0.8963186,0.30523065,0.69791114,2
0.7087046,0.47116184,0.8849491,-1.1269314,-0.803722,2
-0.8904064,-0.6661767,-0.69631666,0.8122996,-0.006564066,2
2.196538,-0.26523244,-0.6408837,-0.38974282,-0.23602411,1
-0.5339138,-0.09764248,1.4834633,0.6553891,-0.9249542,1
-0.87322074,-0.5878686,0.34389535,1.3827224,-1.2096332,2
0.35595632,-0.18309978,0.850233,1.5992831,-0.99107856,2
-0.83132935,-0.12735088,0.017606929,1.6730549,-1.6576955,2
-0.15323564,1.6987414,-1.6390446,-0.7626655,1.4013263,1
-0.59650135,-0.7538481,-0.59797406,-1.3048289,-0.1469664,1
0.83534294,0.44367927,-0.59647757,-0.14715524,0.57108945,1
-0.07681488,2.0647852,-1.3108152,-0.336005,0.45559505,1
-0.370673,2.4145024,-1.6099422,-0.30857652,0.3665468,1
1.416109,1.6335893,-1.4085534,-0.767031,-0.35729373,2
-0.15985754,0.9783942,-1.6351806,-0.26688474,-0.31126964,1
-0.7386949,-0.48613808,0.21180487,0.93927735,-1.1338911,2
-0.5046721,0.6391353,1.2885247,0.95842344,-0.8935598,2
-1.1390642,-0.60523117,0.48539454,0.5349548,-0.1755112,2
-0.7284722,-0.4532744,-0.69239306,0.7415267,1.5855535,2
-0.36647433,1.91341,-0.0414041,-0.10484953,-0.76377296,1
-0.80688196,1.6102587,-1.441431,-0.10684873,0.4563041,1
-0.13733584,0.06482529,1.8173226,-1.1786878,-0.87363696,2
0.9240409,-0.49380255,-1.1993214,-0.76060784,-0.1961867,1
-0.78125083,-1.272301,-0.49352878,0.8841604,2.6734138,1
-0.57757837,-0.40695196,-0.5310499,1.2935241,1.5249753,1
-0.80958116,-0.9458494,-0.4666648,0.93352675,1.2630329,2
-0.5458647,0.026698343,2.0437799,-1.4438381,0.90948284,2
-0.5005064,-0.7244285,0.8876505,-1.2307062,-0.8709135,1
-0.79926693,-0.09573968,1.4595355,-1.9319274,-0.3639019,1
0.6629001,1.0425584,-1.3661507,0.15637738,1.1705722,1
1.239224,1.2413049,-1.3513855,-0.70940614,0.4470368,1
2.316568,-1.1443002,-0.887863,-0.42559773,-0.37292394,1
-0.31608537,-0.6869417,0.87429583,0.313659,1.8890221,2
2.908077,-0.8192875,-0.9079,-0.6765193,-0.22162233,1
-0.7325324,-0.61820865,1.2766901,0.9307473,-1.118499,1
2.3258107,1.0531158,-1.4012977,-0.67154455,-0.07961223,1
1.8786619,-0.58942664,-1.3224449,-0.6007915,-0.43528515,1
-0.85174674,-0.9904833,0.20939732,1.6447805,-1.4813913,2
-0.48092124,-0.84644896,-0.57101464,-0.076385126,-0.17517568,2
-0.1081413,1.714075,-1.5780176,-0.28066745,-0.23551741,1
2.78507,-1.1185486,-0.5292167,0.6142003,-0.7624203,1
-0.17984389,-0.77737975,1.3805573,0.723148,0.49499515,2
-0.76348674,-0.4631705,0.09120724,2.3264828,-1.7403864,2
-0.722639,-0.67404455,-0.3095321,1.3550786,-0.9482954,2
-0.46148956,0.27559388,0.2562795,-1.4091738,0.3067581,1
-0.26302117,2.3748388,0.182247,0.29761747,-0.595234,2
-0.42610508,-0.325104,0.88468844,1.0708073,-0.18067785,2
0.9653742,-0.44917843,-0.8593289,-0.8084776,0.1002357,1
-0.8437796,-0.79902744,-0.64948165,0.45777154,-0.204083,1
-0.52680176,-0.34226125,1.4914367,0.78782827,-0.4862916,1
-0.049077123,-0.52276695,0.698719,-1.133358,-0.8248064,2
-0.7849781,-1.0642204,-1.1477392,-1.221733,1.5848238,2
-0.6765181,-0.7914639,0.55205894,-1.8128145,2.9449217,2
0.2649622,1.7441251,0.7368259,0.20666969,-0.50932014,2
-1.0702629,-1.0674094,-0.14767823,0.48203963,0.07417171,2
0.008579671,1.4275633,0.1085843,0.40515724,-0.6869238,2
1.1964917,0.17232999,0.89491576,-1.2706549,-0.6318941,2
0.01877229,1.8786653,-1.5424418,-0.9596732,-0.2263517,1
-0.82746935,-0.51779324,-0.02773925,0.2621283,-0.47062075,2
-0.75465405,-0.04315909,0.3911896,0.5344957,2.1197278,2
-0.7068932,-0.7476592,-0.14326611,1.9227107,-1.2667856,1
-0.0953744,-0.44848308,0.07401624,2.0700576,-0.97880834,2
0.50244904,0.3374611,-1.2763067,-0.8146594,-0.16813534,1
-0.07550791,0.62017107,1.6281152,-1.2094817,-0.5284924,2
1.2309647,0.9698237,-0.33151996,0.31514505,0.5200277,1
-0.13916422,-0.4749512,-1.7778685,-1.6766604,0.25332597,2
-1.0093955,-0.37860924,0.14183499,1.2453907,-0.94871694,2
0.08100211,1.2140875,-1.5131888,-0.9449853,0.06983006,1
0.7701974,0.5863586,-0.27520093,-0.83399636,-0.2987413,1
-0.374022,-0.06817375,0.2543531,2.2618039,-1.0553939,2
-0.5782858,0.052070074,1.878094,-1.9930425,-0.32015425,1
-0.4371209,-0.14797422,-0.19225992,1.6149828,-1.1630623,2
2.4096577,-0.69418716,-1.1240287,-0.45035207,-0.097373,1
-0.27739283,1.4306326,0.38750994,-1.3585066,1.9327763,1
-0.8311441,-0.6825969,0.9651594,-1.4534273,-0.63553286,1
1.351486,0.29405463,0.064593524,-0.9709208,0.7640493,2
-0.3932893,2.0772297,-1.5799276,0.95812917,-0.855878,1
1.5551816,-1.3988028,-0.9489248,-0.63248765,-0.31014863,1
-0.4829105,-1.1229812,-0.4384545,1.3360263,-1.8366526,2
-0.5946259,-0.79525495,0.7929832,0.5173055,2.8305554,2
-0.8232258,-0.762128,-0.048062712,0.048056632,1.4534689,2
-0.07042146,0.7448993,-1.4957348,-0.62031364,-0.73260546,1
0.019219624,1.3194838,-0.11420421,-0.2709357,-0.9821723,1
-1.1056294,-1.6050965,-0.3606866,0.089255795,-0.081571765,1
0.15052179,-0.37296388,1.1420826,0.4981513,0.63298297,2
-0.114762284,-0.14284149,0.48177904,-1.3684629,2.0149562,2
-0.4817082,-0.47707307,0.57277554,0.13840365,-0.21255013,2
-1.5707601,-2.4386802,-1.471193,-0.91597664,-0.4987632,1
-0.6249346,-0.62696815,-0.107102945,1.9698954,-1.2820287,1
-0.4034751,1.6476839,-1.5650065,-0.9230787,-0.29117435,1
0.3991641,1.6350642,0.116438776,-1.1759164,-0.48196495,2
-0.7670758,-0.87592596,0.005079124,-0.010025218,-0.108153164,2
-0.4883225,-0.514883,1.2999274,0.47023216,2.352966,2
-0.6409667,-0.72404337,0.3216021,0.34838712,-0.24985772,2
-0.32681382,-0.9101253,0.54995,0.43567955,1.2835406,2
-0.491451,-0.45913443,0.67784107,1.460441,-0.1857688,2
-1.0889014,-2.031459,-1.1809639,0.56296587,2.8843186,1
-0.29155236,1.2555523,-1.4325614,-0.8195946,-0.2490746,2
-0.51517534,2.0918775,-1.5344747,-0.1399631,0.73731613,1
1.5745662,-0.11409047,-0.7211543,-0.46872908,-0.3574524,1
-0.37330842,0.08033151,0.86601865,0.9980069,-1.3667663,2
-0.22294499,-0.8620347,1.3332274,0.7973358,-1.1059964,2
1.975374,0.10835386,-0.41259778,-0.54701346,0.030175924,1
-0.44420904,-0.26256186,1.7268617,-1.1144723,0.88948023,2
0.3018167,-0.013348103,-0.72236186,-0.22286974,0.12649575,1
-0.41981173,-0.7622245,0.26297122,2.0316377,-0.25803432,2
-0.66506827,-0.37177423,1.4512062,0.88749456,1.3337445,2
0.12856944,-0.6088266,1.1330072,-1.2448633,0.4707777,2
2.0913186,0.055975437,0.19738181,-0.1772658,-0.23604628,1
-0.8486166,-0.62021166,-0.67617464,0.41098872,-0.4270535,2
-0.3201057,0.76648134,-1.6014767,-1.1592742,-0.14627771,1
0.38810724,0.5187628,0.67136556,0.5988855,1.155847,2
-0.2631437,1.0256779,0.07465256,-0.06193859,-0.6206226,2
-0.43019643,0.18079273,0.22293895,-1.0743775,-1.2689449,1
-0.65853816,-0.99592304,-0.40952864,0.3186175,1.8662119,1
0.8043228,0.76240706,1.1951768,-1.2537851,-0.25419906,2
-0.5131383,-0.21495624,-0.21126164,0.16353658,0.16406246,2
-0.39798027,-0.27726987,-0.4765771,1.4759142,-0.011031821,2
0.2746374,-0.7813297,-0.2789023,1.8951967,-0.9874409,2
-0.044506818,0.67870855,-0.2952883,-0.2237127,-0.58628994,2
0.89786357,-0.5549987,-1.0370727,-0.60685605,-0.029675119,1
-0.6653319,-0.91609067,0.02945757,1.3550273,2.4724774,2
-0.036824763,0.72836167,-1.1507688,-0.7912308,-0.45736447,1
0.026991459,-0.3162735,0.69020796,1.811563,0.2487699,2
0.19380778,1.1477479,0.26931387,1.1065642,-0.62153876,2
-0.5182543,-1.0688984,0.47699702,0.40478003,-0.96638215,2
-0.9178306,1.2367009,0.07541235,1.3124499,-0.73862284,2
-0.4625897,-1.1870531,-0.38912186,-0.36326712,-0.117180794,1
-0.7990981,-0.8019182,-0.020783886,1.7976439,-0.0040480047,1
1.5032376,0.34895724,-1.4956694,-0.298506,-0.29760325,1
0.051087,1.0310214,-1.3440253,-0.13347286,-0.75118434,1
-0.23696825,-0.76354253,0.6871467,0.1127847,0.3571797,2
1.0946727,1.4896753,-1.6384492,-1.0619752,-0.38809353,1
-0.9884118,-1.0336117,-0.5051333,1.1338027,1.314826,1
0.08889021,-0.41227698,1.1316556,0.9365918,-1.0034505,2
-0.5305925,-0.4099007,-0.08819015,1.7873085,-0.43193686,2
-0.33501706,-0.15207918,0.824732,0.84337294,2.3684404,2
1.197764,0.95235384,-1.7437534,-0.008610129,1.416256,1
0.32809106,0.041102946,-1.1855531,-0.66527456,0.06170178,1
-1.4334193,-0.5982322,-0.003962204,0.45878696,-1.7868041,2
-0.5826842,1.0274132,-0.31392545,0.014069691,-0.5260468,1
-0.9921767,-0.4256573,-0.6401691,0.55873585,-0.12238084,2
-0.12404986,0.5990265,0.19904236,-0.104942426,0.14364812,1
-0.13081679,1.0685791,0.004059285,-1.167361,-0.5253268,1
-0.9931158,-0.9773084,-0.39383504,0.81309915,2.7569897,2
-0.5647998,-0.7003264,0.32518962,-1.7387055,3.719913,2
-0.2612938,-0.7335636,1.0682284,1.31652,1.0234013,2
-0.21812862,-0.9056862,0.0738395,2.2163553,-0.23334771,1
1.1350307,0.49855104,0.7458316,-0.8780331,-0.6390594,2
-0.70626295,0.118943274,2.086115,-1.670153,0.7412265,1
-0.94842625,-1.0741732,0.07922527,1.3362567,1.6045344,1
-0.08835179,1.9146272,0.7302967,-0.16001333,-0.5289061,1
-0.59992075,-0.7418876,-0.52440464,1.7995852,-1.4787663,1
-0.57873154,-0.8242583,-0.51466775,1.5027603,-0.19536054,2
-0.5845525,-0.61588335,-0.34539035,1.6949549,-0.18450671,2
0.071962446,-0.34057772,1.0845888,0.25827137,2.1078308,2
1.6140976,-0.5544631,-1.0314642,-0.21776268,-0.4224828,1
-0.93511045,-0.9872149,0.05157517,1.1463594,-0.9713984,2
0.32929158,1.6139541,-1.5396987,-0.6981268,-0.47551614,2
2.7979522,-0.8006127,-0.34036654,0.61709666,-0.586657,1
-0.60441613,-0.4647568,-0.35626882,2.025144,-1.4252882,2
1.6612767,-0.29373634,-0.13997224,1.278207,-1.0654943,1
0.2201932,1.5948468,0.01892668,0.11553846,0.5730112,2
0.36599544,1.2900573,-0.38474813,1.1022956,-0.9907568,1
-0.5396624,-0.100858115,-0.18080781,1.3286729,1.7843742,2
-0.71100265,0.06948483,0.3690586,0.14505737,-0.064085156,1
0.3141421,1.2263596,0.65158457,-0.78104746,-0.22656061,2
0.90407354,1.609134,-0.00660792,0.3005005,-1.0076312,2
-0.2949515,-0.7262086,-0.22228904,1.4719737,-1.7356006,2
-0.3533671,-0.7948879,1.1983706,-1.8095307,-0.64038545,1
-0.0017411932,-0.31850082,0.7267292,1.1633677,1.0580208,2
-0.95519775,-0.6797844,0.5457561,1.8428355,-0.31381005,1
-0.077781454,0.54471743,-1.489394,-0.34469974,-0.64097714,1
3.3623183,-0.51605934,-0.7607414,-0.17550369,-0.17787543,1
-0.5461629,-0.69373345,-0.2916607,0.9238124,2.1491346,2
0.19113381,2.1055124,-1.6555253,-0.19718546,-0.4404132,1
-1.045459,-0.91449195,-0.23158678,0.29643333,0.8058422,2
-0.22129148,0.061371967,1.8717393,-1.1687891,-0.5938621,2
-0.7904174,-0.5477571,-0.13693218,1.5153077,-1.3139476,1
-0.14050819,-0.2110897,0.8808403,-1.2966081,-1.0237205,2
-0.08386752,1.9023038,-1.493836,-1.2598369,1.4586589,1
-0.45723554,-0.030176956,-0.21427476,-0.15811227,0.30854654,1
0.6380638,-0.62704873,-1.1785883,-0.15134308,-0.44105536,1
-0.6919546,-0.022218563,1.5670274,-1.9293016,-0.2031077,1
-0.40252608,0.40990525,-1.5012033,-1.057427,-0.38549462,1
-0.01941204,2.2594757,-1.548874,0.8374209,-0.7427063,1
-0.46321136,-0.4337079,-0.18299365,0.47404465,2.1409328,2
-0.40098262,-0.3231767,-0.42184955,1.2094637,-1.166749,2
0.12554589,1.6439925,-1.3476803,-0.4585985,-0.64449143,1
-0.77550125,-0.82327354,-0.025401399,0.3379473,-0.78214204,2
-0.7933214,-0.6659514,0.017805398,-0.046097994,1.7237344,2
-0.85517246,-0.717399,0.7501397,0.6500356,-0.8045429,2
-0.33117107,0.30715474,2.2390525,-1.7975255,-0.7521354,1
-0.99909925,-0.7626976,-0.11441544,1.4477876,-0.21689893,1
-0.3778756,-0.5981619,0.94943017,2.6178436,-1.3033718,2
-1.1896527,-0.6328123,0.60428464,-1.7454073,-0.8043691,2
0.005147651,1.8404613,0.80247027,-0.1614478,-0.30796,1
-0.4388317,-0.4582575,0.029846467,0.5745501,1.2078367,2
3.6768632,-1.8469793,-0.20017907,-0.5347736,-0.29865545,1
-0.59190226,-0.8462753,-1.7641557,-1.8603237,-1.4626238,2
-0.6063656,0.07991138,0.4044162,-0.81659824,-1.03325,1
-0.53839976,-1.193125,-0.12780571,1.063464,1.9493722,2
-0.52015203,-0.78129804,-0.22010592,1.3471218,-2.067839,2
0.51803213,0.76762956,-1.4869752,-0.993757,-0.50558877,2
-0.48360568,-0.5043607,1.1835754,-1.4974196,3.242225,2
1.8302157,0.15319228,-0.3472678,-0.09999956,-0.48094788,1
-0.4934268,-0.12237096,0.19369027,1.2260678,-1.0475351,2
-1.0028541,-0.6650635,-0.7661588,0.48821977,2.4064538,2
-0.83241665,-0.91372156,-0.6863846,-1.05036,-0.20262535,2
-0.03739029,-0.7416892,1.0861812,-1.1903783,0.6430894,2
-0.43378922,1.2170266,0.9534787,0.07859531,-0.6376624,1
-0.24671255,-0.6757435,1.335022,0.9241793,0.8525827,2
-0.43872866,1.8336679,-0.105411604,0.37636673,-0.31539717,1
0.19790189,1.0069554,-1.326811,-0.20987847,-0.71566963,1
-0.4777968,-0.7545611,1.0243356,0.4263263,0.7807459,2
-0.5992824,-0.3938764,1.9670918,1.04515,0.96193254,2
-0.7863721,-0.6014846,1.0645199,1.5040991,-0.45622075,1
3.3075306,-1.5280621,-1.0038649,-0.52305925,-0.28800508,1
-0.30076802,-0.51310897,1.2663568,-0.98548603,0.51730055,2
-0.09286382,-0.52638805,-0.1621918,2.2653267,-1.1705793,2
-1.3585014,-2.9282923,-1.925394,-0.8551417,-0.66211545,1
-0.28869724,1.3970546,-0.028192759,0.09947183,0.19986904,1
0.5790196,0.123915404,0.1924575,0.1874464,1.9793024,2
1.7200807,0.684486,-1.3891075,-0.32337525,-0.12372187,1
0.24426153,1.672152,0.40870875,0.11079167,-0.516164,2
2.2917035,-0.46778005,0.44829878,-1.0859374,-0.29364967,1
-0.6635201,-0.6294474,0.59568083,-1.6033694,-0.12463146,2
0.3557784,0.013717137,0.32752237,0.06686881,0.029823348,2
-0.20030198,1.1815974,0.06169332,-0.2913314,-0.83232594,2
-0.19959499,-0.5229659,1.0023978,1.8148779,-1.1315006,2
0.8587884,1.1810721,-0.15226477,0.027789643,-0.16852073,2
-0.49966007,0.4254958,0.29718518,-0.036571905,-0.28248054,1
-0.11083983,-0.039283328,0.793062,1.7098912,-0.79568523,2
-0.16293709,-2.5873818,1.1119715,-1.4340165,1.0351734,2
-0.6265458,-1.1556158,0.79992867,1.1480918,0.8476215,1
0.32118994,1.1564813,0.989839,-1.2737782,-0.32116726,2
-0.3180568,0.62865305,1.3767903,1.0506552,-0.89674264,2
-0.85752195,-0.9966233,-0.04848735,-0.7413337,-0.4633823,2
0.19104218,0.05304756,0.98777866,-1.0955725,-0.35620445,2
3.583864,-0.7883456,-1.0064819,-0.047303878,-0.3731988,1
-0.4824856,2.4297411,-1.6879075,-0.02418612,0.24443209,2
-0.6859721,-0.4648338,0.71018934,0.71527284,0.63898075,2
-0.39932513,-0.15723138,1.6946312,1.3215269,-0.95025575,2
-0.6324025,-0.6369091,-1.3839641,0.5674345,2.1261914,2
-0.59089184,0.53859156,0.7627666,0.12056839,-0.93169254,1
0.8499097,1.1420226,-1.4451283,-0.52227503,-0.12682477,1
0.47204775,1.3401657,0.6525597,-1.3075095,-0.49767447,2
-0.1513429,-1.0397681,0.1698037,1.457911,-1.313864,2
1.4691606,-1.1180503,-0.8362293,-0.6151352,-0.24960533,1
-0.7097462,-0.30195227,-0.18824473,0.6756224,0.03498906,2
-0.44017422,0.70512944,-1.5565424,-0.61213446,-0.5018404,1
-0.3637836,-0.76182914,-0.7198336,0.8072974,-0.044666976,2
-0.48573762,0.5246874,0.14733309,0.23064,-0.15093777,1
-0.4890758,-0.69676846,1.2330409,0.28178033,0.9116956,1
0.27415854,1.797393,-1.3685201,0.31477094,-0.7145638,1
0.32281977,1.0337354,0.4827152,1.1443328,-0.7767466,2
-0.8441817,-0.8787403,1.0526208,0.8110845,0.66039866,1
-1.2408607,-1.1162434,-0.22704715,1.0820814,-0.87363183,1
2.8593936,-0.38411778,-1.2563363,-0.5618621,-0.005456075,1
1.1637353,-0.40202868,-1.4951543,1.721143,-1.1883612,1
-0.49995422,2.5775843,1.0539792,-0.8932688,-0.48275492,2
0.50074,1.4160901,0.464792,-1.1943816,-0.462495,2
-0.39286268,-0.45278227,0.7729953,0.49465185,-0.8883248,2
-1.4979,-0.31278476,0.99903905,-1.5568773,-0.38230628,1
0.725284,2.0034077,-1.3048902,-0.548962,-0.4775762,1
0.15285268,0.17737755,-0.2977475,-0.91551995,-0.3929534,1
-0.33337045,1.202827,-1.6918229,-0.7487454,0.085573874,1
-0.42597502,-0.9520644,1.2818352,0.6820725,1.8027194,2
-1.0357985,-1.3718976,-0.46690965,0.5534031,-0.13011146,2
-0.46629316,-0.55670017,1.0064605,-1.3366499,1.9083256,2
0.15781598,2.949717,-1.8062418,0.06311688,0.44613004,1
0.2448024,1.592929,-1.688334,0.47613183,-0.5462023,2
2.9030464,-0.37551397,-1.4434552,-0.7655742,-0.4920795,1
-0.9345819,-0.18223956,1.6415304,-1.4694903,-0.10106976,1
0.6864986,-0.5689788,-1.2317748,-0.44990712,-0.27731565,1
-0.03798552,-0.11500953,-0.030197352,1.12068,2.3551724,2
0.053782493,-0.21204147,1.096925,0.4907357,0.3867011,1
-0.81403774,-0.62712145,-0.20302583,0.10548079,0.07080907,1
0.70835805,0.8612836,0.4358496,-1.3874828,-0.4322957,2
-0.50085175,-0.7573798,-0.2663867,0.29856017,-0.0425314,2
-0.33355397,0.00275255,1.0510197,-1.0932839,-0.6400922,2
-0.5627117,-0.96947485,-0.17166184,2.2810078,-1.4701089,1
-0.6789201,0.20189582,-0.4103796,0.14663458,0.266509,1
-0.49225193,0.17915587,1.66049,-1.3234969,-0.7869515,1
0.9887934,1.5064628,-1.5299807,-1.0734512,0.8293502,1
1.980084,-0.13665162,-0.76467836,-0.31310537,-0.4902774,1
-0.5381366,-0.5500824,0.087195516,1.0762857,-0.059706323,2
-0.20768632,-0.6816561,1.0177008,1.4643632,1.1232185,2
0.3923614,-0.30919603,1.8657719,-0.930997,0.5552036,2
-0.7641781,-0.5351653,-0.09695199,0.8427104,-0.15320443,2
-0.4157221,-0.29852176,1.9103327,-1.3818129,-0.70957756,2
-0.66267854,-0.93162745,0.061755717,-2.013296,3.582402,2
-0.59075356,-0.48137477,1.9472666,-1.5500096,-1.0174325,2
-0.9692875,-0.95382077,0.10930367,0.3925245,-0.0023268163,2
-0.7941699,-1.2035252,-0.2935204,1.9207876,-1.1543034,1
-0.1227012,0.32636696,0.9023618,0.38180673,1.7560943,2
0.12916468,0.43413708,-0.2700845,-0.41294634,1.2913704,2
-0.64646554,-0.4365705,-0.18688774,1.8809016,-1.5306377,2
1.8738536,0.19392093,-0.5981936,-0.3259286,-0.032507285,1
0.08056113,0.5363097,-0.5395734,-0.060903028,-0.5743017,1
-0.75941086,-1.076648,0.41952723,1.0466924,-0.8738826,1
-0.45068383,0.22051173,-2.3344936,-1.2240003,-1.3146966,2
-0.76745903,-0.7219398,1.4904567,0.7530439,0.8342789,2
-0.46393734,-0.6310582,1.1403491,-0.9662182,0.24873936,2
-1.0896924,-0.77265614,-0.23057702,0.4289133,1.1692519,2
-0.53267115,-0.39225027,0.89252144,-1.350979,-0.80572104,1
-0.33203703,-1.105947,1.026491,0.39105606,-1.080675,2
-0.90514326,-1.3693069,-0.64888537,-1.0359832,1.3713595,2
-1.0811926,-1.9242568,-2.124115,-1.5071157,-0.074962124,2
-0.012682855,-0.48183498,-1.1509202,-0.8105273,-0.15003632,1
0.3922083,-0.8033519,0.98259616,0.6007036,-0.43388507,2
-0.62691224,-0.59489995,-0.55282456,-0.19972874,2.238635,2
0.14450441,1.9815072,0.5723864,0.007101465,-0.51133496,1
-0.7411452,-0.26737395,1.3989706,-1.7819737,-0.9185874,1
0.99058974,1.4965376,-1.4395677,-0.6022686,0.30348313,1
-0.5189538,-0.22534233,-0.19604918,0.56729966,-1.4355031,2
-0.5886071,-0.6156721,0.37105414,-1.652193,3.4245384,2
-0.6440736,-0.39556283,1.7123337,-1.2958066,-0.77432656,1
-0.6738292,-0.47022957,1.7400237,0.5406022,0.501918,1
-0.68982464,-0.53983617,-0.68557084,0.6729498,-0.22061719,2
-0.50706077,0.6535872,-1.6518658,-0.87255645,-0.30143195,1
0.24774875,0.43232897,-0.3245328,-0.25137973,-0.32554963,1
0.13134147,-0.6299331,1.0766963,0.814432,0.4031917,2
0.41374117,-2.8476684,-1.4102459,1.2963376,-1.2515641,1
0.7091812,-0.4272953,0.704949,1.4656159,-0.98393077,2
0.5691093,1.3296677,-0.38070333,-1.1820469,0.97097266,1
3.438302,-0.49490023,-1.1893117,-0.8137467,-0.33481637,1
-0.84065735,-0.8684847,-0.046543133,1.3072134,1.2688942,1
1.2928821,0.83627206,1.0353279,-0.89437014,-0.30189738,2
-0.6846864,-0.47553638,2.1456518,-1.7452893,-0.72793055,2
-0.6288235,-0.48527825,0.28386676,0.4397425,1.8796301,2
-0.19331703,-0.8237424,1.2885822,0.8953594,-1.4665818,2
-0.45929074,1.5924195,0.78880966,-1.2481923,-0.3902344,1
-0.74403715,-0.41732773,0.358957,1.7593036,-0.018083885,2
1.5702248,1.1023483,-0.19419144,-0.34086925,-0.2646237,1
-0.72897375,0.24023804,1.5682977,-1.2071257,0.70353115,1
-0.08103715,2.480071,-1.4395378,-0.8717104,-0.35119256,1
0.5761678,1.2831422,0.19050501,-1.1961381,0.023305744,2
0.4287104,2.1536572,-1.5761534,-0.2814853,0.61147547,1
0.3551138,1.2701263,-0.14584082,0.5694328,0.55098516,1
1.6292342,-0.2532697,-1.1131665,-0.22973119,-0.15310544,1
3.1263192,-1.7284378,-0.8529207,-0.25847864,-0.28179908,1
-0.52206874,-0.82387376,1.7585146,-1.390593,0.9527351,2
2.7155952,-0.19978565,-0.6423645,-0.34570163,1.0825624,1
-0.18381,0.3317205,0.8350345,-0.21254079,-0.5364012,1
-0.51588947,1.0449216,-1.3685415,-0.25207677,-0.7374042,1
0.009887412,0.041405022,1.3710951,1.2858386,-0.8086526,2
0.64366406,0.56400573,-0.25238472,-0.2359575,-0.9213533,1
3.6651654,-0.5109358,-1.2271047,-0.5534737,-0.21055059,1
-0.37482888,0.86240155,-0.24432963,0.0076875165,-0.2927124,1
-0.3360131,-0.4917053,0.92799747,-1.2443252,-1.068701,2
0.51652193,-0.44902375,1.1765327,1.3687633,-0.8993958,2
0.60174805,1.2321095,0.75711,-0.9190486,-0.6097975,2
0.14991644,-0.23543498,0.7326785,-2.0406325,2.2633088,2
-0.40996537,-0.44913688,0.9363303,0.14384127,-0.58592814,2
-0.50323164,0.06976625,0.827868,0.51414126,-0.9206691,2
-0.15038754,1.956199,-1.3921763,-1.0171684,-0.37001818,1
-0.6717584,-0.13338727,-0.75087833,1.6644083,-0.058056176,2
-0.06717563,2.4601412,0.6981562,0.33728033,-0.31794232,2
1.280849,0.7344501,-0.63563776,0.7713583,-0.963051,1
1.6172788,0.13403563,-0.6359995,-0.22604245,-0.21045813,1
-0.59192264,-0.70860255,-0.7177018,0.16390488,-0.3830837,2
-0.49462453,-0.05845311,1.052683,1.1352623,1.7705159,2
-0.6650716,-0.6848249,0.18987118,0.32717294,1.9130889,2
0.48506236,0.24010742,-1.3171266,-0.8302593,-0.1895844,1
0.30922133,2.0443723,-0.24701878,0.0282043,0.22073668,1
0.018150955,0.13084428,0.53711236,0.30745766,2.23265,2
2.2908995,-0.5397094,-0.52707505,-0.47465053,-0.19315495,1
0.33466017,1.0770137,-1.5156596,-0.58891463,-0.37342733,1
-0.5425349,1.0114216,0.7938451,0.3478277,-0.5192045,1
-0.65118885,-0.3109223,0.23895046,1.6552285,-1.5184768,2
-1.0531641,1.609848,0.5824871,-1.1568377,0.05424863,1
2.8609908,-0.4129578,-0.38070574,0.2374776,-0.44151974,1
-0.8899915,-1.1039265,-0.7181553,-1.2402382,1.3565402,2
-0.062258385,0.033575535,1.6874923,-1.6774011,-0.58860815,2
-0.58068705,-0.19483444,1.7421999,-1.284198,-0.13706772,1
1.087486,1.3143388,-1.5642694,-0.45120722,0.100409195,1
-0.4749011,-0.3880388,-0.2703364,2.2844748,2.6669157,2
0.17667732,0.94253635,-1.4400544,-0.38722798,-0.40565783,1
-0.68691015,0.709748,0.6779632,0.0029163063,-0.6542644,1
-0.1729388,0.5311221,0.97314554,-0.05576302,1.4194062,2
-0.3551578,1.4024034,-0.09304392,-0.46341386,0.8219148,1
-1.0092682,-0.5052992,-0.06111698,0.5866322,-0.09067515,2
-0.48947117,0.48658204,1.3303994,-1.6179066,0.83128023,1
-0.3603561,2.092169,-1.9256563,-0.4151433,1.4895968,1
0.4993415,0.24624425,0.41598815,0.3374134,1.5007184,2
0.8465396,0.7103585,-0.46810076,-0.047107454,1.1612324,1
-0.7658225,-0.80214864,0.07020096,0.7568923,0.7172297,2
0.2340163,-0.16301051,-1.1800991,-0.67414343,-0.19998612,1
0.06636724,2.0319676,-0.3075082,-1.192703,1.7618248,1
0.8685037,-0.34919882,0.54829454,0.9298731,-1.1038283,2
-0.22620575,-0.39475387,0.8731889,1.1070098,0.65620875,2
-0.4577552,-0.14381468,1.0626258,-1.617221,1.6478095,2
1.1299834,0.52253807,-0.49703267,-0.27700746,-0.4814106,1
-0.72181886,-1.0351753,0.64072466,0.49986908,-0.87354046,2
-0.59196687,0.2567404,0.324569,0.33092135,-0.44670272,1
0.6288786,-0.41300094,-0.5723697,-1.1086202,-0.0039908933,1
-0.63330775,-0.6880363,0.27038255,1.8900601,-1.3569949,2
0.035656214,1.3363447,-1.7049872,-0.90420234,-0.24828982,1
0.40851188,1.386537,-1.3944,-0.287252,-0.4053073,1
-0.33988664,0.0043127574,1.6241889,-1.414114,1.6930168,1
-0.09098349,2.0845816,-1.4019306,-0.9578399,-0.039749134,1
0.92310154,0.10762544,-1.3038262,-0.6052719,-0.29581726,1
-0.43948242,-0.81681323,0.02485475,1.2892743,-1.1413181,1
0.4385586,1.4056692,0.16218002,0.08203432,1.2735708,1
-0.4890225,0.08183266,1.7228234,-1.3863997,0.057848588,1
0.15496328,-0.5637078,0.9840107,0.4519269,-0.61556596,2
0.052075103,1.5155454,0.21988165,0.005004421,-0.48282367,1
-0.8594054,-0.8135365,-0.38120314,-1.3877363,1.6219461,2
-0.7011118,-0.029883675,1.6187109,0.69643205,-0.9278357,1
-0.77773625,-0.8747568,-0.17838152,-1.4612901,-0.18096198,2
-0.50287473,-0.525769,0.6965352,-1.9359931,-0.8401128,1
-0.2367475,0.6506288,1.6958926,-1.318596,-0.5679269,1
-0.8171643,-0.85292363,-0.5727614,-1.8825887,-0.1605278,1
-0.7580743,-0.85524637,-0.39165732,-0.054387596,-0.20107614,1
0.30878755,1.458181,-1.2598163,-0.75877243,-0.12212928,1
-0.5134197,0.35073683,0.8454962,-1.0443802,-0.4111535,2
-0.68366724,-0.3779693,0.2872468,0.8349682,0.15108596,2
-0.47754094,-0.19712703,1.4650937,-1.7252935,-0.23610346,1
0.43328696,1.5175004,0.3204294,0.4552353,-0.5806501,2
-1.1792562,-2.122979,-1.7457228,-2.175629,-0.9486563,2
0.38126686,-0.19062905,-1.1509345,-0.6584712,-0.38503978,1
-0.86751604,-0.79703563,0.008538011,1.3984075,-1.0517342,2
-0.8203143,0.31869745,2.0704598,-1.4743946,-0.43515807,1
-0.5941092,-0.4948745,0.050745457,1.7858852,-0.051764175,2
-0.33380485,-0.41747206,-0.0026819073,0.9835876,1.6621636,2
-0.8872855,-0.6712587,-0.018457761,1.1747141,-1.4333907,2
3.090085,-1.8063768,-0.792465,-1.0957539,-0.31183922,1
0.33814085,0.83566505,-1.5555532,-0.116570994,-0.9626028,1
-0.462087,-0.6033313,-0.032516122,0.94884014,-2.0771391,2
0.4218053,1.3799957,-1.5142807,-0.12481469,0.878789,1
1.276788,-0.21679297,-1.1271743,-0.63483584,0.082779974,1
-0.745395,-0.728705,0.03179036,2.3530254,-1.1037487,1
-0.4653092,1.9404845,-1.7313657,-0.14361937,-0.092891924,1
-0.26977623,2.7572765,-0.20062962,0.08134053,0.049189642,1
-0.554042,0.7197164,1.7821907,-1.2613052,-0.5314077,1
-0.6520057,-0.9887044,-0.37246928,2.103104,-1.2679901,1
0.20237695,-0.46554792,-0.20105717,1.3561434,0.95309293,2
-0.82741225,-0.47212702,0.9475948,-1.5148381,-0.78999054,1
-0.55548406,-0.30424133,2.7276292,-1.6365826,-0.8351448,1
-0.8348638,0.069350876,-0.4023036,0.2215459,1.8665872,2
-0.85312796,-0.6139154,-0.303275,0.5808278,-1.7054489,2
0.8084734,1.4651146,-1.4314237,-1.0803561,-0.4314397,1
0.39584035,1.2264178,0.025592402,0.8539405,-0.6211963,2
-0.66755545,-0.43214184,1.3530375,-1.3678244,-0.2618809,1
-0.09339824,0.029826622,0.5802558,-1.2304378,1.8039927,2
-0.47615546,-0.31532544,0.10231674,1.1098253,-1.372728,2
-0.33559746,-0.84472466,0.37049943,1.6322157,2.34031,2
-0.5396517,-0.02017352,-0.6238121,0.5775716,1.2940787,2
0.35844395,-0.15241532,-1.3324937,-0.78194565,-0.044310078,1
-0.5034101,1.3907657,-1.4222139,-0.20805645,-0.4081311,1
0.30286366,1.1167593,-0.35011452,-0.28019994,-0.6165694,1
0.0376029,0.51579905,0.8425339,0.5603171,1.339908,2
-0.3048457,-0.5214612,-2.398837,0.11189777,-0.59918374,2
0.8217993,-0.33465427,1.8700342,-1.2713522,-0.74427825,2
-0.096684694,-0.09605627,0.88963854,-0.97840935,-0.49454767,2
-0.62075746,-0.18926372,2.2024848,-1.6725377,-0.24508947,1
-0.8340013,-0.5211067,2.1313314,0.48856145,-0.8862274,2
0.7167756,0.2537959,0.40430278,0.47600126,-1.3185015,2
-0.54280525,-0.76459736,-0.30292192,0.64737844,-0.17557321,2
-0.148477,1.2035513,-1.288742,-0.871098,-0.5278317,1
0.73719555,1.2926158,0.12997298,0.8670894,-0.8771948,1
0.8509351,0.29275888,-0.6629664,1.4646096,-0.7574843,1
-0.59672946,2.3399036,-1.5983925,0.630471,-0.4487412,2
-0.1370705,1.734926,-1.4020038,-0.17363524,0.5669335,2
-0.6208198,0.16397409,2.1677077,-1.5907317,-0.89896196,1
-0.5788921,-0.37946343,-0.423185,1.1888657,-1.1540965,2
-0.77634114,-0.8578208,-0.4283796,1.5314782,-1.5887154,2
-0.04235425,2.7153137,-1.6246709,-0.91033375,0.8718575,1
-0.6037706,0.52341,-1.3647631,-1.2414325,0.73410285,2
-0.91226023,-0.09353724,1.1416918,-1.6371634,-0.81099635,1
-1.1097016,-0.22961041,0.26796347,0.8201191,0.9573364,2
3.1082442,-1.8192403,-1.1064087,-1.1915476,-0.71347916,1
-0.79016584,-0.98078084,-2.2677302,1.5267246,-0.36946523,1
-0.66849804,-0.8793144,1.3457645,1.0754005,2.4650698,2
-0.63592935,-0.74285805,-0.42187205,1.4810299,-0.29054183,2
-0.684005,-0.45004845,0.15668844,2.1372514,-0.23010147,2
-0.5129796,-0.30272293,1.0812321,0.1690504,1.5972338,2
-0.46463355,-0.65379375,0.8205884,-0.12643446,1.5495774,2
-0.75373626,-0.7564262,-0.32383978,2.0195656,-1.803701,1
-0.518507,0.5039648,0.36473143,1.7538009,-1.2148364,1
0.6775158,-0.20838779,1.1608715,0.19255698,-0.45052516,2
2.966568,-1.7454674,-0.6507977,-0.7284986,-0.3467606,1
-0.32766736,2.91211,-1.7135522,-1.1246524,-0.4438677,1
1.6595266,1.65254,-1.3581638,-1.0157259,-0.30075634,2
4.155819,-1.9142295,-1.4297655,-0.80147547,-0.46209556,1
0.016683608,1.0979388,0.417216,0.45996982,-0.26070443,1
-0.94248545,-2.0176628,-2.0260048,-1.8206213,0.05890341,2
-0.2787783,1.0870295,-0.5007059,-0.34131032,0.1997366,1
0.17101443,0.19951612,1.38133,1.2521939,-0.52114344,2
-0.009941518,1.0111997,-1.3896275,-0.8175013,-0.081121325,1
-0.6547673,-0.7660088,0.7775648,0.59309053,-1.0019765,2
-0.33512253,0.24698414,1.2362608,0.29058766,1.2472867,2
0.3243444,2.0811305,-1.4224697,-0.6708201,-0.6195533,1
1.4455311,-0.82251817,-1.425091,-0.17047873,0.0064936355,1
-0.47742856,0.40617418,0.66337705,0.33284426,-0.78022057,1
-0.5337893,-0.66169065,-0.32327998,-0.2409497,1.2578806,2
-0.68199795,-0.90845865,-0.12373161,-1.1832224,-1.947608,1
-0.56289405,-0.76915896,-0.09899506,0.5611632,-1.3269523,2
-0.4753618,0.40287584,0.61621505,1.0393894,-0.9104651,2
-0.6010548,-0.49991322,0.28161907,1.6986027,-0.3377524,2
3.9626768,-0.7408213,-0.8830856,-0.16457981,-0.30719215,1
0.7333672,-0.973354,0.7052039,1.2751884,1.0336026,2
-0.43837368,0.17583266,1.4290228,-1.0971807,-0.33821505,1
1.0617479,0.5668893,-0.82075405,-0.44142857,-0.3669786,2
-0.5576145,-0.8061779,-0.11968729,0.033157572,0.75438964,2
-0.627969,-0.85598606,-0.06311372,0.48766094,-1.5086325,2
-0.67047215,-0.93729997,0.5606241,1.0335718,-1.5009211,2
-0.49596855,-0.1389804,0.87247,-1.3930262,-0.91078913,2
-0.67076933,0.41101134,-0.06475517,-1.1687384,0.7131735,1
-0.033993255,1.9578283,-1.5847286,-0.22078755,0.7663224,2
-0.29866916,2.1180432,-1.8885034,-0.9906521,-0.097486585,1
-0.036853075,-0.11930366,1.8007559,0.67388725,1.1053462,2
0.0053408295,1.8835528,-1.053895,-0.8374022,-0.49684298,1
-0.59942555,-0.7985585,0.59946823,1.0422797,-1.1025902,2
-0.6434716,1.5535729,-1.7470477,-1.2727216,2.1796777,1
-0.51186866,-0.0494076,2.2298996,-1.5341958,0.2969002,2
0.9965344,0.9204854,0.018626899,0.25183773,0.9268709,1
0.4953618,2.1479957,-0.09652614,0.46460754,-0.78650296,1
-0.10512379,-0.26818913,0.49570236,0.047120214,1.9483188,2
-0.36364484,1.4284849,-0.05263339,0.5954255,-0.7124731,2
0.10824528,-0.80265975,0.46816266,1.3167629,1.8210307,2
-0.29835707,-0.13286561,2.0925424,-1.4980145,0.7321078,1
-0.941149,-0.76271766,-0.03590785,1.218355,1.8597751,1
-0.46538687,-0.1822964,0.18185273,2.262269,-1.1106198,2
-0.8334325,-0.549488,-0.7077545,-0.032916326,-0.29768032,2
-0.58013475,1.4514242,-1.6390077,-0.7798755,-0.31350607,1
-0.21664222,1.2746679,-0.12822606,-0.6695614,-0.5918046,2
-0.28601056,0.7788904,1.9117982,-1.3632435,-0.55213284,1
-0.34706458,1.1184952,-1.1975027,-0.28105888,-0.49418038,1
-0.85498935,-0.9031153,-0.29120904,-0.9077241,-0.1431902,1
-0.14384973,2.6797533,-1.4812875,0.97219896,-0.7409409,1
-0.17143363,0.608335,-0.011486314,-0.057494447,0.1481901,1
2.532631,-0.9733523,0.6352606,-1.252977,0.106057376,1
0.4804569,-0.82493705,1.1441319,0.3875301,-0.5909237,2
-1.0534126,-0.5076046,0.5382023,0.7866357,-0.624383,1
-0.38544726,-0.6288975,1.1114322,0.6653138,-1.430716,2
0.25858498,-0.38310254,1.6848562,0.544698,-0.7222341,2
-0.39221567,-0.80965364,0.09816702,1.6980902,-0.059856392,2
1.0675377,-0.20131183,-0.08298107,-0.098244414,0.33080137,2
-0.5973537,0.017474532,1.4010178,-1.6052048,1.1364205,2
-1.24079,-2.0882242,0.15130872,-1.1594447,-0.6639115,1
-0.97057027,-0.7693033,-0.08067162,0.9583077,-0.8720595,2
3.4594026,-0.96852744,-1.1761492,-0.49238777,-0.25714904,1
0.30676726,1.1217781,0.032038152,-0.12936367,-0.42047644,1
-0.5766547,-1.2551594,-1.2830495,0.75464857,2.02015,2
-0.1752816,1.2954286,0.31336796,0.26937515,-0.24786957,1
-0.5732842,0.8107972,-0.26873526,-0.118391015,-0.5523623,1
-0.061745957,-0.7024246,1.37122,-1.6146394,1.1511223,2
-0.03519267,-0.30055076,0.5884205,0.32366982,2.84549,2
-0.8234664,-0.70432115,-0.47292757,0.66790575,-0.55518216,1
-0.8525773,-0.45928112,1.3642799,-1.1220223,-1.1669829,1
-0.19618888,1.8350338,0.45137036,0.7411822,-0.7194546,2
-0.3762415,0.6708592,1.3918878,-1.3064281,-0.50175285,2
-0.49403298,-0.6248128,0.23819487,1.6126721,-1.5053082,2
-0.5642549,-0.78976256,0.06466223,2.0518377,-1.5343795,2
3.4384897,-1.7755775,-1.0764174,-0.122671604,-0.38736513,1
-0.028909206,0.19623898,-1.4364369,-0.6915561,-0.26438782,1
-0.6186248,-0.602937,-0.6070289,0.81511825,1.2587043,2
-0.095009506,2.009602,0.29117966,0.07853754,0.658295,1
-0.8154292,-0.38368723,1.7874217,0.52830863,-0.5592236,1
-0.6042178,-0.9602828,-0.5121815,1.2237195,-1.2525022,2
-0.45355728,-0.27944228,1.1994073,0.3447758,-0.4432658,1
-0.36857408,0.12983632,2.143168,-1.6613188,-0.804814,1
1.2765937,0.3789991,-0.56627065,0.09159918,-0.44418678,1
-0.21038774,-0.18279755,1.134523,-1.4742486,0.6573107,2
-0.8403214,-1.2396224,-0.49117434,-1.4160073,2.5807986,2
-0.6840962,0.00021415204,0.8589389,-1.3403696,-0.5969202,1
-0.5607073,0.333803,0.3294739,-0.08268188,-0.687545,1
-0.27448776,-0.25555933,1.1401222,0.3959649,-0.26912132,1
3.4315844,-1.8214703,-1.2107582,-0.82046276,-0.016972624,1
1.9394963,-8.653104e-05,-0.43428007,-0.35993603,-0.7524055,1
-0.42283943,1.2445953,0.42054743,-1.1504612,-0.3572219,1
-0.5154977,-0.28063452,1.1161981,-1.5688524,1.8030814,2
0.18666896,1.8032236,-1.3598422,-1.2028179,1.4886031,1
0.3723709,1.969809,-1.448838,-0.9235302,-0.26114583,1
-0.6242599,-0.58276916,-0.57831305,1.6109254,-0.50013185,2
0.11212981,0.056884825,1.1744764,-1.1147382,-0.4671893,1
-0.8372566,-1.1760826,-0.49663875,1.405789,-0.35136765,1
-0.72326213,-0.6687622,-0.24826097,0.9858853,1.3902103,2
-1.3377541,-0.4418233,-1.0982182,-0.080767,-0.472167,1
-0.33399862,-0.47332287,0.6970453,0.20096833,-1.1098633,2
-0.5404854,-0.06485113,1.1807973,-1.4346335,-1.273808,2
-0.30358,-0.8117563,0.53537524,1.301856,0.8935897,2
-0.5201865,-0.40524417,0.20244724,-1.3361794,-0.37277073,2
0.6631882,1.0760534,-1.5106742,-1.0021212,0.25785306,1
-0.42601117,-0.5927014,1.3160586,-1.6163005,-0.6745112,1
-0.6817035,0.597117,1.928532,-1.797795,-0.8715555,1
0.5369705,-0.2044084,-1.134105,-0.64222664,-0.19688421,1
-0.4964379,0.21184772,0.5999386,-1.2998191,-0.48696494,1
-1.568589,-2.7027805,-1.383391,-0.6657376,-0.28966865,1
0.74183464,0.5923769,-0.046060845,0.06365928,0.13638012,1
2.470547,-1.3768997,-0.6434513,0.6799287,-0.58643544,1
0.024312526,-0.92701507,0.91232455,0.48293293,-1.3596694,2
-0.21007845,-0.56616896,0.1724971,0.5404973,-0.21265754,2
-0.6107224,0.016801566,0.7652914,-0.6796338,-0.73334146,2
0.18992716,1.684912,0.6914118,-1.1568582,-0.13340372,2
-0.28365144,2.2210798,-0.23075604,0.20096019,1.13483,2
0.012424879,1.33837,0.12617251,0.20387274,1.3231578,2
-0.17662747,2.4191833,-1.4187309,-0.7283809,-0.66852033,1
-0.6489154,-0.52027035,-0.7619577,0.11345681,1.25646,2
-0.53834164,-0.82797444,-0.28675386,1.1063673,1.5178899,1
-0.14234403,-0.528866,0.79588306,0.6547451,0.68369496,2
-0.6368753,-0.027953852,1.211755,0.18343264,-0.53166735,1
-0.62324816,-0.8353044,0.37819985,0.18413672,-0.88977605,2
-0.5747971,0.036039114,1.3005579,-1.2204269,-0.20932616,1
-0.6500255,-0.76647294,-0.4162472,2.062447,-1.309729,1
-0.75493276,-0.21080935,-0.33557966,1.0361394,1.3919244,2
-0.7835208,-0.7202233,-0.10850082,1.7476447,-0.101332426,2
1.2964141,1.1737596,-1.3042156,-0.37862468,-0.014368288,1
-0.86235845,-0.50114846,0.0015511364,1.7079278,1.6156454,2
-0.765942,0.18474346,1.5757556,-1.7824724,-0.35779262,1
-0.79203236,-0.72619474,-0.42040312,0.28505677,-0.75608873,1
-0.6785818,-0.19799611,0.27153477,1.1516013,-1.5171821,2
-0.872417,-0.5804154,0.34439194,1.2130923,0.23147397,2
0.3028841,0.0002636388,0.09518551,-0.31383213,0.17586197,2
0.9686985,-0.102369726,1.8825308,-1.0328976,-0.57629544,1
-0.8690829,-0.6919654,-0.7107512,1.1885302,-1.6195916,2
-0.26491848,1.8202091,-1.7048229,-0.64496946,-0.34741896,1
-0.6808153,0.117835894,2.0877542,-1.4056944,-0.7721274,1
-0.16191903,2.040855,-0.1445296,0.30668437,-0.7742251,2
-0.21551672,1.2994136,0.50289786,0.13679755,-0.6181226,1
1.820915,-0.5211413,-0.8398335,-0.5905598,0.15045322,1
-0.09005983,2.5375786,-1.9748474,-1.1287515,-0.06623231,1
-0.92653745,0.040516526,1.1026416,-0.9785148,0.09605698,1
-0.6639934,-0.6183718,0.23902461,0.4620658,1.0164485,1
-0.46613598,-0.15755954,0.8978764,-1.7246761,1.5304887,2
-1.3119631,-0.9418943,0.73323786,1.31041,0.07661067,2
-0.0693316,-0.28683764,1.4655068,0.81190026,-1.2194158,2
0.40798125,0.14772685,1.0545673,0.62808514,1.4653342,2
-0.611176,-0.89051193,0.50089157,2.2490058,-0.50306654,1
3.9042084,-0.6808477,-1.4994262,-1.1261142,-0.52146566,1
0.2870251,2.3029006,-1.6360099,-0.80543065,0.12807417,1
-0.826817,0.14821477,0.72387636,-1.2063234,-0.25686663,1
-0.61164314,-0.3584754,1.7516654,-1.7711546,-1.1080585,1
0.5255786,-0.68016887,-1.3369623,-0.31067604,-0.1345155,1
-0.8302758,-1.1739719,-0.39044324,1.475476,1.5308515,2
-0.4762691,0.78058875,1.5661354,-1.2679392,-0.059389405,1
3.158067,-0.3297032,-1.2040712,-0.25126326,-0.3820541,1
-0.37194997,-0.31094977,0.5425204,2.635568,-1.3091189,2
-0.195908,-0.93625766,0.4673416,1.3321035,-1.1086222,1
-0.5878188,-0.41658956,1.2932246,0.24373092,1.0191921,2
-0.80732214,0.26470074,1.1506784,0.8186978,1.6919112,1
-0.36711672,-0.1394858,1.3244858,-1.6120051,-1.7352732,1
-0.43882424,-0.8716068,2.2899227,-1.3485945,0.6543797,2
1.2165085,0.13434508,-1.258066,-0.6364583,0.18012775,1
-0.1819458,1.014517,0.36192384,0.9094877,-1.2825943,1
0.0064392686,2.8686795,-1.685161,-0.29810008,0.13380347,1
0.017971575,-0.8256815,1.5787159,0.3542985,0.6827393,2
-0.4962101,-0.40427637,0.28638226,1.4972261,-0.13941614,2
-1.6089289,-0.56509006,-0.28570777,0.8477396,-1.5140104,2
-0.5557266,0.30120984,1.5312595,-1.2354703,-0.5355627,1
-0.014783233,-0.88878244,1.0585153,0.13507089,0.7762592,2
-0.38819814,-0.8349522,0.71486676,2.112741,-1.155071,2
-0.9012966,-1.034242,-1.0693461,-1.3438804,1.9110081,2
2.861891,-0.44309968,-0.2693799,-0.5900967,-0.18492748,1
-0.39476097,-0.8289733,1.3521484,0.62770164,0.5406933,2
-0.3637501,2.0912156,-1.6293647,-0.66527915,-0.91299987,1
-0.07726672,-0.7144183,1.3092417,0.10129151,2.2095628,2
2.6434839,-0.8852876,0.6735622,-1.2342072,-0.6939502,1
-0.8869967,-0.2800879,-0.3528767,1.5499803,-1.1488395,2
-0.7416004,-0.8196102,0.27414557,1.4802301,-0.5429551,2
-0.88042647,1.4025941,-0.004120618,-1.1123841,0.12146516,1
-0.11809084,2.016004,-2.0282376,-0.14413449,-0.67024505,1
-0.45749015,-0.37082124,-0.291057,0.99888057,-0.02722016,2
-0.32707578,-1.0873498,0.27872828,1.7416661,-0.31569463,2
-0.6706262,-0.7319151,0.34980288,0.36632222,1.9839344,2
-0.513329,-0.83136237,0.37764245,0.9332481,-1.1073263,2
-0.98340243,-0.66773343,-0.402034,0.7870864,-1.3123009,2
0.627673,-0.9533814,2.094349,-1.4440157,-0.6568451,2
0.1838788,0.30890363,-1.364794,-0.7465436,-0.3001566,1
-0.15272208,2.2374876,-1.7922153,-0.9214829,0.14915523,1
-0.44155854,-1.180069,0.32193312,0.8990136,-1.318775,2
-0.6357393,-0.09743837,0.31508952,-0.23399381,-1.0275961,1
-0.5203714,-0.65510046,-0.17555526,2.1518228,-1.4583732,1
-0.6786387,-0.41563037,0.91109115,2.530759,-1.3880637,2
2.5462434,-0.9865407,-0.64069974,-0.60886693,-0.14535365,1
-0.55994165,-0.45744675,0.112325236,1.4926335,0.06743552,2
-0.31204492,0.29508197,0.69896555,-1.0207025,-0.59225374,1
-0.21223022,-0.46606052,1.1487432,0.68497247,2.17264,2
-0.5237203,-0.14374593,1.5459678,-1.1141003,-0.034946024,2
-1.110437,-0.45092565,0.27304783,0.74290645,0.72321826,2
-0.5600283,-0.60263014,1.3311102,-1.7404767,-0.23188722,2
-0.85786355,-0.22374472,-0.21851495,0.83451444,-0.08707838,2
-0.2670586,-0.3697604,-0.12964804,1.2471482,-1.7931883,2
0.21387114,1.0234399,1.2389451,-1.1871817,-0.3960839,2
0.88114405,1.5540239,-1.3217071,-0.61182415,0.34386712,1
-0.5160575,-0.8553951,-0.55420715,0.38332307,2.1692245,1
-1.2573086,-0.07618662,0.75622654,0.15843876,0.0022675544,1
-0.4487889,-0.56887364,-0.3584577,1.4583912,-1.7302018,2
0.32126725,1.3412995,-1.3482563,-0.87637407,-0.3599084,1
0.24051237,0.8145081,-1.5902842,-0.109410726,1.9945555,1
-0.37122154,0.7607169,0.1734125,-1.1329372,-0.36788765,1
-0.57581896,-0.6578863,-0.29006582,1.3356194,-0.0824752,2
0.06856414,-0.8364904,0.9190271,1.544438,-1.488409,2
2.6929188,-0.57416993,-0.55621046,-0.3375976,-0.2073164,1
-0.568608,-0.7841524,-0.23579659,0.8364359,3.0434177,2
0.23132493,1.3162018,0.7028539,0.19740123,-0.48201746,2
0.31815472,-0.900361,0.23232144,1.2414478,1.7229707,2
0.15472502,-0.23211783,0.9529768,1.7087584,-0.21115354,2
-0.22601502,-0.14083856,0.7399253,0.28897718,-0.5667016,1
-0.7936911,-0.7406132,0.11038503,1.6093944,-1.4756567,1
-0.20968744,-0.7290182,1.6550211,0.7815969,0.67353976,2
-0.1548553,0.2788515,-1.3235183,-0.79920423,-0.5556071,2
-0.61782473,0.16936815,1.9095728,-1.7007426,-0.8390914,1
1.288124,0.099030554,0.32860023,0.2155531,-1.202568,2
2.0117078,-0.5436555,-0.9435413,-0.5253118,-0.2643718,1
-0.6291692,-1.1551389,0.70143443,1.0808204,3.186952,2
-0.7071243,-0.8369655,-0.41337723,1.7882569,-1.1277306,2
-0.35350776,-0.87757665,0.9929041,1.0569248,2.2998278,2
-1.0473107,-0.68167526,-0.47791505,-1.7080612,-0.10947557,2
-0.35194114,0.47390133,0.43057936,0.13054667,-1.0589482,1
-0.47320545,-1.2985584,-2.1310592,1.2124642,-1.6476694,2
-0.6373014,-0.83809686,-0.22304955,1.8639091,-1.2975638,2
2.3819628,-1.0995458,-0.2719176,-0.5340055,-0.26696065,1
-0.68048835,-0.72381854,1.18835,0.69004786,2.8539307,2
-1.0415907,-0.9078336,-0.16757682,-0.6733876,-0.06541119,2
1.0158724,1.5249783,-0.02475562,-1.1938548,-0.5391817,2
-0.18732189,1.7783924,0.34504065,0.016665151,-0.43581402,1
-1.0956395,-0.5299736,-0.038947195,1.8364313,-1.2763284,2
-0.49999446,-1.1286724,1.0298834,1.0092323,2.5275776,2
-0.830237,-0.7932755,1.1561263,-1.4690903,-0.23341781,2
3.5852826,-0.58556914,-0.70928293,-0.5086958,0.09770778,1
0.2772975,1.7625405,-2.0684865,-0.8521809,-0.110587955,1
1.1710383,-0.04803455,-0.6417357,-0.4345128,-0.60526264,1
-0.56308895,-0.20522355,0.96825504,1.2864504,-1.7880046,2
-0.67258525,-1.2671267,-1.3035865,1.0692176,1.4011993,2
-0.6161373,-0.22334956,0.94856477,-1.3952607,-0.67369974,1
-1.1319027,1.272314,-1.5207957,-0.80222386,-0.08995522,1
0.6903832,1.3601736,-1.3604352,-0.046898738,1.3533105,1
2.97409,-0.43095878,-1.2868168,-0.18379033,-0.06558489,1
0.4606965,2.4569747,-1.7872971,-1.0301533,0.096728474,1
-0.011972614,2.5576115,-1.6226575,-0.7379891,0.79455173,1
0.95357007,0.31962556,-0.9037947,-0.37272313,-0.2711546,1
-0.5358038,-1.143759,-0.05726087,2.264757,-1.6748893,1
-0.6602137,-0.7873932,-0.49319687,0.87746006,-0.048598796,2
-0.57722604,-1.0584183,-0.0059093833,1.4409039,1.427836,2
-0.2554334,-0.42478043,0.65066224,-1.0824199,0.53350174,2
0.2650668,0.0069882423,0.7914312,0.55655974,1.2691903,2
-0.7693563,-0.4357612,0.11528467,1.881388,-1.1624041,2
-0.37699854,2.5336642,-1.5756551,-0.6335186,0.39160585,1
-0.46483958,-0.4754771,0.43939006,0.2614443,1.7609475,2
-0.7653588,-0.50028485,-0.16121125,0.20784189,0.08275922,2
-1.0588682,-1.1795583,-0.35454282,-1.0365295,-0.11680986,1
-0.57044286,-0.8197477,0.5802089,0.83383024,-1.2125105,2
0.005852908,-0.11348799,-1.2821366,-0.7200782,-0.18488312,1
0.20561099,0.4548952,1.1527698,-1.1726505,1.1141825,2
0.23738645,-0.5596534,-0.9679747,-0.57368594,-0.073518135,1
-0.3014675,-0.5132273,0.6555586,0.5845856,2.9001825,2
-0.44419402,0.4573146,-0.044988327,0.027338773,0.40259022,2
3.055721,-1.1521521,-0.9353309,-0.5115701,0.037484363,1
-0.30477732,-0.25523496,1.8999301,0.80759054,1.4995008,2
-0.5573983,2.684316,-1.4833038,-0.08402863,1.0188543,1
-0.39967543,-0.1780931,-0.28449473,-1.4755322,0.07081245,2
0.47716194,-0.596596,2.1622386,-1.6065991,-0.50530297,2
0.04982998,-0.995245,0.98624516,1.2183187,-1.486241,2
-0.0792156,-0.23865099,0.5654231,0.5296097,2.8526893,2
-0.64932925,-0.6460962,0.70631397,0.79035944,2.4445138,2
-0.7880296,-0.72825265,-0.40274617,-1.0304675,1.4065573,1
-0.62865853,0.15016465,1.4056795,-1.4299588,-0.15177077,1
-0.6766827,-0.75956964,0.86048114,1.1356691,-1.2362394,1
1.5530233,0.7944363,-1.0639951,-0.51501733,-0.21030404,1
-0.5274072,0.7612091,-1.651482,-0.92560124,0.8758022,2
-0.5054118,0.8035108,0.85054564,0.52506804,-0.4322851,1
0.06182143,-0.24568199,1.5069818,1.4054894,-0.229992,2
-0.9561231,-0.98473907,-0.1056959,0.11180459,-0.2589276,2
-0.71535754,-0.014834955,0.07930692,0.3606729,-0.5228773,1
0.5008459,0.08978222,-1.1530393,-0.41790614,-0.021262154,1
-0.26080644,-0.72588336,1.9038094,0.63086104,1.1010057,2
-0.49010187,0.8542279,0.05483143,0.011879697,-0.3650744,1
-0.78676176,-0.845738,-0.008302592,-1.2218993,3.170737,1
2.8673537,-0.729688,-0.87156,-0.41495243,-0.36127597,1
1.7638711,-0.5882773,-1.0702469,-0.20055476,-0.28539085,1
-0.14534928,1.4549645,0.38013673,0.19532599,-0.30134708,1
-1.6668394,-2.3852718,-2.4023852,-2.2246234,-1.0345849,2
-0.43215623,1.7024771,-1.6628697,-0.75462276,-0.42677194,1
0.8882035,1.1546211,-1.661683,0.41984588,1.4075333,1
-0.78807503,-0.7385678,1.1063331,-1.6790396,-0.59455895,1
1.5760999,0.30041045,-1.4494481,-0.21916789,-0.15732314,1
-0.9230963,-0.4398154,0.22462896,0.4414021,-0.3917026,2
-1.047329,-0.7796101,-0.05980189,1.6334894,-1.340898,2
-0.7016182,-0.64676005,0.38412058,1.5214427,-0.7889509,2
-0.46094698,-0.40225556,0.10984342,0.47160882,-0.36154044,2
-1.084963,-0.7477701,0.26840204,1.7401307,0.055616096,1
0.19630587,1.2904673,-0.1124519,0.36041418,0.8057137,2
-0.5614302,0.70376474,-0.04125285,0.073624834,-0.44628504,1
-0.40127888,-0.6969123,0.86424977,0.86262417,2.6557682,2
0.7102673,1.3745662,-1.550487,0.09010924,1.0674953,1
1.3066943,-0.42113274,0.4001887,0.44107056,0.55361843,1
-0.70289123,-0.33680737,0.21383214,2.0452178,-1.6133152,2
-0.03576733,1.96931,0.32888058,0.5464194,-0.4824141,2
-0.7315648,0.1619979,0.3662098,-1.1512165,-0.3575581,1
-0.3152627,0.2326304,0.38221955,-0.014336903,-1.3497436,1
0.40895513,-0.7581622,1.2290689,0.7456088,1.1691363,2
-0.10102716,-0.49238402,0.16965587,-1.0225633,-0.55162406,1
-0.086080045,1.3545952,0.29325113,-0.79660124,-0.8550236,2
-0.6475793,-0.13609026,1.5211008,1.0363772,0.7388212,1
0.39295262,0.31990588,0.784193,-1.1244637,-0.40375564,2
-0.6483996,0.26719776,0.8477101,0.24575979,-1.1520436,2
-0.8423922,2.0301156,-1.4661468,-0.81442,-0.3011045,1
-0.45629817,-0.62131757,1.4107994,-1.7952516,-1.5325072,2
-0.67345834,-0.60988045,1.0603603,-1.3910282,2.2334876,2
-0.72074795,-0.69691646,-0.21051532,2.1064353,-1.6148355,2
-0.93489665,-0.7675599,-0.33889621,-1.0658375,-0.59848875,2
-0.4287774,0.46986258,0.5937629,-1.524133,-0.31498772,1
-0.060847946,0.25620377,1.5872422,-1.5806441,-0.82649326,2
0.1039056,0.5975821,-0.25906315,-0.039128467,-0.48924252,2
-0.47863865,-0.94217336,-0.29882324,0.9909573,1.7634104,2
-0.5987945,-0.2500041,0.11397396,2.129748,-1.4067949,2
-0.9780859,-0.8421444,0.010182142,2.5755022,-0.27118826,2
0.4004944,1.1720526,-1.5539092,-0.37757897,1.206614,1
0.41832554,-0.05749353,-0.66481507,0.42876548,1.0223306,2
0.660974,-0.13405234,0.88169354,1.279969,-0.8811774,2
0.19345751,-0.13159278,-0.9711627,-0.6270071,-0.3772495,1
0.3696193,1.4644616,0.77576673,-1.2051017,-0.55908877,2
-0.7895648,-0.12369166,1.621101,-1.5991104,-0.3244329,2
-0.879542,-0.1712677,1.22445,-1.345339,-0.115329504,1
-0.6117529,-0.8078449,0.51360035,-1.0528977,0.7453796,2
-0.11396545,2.307113,-1.4892749,-1.0736839,0.104028165,1
-0.3685816,-0.90728945,1.1261691,0.73606855,2.2416065,2
0.28892255,0.7831738,0.5739075,-1.1636475,-0.48137605,2
0.04175073,1.358259,-1.5574781,-0.86208284,-0.5861789,1
0.15302119,0.05345057,0.991363,0.76445013,0.7247489,2
-0.39776093,0.58006257,1.5207444,0.2857089,-0.7223061,2
-0.32277423,-0.6799997,0.176469,0.52465767,0.6104384,2
2.9908555,-0.6681788,0.46191224,-0.64227885,-0.28082484,1
-0.46568066,-0.66858107,0.7545988,1.798965,-0.013089821,2
0.47079682,-0.2110261,1.6228055,-1.1484267,-0.47191614,2
-0.9381562,-0.5716734,-0.21256971,1.1157361,-0.19291705,2
-0.41774783,-0.3652581,0.7035999,1.3366911,0.040107027,1
-0.37528336,-0.84154296,1.4962118,0.4229071,0.6672596,2
-0.5928277,2.0633214,-0.17743798,0.43502867,-0.08628984,1
0.42040545,-0.052477855,-0.54339516,-1.0958445,0.17292874,1
1.0013608,-0.5862254,0.8148576,0.392919,0.503425,2
0.053553432,-0.058323182,0.34514922,1.7415031,2.5692794,2
-0.87616163,0.01332286,1.8531555,-1.4450907,0.53295517,2
0.08245218,0.596416,-0.026334414,1.1009445,1.9985652,2
-0.681718,1.4415497,0.17972708,-0.18954968,0.15139508,1
-0.5402818,0.33070302,2.2839017,-1.455939,-0.25172794,1
-0.29912448,-0.3417366,0.1357634,-0.20594664,1.4746271,2
-0.24946438,-0.113454804,1.211331,-1.3319554,-0.54947567,2
-0.92427814,-0.6443355,-0.3496397,0.49706385,1.0620191,1
-0.55072266,-0.49856052,0.021429911,1.1303687,-1.1785185,2
-0.74153435,-0.80463886,-0.5231527,-0.11836699,1.54039,2
3.2483938,-0.804254,-0.6558232,-0.26620767,-0.18912885,1
0.88053834,0.4191908,-0.6482649,-0.1970011,-0.14754432,1
0.21847898,-0.35634422,1.3193614,-1.3617396,-0.9440002,2
0.6719953,1.2001559,0.9180762,-1.0969148,-0.39550257,2
-0.52657586,0.08642347,-0.50610435,-0.2214277,0.7283367,1
-0.6983794,0.060479924,-0.7079057,0.61554545,0.044264153,2
-0.37647238,0.3566929,0.9786085,0.56141865,-0.8960574,2
-0.6230021,-0.35742462,0.6593992,0.782938,2.531459,2
0.8076909,0.6299553,-0.06856221,-0.24179505,0.3931625,1
0.55976653,0.062002335,-0.02884515,0.43623924,2.21419,2
0.2584834,1.0066086,-0.7424716,-0.20262466,-0.29277825,1
-0.30890444,-0.83791536,0.70555663,0.7454726,-0.87940526,2
0.37408873,1.1046435,-1.3543266,-0.6027609,-0.02223096,1
-0.041626308,2.2895463,-1.560393,-0.2745723,-0.21572635,1
-0.62575567,-0.82697105,-0.6494999,-1.6099536,1.7263695,2
-0.420817,-0.038487654,-0.24509937,0.35046566,1.2137631,2
-0.18315019,1.7494001,1.1355021,-1.5562226,-0.7437553,1
-0.019888133,1.938832,-1.7976947,-0.7651304,-0.33695766,1
2.5600653,-1.3316,-0.7069164,-0.2508561,-0.19203667,1
1.9207526,-0.88229245,-0.95725924,-0.28340894,-0.35317627,1
-0.2654127,1.7226858,0.81481034,-1.0715781,-0.13153595,1
0.51449776,0.7418107,-1.5135789,-0.49742085,-0.4003213,1
-0.428075,-0.47421333,0.81646913,2.5307002,-1.435544,2
-0.6466567,-0.80422974,-0.48287216,1.6361207,0.13071056,2
-0.3954554,1.2026125,-1.5813367,-0.05358939,-0.54081476,1
-0.31990147,0.6565997,0.89475685,1.3258427,-0.55773276,2
-0.69810796,-0.42186826,0.81056905,1.9083645,-0.13413322,1
-0.5306493,-0.032917216,2.359835,-1.3875904,-0.17481425,1
2.007095,-0.43636566,-1.4166708,-0.3290529,-0.10613547,1
-1.1648338,-0.62630564,-0.19265965,1.3211129,-0.08526875,2
-0.73586786,-0.71971124,0.34224015,0.91220045,-0.9180424,2
-0.72086895,-0.09558795,1.0114093,0.26353765,-0.57305944,1
-0.097554445,2.3418114,-1.5121942,-0.6450856,-0.33942303,1
2.7362485,-1.0105128,-0.48187223,-0.5630208,0.099577144,1
-0.45610857,-0.2549662,2.163781,-1.4213592,-0.68258643,1
1.8055081,-0.9231945,-0.953855,-0.5254426,-0.51889884,1
-0.7793881,-0.7786066,-0.22275871,0.43197098,1.7710656,2
-0.7425802,-0.6030755,0.21506268,2.2128496,-2.0024076,2
1.3325449,-0.6635669,1.5024248,-1.3086727,-0.49075082,1
-0.022343904,0.09270617,1.151832,0.04282257,1.7945753,2
-0.18991823,1.8839002,-1.7449831,0.17840442,-0.2749275,1
-0.20357546,1.2838693,0.39622512,0.43171862,-0.58354753,2
-0.6102682,-0.09031488,1.6659355,-1.6374106,-0.43336734,1
-1.0397644,-0.5574094,0.4653168,0.9799991,1.2323674,2
-0.0510308,1.8591759,-0.21791203,-1.1793556,-0.32730785,1
2.860863,-1.0370783,-1.0141811,-0.5625528,0.058256596,1
0.7161923,-0.6678485,-1.4775987,-0.561941,-0.21177761,1
-0.123984694,1.2116675,-1.3418308,-0.6477215,0.048015557,1
-0.9591859,-1.7287563,-0.30992353,-1.6650907,-0.5481124,2
-0.46054852,-0.80142635,1.0612215,0.7450547,2.2734075,2
0.013016596,1.5208329,0.7951652,0.4868584,-0.6859493,2
-0.7729027,-0.465749,-0.06851071,1.3264185,-0.35682517,2
2.2154214,-0.7295153,-1.2487273,-0.65513664,-0.084073484,1
-0.4484058,-0.23951969,-0.29731703,1.6259291,-1.3035166,2
-0.5756006,-0.6850523,0.5007227,1.6721051,-1.10757,2
-0.41022754,-0.29181218,0.6721409,0.16518332,0.63897777,2
1.6772397,-0.33898154,-0.41159666,-0.4662037,-0.14979777,1
-0.9651015,-0.69110954,-0.30309528,-2.007248,-0.24350405,1
-0.6273218,-1.0469297,-0.2725446,-0.7318814,-0.802491,1
3.1935952,-0.37703133,-0.85080016,-0.30862546,-0.46594197,1
-0.7338862,-0.61554354,-0.5745992,2.0843532,2.7950263,2
0.99911356,1.31433,-1.441999,-0.69940734,0.66888267,1
-0.45854795,0.043578923,1.058668,0.3344693,1.5413927,2
-0.77994955,-0.3885954,0.11607449,-0.86456764,1.5186443,2
2.6162086,-1.2997441,-0.737374,-0.40913174,-0.17654821,1
-0.80012155,-0.10460998,1.7144247,-1.8340635,-0.2072686,1
-0.15744749,-0.5096297,1.0074761,0.640803,2.6847587,2
-0.20122379,-0.54164165,-0.09751682,1.797387,-0.8370916,2
-0.4842323,0.170489,1.6070035,-1.5444955,-0.19242427,1
-0.10415574,2.1925974,-1.3766636,-0.411518,-0.55264664,1
-0.54268247,-0.94900477,-0.28257513,0.03513144,-0.76773167,1
-0.31858385,-0.6184655,2.2057035,-1.8465718,0.6270377,2
3.394673,-0.7906648,-0.21706152,-0.74345094,-0.278402,1
0.24722627,0.1443919,1.4823303,0.368293,0.82492197,2
1.2058412,0.8117374,-1.150682,-0.3592741,-0.17475782,1
-1.162812,-1.2514488,-0.44289201,0.11014244,-1.7261791,1
0.38674438,1.2447551,0.6602716,-1.1891413,-0.5652683,2
-0.7484724,-0.5842003,-0.21798083,0.8845142,2.2440696,2
0.030182868,0.27613738,1.1966127,1.1005255,-0.97258127,2
0.7647196,0.03808467,-0.6269043,-0.33846998,-0.7728909,1
-0.5990188,0.66399974,1.2706733,1.0200526,-0.89986116,1
-0.52123874,0.0058998093,1.477085,-1.6632862,-0.04683636,1
1.1689588,0.95633,-1.2035618,-0.18682404,1.3559524,1
-0.27830243,-0.57757235,0.44577613,0.7084191,2.8880162,2
-0.0973821,1.292506,0.044394016,0.05419822,-0.9209701,1
-0.8103552,-0.4925878,0.87791634,0.5933577,-1.2598758,2
2.8335013,0.30182862,-1.0580324,0.030591574,-0.3877833,1
-0.25121093,1.379114,-1.5550684,-0.8772291,-0.092014074,1
3.1271362,0.22141695,-1.1382315,-0.520701,-0.110437006,1
-0.39304358,-0.58793616,0.18664563,1.0866187,-1.4062593,2
-0.63898706,-0.48402053,1.2779545,0.3861272,-0.7166478,1
-0.2671817,2.4263594,-1.6688856,0.5829946,-0.38597253,2
-0.2482666,-1.234508,1.6354614,0.70825815,0.85772866,2
-0.8281406,0.1953087,1.6351031,0.85997087,-0.89566725,1
0.4457251,2.2963674,-1.3959275,-0.9189441,0.24291107,1
-0.1452684,1.7710004,0.11006147,0.13237405,-0.09850009,1
-0.49335605,-0.91108155,0.9676165,0.53440106,-1.2114003,2
-0.77272034,0.012905091,1.6130204,-1.3190883,-0.27798933,2
-0.08042352,1.9153099,-0.4305051,0.37618476,0.74325687,2
0.16081567,0.29647243,0.8528909,0.2471169,1.3037373,2
-0.9472146,-1.2305443,-0.39367425,1.441022,1.8433545,1
-0.9059085,0.78535575,0.14559619,-0.05786831,-0.3965792,1
0.25936338,1.5847235,0.85267854,-1.1645286,-0.27487028,2
-0.4098959,-0.33061,-0.3240626,0.8031112,1.5586376,2
-0.351264,-0.7739717,-0.16644892,1.0088648,-0.20592012,2
-0.6046502,-0.69641566,-0.50419,0.95151556,1.1884568,2
0.06417704,-0.2983387,-0.09679526,0.32677865,-0.48166102,2
0.3519964,1.3639969,-0.51729363,-0.28490984,-0.3978805,1
0.66392493,-0.66882575,0.57866657,1.4498702,-0.9832657,2
-0.6651905,-0.39009666,-0.46427047,1.8285477,-1.9349003,2
-0.2664376,-0.9591056,1.0460877,0.6719524,2.6089969,2
-0.3582528,2.7696493,-1.2993634,-0.11943804,0.5251608,2
-0.14035422,0.97213435,0.16396347,-0.28573626,-0.5317082,1
-0.63497335,-0.96111447,-0.053090475,1.3506329,1.4515693,1
-0.29549417,3.2699254,-1.5746542,-0.1361861,-0.46553257,1
2.2283847,-1.138573,-0.8888308,-0.60551625,-0.30133104,1
1.7786851,1.6293184,-1.4625996,-0.8336473,-0.43292278,2
2.5064406,-1.2849075,-0.56960785,-0.28481656,-0.2817324,1
-0.52230597,-0.073539875,0.6671795,-1.1260728,-0.43024346,1
0.26986066,0.5840782,0.4157505,-1.4307806,1.5462983,2
-0.6979068,-0.058794565,1.6678646,-1.3144768,-1.0264437,2
-0.4337219,0.18325123,0.49337295,-0.08287378,-0.7791197,2
0.22047162,1.4600844,0.78235376,-0.08827057,-0.45737678,2
-0.6550592,-0.51247543,1.5318954,0.4280432,1.7888753,2
-0.77834404,-0.23265672,-0.017576821,-0.009240001,0.035052493,2
0.95495397,0.7792925,-0.38245255,0.03824973,0.3575355,1
-0.77170956,-0.1554389,1.0489889,1.263103,1.3028257,2
-0.7659773,-0.94917655,-0.261108,1.7898023,-1.1999705,2
1.5235766,-1.1061454,-1.0124291,-0.7129414,-0.08812802,1
-0.6728433,-0.26504967,-0.3788091,0.7353561,-0.18701617,2
-0.0068545043,2.5515845,-1.4461854,-0.8567983,-0.68163395,1
-0.3371748,-0.6148555,1.1179775,0.9783455,2.745008,2
0.62076205,1.1884727,-1.6094058,-0.4009215,-0.51678705,1
0.33786845,-0.6519907,-1.1856658,-0.48671496,0.34790176,1
-0.41451007,2.4072907,-1.5434015,-0.22274268,0.31388038,1
-0.73535585,-1.1527922,-0.65158504,-1.3010643,-0.49126738,1
-0.44385654,-0.90668666,-0.31928986,1.8326114,-1.4492476,2
-0.97698843,-1.0371454,-0.70942867,0.45721695,-0.17392291,2
-1.2240777,-1.9151559,-0.65319544,0.11337076,-0.28416038,1
1.00408,-0.33029833,1.8782713,-1.1756614,-0.5269436,2
-0.135437,2.2035036,-1.2911478,-0.25943556,-0.57387936,1
-0.2958965,0.068574935,0.059679233,1.6173146,-1.0427454,2
2.2689307,-1.3072517,-0.8980147,-0.39390612,-0.30663827,1
1.2220129,0.040811405,-0.35019046,-0.25586522,-0.42256123,1
-0.51015,-0.3380286,1.611038,-1.3157266,-0.6375127,2
-0.04839015,-0.8753214,0.7545568,0.8609094,1.3031011,2
-0.85863006,0.36566454,0.6050844,0.30598018,-0.9970454,1
-0.45266718,0.42050514,0.36868167,1.5766243,-0.36137933,2
-1.1071568,-1.0603235,-1.855713,-1.653994,-0.25120372,2
-0.11072264,1.6218072,-1.3070464,-0.51737285,-0.60366774,1
-0.391019,-0.22793558,0.8551828,0.8890073,-1.2858826,2
0.6445109,0.21514174,0.12409142,-0.12094003,0.13483872,2
-0.8163023,-1.3728391,-1.050444,-0.8656276,-1.292453,2
0.1666277,0.9101074,-1.2903771,-0.80444294,-0.4853196,1
-0.59838176,-0.27752757,1.509951,-1.5147713,-0.45274764,1
1.6110343,1.0449697,-1.1888688,-0.68924415,-0.13095908,1
-0.35438102,-0.6676288,2.349084,-1.1133022,0.3881142,2
-0.09979233,2.1801631,-1.6168506,0.11973858,0.41548598,1
-0.6194423,-0.10372198,-0.55594134,0.78301877,1.0226778,2
-0.57290137,-0.5563194,0.2702573,1.9482974,-1.5284656,2
-0.23737629,1.7159164,-1.5264351,0.25066105,1.3714539,1
0.22502658,0.62975216,-0.7138041,-0.53512305,-0.31357998,1
-0.56387997,0.6274249,1.2001972,-1.122528,-0.5114266,1
-0.544043,-0.31107426,1.3349807,0.9642003,-1.1293814,1
-0.24600714,-0.83244884,0.4347629,0.5941375,3.0528595,2
-0.32351464,0.049351513,0.64995927,0.582067,0.85727537,2
-0.7360994,-0.89657575,0.43784586,0.43510735,-0.1782799,2
-0.26916087,0.669304,0.59472364,0.1317485,-1.3263338,1
-0.38631797,0.9108004,-0.25157237,-0.43623692,-0.20521446,1
0.7136512,-0.8129344,2.2728274,-1.4680907,-0.51984996,2
0.20980969,2.1365273,-1.6595668,-0.7596221,-0.0002702251,1
-0.28017828,0.011423883,1.5602112,0.42047703,-0.5611191,2
-0.5986345,-0.6387773,0.05142147,1.2093716,-0.19643556,1
2.8231344,-0.7533551,-0.71018326,-0.9845915,-0.1952287,1
-0.22090533,-0.82554495,1.297859,0.8343636,0.9846622,2
-0.5048998,0.52429205,0.859362,0.28833598,0.36485192,1
0.16406775,0.16878182,1.0636731,0.39357123,1.0642486,2
-0.7012389,-1.0028934,0.08241892,1.6877974,1.1651863,2
-0.5437039,-0.5665256,-1.731317,1.9860419,-1.4272058,2
0.61880326,1.1225911,0.4543561,0.37621042,-0.614299,2
-0.99944305,-0.48791865,0.60155946,0.469388,2.018208,2
1.2539711,0.8122797,-1.1493278,-0.76432884,0.02418963,1
-0.7413808,0.052303985,0.57789433,-0.93467766,-0.1591806,1
1.7730597,-0.38115993,-1.0355294,-0.42910862,-0.50893474,1
-0.26724455,-0.15003899,0.69045985,-1.9950223,2.3711948,2
-0.83468074,-0.90473324,-0.75859433,0.7546369,2.801419,1
-0.287941,-0.6447668,-0.11120561,1.1936221,-1.5580662,2
2.9788263,-1.7397697,-0.8640584,-1.0201596,-0.06099695,1
-0.76553386,-0.24448735,0.16119236,0.14230496,-0.7031815,2
-0.3160771,0.19988358,-0.6251329,-0.14368418,-0.29041404,1
0.59696627,-0.10203788,-1.0462795,-0.9362373,-0.5030414,1
-0.26887167,1.0520205,0.16027933,0.05122681,-0.047225386,1
-0.42197323,1.0561612,-0.37839797,-0.2081891,-0.5016203,1
-0.72623056,-0.40823194,0.922177,0.55629593,-0.43244517,2
1.7972294,-0.68581593,-1.0038022,-0.6806189,-0.21550304,1
-0.50297624,1.2561846,-0.0069800466,0.0128477365,-0.9600686,1
-0.6701686,-0.66654384,-0.021274358,1.5980792,-1.1851352,1
-0.9056292,-0.8566453,-0.1975992,0.53929573,-0.13906492,2
-0.20752129,-0.27815646,1.85167,0.6103657,1.5336307,2
-0.37856925,-0.09726006,1.1847159,-1.7384775,2.2260659,2
-0.94311154,0.80708504,1.3559499,-1.2100799,0.017327681,1
-0.28784576,-0.2534001,1.6392372,0.72204614,1.2690868,2
-0.8260043,-0.9452245,1.1267619,0.5694116,-0.34460005,1
-0.53113025,-1.1938915,0.9514535,0.82474804,-1.4283698,2
-0.79854995,-0.70811844,-0.091333896,1.6627719,-0.1550979,2
-0.55133814,-0.2849663,0.9074164,0.7803311,-0.2804524,1
-0.36904788,2.561913,-1.9907522,-0.8442732,0.051436216,1
0.07368392,1.0365349,-0.17920089,0.19323193,0.79471153,2
-0.7240169,-1.0544083,-0.35898182,-1.1290191,-0.6117167,1
-0.7656681,-0.35161912,0.14085881,1.403721,-1.1096699,2
-0.38778508,1.234247,0.073993586,0.93502384,-0.7494724,2
-0.4131798,2.1733081,-1.7881347,1.6063213,-0.9320719,2
2.2439206,-1.1387755,-0.92386174,-0.7463368,-0.12799121,1
-0.83382183,-0.75190127,0.60060245,1.3600991,-0.9940211,2
1.7561911,0.27942842,-1.1788895,-0.19978419,-0.15234908,1
-0.71827483,-0.5815648,-0.24682117,0.83458257,1.7750293,2
-0.348704,-0.4150101,1.2941489,-1.2852933,0.5851434,2
-0.62419695,-0.5481721,1.2288328,1.2230246,1.6107413,2
-1.0257576,-1.2739798,-0.832318,-1.0372939,1.2844502,2
-0.62228906,-1.1658525,-0.44575202,-1.3517667,-1.4537468,1
-0.1590758,1.5780977,-1.5324342,-0.29579085,-0.48813197,1
-0.12967972,1.8168896,-0.23100778,-0.91395223,-0.36335602,1
1.8240247,0.5062032,-1.3302279,-0.60063696,0.2309934,1
-0.27650267,0.75836366,1.7692701,-1.5705265,-0.64491445,1
-0.4727068,-0.7429609,1.1260566,0.87580013,-0.4337646,1
0.32615823,1.3822942,-1.3726431,-0.8814745,0.6725661,1
-0.5954769,-0.6466563,0.3148263,-0.14877437,-0.18793891,2
-0.41150832,0.25192434,1.381791,-1.8760152,-0.56398714,1
-0.8818102,-0.7491989,-0.37427503,-1.6364872,-0.05558651,2
-0.4677617,0.09756028,0.6672223,-1.1590569,-0.78319335,1
-0.05006489,1.2244217,-0.14104111,0.4635455,1.2584991,2
-0.44779596,-0.6332656,0.48401433,1.2743416,-2.0830796,2
0.060341675,-0.84783137,1.1825085,-1.1904528,0.27905414,2
-0.8183601,-0.65887904,0.4328244,1.6804974,-1.323042,2
-0.5283035,1.0979497,0.2493958,-0.8872544,-0.42739034,2
0.66868865,-0.6821065,0.87651277,1.3325891,-0.82484394,2
0.44207615,0.109593704,0.42208296,0.9006166,-1.0971086,2
-0.05922364,2.4948514,-1.7042199,-0.09811701,0.4153081,1
-0.57255703,0.7392672,0.36338568,-1.2713621,-0.15433888,1
-0.9005934,-0.88572115,-0.3883118,1.336046,-0.20272484,2
-0.6496141,-0.49158433,0.1391441,1.0855241,0.7793871,2
0.7166734,1.2209971,-1.4813304,-0.14799654,0.49627632,1
-0.63198435,2.5839267,-1.4095957,-0.72544193,-0.61929965,1
-0.61762446,-0.6501022,0.9275691,0.30125108,0.8760481,2
-0.82000923,-0.41297197,1.663897,0.85320735,0.46483034,1
0.8909798,-0.10199338,0.3348613,1.0159357,0.69163394,1
-0.29043496,0.16707303,1.6888442,-1.2418847,-0.841774,2
-0.2621174,-1.1170963,0.17217648,1.8726494,-0.859501,1
-0.44866893,0.20178711,0.6344088,-0.8318617,-0.33514696,1
-0.28769204,0.4389879,-0.20419577,0.26043794,-0.943576,1
-0.24341826,-0.38452193,1.6723235,-1.1098987,0.5282993,1
-0.91345656,4.04885,-1.4959546,-0.7898085,-0.42358226,1
-0.79310805,-0.21065804,1.4242313,-1.9068263,-0.9299289,1
-0.55313903,0.39090836,0.280968,-1.3219204,-0.009659067,1
-0.88964266,-0.19969782,0.31971464,-0.9884242,1.2681295,2
2.3440242,-1.0732577,-1.0267754,-0.038107365,-0.5571978,1
-0.3144929,-1.0501645,0.8765601,0.7516554,-0.9317701,2
-0.6680788,-1.2033168,-0.47865254,1.0398538,2.5224876,1
1.9246871,-0.98985493,-0.50914466,-0.663686,-0.36690378,1
-0.8016091,0.20758158,1.0262289,-1.1853895,-0.26764327,1
-0.077537164,2.2830827,0.2007485,-1.0297233,-0.3204376,1
-0.38803968,-0.68550503,-0.029306024,0.61362255,0.9459126,2
1.4515264,1.4972992,-1.6288272,-0.77105695,-0.41431066,1
3.0427034,-1.5216342,-0.9570356,-0.35374624,-0.38893282,1
-0.5153533,-0.6635535,-0.51070297,0.86859566,1.719594,1
0.081261374,2.029771,-1.6073552,-0.88120306,1.5968292,1
0.4243892,0.5752732,1.0231607,0.4319458,0.96349764,2
2.7487214,-0.10431248,-0.748828,-0.090631604,0.6055984,1
-0.6706568,-0.6059017,-0.45419714,0.7712283,0.0038151592,2
0.16341612,-0.011938363,-0.16191934,-0.16734919,0.8577689,2
-0.18194869,0.009605736,0.72650254,0.41505542,-1.1046846,2
0.16216084,1.6556485,-1.2018578,-0.77526504,-0.35740608,1
-0.44131792,0.45491153,1.5045986,-1.3738956,-0.141267,1
0.3275916,1.2674477,0.32242957,0.58605826,1.0597961,2
-0.7458011,-0.20675758,-0.2359348,1.1858354,-1.2373894,2
-0.71217173,1.3563832,-0.07616165,-0.04967094,1.2598836,1
-0.42653736,0.55042106,0.09833198,-0.27408376,0.37862498,1
-0.577237,2.848032,-2.1587036,0.3120275,-0.19750918,1
-0.5895854,-0.60402423,0.5851266,1.5813488,-1.1063935,1
0.084165946,-0.4233914,1.4360142,1.4269192,-1.1780154,2
-0.18075004,-0.14616579,0.91067916,0.12430869,-0.44422802,1
-0.4847156,1.493737,-1.7023525,-0.90776277,-0.395909,1
-0.2388826,1.3191485,-0.24547008,0.18154724,-0.76886106,1
-0.2981821,0.62766844,0.5170291,0.16228905,-0.6711731,1
-0.76077425,-0.88060904,-0.043632112,0.74775875,2.0808911,2
-0.4234128,0.22671779,1.0878282,0.30842012,1.6063493,2
-0.4752161,1.098907,0.75033015,0.49639937,1.2689906,1
-1.1260418,-0.65441847,1.0590591,-1.3366584,-0.6086612,2
-1.1347646,-0.29732952,0.44793248,0.10078913,-0.42865342,2
-0.7234776,-0.4742395,0.58027637,1.0386502,2.8794496,2
-0.7294458,-0.6549327,-0.54494935,0.13145524,-0.5957015,2
0.8739689,0.6383381,-0.45748943,-0.93598497,-0.0013800561,1
1.1177377,1.452165,-1.6490221,-0.7246168,-0.25516677,1
0.7830037,0.11402956,-0.68347716,-0.33193636,0.1964029,1
0.14803767,0.62436545,1.0290631,0.17911097,1.7735116,2
2.9745224,-0.7072426,-0.82111377,-0.30262992,-0.27866894,1
-0.17978986,2.235876,0.19432536,-0.092759155,-0.24980034,1
-0.4600519,1.518996,-1.4560927,-0.9862529,-0.51898575,1
0.17373106,1.3524604,0.92567956,0.14634706,1.1725134,2
-0.58269364,-0.056578577,1.0269164,1.3376007,-0.39874315,2
-1.077283,-1.9084963,-1.4902893,0.80255914,1.5497006,1
3.228038,-1.8267273,-1.1377976,-0.88514525,-0.19362864,1
0.029817209,0.46581578,-1.4597896,-0.99876684,-0.42090365,1
-0.4964753,0.92908454,-1.4385864,-0.9609071,-0.35496408,1
2.4425635,-0.7762611,-0.6360848,-0.517236,-0.21428806,1
-0.54378396,0.46741655,0.27656692,0.06207463,-0.062414207,1
0.25545868,-0.58929795,0.31468385,1.0049257,0.4486955,2
-0.63301677,-0.9066445,-0.22755468,0.054127626,-0.28587198,2
-0.06661053,1.5691277,0.53606033,-1.0288547,-0.6229924,1
-0.02448304,1.1252781,0.22728027,0.020015158,-0.7805615,2
0.4493186,1.7758135,-1.3136004,-1.080624,-0.3201075,1
-0.052093986,-0.91421735,0.94572645,1.7973981,0.8034756,2
-0.47605807,-0.9754658,-0.39784008,1.030022,1.1602529,2
0.95580286,2.3645403,-0.02117949,-0.8620393,-0.37065122,1
-0.7965695,-0.2886631,1.2140212,0.4813258,-0.28103378,1
-0.4283661,-0.7527819,0.9395136,0.98254967,2.6561217,2
-0.21657278,1.4283996,-1.5169766,-0.25961754,1.446309,1
-0.11731276,-0.7518866,1.0982068,0.82194775,-1.647819,2
4.159739,-1.8976586,-0.31579518,-0.7850683,-0.11430743,1
0.9883485,-0.30718917,-1.2124586,-0.37969393,-0.40835935,1
-0.6614807,-0.92499125,-0.35654065,0.28921255,-0.6728644,2
-0.66406053,-0.62733907,0.23574527,-1.4947252,-0.34669632,2
-0.75892186,-0.5281389,0.110093184,1.838402,2.3489115,2
-0.99355537,-0.80892056,-0.41498402,0.5544319,-0.13076888,1
1.0519125,0.9500667,-1.2780325,-0.41145545,-0.45247105,1
2.6842015,-1.4801314,-0.79271215,-0.36475372,-0.5112312,1
-0.4983572,-0.8603228,1.2024698,0.52720654,-0.6241199,2
0.45136607,2.054543,-1.6414154,-1.1425822,1.3607203,1
-0.5353472,-0.6487419,-0.29288888,-0.8258533,0.028430104,2
0.43239853,0.2859161,-0.6847509,-0.2645527,0.31471515,1
-1.4027681,-0.65796036,0.26412916,-1.7309521,-1.5800332,2
0.2246741,-0.55824614,1.2093656,0.18864734,0.84236324,1
-0.30412465,1.1330192,-0.46713546,-0.22814941,-0.24696955,1
0.28191257,-0.8218545,2.3997169,-1.4791914,-0.60886145,2
2.7917843,-0.96818584,-1.7539715,0.27170062,-0.7093859,1
0.8346351,0.3663271,-0.44256097,-0.67015004,-0.30884534,1
0.15995392,1.5313749,-1.4263031,-1.0064548,-0.25015867,1
-0.6895834,-0.84560424,-0.4437034,-1.1252007,-0.23087414,1
-0.6267735,-0.5096915,0.34040058,-0.67606544,-0.26855814,2
2.344485,-0.7591577,-0.7682446,-0.37027693,-0.12568015,1
-0.70037717,-0.9537487,-0.042173386,2.3040814,-1.8801031,1
-0.35160208,-0.21338764,0.29645866,2.0211563,1.8068446,2
0.17156911,1.1389308,0.19420645,1.4872386,-0.8090724,2
0.0067754835,1.0168872,-1.7147981,-0.22199704,-0.3897251,1
-0.7275819,1.4324987,0.23099898,-0.9345311,-0.37724906,1
-0.6645232,-0.9197317,-0.6095885,1.0010629,1.0599647,2
-0.13715413,-0.42575788,0.58448464,-1.1462957,1.9853294,2
-0.980944,-0.7673046,0.18135998,-0.35299602,-0.0414927,2
0.61414766,1.1904051,0.73961836,-1.173624,-0.5255008,2
1.4905715,-0.37808385,-1.3352491,-0.5528158,-0.37009558,1
-0.63620865,2.7383451,-1.4437742,-0.16795662,1.0345085,1
-0.73041767,0.35433778,1.1945778,0.5840535,1.6130522,1
-0.83791095,-0.49862158,0.69333845,1.4577949,-1.3436489,1
-0.7983639,-0.3299831,0.8887564,0.15924628,-0.9071305,1
0.3293825,0.42497057,0.21926355,-0.2953174,0.12938578,2
-0.5599024,-0.8842334,-0.4758133,-1.5663401,0.05176325,1
0.68803465,2.0479522,-1.3865905,0.56469005,-0.8504058,1
2.2388399,-0.4471083,-0.5895826,-0.58558846,0.054551467,1
0.3343626,-0.084942095,-0.33639908,-0.024738178,-0.8318524,1
-0.38610008,0.30701345,1.2891532,-1.267759,-0.3331902,1
-0.53710765,-0.5989713,1.353966,-1.2109824,-1.4309922,2
-0.7645312,-0.46831137,0.006726064,1.4948252,-1.0471846,1
-0.68904436,-0.5039875,1.0133125,0.79641616,-1.066773,2
-0.91326666,-0.5469019,-0.40706474,0.5176594,-0.69980675,1
-0.62818164,-1.2136139,0.22193246,-1.3694464,-1.404836,2
0.17265414,0.17835826,-1.336898,-0.26136518,-0.5549346,1
-0.46740854,-0.81223124,1.2392415,0.5756578,-0.6424409,2
1.6582907,1.3532658,-1.2165074,-0.5162757,-0.17107925,1
0.07397569,-0.0059113353,0.50477517,-1.9851227,2.1685805,2
-0.17858125,1.6316228,-1.352043,-1.2501183,-0.40835887,1
-0.40645245,-1.0582994,-0.036767423,1.1864661,-1.9836525,2
-0.6807256,-0.739139,-0.7300103,0.48929554,2.0520747,2
-1.2219788,-2.1162536,-2.0395908,0.9801013,-1.1747952,1
-0.20497528,2.1989136,-1.6311668,0.511269,-0.94812274,1
-0.5863801,-0.193286,1.4638833,0.32481197,1.654745,2
0.705284,-0.16286393,1.802503,-1.3332177,-0.55628264,2
0.28958234,2.3651047,-1.5077088,-0.025376916,0.14257444,1
-0.88778937,-0.19352466,-0.33675557,1.854933,-1.7191582,2
-0.5618246,0.25935033,1.1727843,2.2288566,-0.08449723,2
-0.52941966,0.67062753,1.5580647,-1.4876944,-0.60915625,1
0.23091412,0.87603027,-0.5557355,0.18083587,-0.591609,2
1.5965459,-0.6157273,-1.1394482,-0.5096028,-0.10525437,1
0.099258594,0.58430314,-0.0013991101,-0.038845126,0.06917986,1
-0.049512915,1.5243193,0.11204164,0.04905732,-0.58839285,1
-0.36757827,0.63873416,0.77414733,0.98444045,-1.0122817,2
0.71964556,-0.24266227,-1.741036,-1.2566185,-1.0254449,1
-0.43373883,-0.9435654,-0.70053625,0.031484276,-0.10655667,2
-0.5642897,-0.011816159,1.5335542,-1.3371147,-0.64820826,1
-1.2387993,-1.0005244,0.46937874,0.23187986,0.28186035,1
-0.78743905,-0.5441127,-0.63474214,0.32279986,1.1516619,2
0.802201,1.2677767,-0.2509353,0.3776924,0.5183617,1
-0.5233303,-0.63984543,0.3502259,1.8594475,-1.9037228,1
-0.52845186,-0.6554625,-0.088881895,1.8906997,-1.2581347,2
0.0057910085,1.3847657,-1.4088666,-0.32024452,-0.03660904,1
-0.33634624,0.18096292,0.83210045,1.5971164,-1.2826169,2
0.06602162,1.7943517,0.32401308,0.14926018,0.1798017,2
-0.77277917,-0.7334717,-0.30759048,-0.922754,2.034216,2
3.2515771,-1.5004424,-1.2756315,-0.405674,-0.42562985,1
-0.11593047,-0.8540716,1.0407104,0.8442651,-0.59819525,2
0.045829087,-0.36395332,-1.4945065,-0.7533196,-0.32288074,1
-0.29034552,0.32496572,1.0991638,-1.1885225,-0.55103,2
-0.45639887,-0.2924248,1.5066385,1.2501414,-0.16985196,1
-0.79763865,-0.824752,-0.5858871,-1.6361673,2.1809936,1
0.1226579,0.86545944,0.14907634,0.92842513,-0.7792995,1
-0.044998616,0.39115417,-1.0408854,-0.9539696,-0.17196535,1
-0.4322514,-0.91187197,0.7287743,0.67095315,-1.55707,2
-0.18644592,0.82187474,1.5986881,0.2308414,-0.38681328,2
-0.6130936,-0.872219,-0.056695253,1.0555917,-0.12148987,2
-0.6020856,-0.6395042,-0.2198123,0.28391767,-0.0007626116,2
-0.9936003,-0.70511556,0.6409827,0.48660985,-0.29847348,2
-0.77837044,-0.8341095,-0.34498784,0.6313298,1.4331447,2
1.4412282,0.42880672,-1.1082273,-0.69901836,0.16190024,1
-0.4830552,-0.46738982,-0.07746113,2.10449,0.227865,2
-0.7684865,-0.039980486,0.9987401,0.43123814,1.947832,2
-0.571297,-0.4763294,-0.10395738,1.504231,0.028468117,2
-0.40146494,1.7957308,-1.5406256,-0.28131106,2.0158315,1
-1.1454185,-1.2703521,-0.0016275495,-0.19666867,-1.0308822,2
-0.60554296,-0.052283496,0.36835098,1.7515807,-0.18912777,2
-0.7451745,-0.43846083,1.2959516,-0.91501987,-0.58316815,1
-0.70247936,-1.0569409,-0.42562467,-0.3831783,-0.98707324,2
0.92783004,1.8035396,-0.11994893,0.35329768,-0.6958401,2
-0.15964705,-0.11999668,1.0093011,-1.5293556,-0.41974992,2
-0.66268593,-0.525449,0.21987432,-0.4176061,1.989004,2
-0.76052856,-0.44671106,-0.32801408,0.19347729,0.056514055,2
-0.4450914,1.0345446,0.6759612,-0.22093756,-0.5616911,1
0.24029595,1.9258626,-1.7492458,0.38099408,-0.4890548,1
-1.0340899,-1.38322,-0.0042042546,-1.144732,-0.8366465,2
-0.27789256,0.17416455,0.9249296,0.3886245,0.9246475,2
1.5204233,-0.7738206,-1.0945964,-0.70876276,0.17655152,1
1.3345149,-0.12741728,-1.3608906,-0.6219803,-0.3000991,1
-0.6990707,-0.56529224,0.947448,0.55265033,-0.8518093,2
0.47781444,1.3664553,0.28115052,0.2692537,-0.26340073,1
0.454492,-0.8469826,0.6247952,1.0168016,1.9642493,2
-0.7303133,0.24929084,0.45077077,-1.0241011,-0.3479652,1
-0.5250387,-0.77724046,0.07690018,0.41813982,-0.2845065,2
-0.53064394,-0.7320213,0.29634425,1.9797039,2.1907768,2
-0.25714174,-1.0525401,-0.24175881,1.9674176,-0.987768,2
0.09311801,0.1448467,1.400869,0.73131955,-1.1574103,2
-0.6341156,-0.40440926,0.0249803,0.55628866,-0.19999634,2
-0.44371718,0.21697405,-0.032554775,0.0526693,0.49922156,1
-0.6090155,-0.2455793,-0.39462525,1.4332778,-1.6030416,2
-0.5388942,-0.9703679,0.9346376,0.53722566,-0.8611193,2
3.530655,-1.8080845,-0.2552576,-0.08217442,-0.2693687,1
-0.36907822,-0.43843785,0.45929825,1.5866326,-1.0770527,1
-0.35787666,-0.3969291,0.30730775,1.7125859,0.10007097,2
-0.0033357143,1.5637445,-1.4568737,-0.020798579,0.16089164,1
0.47968197,1.6996372,0.09928638,-0.24099171,0.45192254,2
1.9865359,-0.30302382,-0.8889966,-0.6359414,0.121679805,1
-0.74785435,-0.80366766,0.31111723,1.2283251,-0.19926214,1
-0.5435662,-0.8059397,0.604557,0.13446231,0.72154355,2
-0.2207871,2.3078425,-0.17042175,-1.4426823,-0.7289049,1
-0.005722843,1.0758535,-1.3628682,-0.7520807,-0.30014798,1
-0.25273606,0.3487111,1.0375457,0.96323377,-0.9956355,2
-0.30814636,-0.3599382,0.11987525,1.554461,-1.6998882,2
-0.090934575,2.1977332,-1.5257757,0.7477245,-0.6783728,1
-0.38108772,-0.41300076,-0.31364205,2.3384824,-1.3051145,2
-0.37989196,-0.2253567,1.1721032,-1.2831714,-1.3217847,2
-0.9819031,-0.9130235,-0.3212112,1.6217582,1.9324142,2
0.36145538,-0.09004321,0.20383498,0.5793315,-0.5772355,2
1.9298185,-0.7039881,-1.2853463,-0.342874,-0.16038978,1
0.17913884,2.3197162,-1.3789585,-0.67673147,0.10472901,1
0.08999835,0.8612762,0.65503436,0.28786424,0.7743247,2
1.605128,0.8746835,0.06387079,-1.0491738,0.14634869,1
-0.32328016,2.0854306,-1.5114999,-0.62997764,-0.13672003,1
-0.9313197,0.92417806,-0.25933978,0.18023442,-0.41827047,1
-0.37053293,-0.8677936,-0.03718923,0.5987296,-0.2852656,2
-0.43539453,-0.094627395,0.9411275,2.402379,-1.1178744,2
-0.32739055,-0.37608245,0.41148257,0.36164892,0.6851928,2
0.61819154,1.8193458,-1.4094967,-0.5797838,0.9961016,1
-0.8193422,-0.79926187,-0.31526887,0.007616494,2.016928,2
-0.38360423,-0.061175868,1.2421911,-1.1540017,-0.680031,2
-0.26042986,-0.5096617,-0.13915068,0.8151712,1.3567805,2
-0.45519122,-0.73842776,-0.656301,0.12616818,-0.15290344,1
-0.35605276,-0.6007697,-0.075877786,2.134307,-0.019410476,2
-0.5976567,-0.5350483,-0.068211704,0.25836003,1.1532346,2
-1.7416415,-2.476533,0.1833997,-1.1694353,-1.04642,2
-0.5686599,-0.586552,0.3549497,1.5092555,-0.8967398,1
-0.11804214,1.2596451,-1.3525698,-0.82540244,0.0070816725,1
-0.16645595,-0.42498624,0.099616796,2.2013388,-1.5919125,2
-0.4692876,-0.39494592,-0.12715569,-0.06718171,0.6949778,1
-0.40425497,0.54757226,1.6701642,-1.4165971,-0.13672909,1
-0.0721461,0.22739185,-1.1866627,-0.3861061,-0.27176166,1
-0.24814086,-0.20422639,1.9451025,-1.4745492,-0.4641414,1
0.36653173,-1.2533423,1.6414659,-1.4191545,-0.94262457,2
-0.29097366,-0.7508579,-0.5136433,1.4036547,-1.6206536,2
-0.7032823,0.37461463,-0.6241333,0.532442,1.2209175,2
-0.7996352,-0.6224127,0.5234784,0.20334491,0.06815572,2
-0.54307735,-0.5343106,0.7419893,1.3689675,-1.4642677,2
-0.38646108,-0.6302608,0.9685428,0.49650297,-0.7685326,2
-0.5751659,-1.0803728,-0.42891252,-1.8334092,3.1019037,2
-0.40599287,-0.3896208,0.19462912,1.3777552,-1.5978667,2
-0.42799455,-0.015922822,0.26956996,0.93006253,-1.2378123,2
-0.04303021,2.204111,-1.5487927,-0.36880797,-0.73766863,1
-0.6492824,-0.4298499,1.5534749,1.5460534,-0.24471553,1
-0.642643,-1.0581247,-0.58081686,0.005355634,-0.21966861,2
-0.6740143,-0.6975407,0.52394027,-0.063153856,-0.13107611,2
1.3660994,0.8642447,-1.3969321,-0.6517043,-0.19072875,1
-0.26824588,-1.345547,1.0840966,0.47200847,-0.9694651,2
-0.22806302,-0.14323235,0.53945196,0.32158318,2.6956882,2
-0.5219754,-0.780452,1.3402151,0.4605105,0.23298661,2
0.7367978,-0.95276535,0.9835295,0.4795649,-0.72619057,2
-0.6046013,1.0429978,-0.3460345,-0.19577181,-0.3691526,1
-0.8358843,0.39522693,0.78330195,-0.03466004,-0.78351897,1
-0.06578383,0.067316495,0.69266987,-0.9857696,-0.5239376,2
1.0390044,0.15636042,-0.44175994,1.046427,-0.58229715,1
-0.032204106,1.6994997,0.20028926,-0.22587745,0.73672825,2
-0.24147967,-0.33990806,0.6312346,1.6482716,-0.5481145,2
-0.6538927,0.26870337,1.0110064,-1.5631542,-0.5481743,1
-0.7607186,-0.876781,-1.3625754,0.02323082,-1.5680512,2
-1.0175904,-0.8979534,0.2631774,1.9840131,-1.6926452,2
-0.7179741,-0.836622,-0.1178218,-1.1898979,2.1368513,2
0.20916629,1.4813128,-1.1066618,-0.48892826,0.25962603,1
-0.088655636,-0.76570904,1.1407744,-1.2580463,0.58388627,2
-0.37330323,0.31913882,1.619008,-1.498238,-0.2178576,2
-0.23666768,1.2763084,0.33792865,-0.098656654,-0.9448823,2
-0.03232555,-0.8188076,1.0454712,2.0170462,-0.23967408,2
-0.34206554,-0.08908639,-0.46673197,-0.049867973,0.5747069,1
-1.0756302,-0.6429642,-0.121719465,1.7570528,-1.7996631,1
-0.5513705,-0.90903246,-0.3156565,0.3268,-0.24543121,2
1.1869473,0.22280169,-1.4898123,-0.7481428,0.3555454,1
-0.74432445,-0.6131082,0.25897947,-0.7824549,1.8254477,2
-0.6685853,1.8402216,-1.3756545,-0.3776405,-0.3436732,1
-0.98188835,-2.0513797,0.33429033,-1.8031303,-0.11817363,1
3.454995,-0.58924365,-0.9658481,0.66407275,-0.48094583,1
1.7936387,0.015257426,-0.32217264,-0.30952725,-0.60659754,1
0.46404985,0.6124966,-1.2661116,-0.41646448,-0.18716954,1
0.28567773,-0.41545686,1.6155936,0.8930218,1.6108744,2
-0.58353245,-0.3688811,1.3015268,0.5525655,0.41605675,1
-0.49590814,0.00072711706,0.7346094,0.10337746,-1.114316,2
3.1650949,-1.5974677,-0.7473164,-0.5790222,-0.19559848,1
0.16506368,-0.40579742,0.06479439,1.1320529,0.7311785,2
0.0507285,-0.28619128,0.60215527,-0.994455,0.54779816,2
3.4688935,-1.8826501,-0.74563676,-0.557591,-0.105514705,1
-0.03997992,-0.80058724,1.0727443,0.786356,2.1024528,2
-0.15484576,1.3074837,0.49591896,-0.09180809,-0.47533616,2
-0.74440145,-0.2323638,-0.04825127,1.4302638,-0.17939149,2
-1.3390253,1.7442836,0.002737563,-0.10826123,-0.24753278,1
1.7271286,0.24495262,-0.44034538,-0.1265152,-0.46012408,1
0.5262554,1.8542161,-1.4656935,-0.7773928,-0.25842312,1
-0.33303988,0.16257223,0.54054666,2.4947596,-1.0678153,2
-0.6032094,-1.1664591,1.1090413,1.0571837,2.2231944,2
-0.16899693,-0.7663394,0.8602717,0.10229843,0.68444705,2
0.11925882,2.0098155,-0.0319274,-0.24435769,-0.50419974,1
0.3757028,0.49286196,-1.7068717,-1.1987761,-0.45668095,1
-1.078108,-0.5741204,-0.046058603,-0.6855598,2.2844884,2
-0.059116438,2.10127,-0.49040514,0.45091233,0.7446283,2
0.46130127,2.1351664,-1.4763383,-0.9401328,-0.18707186,1
-0.29347917,0.47063676,1.532246,-1.4568354,-0.55942845,1
-0.82526726,-0.86613744,-0.55537677,-0.009441733,-0.11622186,2
-0.008992672,-0.2766801,0.19847798,2.1038697,-1.057523,2
0.39197433,1.1846702,0.4560423,-1.143115,-0.108229965,2
0.7417748,0.35381573,0.599285,-1.2340369,-0.46805713,2
-0.29786664,-0.6531693,0.8687198,0.7588025,-1.0363916,2
-0.2935671,-0.27379555,0.8358027,-0.9635788,1.3136847,2
-0.7582155,0.53571534,1.1343443,0.60379004,0.8354979,1
-0.67009753,-0.97790045,-0.5317588,1.5855328,2.252353,2
0.97407126,0.78851926,0.05886183,0.27321944,1.900959,2
-0.6846877,-0.56790304,0.43037403,1.327753,-1.1358498,2
0.30108622,0.55632704,0.7366165,1.1044774,-0.9862954,2
-0.98048747,-0.85148036,-0.4906959,0.81131625,1.8819708,1
2.7718952,-0.59087735,-1.0502175,-0.71542084,-0.34197325,1
-0.47130138,-0.638957,2.0229704,0.2627823,0.5417175,2
-0.5951944,-0.15492457,1.3139637,0.87100756,1.403349,2
-0.7093522,-0.7402703,-0.44761193,0.6521932,-1.1488359,2
-0.5882132,-0.55729437,0.43868393,2.0960107,-0.46947193,1
-0.30945072,1.7293917,-0.021551654,-0.04732345,-0.3824336,1
0.07889047,1.1196041,-0.16639209,-1.091147,-0.49318516,2
-1.3023856,-0.8631515,0.34355468,1.5357909,-1.6964977,2
-0.325465,2.5141048,-1.6406049,0.54445606,-0.31451502,1
-0.64918184,-0.27011925,0.111173615,0.9690967,0.016983971,2
-1.2685918,-0.33514333,0.65911174,0.7671303,-1.2003579,2
-0.15916751,-0.3072586,1.1653903,-1.4203112,-0.4338275,2
-0.7686291,-0.85531026,-0.122127876,1.6829193,-1.5671748,1
-0.14226523,0.19446597,0.5326306,0.7858766,-0.83665377,2
-0.42509484,-0.01137796,0.09533316,1.5812993,-1.1898181,2
-0.0051808357,0.46411836,1.3415568,0.13002193,-0.19150057,2
0.039012745,-0.2960852,1.6674223,-1.0925449,0.5674208,1
-0.22645715,1.4212308,-1.530188,-0.67689526,-0.27767524,1
-0.59209585,1.1240593,-1.470551,-0.83437777,-0.08844441,1
1.3530024,0.19149143,-0.27167374,-0.06282908,-0.539505,1
-0.5054446,-0.54346937,0.7238153,2.067827,-0.16801071,1
0.35107416,-0.13194223,0.821012,0.23652665,-0.6119008,2
-0.24725851,1.202741,-1.8845812,-0.8484366,-0.015155045,1
-0.61136866,-0.12050217,1.9281751,-1.0279464,-0.09571724,1
-0.28277153,-0.57715285,1.1689773,-1.3070302,-0.00043031573,2
0.630871,1.9931828,0.195784,-0.2660562,0.124377444,2
0.49252677,0.4240485,-1.3027534,-0.8398904,-0.2967054,1
-0.25274163,1.1844958,0.47000352,0.35492265,1.6557941,2
-0.11232156,1.385664,-0.0059187775,-1.1098306,-0.1614667,1
-0.1411973,2.5072207,-1.3851516,-0.19857714,1.3693634,1
-1.099788,-0.6967368,-0.28358704,1.3742284,-1.5527654,2
0.86286813,0.68200314,0.95480824,-1.2125237,-0.5448459,2
-0.5207874,0.0054687113,1.953561,-1.6168698,-1.1984848,1
-0.6417003,1.1372852,0.45490235,0.10394974,-0.3803374,1
-0.61501276,-0.710996,1.7539736,0.4170149,0.85396546,2
-0.81816816,-1.2997179,0.7069594,1.1185561,3.2889936,2
0.8838236,1.3026857,-1.6866374,-0.13170333,0.34317932,1
-0.23383164,-0.6236693,0.99967396,0.45808443,2.6682396,2
0.3086673,0.35506648,-1.3773898,-0.881539,-0.10463351,1
-0.16125399,-0.418384,1.6550347,-1.0632254,-0.893927,1
3.0926878,-0.6975363,-0.5195271,-0.73874027,-0.014253922,1
-0.8371742,-0.41895026,1.1148708,0.45280907,0.8224634,2
0.10533181,0.8045747,-1.5067984,-0.8312676,-0.76136005,1
-0.45444375,-0.29454473,-0.2448045,0.38866687,1.9558796,2
-0.07519771,1.3368776,-1.3060865,-0.69272494,-0.3018451,1
-0.078843206,-0.39041823,1.4768938,1.6144018,-0.8687208,2
-0.23416448,0.5307224,1.3237262,0.21377489,-0.5193424,2
-0.4557954,2.3967495,-1.9467173,0.5765648,-0.7582494,1
-0.2269992,2.349024,-1.6490979,-0.8476842,-0.09149593,1
-0.58026266,-0.76733404,-0.7020855,1.0852652,1.2969368,2
-0.26089376,1.6432607,-1.4667062,-0.3099696,0.035161696,1
-0.74450505,-0.605809,0.90400815,0.55303323,0.11108042,2
-0.7567489,-1.3570406,-0.4718291,-0.027209476,-1.6518648,1
0.0048899427,1.9792787,-0.16206366,0.4240537,-0.68487483,2
-0.0807648,0.53247225,-1.6966602,-0.78095895,-0.16481084,1
-0.69356203,-0.62169695,-0.4757917,-0.010477096,-0.19612153,2
1.808818,-0.29191712,-1.3610399,-0.33226216,-0.66137373,1
-1.8533498,-2.516788,-2.0865614,-1.7185719,-0.78070223,2
0.091786794,-0.49631107,0.5087379,1.7927021,-1.5247153,2
-0.53680503,2.1385343,-1.7720218,-0.31576976,-0.66200334,1
-0.9828203,-0.099754,1.8125129,-1.4812826,-1.3625884,2
-0.34635052,0.7894667,0.39836258,-1.0995214,-0.75101703,1
-0.60553354,-0.7694091,0.64751905,-0.19184873,2.0655298,2
-0.61555934,-0.65441376,1.0594668,-1.5601497,1.8854765,2
-0.6126048,-0.64622194,0.8939245,0.73285925,-0.97808796,2
0.5446514,1.3102337,-1.6347446,-0.38512242,-0.1479678,1
-0.92122704,-0.61998737,1.3528309,-2.0918925,-1.2622536,1
0.9456147,1.1221131,0.14812285,0.358641,-0.18798459,2
0.5131543,1.9364215,-1.4875449,-1.1300466,-0.0063620657,1
1.0511795,0.74929005,-0.2604134,-0.15418743,-0.28703228,1
-0.062543996,-0.4781881,1.0287591,0.37442833,0.5025459,1
-0.8058671,0.046326533,1.8050928,-1.3005104,-0.87745917,1
-0.80975175,-1.0218834,-0.6210152,1.4916649,-1.8855855,1
-0.95808494,-0.95091873,-1.7442644,-2.2074928,-0.25766677,2
1.0362053,-0.66367203,0.8509816,0.29680622,0.81976265,2
-0.58412856,0.3593668,-0.38318935,0.5657659,0.66139114,2
-0.17631215,1.1646098,0.8076827,-1.0376351,-0.32859898,1
-0.9497466,-0.70668525,0.17281818,0.38125247,-1.0553197,2
0.3707472,0.80484664,-1.022023,-0.11913009,-0.7749466,1
-0.75085706,-1.1586436,-0.8827434,-0.22623114,-0.24015787,1
-0.4224864,0.039306995,1.3216771,0.45368466,1.5707586,2
-0.5955814,-0.69737303,1.8730052,0.28305143,0.51153463,1
0.36828515,1.4945371,-1.3951108,-1.027137,-0.47623748,1
-0.81052995,-1.0087336,-0.7506382,0.75483125,2.7928376,1
-1.0079947,-0.7183716,0.6111862,0.7139754,0.5310765,2
-0.8918836,-0.44263852,0.13978073,1.7991887,-0.13781008,2
0.45658138,-0.37253004,-0.05622165,0.19944721,0.32238865,2
2.296607,-1.013289,-0.745252,-0.56842005,-0.543638,1
-0.12601417,1.9707136,-1.2196803,-0.6676656,-0.31054664,1
0.11175105,0.18320042,0.4866524,-1.4661441,1.774663,2
0.023716517,0.18001002,0.015057623,-0.43632704,1.3230884,2
-0.44622314,-0.15484938,0.7158608,-0.9750574,1.5375217,2
0.7275163,1.4323951,1.0028701,-0.90951335,-0.66294384,2
0.6936749,0.7757772,-1.4248985,-0.8599947,-0.49528822,1
-0.2560463,1.0631061,-0.41572237,-0.13822448,0.19554397,1
-0.4312893,-0.13604778,1.681163,0.8721303,1.6087805,2
-0.6822071,0.47205925,-0.24296096,-0.10750137,-0.7189981,1
-0.007519096,0.5744602,0.48169062,0.22325061,-0.89842445,1
-0.63871384,-0.30589935,0.48678508,0.653902,0.31696087,2
1.2557589,0.46754068,-1.2263641,-0.544557,-0.09120474,1
-0.6888695,-1.0934136,-0.9934314,0.04580205,-1.0713673,2
-0.6612219,-0.14392503,0.9664673,-1.092689,-0.59066725,1
-0.9012062,-0.68471944,0.06767662,0.44000602,-0.26067933,2
-0.53244126,-0.5631894,0.7561545,0.77473825,-1.0165999,2
0.7761302,0.9728846,-1.4501119,-0.62338305,-0.15597275,1
-0.6635525,-0.75377834,-0.21496065,1.6299334,-2.0525718,2
-0.34460217,1.23598,0.7501335,0.09824492,-0.4036337,1
-0.036582857,1.7594131,0.28004894,0.46611577,-0.67963505,1
-0.43201017,0.16272259,0.9818448,-1.3437381,-0.4521838,1
-0.40710062,0.8324778,-0.11482307,-0.17995852,-0.6512163,1
-1.189776,-1.5139809,-1.3208195,1.0535709,-1.376882,2
0.87858176,0.6361188,-0.25391832,-0.080695435,-0.117621705,2
-0.23530884,-0.8118125,1.1217611,0.31350356,-0.7582828,2
-0.14171684,-0.8587504,1.1683438,1.0396433,1.9155343,2
-0.72684765,-0.38632858,1.3887097,-1.2029212,-1.1284355,1
-0.83760667,-0.81894296,-2.257414,1.1522281,-1.0927091,1
1.4661934,0.5802011,-1.4692377,-0.68452114,-0.027327806,1
-0.67233557,-0.9296868,-0.7037868,0.15621716,0.7278777,1
-0.27717793,-0.8981039,1.3684796,0.58410084,-1.0091534,2
-1.0491843,-1.1862893,-0.29428244,2.167652,-0.21338984,1
-0.45021957,2.3081138,-1.6740806,0.51884854,-0.667964,1
0.7647493,-0.4304364,-0.8994039,-0.93318856,-0.22395259,1
-0.7747518,-0.9755286,0.004403509,1.6365246,-0.030294329,2
-0.945088,-1.324269,-0.93876314,0.07716041,1.0624912,2
-0.33708835,0.21634583,0.68901557,0.32171535,-1.0847397,2
-0.1910182,2.231625,-1.5566068,-0.6619278,-0.37477177,1
-0.59339094,-0.1593409,1.513886,-1.3338696,-0.4840172,1
0.35081795,1.3744628,-1.5697378,-0.7961976,1.0602847,1
1.3157226,0.46203732,-0.00870882,-0.06305207,1.3607683,1
-0.9198874,0.18711628,1.6665585,-1.2745473,-0.09181338,1
1.2628313,0.6287255,-1.4701868,-0.70996666,1.4383286,1
-0.77418214,-0.31265977,-0.6133646,0.35428953,-0.21362509,2
0.20555207,1.2867719,-1.3461845,-0.7749512,-0.3159209,1
-0.7887242,-1.9985982,0.68646646,-1.426578,-0.006176546,1
-0.4424995,-0.32322213,1.0341762,0.43401843,2.3611221,2
0.34166873,1.2192848,0.8724227,-1.3602269,-0.4582896,2
-0.96378624,-0.26407704,1.0633153,-1.5391753,-1.2775469,1
1.7545792,0.23240556,-1.1504434,-0.61016965,0.19847995,1
1.4314971,-0.38898772,-0.6560943,-0.2007245,-0.47447783,1
2.23684,0.103108086,-0.43012977,-0.03952968,-0.625364,1
1.0297371,-0.5142284,-0.83659375,-0.43117842,-0.13948451,1
-0.6806662,-0.63553095,1.1502703,0.4759535,-0.87160146,1
0.3896593,-0.7812977,0.98179483,0.30376706,0.48889995,2
0.622414,-0.36142015,1.0600919,1.1207318,-0.8747662,2
-0.37789237,-0.5166477,0.5094409,1.1560514,-0.91729003,2
0.030677147,0.33321178,0.038296733,0.03205973,0.14335024,1
1.0019407,0.91519624,0.93958104,0.32358107,-0.23494735,2
0.057155296,2.2197766,-1.5619613,-0.8783666,-0.07375941,1
-0.87181413,-0.5085124,-0.7743396,-0.18221873,1.4470026,2
-0.8979008,0.23858243,2.3616793,-1.108027,-0.7559913,1
-1.0518382,-0.73665255,-0.65946454,1.6642835,0.077276096,2
-0.38717198,2.2440221,-1.6775864,-0.94958705,-0.308524,1
-0.525097,-0.43700105,0.7234625,0.8848082,-1.4093447,2
-0.37068754,1.0062609,1.3774773,-1.6146383,-0.4575858,1
0.12626684,0.1964003,-0.092343494,-1.3116692,-1.3206565,2
-0.6459693,-0.06337093,0.00392095,0.14053255,-0.26196173,2
-0.43484485,-0.16979992,1.2533396,0.95423394,2.711501,2
-0.89568114,-1.265483,-0.4676399,0.70450747,2.753315,2
-0.69862694,-1.0571547,-0.42658737,0.039240837,-0.07696679,2
0.12932897,0.4672839,0.5434606,0.14032857,0.72735775,2
2.502841,-0.67496926,-0.68864405,-0.66013646,-0.18413377,1
-0.73898745,-0.9301406,-2.6578808,1.1087801,-0.21302359,1
0.2188959,-0.99966997,0.8279765,0.6878934,0.97674036,2
-0.3378722,0.058943912,1.3784375,0.7934703,-1.3785341,2
3.2377298,-1.8898087,-0.73176587,-0.8711313,-0.4287182,1
-1.1050736,-0.7711513,-0.10131219,1.6037481,0.99735516,2
-0.53261834,0.89178777,-1.3995928,-1.1345077,0.6498476,2
-0.6144776,-0.9370185,-0.26990893,2.152598,-0.35579628,1
0.13835292,2.1097388,-0.06378547,-1.0656555,-0.6998184,1
-0.14987922,0.15078706,1.3656638,0.18087067,1.2075454,2
0.100731686,-0.27357414,1.3922975,1.3639016,-1.6490993,2
-0.36450508,-0.20537117,-0.5901462,1.2173474,-1.5344017,2
-0.6894889,-0.93501633,-0.65279067,0.9716265,0.18436639,2
1.3534217,0.65590405,-1.4584212,-1.0439272,1.5452772,1
-0.3112593,-0.41378954,0.5134267,-1.6512192,-1.3864672,2
-0.2329676,0.5165274,1.068346,0.22201873,1.8346455,2
0.40826446,1.5532343,-1.6029954,-0.7386971,0.29108828,1
-0.55247647,0.8844942,-0.124392,-0.23769903,-0.06478852,1
0.13376164,0.2544288,-1.4968218,-0.521025,-0.47974887,1
-0.32726586,-0.12325041,2.045575,1.2538522,-0.84834796,1
0.00070943683,1.1502404,0.17533429,-0.13215153,-0.37554687,1
-1.1190208,-2.8408523,-1.5800008,-0.74516356,-0.6342988,1
1.5997318,0.75414705,-0.46476996,-0.7830559,-0.21704914,1
-0.258271,-0.47340208,-0.87695456,0.96329594,-1.0716,2
-0.19408298,0.09968361,1.5341725,-1.3320625,-0.55201286,1
0.10568077,1.1706294,-1.5146248,-0.29448146,-0.08751783,1
-0.66397756,-0.6393711,0.13878298,-0.087810785,0.5855825,1
0.5953486,-0.17875625,-1.3240582,-0.6230125,-0.48961854,1
-0.80369985,-0.9269824,-0.6284219,0.25166887,0.78562963,2
-0.91981286,-0.6887719,-0.0037659407,1.844974,-1.5429642,2
-0.52658296,0.20024054,0.40926075,0.7878958,-1.3165463,2
0.072424844,0.9422715,-0.24697015,-0.44935343,-0.3833352,1
1.194838,1.6440074,-1.1150202,-0.98171103,-0.2199794,1
0.15691495,1.3336873,-1.750524,-0.731259,-0.08163439,1
-0.6461601,0.50895953,0.68197787,1.7549043,-1.1047958,1
-0.82713836,-0.77132016,-0.46030825,0.36968613,-0.217037,2
-0.6188078,-0.47698343,-0.33527738,-0.34327805,1.024667,2
-0.79971063,-0.68369055,0.14735712,0.32609916,-0.39124784,2
2.6639462,-0.8531203,-0.892205,-0.40770245,-0.07062441,1
0.591596,-0.7267168,0.9149393,1.1065,-1.0560693,2
0.7160948,-0.6389067,0.7959169,0.111359745,-0.54121333,2
-0.63914824,-0.8782691,0.37508065,1.681301,-0.18027812,1
0.57930344,1.707616,-1.2773553,-0.6677936,0.9959422,1
-0.26790124,-0.10280263,1.0451481,-1.0779682,-0.5348564,1
-0.42050996,0.07402356,-0.3934926,1.6620305,-1.4399093,2
-0.29079637,0.6212833,0.5180688,-0.87666875,0.15834309,1
-0.11749759,1.921149,0.48077527,-0.10643468,-0.6518399,1
1.1777375,0.5542947,-0.31394458,-0.7873159,0.0587914,1
0.44686967,-0.8176236,1.0611216,0.22423306,-0.3595497,2
0.8044971,0.2071693,-0.23529713,-0.9946643,-0.46827444,1
-0.6334582,-0.9464015,-0.7254176,0.5665761,-0.3545512,1
-0.2373483,1.4738625,0.57013506,-0.91682655,-0.19491841,1
-0.21640934,-0.7227523,-0.24455947,1.3592488,-1.2864323,2
-0.55725586,1.9801619,-1.4349065,-0.649409,-0.35323003,1
-0.18037984,-0.6266017,0.5098483,1.5657146,-0.8968771,1
-0.1613798,-0.65748006,1.3226851,0.12729645,0.7809349,2
-0.29370564,-0.30670708,1.5932612,1.5788169,-1.1888582,2
-0.5969322,-0.5821854,1.1020256,-1.3324862,-0.5735979,1
-0.7173534,1.0111353,-1.5281795,-0.6967581,-0.06418964,1
-1.0306786,-0.8207258,1.2675692,0.43213743,-1.57466,2
0.12050316,-0.70898235,0.7455873,1.6015527,1.075324,2
0.044308838,1.302474,1.0028358,-1.2204672,-0.36902332,2
0.32156014,0.72863483,0.01640113,0.022701904,0.56328464,1
-0.688656,2.3510067,-1.5089935,-0.15029752,1.4035535,2
-0.84598964,-0.30590022,-0.48948395,0.6062503,0.98189354,2
-0.17691663,-0.046951592,0.07007919,1.7613008,-0.5240298,2
-0.51067567,-0.13931826,0.8039009,0.30546314,-0.07191559,1
-0.67018044,0.1885213,0.6530805,-0.18429263,-0.50994736,1
-0.34678695,2.825921,-1.6270984,-0.93871176,0.8667946,1
-0.5068567,0.2626212,0.28463402,0.0128227845,0.3654966,1
-0.8362668,0.35067263,2.0938175,-1.52615,-0.5734012,1
0.9995113,-0.39897406,-0.77236426,-0.61075306,0.02476501,1
-0.78411716,-0.31711945,1.6070032,0.6258508,-0.6807331,1
-0.21386182,-0.56193316,-0.0799043,1.8448714,-2.1564434,2
0.58385426,-0.82328165,-1.5934596,-0.6822481,-0.120348185,1
0.027363501,0.10039781,1.2067977,0.30427533,1.2542148,2
2.4300265,-1.8275045,-0.5584297,-0.39946297,-0.42124236,1
-0.095208585,-0.20829162,1.1592209,-1.3974617,-0.869936,1
0.22342755,-0.36646444,1.8226234,-1.18768,-0.71961075,2
-0.34872562,-1.0794199,0.7655232,0.8573628,2.8124712,2
2.45663,-1.831498,-0.8647061,-0.60097384,-0.50343907,1
-0.1574287,1.1342961,-1.1764672,-0.76523125,-0.13758774,1
-0.8786813,-2.0457187,-1.589482,-2.0161297,-1.6471885,2
-0.58967674,-0.3460003,-0.0528685,1.726084,-0.34540927,2
0.22056249,0.7193094,-1.5477018,-1.0240092,0.2893917,1
-0.5442052,0.6000471,1.0568552,1.3669977,-0.7924144,2
-0.5808837,-0.49298155,-0.9319142,0.41364425,0.025255278,2
-0.9838725,-1.4401909,-0.9712112,0.7309962,2.2787511,2
0.38380903,1.7874002,-0.24710397,0.24871358,-0.59991306,2
-0.6741587,-1.4942346,-0.89175075,0.4150128,1.2561635,2
-0.25198257,-0.4685607,1.0200956,-1.480385,0.7268237,2
4.2600603,-1.5354215,-0.41378897,-1.0739385,-0.360401,1
-1.0795106,-1.6144036,-0.57824105,-1.3557987,-0.2793289,2
-0.5881609,-0.63293445,1.0060767,0.4682134,-0.20345144,2
-0.28680557,1.7442763,1.3701041,-1.200729,-0.46790498,2
-0.40206346,-0.37736475,0.9242512,0.57250255,2.4382176,2
-0.69375116,-0.24210979,1.0649874,-1.2992187,-0.38167244,1
-0.7969278,-1.2188566,-0.15412068,1.3341,-0.01214315,2
-0.2996205,2.3205903,-0.257734,1.1864543,-0.79151785,2
-0.42942414,-0.81666327,1.3273703,1.5228235,-1.1251296,2
-0.8163035,-0.46694282,0.16309562,0.50580716,1.1710203,2
-0.16621387,-0.557104,0.69536066,0.66126454,1.9793485,2
1.5924917,-0.5707354,-1.3367156,-0.3753823,0.026131079,1
1.1641186,0.1626218,1.0908809,-1.5746245,-0.73625636,2
-0.8379837,-0.46976787,1.2673762,0.21531221,-0.0035150945,1
-0.60530925,0.26017046,1.1880715,-1.3281777,-0.33370778,1
0.5239907,1.9766667,-1.4616963,0.48648465,-0.4473533,1
-0.7382909,-0.44815803,-0.23799257,1.7836223,-1.4795809,2
-0.53942513,-1.0503734,0.019333273,0.2958352,0.96492773,2
-0.83347845,-0.8516964,-0.23548181,1.8485483,-1.3994743,2
-0.31229293,0.054363057,0.041535318,1.616194,-1.2411726,2
0.1222299,0.13769501,1.0224274,0.3185354,1.2296106,2
0.038773667,1.4561198,0.082093686,0.051541492,0.5224719,2
-0.48649436,-0.6827161,1.0109458,1.3543963,1.1901503,1
0.8755298,1.457658,-1.7565961,-0.60837305,-0.33840108,1
-0.31633508,-0.024547778,0.78187674,0.8220366,1.9292809,2
1.731883,-0.26849145,-0.55319256,1.5006444,-0.76925766,1
-0.5574401,-1.1324228,-0.32235876,0.7039119,0.8872226,2
-0.87513185,-1.2116091,-0.8473792,0.38035148,2.23689,1
-0.4170385,-0.31220257,-1.6576821,-1.0874388,0.19727156,1
-0.5294119,2.7182474,-1.7057241,-0.086050235,0.78094137,1
-0.45684958,2.2482798,-1.7903199,-0.6612793,-0.073055476,1
0.87115645,0.11082086,1.327524,-1.1118649,-0.74647903,1
-0.85700965,-0.48263943,-0.20171282,-2.1732213,0.012787178,2
2.6121387,0.3718621,-1.0518808,-0.82334435,-0.11146547,1
-0.12826507,-0.77700454,0.78953385,1.1534139,2.6141727,2
-0.230422,2.5063756,-1.5190822,-0.5409301,-0.3184488,1
-0.39764646,-0.95534235,0.9419349,0.8665591,2.5752795,2
-0.7387277,-1.2342715,0.0588606,1.9168603,-1.0915673,2
-0.6560439,-0.09250959,1.0957205,-1.1745089,-0.64404595,2
-0.68020236,-0.4605917,-0.05238146,0.19757396,1.0451363,2
2.5023885,-0.75657654,-0.53791046,-0.42103454,1.1728799,1
0.6163893,1.4721375,0.323274,-0.9361573,-0.4735207,2
1.265185,-0.5450244,-1.446134,1.6113042,-0.82857734,1
0.6057389,1.4651062,0.35797614,-0.86236143,-0.07825783,2
-1.3385413,0.44628692,0.81571543,0.060145557,-0.14581704,1
-0.38946515,-0.68509513,-0.11062576,1.9845536,-1.6373402,2
2.3123434,-1.2532499,-0.98774534,-0.4516156,-0.3646448,1
-1.1043642,-0.90166575,-0.24718958,1.1021057,1.318791,2
2.138504,0.40630972,-1.3063577,-0.2913066,-0.41427493,1
-0.6415716,-0.770291,0.38682756,0.62331796,-0.60009617,2
-0.73591655,-0.45573688,-0.50073016,-0.090993255,1.3888034,2
-0.6492871,-0.6816715,1.1740642,-1.5115956,-0.14442843,2
-1.0111699,-1.1118655,0.3013035,-1.0313762,0.41295144,2
0.031957746,2.3908348,-1.4582609,-0.9324841,-0.60407054,1
0.6286403,-0.38108334,1.5536585,-1.3805671,0.7099093,1
-0.55810195,0.65711725,1.4242923,-1.7390814,-0.28904644,1
-0.67726445,1.1485385,-1.7419862,-0.9926369,-0.16719052,1
0.97041494,0.25966513,-1.2180959,-0.6777004,0.032624137,1
-1.070667,0.16813582,1.6161683,-1.6041682,-0.7067689,1
-0.6994849,-1.2020719,-0.04180512,1.2414949,-0.8038863,1
1.5818479,0.017920598,-1.2085259,-0.5912213,-0.21750882,1
2.241573,-1.777893,-0.8334854,-0.5346301,-0.105330214,1
1.6012881,-0.44714767,-0.7369057,-0.7334842,-0.3203265,1
-0.46080917,-0.95791936,-0.5463032,0.6892333,1.99951,1
-0.104621544,-0.22903778,1.037857,-1.3114018,-0.54382,2
-0.19729495,-0.6517185,1.4228472,-1.5737202,0.9781661,2
-0.6017736,0.09589199,-1.8709356,-0.8295697,0.01511161,1
-0.62616676,-0.33905956,0.5680104,0.6024168,0.8467798,2
-0.7701179,-0.36222962,1.6125866,0.48593575,-0.7164764,1
-0.77777696,-0.5938169,-0.5538317,-0.003232099,-0.017010063,2
-0.16484502,0.08443159,1.0649385,0.8966687,-1.0572895,2
-0.8533025,0.28287858,1.0972731,-0.9864857,-0.5234265,1
-0.48759457,-0.21961346,1.6656189,0.82036906,-0.82723397,2
-0.7064654,-0.5841561,-1.9072922,2.1042368,-1.7208196,2
-0.5833657,0.7041735,-0.24194117,-0.9762061,-0.5826324,1
-0.47823036,-0.5467495,-0.6957634,0.7565482,0.7424794,2
-0.20343587,-0.045822695,0.9416591,-1.2807595,-0.3659594,1
-0.89203537,1.1584998,-0.0074479654,1.2590461,-0.8548239,2
-0.5819715,-0.3678979,2.0261703,-1.5126762,-0.8437611,1
0.6076314,1.3213658,-1.7911578,-0.9190606,-0.34531575,1
-0.61201197,-0.6706616,-2.8317099,1.7751328,-0.36665025,1
1.0819589,-0.58958936,-1.313933,-1.0635364,-0.5816264,1
-0.1742219,-0.33331132,1.0307778,0.090612784,-0.62445754,1
-0.2507724,-0.871494,-0.4643433,0.65812534,-1.7091699,2
-0.5844303,-0.51245314,-0.7900697,0.7341794,2.4967356,1
-0.95450246,-0.71190894,0.19375747,1.5158894,-0.10958982,2
-0.658931,-0.5877613,0.8161361,0.40483928,-0.9395355,2
0.0005579591,1.5828191,1.0286453,-1.4047024,-0.57528234,1
-0.5253989,-0.74050856,-0.2720229,0.9462246,2.0555935,1
-0.84459674,-0.3698812,2.1591282,-1.8327832,1.0178108,1
-0.26209614,0.18483137,1.1835684,0.6765049,-0.9990504,2
-0.46389478,-0.4550141,-0.6870921,0.13203777,0.026834711,2
-0.45642394,1.0504979,0.45356804,-1.2006992,-0.3079353,1
0.7703467,1.9550596,-1.3416665,-0.76742446,-0.42974097,1
-0.54750574,-0.6309041,1.1606561,0.77448374,-0.5620634,2
0.44386613,-0.26113674,-1.2254057,-0.6029419,-0.048270285,1
1.5473323,-0.35431084,-1.1215851,-0.59993505,-0.31437457,1
-0.32757962,-0.89214534,1.0127407,0.8068872,2.5973248,2
0.20445491,-0.8124568,0.8126523,0.32112464,-0.50797504,2
0.10525122,1.2823896,1.0044277,-1.6479332,-0.5087526,2
-0.41833103,-0.04549077,0.84866035,1.1092966,-1.1582912,2
3.3326528,-1.8182212,-1.6310618,-0.3476897,-0.057081103,1
-0.6859581,1.519851,-1.6935114,-0.12081511,-0.22078064,1
-0.39442208,-1.2044344,0.30790514,1.5383861,-1.0329453,1
0.036509626,1.5756841,0.030647129,0.044309154,0.7722233,2
-0.38424364,-0.48957133,1.1094908,-1.5815593,0.5410514,2
0.9261537,0.78160584,-0.36263245,-0.41275227,-0.4641313,1
-1.357243,-2.7219207,-1.7625054,-0.57452995,-0.6985871,1
-0.11154283,1.1787884,0.32632446,0.17149067,1.303913,2
-0.5007348,-0.43351188,1.3228115,0.98105764,1.9628069,2
1.0366261,0.8868728,-0.689983,-0.56212443,-0.24052806,1
-0.6598666,-0.72555196,1.1980517,1.1704259,-1.1888062,1
1.5548458,1.8390502,-1.5244215,-1.1617517,-0.50264084,1
-0.9102852,0.301239,0.34692478,-0.03283052,-0.3293454,1
-0.21496552,-0.042415977,0.818621,-0.90069586,0.22283354,2
2.0650947,-0.6880501,-1.0141139,-0.23005395,-0.476154,1
-0.6241487,0.06991144,0.70920604,0.80409026,-0.415577,2
-0.4571813,2.7562146,0.7498231,-0.1623821,-0.36780727,2
-0.21100184,1.9872411,0.15064721,-0.90867645,-0.05029621,1
1.0956239,0.13170576,-1.0324221,-0.24530812,-0.07953484,1
0.13067344,-0.5200767,-1.2771187,-0.333426,-0.061165407,1
3.0979936,-0.8237799,-1.286129,-0.5820745,-0.10189359,1
-0.10140312,-0.7435256,1.1941425,0.9318249,2.8580236,2
0.53809446,1.2779773,-1.5469046,-0.7334511,-0.42421135,1
-0.38985363,-0.627507,1.5996428,0.9375983,0.4830866,1
-0.07138835,-0.7820399,0.6176842,0.435367,0.23931354,2
0.2626185,0.8443511,0.7624301,-0.43178758,-0.049965627,1
-1.0008916,-0.82148075,-0.14154378,0.75139886,-1.427501,2
-0.6677778,-0.55447674,-2.07909,1.2733908,-0.99049735,2
-0.8095046,-0.97921234,-0.573842,-1.0538329,-0.19105724,1
-0.020152152,0.74341303,0.54594886,0.3674295,0.39866295,2
0.85258913,0.52844465,-1.4434031,-0.12861829,0.7340579,2
1.3934511,0.81032073,-1.2943044,-0.85130745,0.037601095,1
2.8671088,-0.9397209,0.3206931,-1.0144517,-0.39383802,1
-0.23768358,-1.0441985,1.5471008,-1.3231256,1.6089667,2
-0.12167703,0.1638692,1.2982584,1.4877144,-0.21244064,2
-1.1309339,-0.9701199,-0.27356645,0.25596312,-0.030714631,1
-0.55992126,-1.0445647,0.891397,2.1163297,-0.113681756,1
-0.62258685,-0.58971524,-0.4230849,0.8691287,1.8623111,2
-0.59379065,-0.6256626,-0.20736693,0.11056334,-0.38274196,2
0.6521627,-0.6342431,-0.7588097,-0.33360067,-0.3239816,1
0.64797616,2.1153362,-1.2670014,-0.37607518,0.49496198,1
-0.120982856,-2.9277167,-2.459997,-1.0372185,-0.77225715,1
-0.30134708,2.3917184,-1.837397,-0.86683476,-0.58323073,1
-0.5373387,0.031650092,0.7549971,0.45285603,-0.9142257,1
0.29842645,-0.09521411,1.2451411,-1.3617514,1.286308,2
-0.4433212,-0.73758876,1.1016704,0.69000345,-1.0032846,1
-0.22372437,-0.19119869,1.1563635,0.26839715,-0.52153224,2
-0.90525836,-0.40640637,-0.24155615,1.7320187,-1.4915413,2
-0.62282723,0.06564693,1.1927191,0.4522199,1.3615919,2
1.2326581,0.7880504,-0.46089748,1.2293304,-0.6699327,1
0.2966701,1.1780244,-1.448554,-1.0745456,-0.124998495,1
-0.46169314,-0.4013641,1.6930062,0.7864484,-1.2738314,1
-0.3251942,-0.86391765,-0.4090311,1.6809089,-1.2897334,2
-0.7558781,0.6848896,-0.42017686,-0.15629436,-0.36309704,1
-1.0938488,-1.9237219,-0.13608208,-1.3228909,-0.064330235,2
-0.43423247,-0.32811528,0.35046446,-0.12606445,1.7145953,2
1.0200238,0.766044,0.6653002,-1.361893,-0.6841808,2
2.3019917,-0.38191676,-0.97996175,-0.08624685,-0.35290483,1
-1.0317247,-0.4529271,0.9247276,1.1337523,1.1170985,2
1.500323,0.9163919,-1.1829221,-0.836429,-0.119857065,1
-1.3409604,-2.4095387,-2.2742615,-2.274098,-1.4167563,2
-0.4983485,0.5432334,1.0299346,-0.9412696,-0.5167793,1
1.6157292,0.086664915,-0.7436534,-0.45413822,-0.44366425,1
-0.589906,-0.4370051,1.1263732,-1.4740769,-1.3543044,2
0.20166263,-0.35069895,0.8397048,0.4588985,0.51467866,1
-0.40416425,-0.7914398,-0.080556765,1.9740267,-1.3261917,1
0.075699404,-0.41775262,1.2175351,1.5038631,-0.5833286,2
-0.8421328,-0.13710375,1.1305333,-0.9879974,-0.40525508,1
-0.4428187,-1.093999,-0.7575316,0.8572011,2.7855968,1
-0.8398985,-0.6080838,0.2558243,0.62377113,-1.0145038,2
-0.58839685,-0.7711165,-0.82365096,0.9785635,1.0169212,2
-0.33472323,-0.85676044,-0.42141938,0.76388335,0.99363536,2
-0.89202553,-0.79198074,0.4049371,0.45658505,0.5271499,2
-0.07661541,-0.058053896,0.8059882,-1.0688707,-0.7339537,2
-0.16491121,0.13029821,1.2527432,0.8151556,1.7542505,2
0.7535276,-0.12878653,0.7406467,1.3428744,-0.9640324,2
-0.65145606,-0.482335,-0.28206247,0.8097749,-0.34481233,2
0.6602491,1.6104245,0.19192609,-1.27567,-0.1269029,2
0.064289644,2.9147913,-1.7141716,-0.2489065,0.31058338,1
-0.6019995,-0.55296147,0.6650489,3.091655,-1.3839211,2
-0.27994487,2.2854478,-1.3705623,-0.14869714,1.3591497,1
-0.42014354,-0.37633574,-0.01804692,-1.2036848,0.031176835,2
-0.31211483,0.9983124,0.26278958,-0.110665746,-0.731491,2
-0.50464106,-0.6516965,1.1274501,1.3685648,-0.9974746,1
0.57742923,0.3943857,-0.5010204,0.0027374974,1.4459085,1
-0.6670047,0.32354382,1.3741587,0.931879,-0.743783,2
-0.32943714,2.1268656,-1.2906396,-0.47523323,-0.007587947,1
0.1089686,-1.0055689,0.35557106,1.2663263,1.7639803,2
0.43866438,2.288869,-1.6074998,0.7175945,-0.7087692,1
-0.6233674,1.6658046,-1.5925251,-1.1598146,-0.5492165,1
-0.20787796,-0.15407528,-0.03684719,1.8249991,-0.15626475,2
-0.5433961,-0.0536398,1.4302789,-1.8510915,-1.098716,1
-0.3502186,-0.6091723,-0.051390033,0.9739385,1.9981011,2
-0.5298463,-0.12488712,-0.0072059855,-1.2115465,1.0618289,2
-0.8372532,-1.349389,0.15376055,0.34907067,-0.4653479,2
-0.21662344,1.2984643,-0.2413468,0.06369892,0.0535478,1
-0.42795786,-0.42407063,0.039731942,1.4313904,-0.075713836,2
2.609757,-0.73919463,-0.29001057,-0.051855102,0.40803373,1
-0.08800337,0.3379044,1.0117915,0.9978665,-0.6842185,2
-0.3732282,1.5792428,1.1015121,0.58032584,-0.17800564,2
-1.3586601,-1.979269,-2.0524726,-1.6587925,-0.5954411,2
-0.45579648,1.5151459,-1.5845268,-0.92527825,-0.23578559,2
-0.1704966,1.007931,-1.5833864,-1.0602795,-0.46559107,1
-0.61994594,0.86794126,-0.24718724,-0.2913283,0.008137405,1
-0.6574299,-0.5557329,0.6399848,0.87384444,2.0681782,2
1.6920702,0.9243849,-0.5861911,0.020982873,0.8822786,1
-0.69088185,0.11340587,0.9265915,-1.4312527,-0.6027982,1
-0.4429124,-1.1652997,0.23221564,0.11416416,1.3808877,2
3.0258863,-0.6741295,-1.3090155,-0.23490322,-0.13762225,1
-0.7180877,0.8859272,0.14283597,0.035801798,-0.7356776,1
0.18953656,1.2115124,-1.3477912,-0.17768745,-0.3389331,1
0.38213122,0.5311027,0.61578935,0.65808094,-0.83631533,2
0.96354747,1.0580283,-0.67983264,-0.7275589,2.3007274,1
0.3765691,0.6777875,0.10987937,0.16886386,-0.26356617,2
1.2459576,-0.673631,-0.98924625,-0.6917904,0.050260216,1
-0.67585075,-0.7692629,0.0039160103,0.78802574,-0.25862685,2
-0.060529128,0.5776825,1.5706521,-1.4336774,-0.45936245,2
1.0138316,0.4850042,0.69062626,-1.1204613,-0.35591847,1
-0.19209456,1.1316803,0.44166148,0.17494689,-0.4216082,1
-1.2138323,-0.7392074,-1.410322,-2.2079186,-0.3076745,2
0.42666563,0.057063743,0.6574076,1.2285371,-0.9892747,2
-0.561114,0.9921542,0.68635696,0.32667276,1.6166857,2
1.5540402,-0.36519027,-1.1111482,-0.541291,0.11944293,1
-0.34416315,1.2719008,-0.13695449,-0.013496608,-0.6570628,1
-0.9518385,-1.178719,-0.39391288,-1.1571248,-0.13268907,1
0.66287786,0.76001394,0.32159632,-1.5506345,1.1160529,2
-0.8489615,-0.16343108,0.5960617,1.2464838,-0.46721166,1
-0.25407195,-0.033775076,0.52788055,0.45319855,-1.0286646,2
-0.3692226,-0.07748543,0.8468031,0.6810037,1.6290604,2
-0.86924034,-0.85846484,-0.32510668,1.5648974,-1.3866693,2
-0.07287088,2.0159836,-1.9012483,-0.4705255,0.78658926,2
-0.863275,-0.42188147,0.78356564,2.040485,-0.12078704,1
-0.9155512,-0.056416526,1.7065105,0.62668306,-1.0216944,1
1.0571878,-0.2852575,-0.16520692,0.37103274,0.08447893,2
-0.010755837,1.5062549,0.23299754,-0.104169466,0.9682964,1
2.122134,-1.0509427,-1.2573053,-0.66751534,-0.4942904,1
1.003384,0.93875724,0.24789171,0.11686179,-0.3587939,2
-0.7376673,-0.83059394,-0.025618345,1.3117021,1.771028,2
-0.102789745,-0.20246601,0.7968582,1.0468484,2.1219866,2
3.0830173,-0.5082872,0.46011674,-0.46961886,-0.40044197,1
-0.798299,-0.56052655,-2.0895162,1.2592587,-0.15715759,1
-0.84158313,-0.79374415,-0.74436074,0.3595908,-0.2640189,2
-0.4850937,0.82146823,0.5191834,1.0591584,-0.6313182,2
-0.734497,-1.0286634,-0.64656126,0.014979288,-0.33157122,1
0.6900991,0.87409437,-1.2509742,-0.31638417,0.0034529567,1
-0.3097914,1.5042048,-1.4678823,-0.23108809,-0.60489666,1
-0.6086092,-0.9101438,-0.9556885,-0.061651766,-0.8941817,1
-0.23260765,1.4943566,-1.6574265,-0.62972414,-0.44259077,1
-0.8647324,-0.3347159,0.43601364,2.1720314,-0.35694033,2
-0.106258735,-1.0091916,0.797293,1.2038649,2.733243,2
0.0861416,2.5108154,-1.3844906,-0.8414947,0.8470998,1
-0.5608642,-0.86432874,1.1148854,1.070176,-1.1232156,2
1.3326918,-0.14645766,-0.9241692,-0.23543932,0.3771186,1
0.07330325,-0.9494322,0.17136917,1.6121023,-1.4223999,2
-0.6056766,-0.80155206,-0.3911507,-1.412143,0.119180664,2
-0.40219328,0.052277945,0.2492869,-0.0038763583,-0.60307026,2
-0.82570374,0.5742954,-0.03379833,-0.16627005,-0.24309984,1
-0.12744059,-0.17057355,0.78990656,0.20553732,1.9345527,2
-0.0300989,-0.40713313,1.3042629,0.8474593,1.4487944,2
1.3301083,-0.017176403,0.3962661,0.028253406,-1.3775103,2
-0.7312705,-0.8917343,0.07546227,-1.8077226,3.4082825,2
-0.7107719,1.0439413,-0.09333552,1.3594825,-0.24104923,2
-0.40504694,0.69370383,-0.1852006,-1.0557612,-0.1821389,1
-0.5024089,-0.4334179,-1.6192511,2.0430403,-1.8042547,2
1.7046663,-0.621291,-1.2005715,-0.8290466,-0.25569195,1
-0.48883104,-0.89987254,-0.033869,1.2148314,-1.7525508,2
-0.2771237,-0.4624949,-0.39919308,1.481527,-1.8945593,2
-0.0030201823,0.3981821,1.7600498,-1.1941631,-0.9154841,2
-0.5926272,0.16484481,0.95236135,-1.0074983,-0.78837276,1
0.08924113,2.5632539,-1.6937633,-0.111528166,0.07320574,1
-0.37139875,1.3172328,-1.7909307,0.1078354,-0.22304542,1
-0.43551672,1.4796219,-1.6947403,-1.0364265,-0.450051,1
-1.0227695,-1.0418696,-0.82757574,0.9772019,2.5075815,1
1.5827506,1.9725611,-1.2771124,-1.0449992,-0.37289834,1
0.48318624,1.3992376,-1.4296943,-0.85319185,-0.6499285,1
0.37331715,1.0846335,-1.2892208,-0.4124428,0.31866845,1
-1.1504289,-1.0897588,-0.74593204,0.13611783,-0.16546889,1
-0.22198948,-0.09888979,0.89243406,-1.499245,-0.6605412,1
-0.021467507,0.51279193,1.394235,-1.6517379,-0.9594462,2
-0.36802635,1.5443848,0.33148104,1.2094004,-0.81452274,2
-0.5417298,-0.070162155,0.030791312,0.87878555,0.29461956,2
-1.0616986,-0.9495838,0.24995516,1.4760433,-0.39119518,1
-0.42693976,0.8739009,0.64466584,0.71776944,1.128477,2
-0.3547609,-0.826734,0.078874655,0.7136258,-0.21330452,2
0.5179837,-0.9287412,1.9350193,-1.3842062,-0.5698111,2
-0.9329761,-1.8280674,-1.905439,-1.8335848,-1.5884032,2
-0.26938987,-0.7312015,0.8043367,-1.0600656,0.44134298,2
-0.96767557,-0.78248227,0.64395636,0.11976292,2.2652407,2
-0.8210976,-0.10659969,1.6060256,-1.4369307,-0.055411503,1
-0.3097719,-0.839097,-0.0102467835,1.548938,-0.072971605,2
0.24337977,-0.20444496,0.7500773,0.6462261,2.0540364,2
-0.8089645,-0.9269289,-0.23469418,1.7266636,1.6359735,2
-0.9213251,-1.2229999,-0.7418269,0.99337,2.7874343,1
-0.18440464,0.17446569,1.0333939,0.53091645,1.2081475,2
-0.25613776,-0.7186073,0.2698999,0.24410996,-0.23081201,2
-1.0284251,-0.4163368,1.1401799,-1.5142057,-0.839168,2
3.2514646,-1.035477,-0.5654436,-0.43753636,-0.20198442,1
-0.7419186,-0.35240257,-0.4646526,-0.062040985,1.1211897,2
-0.6778799,-0.6202457,-0.18755871,1.7607872,-1.2999687,2
0.15618747,-0.7554484,1.0195739,1.710105,-1.2756085,2
2.7836888,-0.2387676,-0.3601876,-0.61191034,-0.24543248,1
-0.30340803,-0.6244842,1.5683777,0.564236,1.9772501,2
-0.5169427,-0.86326706,-0.3592969,1.0125141,-0.144776,2
3.184713,-1.7608699,-1.1437304,-0.4472704,-0.24722864,1
-0.36845753,-0.712925,-0.383637,0.18452388,-0.24377328,2
-0.71085775,-0.27030182,1.4516605,-1.5873257,-1.1455963,1
-0.36132574,-0.8061078,1.2662655,0.49477935,1.7794285,2
-0.6584682,-0.551513,1.3435149,-1.6463131,-0.48950607,1
-0.8024913,0.13915193,1.1877753,0.43183404,1.5722485,2
-0.822582,-1.1470009,-0.40442112,-1.0043854,1.2529966,2
-0.6928802,-0.8149101,1.94847,-1.5139462,0.5271911,1
-0.50454473,-0.6723323,-0.05474987,1.9692926,2.673477,2
-0.43970022,0.33271673,-0.37564796,1.0687008,-1.418382,2
-0.7713486,-0.20435742,-0.2060111,0.54367435,-0.23025747,2
0.070547536,0.20600398,0.83388394,0.5244475,1.2593025,2
-0.3050601,-1.2430003,-0.5669172,1.3957,1.2828993,1
-0.5284913,1.3797462,-1.5651305,-0.9310855,-0.37834385,1
-0.15388992,1.3070807,0.75260556,0.119748525,-0.64270794,1
2.813619,-1.984356,0.4520654,0.14262842,-0.29464066,1
-0.91740453,-0.6692915,0.14920157,1.3244472,-0.8735895,1
-0.50663495,-0.91794103,-0.46008825,0.5034434,1.4378641,1
-0.6855243,-1.9454708,-1.3361639,0.2611181,2.4313998,1
-0.8158339,-0.6103618,-0.57677644,-0.20180508,1.2750612,2
-0.24512441,-0.7814446,0.7323556,0.5033943,1.5345204,2
-0.331868,0.9846327,-0.26600227,-0.08811808,0.26292858,1
-0.41751644,0.09800337,0.24785827,1.3286507,-1.4699739,2
1.3252758,1.3869739,-1.4263887,-0.45220146,-0.2643569,1
-0.070813864,0.015610434,1.3406224,-0.98764336,-0.5330913,1
1.1771425,1.1027228,-1.1141448,-0.039654553,0.90811646,1
0.008037459,0.58456045,-1.5952348,-0.56573933,-0.46898842,1
-0.21708135,-0.1582067,1.6180849,-1.5685432,-0.3415256,1
2.8404746,-0.87612337,-0.9003558,-0.35439554,-0.0680583,1
-0.81956,0.0054640025,1.2837703,-1.2940434,-0.32052058,1
-1.1790131,-0.9002857,-0.08404535,0.54631895,1.4463933,2
0.67906916,-0.038728278,-1.4122779,-1.0399556,-0.3468078,1
-0.8324131,-0.7090981,0.57234,-0.55287844,-0.5351597,2
-0.37829632,1.4577702,0.2476771,0.83309305,-0.7829052,2
-0.17536649,0.9193327,-1.2003554,-0.95989627,-0.18678044,1
0.8950477,0.53466815,1.0910414,-1.0642886,-0.27784303,2
-0.9001862,-0.8755351,0.09145461,-1.011374,-0.7561354,2
2.614946,-1.1545527,-0.78821146,-0.45997626,-0.4809042,1
-0.23230697,0.51943487,-1.3415068,-0.97591007,-0.4593489,1
2.2580411,-1.0084186,-1.3320551,-0.7273052,-0.2806297,1
-0.6192176,-1.0457364,0.6951225,1.169648,3.0742924,2
-0.7703947,-0.66952646,1.3866975,-1.3321633,-0.7620641,1
-0.27100107,1.0775044,0.5498455,0.14594463,1.2520046,2
0.021666184,2.6785781,-1.6760201,-0.81160307,-0.43283594,1
-0.563047,-0.34179685,1.3666261,0.57253534,-0.8454862,1
-0.36103582,-1.1793271,1.1319395,0.6056459,2.3142896,2
1.2573116,-0.13650528,-0.6244287,-0.242484,-0.370498,1
-0.58511615,-0.12996599,1.7018905,-1.359933,0.50810707,2
-0.839595,-0.8587729,-0.54520243,-0.025423877,-0.72259057,2
0.30628014,-0.9392206,0.9073732,0.27220833,-0.701044,2
0.16942018,0.7896393,0.3450948,-0.23932524,-0.3122192,1
-0.4404553,-0.30687442,1.6769962,-1.3589766,-0.9505352,2
1.2404082,0.87119323,0.90430146,-1.1871644,-0.41125947,2
1.2748812,0.86287785,-1.7966129,-0.727242,-0.26802543,1
-0.618425,-0.13900383,-0.013336614,0.8871738,-0.11557658,2
-0.5395056,-0.45226544,1.9483429,0.6870394,-0.82783157,1
3.3365574,-1.9535604,-0.7144015,-0.3597824,-0.10259654,1
-0.1517613,-1.0432447,0.7117171,1.9035338,-0.05296141,1
-0.20115966,-0.40582174,2.4465868,-1.3617611,0.37027794,2
-0.35601315,1.172547,-1.2704706,-0.84277284,-0.2857012,1
-0.74544674,-0.22297287,-0.31599414,1.125926,-0.16637121,2
0.78074497,1.1931424,-1.075577,-0.36882034,-0.021012373,1
-0.10528763,0.060124658,0.91842973,-1.5526389,-0.49307844,2
0.52252614,-0.61972666,0.90337044,-0.090058446,0.30333173,2
-1.0285329,-2.005271,-1.9739755,-1.4469934,1.5812553,2
0.44080532,1.7092934,-1.3121735,-0.2863499,0.022764675,1
2.8944051,-0.33906534,0.09387645,-0.4173048,-0.46385014,1
-1.2129791,-1.5326756,-1.86272,-1.1597263,1.2568383,2
2.4866047,-1.702719,-1.4655175,-0.8146043,-0.117988616,1
0.05401258,1.5767499,0.5635165,-0.9828774,-0.38930514,1
0.15102524,-0.7567281,0.43643403,1.5757778,1.4863057,2
-0.5302568,-0.4475388,1.1295747,-1.8606267,-0.5307458,1
3.9583848,-1.5768406,-0.48042342,-0.47004157,-0.5654155,1
-0.54819643,-0.56713074,-0.49839544,0.9524727,-1.5429772,2
-0.52637637,2.1641583,-1.6318933,-1.069766,-0.37395608,1
-0.6066133,0.45890847,0.6120084,1.310148,0.08112551,2
-0.27293026,-0.13583685,-1.0583694,0.07361761,0.49184954,1
-0.57226545,-0.5873827,-0.28353167,-1.3666517,2.775313,1
-0.7940519,-1.2390169,0.39670146,0.43184733,1.0275587,1
0.7647758,1.8619289,-1.5458345,-0.63456553,0.14757442,1
-0.046143085,-0.81555736,0.2816746,0.4990605,0.80205745,2
-0.21972322,-0.020656757,-0.009456929,2.224288,-1.5259588,2
1.1830418,1.2965498,-1.3636792,-0.82241803,0.11951514,1
0.7718876,1.8546083,-1.4601672,-0.8316829,-0.32519463,1
-0.943665,-1.5650803,-0.7664968,-1.0916953,-0.10127179,2
1.4273239,0.2454273,-0.34739396,-0.38050914,1.152071,1
0.68432647,1.0968049,-0.7964544,-1.0816019,2.2328682,1
-0.48060653,-0.7799856,-0.50829476,0.9448801,1.185589,2
0.63267446,0.55231565,1.6742254,-1.4413687,-0.7523987,2
-1.0333352,-0.19162416,-0.20299762,1.125071,-0.19558485,2
-0.37983054,-1.1011603,1.1809425,0.6427407,-1.4203357,2
-0.5710885,-0.35619035,1.3167715,-1.4117709,0.34160975,2
-0.7976228,-0.30293903,1.5797049,0.40034676,-0.45753828,1
-0.87513536,-1.1005359,0.04937023,1.6775132,-1.5902901,2
1.4297423,0.3083201,-0.40551788,-0.3153879,-0.40331405,1
-1.973465,-2.6292431,-1.4165205,-0.09376523,1.1023855,1
0.14643514,-0.046652153,0.9486015,-0.7913352,-0.5210078,1
-0.34250975,-0.2856835,0.6659034,0.35041294,-0.60532373,2
-0.6988893,-0.77463233,0.16131023,0.417434,-0.27123138,2
-0.015159272,2.0311053,-0.14364484,-0.94406027,-0.53206944,1
-0.7210706,0.3980683,0.6989575,0.23008962,-0.6381288,1
0.20487943,1.813079,0.23947626,0.5745893,0.19669318,2
0.8629938,-0.61331236,0.93824065,1.2677116,-0.812886,2
-1.0691301,-0.9074819,-0.29145935,0.10798356,-1.5720453,1
-0.45000505,0.70198625,1.1955274,1.5414703,-0.6089383,2
-0.32950348,2.7055504,-1.6944766,-1.0271072,0.15113029,1
-0.4218101,-1.0154855,1.1944861,0.59673625,-1.3999504,2
-0.7021681,-0.6646561,-0.4635147,0.58735865,1.4939492,2
-0.047775984,0.22448872,-0.034872793,0.004429631,1.3059909,2
-0.28023797,-0.81251043,0.6815955,0.96164215,-1.4390367,1
-0.66264504,-1.1555455,-0.11264571,-0.04815577,-0.1842596,1
-0.837916,-0.6245918,1.7069808,-1.4472399,-0.32576007,1
-0.023204908,0.06251889,-0.052258022,0.4750752,-1.1722941,2
0.58624154,1.6872993,-1.4329332,-0.15317008,0.43452567,1
-0.25826213,0.3363191,1.0365037,1.0677065,1.8477769,2
-0.3679183,-0.4399757,-0.28169566,0.7094088,-0.026370496,1
-0.4927392,0.06477267,0.86960673,0.28649515,-0.9571761,1
-0.9024971,0.26584542,0.589373,0.26008832,-0.1278445,1
1.6282349,0.13085172,-1.0089834,-0.68287367,0.2436606,1
0.28875923,0.376639,-1.2851155,-1.0564524,3.0437891,1
1.9246922,-1.2995852,-0.90793526,-0.3200502,-0.594651,1
0.51787984,-0.5655415,1.1530764,0.27117512,0.22811985,2
-0.24376243,-0.16588184,1.4843498,-1.564489,-0.49017322,1
-0.5567457,0.0025342703,0.39286417,-0.17277071,0.12966579,1
-0.29389665,-0.47802755,1.8375366,0.10569084,0.95804614,2
-0.57240635,-0.03491375,1.069473,-0.0022203624,-0.09272794,1
-0.46684682,-0.496607,-0.3809795,0.38470468,0.17122845,1
1.186774,-0.28500405,0.7389901,0.3957022,0.9186765,2
2.4575062,-0.92222357,-0.34348014,0.6778215,-0.90809894,1
-0.5935929,-0.18691531,1.3640147,-1.5238792,-0.81696224,1
0.8134768,0.026385408,-0.6883409,-0.2881593,-1.1653365,1
-0.75465864,0.22900702,-2.0802531,-0.8718504,0.17494762,1
3.2098784,0.31100655,-1.2869457,-0.5502312,-0.16751918,1
0.0022736564,2.3023677,-0.51865166,0.039500017,1.1522142,1
1.348313,0.31565034,-1.2038591,-0.3859788,-0.22993368,1
-0.32867157,0.10526596,0.19005622,-0.10793272,0.45152777,2
-0.11164377,-0.57413965,0.72885764,0.47578868,2.5800323,2
-0.094552934,-0.63658935,1.372838,0.98176473,2.3396056,2
0.43237945,0.9059178,-1.4107885,-0.9187977,0.5337765,2
-0.7602267,-0.4164969,0.9283383,0.80064744,1.3738849,2
-0.5028978,-0.36153966,-0.33334464,0.53186077,2.0830948,2
-0.22552904,1.856893,-1.6592782,0.37760895,-0.35057342,1
-0.2236954,2.5077355,-1.7413229,0.5327018,-0.5359947,1
-1.0589525,-1.7312086,-1.2316736,0.26168275,2.958249,1
0.7118902,1.5943693,-0.012145702,-0.25000748,-0.5013664,1
0.44060898,-1.0844802,0.70878625,-0.017718673,0.28364426,2
-1.5798026,-3.0416594,-1.5934525,-1.0293183,-0.55231124,1
-0.3817524,-0.828583,-0.38918018,0.34739316,-1.7747927,2
0.04776317,2.3792067,-1.8689357,0.13745359,0.14681189,1
-0.16919686,-0.414353,0.57587874,0.60182416,2.0183086,2
0.5433296,0.779467,0.7825872,-1.7832627,-0.44283476,2
0.38925555,0.30400905,0.89369905,0.83022046,-0.7927416,2
-0.46226346,-0.00676243,1.7217388,-1.7345827,1.0065933,2
-0.021748573,-0.6162116,0.8770059,1.3516998,-0.8859659,2
1.1812657,0.56513536,-0.14380653,1.0853735,-0.8578377,1
-0.6528866,1.2778168,1.2847685,-1.471904,-0.632421,1
-0.76510346,-0.6985106,0.62112033,1.2185585,-0.82230425,2
-0.5789151,-0.61991954,0.20355953,0.34902635,1.3439199,2
1.1120013,-0.24234188,0.7064735,0.32530782,0.55824137,1
-0.13930145,-0.14914277,-0.32498708,0.6216823,0.8679345,2
0.825237,-0.48199242,0.81136286,1.4454497,-0.63246334,2
-0.53974617,-0.5540936,-0.11176029,1.9840146,-1.5688248,1
-0.60112643,0.013094582,0.92411673,0.44498515,-1.0583848,1
0.9615171,-0.2883879,1.4650414,-1.1867982,-0.5925499,1
-0.15580559,1.0125453,0.47780788,-1.1427685,-0.9288158,2
-0.0010959692,2.6174643,-1.7522261,-0.76140904,0.13722786,1
0.38657337,1.848684,-1.4319295,0.3717978,-0.19078773,1
0.7450417,0.9736195,-0.6385227,0.511484,0.73518795,1
-0.2904821,1.0424556,-1.4114835,-0.75950265,-0.3831057,1
0.013979437,1.5122483,1.0799831,0.36123514,-0.44047305,2
-0.24450415,-0.59772813,1.3606389,-1.3869717,0.87683886,2
2.754497,-0.65076566,-0.5567563,-0.70904195,-0.21185839,1
-0.4317574,1.6559871,-1.6148031,-0.19463816,-0.06427596,1
-0.82972705,-0.5771666,0.41235393,0.8383305,1.1026367,2
-0.60824144,0.23099461,0.20482956,0.23018813,-0.16714032,1
-1.4193192,-0.014242113,1.4259789,-1.6182218,-0.16039412,1
-0.46434885,0.025411844,-2.053018,-1.506455,0.14199303,1
-0.60501003,-0.81525874,1.3497698,0.8170364,1.9627969,2
-0.23878479,0.012084484,1.3264712,-1.4109687,-0.58183223,1
-0.7261816,-0.8042576,1.4741664,0.7756288,2.1726744,2
-0.3999423,-0.33767557,1.0991884,-1.6540915,1.5649867,2
0.29205078,-0.5350694,0.33348194,-0.8408476,-0.43215632,1
-0.8297263,-0.48720196,-0.42181295,2.0362763,-1.5449244,2
2.020597,0.1814476,-1.1413269,-0.40956923,-0.5614731,1
-0.6233167,-0.016585305,1.7727506,-1.4040155,-1.530005,2
-0.6098471,0.0148734525,0.039270617,0.2941711,1.3335199,2
-0.52107596,-0.4955107,2.1357713,-1.5606878,-0.9011285,2
0.38586915,0.28960913,0.4975065,-1.4253154,-0.39117274,2
-0.5632133,-0.33971345,0.2359237,0.328205,2.2239993,2
-0.36096564,2.010814,0.584149,0.2269363,-0.5099308,2
0.28075764,1.163024,0.072254956,1.0691026,-0.74229836,2
-0.9095186,-0.800056,-0.59156847,0.17578635,-0.13655052,2
-0.4243625,1.6378773,0.7069465,0.058790937,-0.33570457,2
-0.29240885,-0.8216259,0.80439836,-1.4350693,0.53335315,2
-0.6541599,0.8828158,0.16277973,-0.9470603,-0.4180313,2
0.15688968,1.4862382,-1.7190815,-0.48842525,0.8282066,1
-0.41289932,0.55717874,-0.09094311,0.09661845,-0.12969431,1
-0.9386419,-0.23915301,1.5585132,0.8440747,-0.79818016,1
-0.74450755,-0.6003952,0.24527732,0.43337783,0.6993421,2
-0.1286824,0.2391169,1.4784162,-1.5584004,0.0029104352,1
-0.41836575,-0.39311764,0.88501376,2.5182357,-1.3585839,2
-1.0027452,-0.8460806,-0.023539137,0.4263056,1.1170547,2
-0.089804456,0.9287729,0.30100676,-0.86657375,-0.31656748,1
0.20878375,0.700301,-0.06209319,-0.54348004,-1.2450593,1
0.7580752,1.9439759,-1.6114848,-0.8720745,0.023038372,1
0.64838696,-0.78238595,2.260473,-1.4663016,-0.25250772,2
-0.6358145,-0.009012323,1.6852088,-1.6404351,-0.67258734,2
-0.7732248,-0.95839924,0.02731657,1.1881688,0.96808434,2
0.60800093,0.9227835,0.82176834,-1.2484999,-0.47265434,2
-0.70892537,-1.0108315,-0.39254332,-1.4518788,-0.30408722,1
-0.40406656,-0.08282125,0.8416268,-1.5023843,1.5845486,2
0.1026472,1.9746051,0.42664135,-1.2460957,-0.5659983,1
-0.9036433,-0.88444686,0.091235824,2.5198154,-1.0785857,2
-0.4274344,-0.549213,0.22627474,1.2958583,-1.1944724,2
0.8071564,-0.061522637,1.3693007,-1.3723965,-0.5714113,1
-0.3107187,0.34620804,0.9778938,0.73073554,1.4128474,2
-0.5454616,0.0038148891,1.5861169,-1.2106743,-0.09480851,1
-0.391226,-0.8199707,0.17511605,1.2523884,-0.96983945,2
-0.13856213,-0.9192347,1.16198,2.1031759,-1.322904,2
0.21473083,-0.32813695,1.9549692,-1.3930286,-0.6444903,2
-0.56288785,-0.5115696,-0.032789618,0.7061978,-0.10037545,2
-0.8305668,-0.7449245,-0.08232247,-0.43606436,-0.18206404,2
-0.68689096,-0.7840036,-0.7002243,0.021237925,1.7352226,1
-0.66559476,0.3036841,0.3914883,-1.3142177,-0.43709177,1
-0.9110076,-0.7001585,-0.051788684,2.142135,0.05146262,2
-0.5253404,0.089598656,0.045500007,1.6536243,-1.0554888,2
-0.45672154,1.6137552,1.356566,-1.0231514,-0.3332843,2
-0.5753884,1.4931998,-1.2540065,-0.21451046,-0.61950433,1
0.042528488,1.4616333,-0.01918891,-0.32211542,-0.590291,1
-0.13849364,0.5017105,0.13267128,-0.8662345,0.08059591,1
-0.4994826,-0.100283034,0.8516809,0.25827143,-0.69405293,2
0.11964917,1.0216861,-1.5338781,-0.23660316,-0.7357004,1
0.22464314,-0.5633067,0.37638712,1.7163322,1.5189729,2
-0.2922148,-0.2751966,1.5833917,-1.0374721,-0.92700523,1
-0.78777343,-0.7826985,-0.08364345,0.2975616,0.0832838,2
3.7253358,-1.8090247,-0.89026856,-0.9102068,-0.0037721433,1
1.1684033,0.3261741,-0.09240705,-0.80956006,-0.15093076,1
-0.5774735,-0.5113275,1.1506271,-1.8039484,-1.4048651,1
-0.6482952,0.23808143,1.1872414,-1.165634,-0.91735184,1
-0.76819724,-0.8924223,-0.07745695,0.54562867,-0.051538467,2
-0.2600484,-0.26283824,1.4681826,-1.451735,-0.5734432,2
-0.09947745,-0.84992814,0.6181701,1.6818033,1.9733586,2
1.3609709,0.7149902,-1.5142347,0.30657506,1.5822182,1
0.84713864,1.3966999,-1.3124189,-0.34409395,-0.04068578,1
-0.21063536,2.4055161,-1.7608411,0.27295732,-0.79115355,1
-0.8528318,-0.6941963,0.038533803,1.7239406,-0.07836408,2
-0.32842645,-0.7310175,-0.16483174,0.73732436,1.5335815,2
-0.26466826,2.0021887,-1.8316721,0.9271573,-0.8242003,2
-0.502133,0.8873181,-0.31004182,-1.2346288,-0.9608215,1
-0.5798439,-1.111571,-0.63055444,0.15306592,-1.826721,1
-0.13374603,0.74046826,-1.5272557,-0.9645703,-0.3703849,1
-0.63284016,0.15871792,2.2197556,-1.4366939,-0.73068756,1
-0.13128413,2.7659752,-1.5433571,-0.95848495,-0.17897102,1
0.69892454,0.24733612,0.52619845,-1.030197,1.8587649,2
-0.95621234,-0.59589744,0.47553945,1.1472393,-1.1171489,2
0.28863716,1.3526709,-1.3022684,-0.55121744,-0.48160252,1
0.789781,1.5714757,0.28618667,-0.8470005,-0.10716501,2
-0.032188073,-0.06894897,-0.09378105,0.18249893,1.0602577,2
-0.04388234,-0.35626835,1.3626333,1.5965906,-0.97188026,2
2.8199148,-1.4750936,-0.4847785,-0.56292546,0.04925824,1
-0.7133037,-0.6619025,-0.61511594,-0.10748746,1.1009336,2
-0.4935276,0.034275454,0.6951276,-1.475465,-0.33085003,2
-0.68886334,-0.8972668,-0.85038847,0.6377307,2.7260218,1
-0.9827558,0.1940755,1.2492117,-1.3462893,-0.78860784,1
-0.87297297,-0.99380934,-0.34659427,-0.086435296,2.1692946,2
-0.5003211,0.49172544,0.02477022,1.59222,-1.0376719,2
-0.6984954,1.2877918,0.90070903,0.4301296,1.6240643,1
-0.045942754,-0.804554,0.7678221,0.8321275,0.7323866,2
-0.18799049,-0.038984925,1.2337892,-1.3002657,-0.44267833,2
-0.09385331,1.564504,-0.14340541,1.2165219,-0.7450241,2
-0.9642352,-0.9489465,0.004899323,0.08306025,-0.94037175,2
0.787454,0.5210235,1.2279216,-1.0960463,-0.59388536,2
2.3412437,0.48062664,-0.29147622,-0.3367688,0.3238923,1
-0.1173145,-0.82938963,0.5551903,0.24231926,0.9686247,2
-0.7172616,-0.61134595,-0.16824017,-0.17221943,1.2807943,2
-0.7026704,-0.5831989,-0.31814808,1.7046213,-1.502891,2
-0.47911042,0.45245606,1.0478255,-1.4323549,-0.4002836,1
-0.47863805,-1.1181575,-0.09743498,1.3531873,1.2813818,2
-0.90190417,-0.88670295,-0.25736934,0.17197964,-0.18921109,2
0.1282087,-0.4225326,1.3400054,-1.0637621,-1.403855,2
-0.25730255,1.2858453,0.14078945,-0.34643698,-0.41008234,1
0.3591922,0.6794921,-0.55884546,-0.27153236,-0.5842725,1
0.14854562,-0.6289809,1.2232566,-1.292123,-0.3846082,2
-0.6872905,2.2035656,-1.4710886,-0.84097767,-0.3797895,1
1.0973382,0.22039828,0.5933687,-0.63324815,-0.20022362,1
0.26769006,1.2147301,0.5193919,0.42432433,-0.7901467,1
0.21079844,0.9720631,0.17572527,0.019870333,0.19822583,2
0.022694342,0.052281562,-0.25097972,-0.1789651,1.2041069,2
0.6220412,2.0585346,-1.4214996,-1.0714958,-0.608164,1
4.0757494,-0.089482814,-1.1977503,-0.794071,-0.13431059,1
-0.3898161,0.023494154,0.84452945,1.6129414,-0.05625987,2
0.12678345,1.8656881,-0.12674984,0.27324575,0.8521801,2
-0.76157653,-0.8651827,1.6008106,0.36583522,1.1073439,1
-0.6141629,-0.5325048,1.0180293,1.3858321,-0.9631586,1
-0.7912242,-0.48615897,1.1440536,0.31286037,-1.1452887,2
0.63428104,0.8147042,0.8352634,-1.240834,-0.4368673,2
-0.5565706,-0.76472193,0.6072706,-1.250375,0.5184537,2
-1.2378347,-0.57617795,0.65948594,0.37357914,-0.34982324,2
-0.49194476,0.27420813,0.7409458,-1.1665105,-0.5458578,1
-1.4316767,-2.093892,-1.8688043,-1.7628455,-0.87541956,2
0.56325924,-0.5462853,1.2413889,1.5775707,-1.0855974,2
-1.0901575,-0.6793714,0.38341296,-0.74107766,-0.110442206,2
-0.28588203,-0.7082569,1.1441033,1.146515,-1.2202677,2
-0.13553846,-0.23273194,-0.077685624,0.5393582,-0.6232193,2
0.27364987,1.5863628,0.08040379,-0.11618489,1.2072719,2
-0.80362546,1.1703321,1.100933,0.52877814,-0.78646296,1
-0.5905617,-0.5483795,1.0460631,0.65152997,1.682569,2
-0.64456975,-0.8138854,1.8644689,-1.6275187,0.5295767,1
-0.3333039,-0.16260333,0.31109565,2.1083868,1.4996487,2
-0.48548114,-1.0220284,1.0990546,0.5237639,0.8699407,2
-0.46671194,-0.177871,1.6556796,0.36904448,-0.117350094,2
2.2050414,-0.2849166,-0.86079323,-0.75648427,-0.16092402,1
-0.2796089,0.29054552,0.8661584,0.2588907,-1.2096509,2
-0.116751894,-0.60051006,1.3206125,-1.1190771,0.8589958,2
-0.42121065,-0.83584297,-0.81189907,0.3519976,1.5609591,1
-0.30810925,-0.6254568,0.82542276,-1.3639522,-0.8757748,2
2.4609194,-0.1658181,-0.06462045,0.073931515,-0.5952785,1
2.2073333,-0.37798798,-0.69694024,-0.7049069,-0.016016658,1
2.634029,-0.7560241,0.4002031,-1.0539331,-0.3161374,1
-0.76159096,0.11239142,0.60903597,-1.4083498,-0.61287445,1
0.05863571,-0.16509253,1.5903465,-1.269666,-0.47677895,1
-0.5346143,-0.9804456,-0.59489524,0.8131979,2.5420473,1
0.11033656,2.1893988,-1.2722499,0.09111053,-0.5586399,1
-0.649847,-0.48540112,0.2657432,1.4436711,-1.8788819,2
-0.7178355,-1.1577511,-0.2608952,0.015592635,-0.07062372,2
-0.5701169,-0.59615856,-0.73371536,-0.26463318,2.0971737,2
2.2722576,-0.07555336,-0.503388,-0.1915871,0.6867224,1
-0.7049149,-0.3640789,0.27030298,0.16760333,-0.21224417,2
-0.6861328,-0.94601697,1.473718,0.63032734,0.84095573,2
0.81156677,1.8673961,-1.6148189,-0.9807347,0.2250723,1
-0.6526804,1.4308795,1.3049146,-0.92049515,-0.12717423,2
1.7591119,-0.7206791,-1.1375563,-0.73809576,-0.43988705,1
-0.65125835,-1.4569446,-0.33284667,0.9697778,1.3427899,2
-0.5022441,0.9106313,0.17433752,-0.12559608,-0.4377413,1
-0.03490632,0.5643265,-1.8251657,-0.67072445,0.18548779,1
0.025962338,0.9894299,0.5710457,0.846407,-0.5447491,2
0.31827664,-0.15136799,0.43336818,-0.0022812784,0.3390897,2
-0.62482154,0.14216852,0.83444804,-1.0829387,-0.5862088,1
-0.4969967,-1.2917746,0.809342,0.35338002,-1.042031,2
-0.7285747,-0.09110522,0.5777115,1.377126,-1.1487224,2
-0.2506741,-0.5144732,0.4980365,1.0926926,3.1709008,2
-0.50034666,-0.14153099,-0.09980395,2.404109,-1.871565,2
-0.542871,0.09401415,-0.25788718,0.76447797,0.84888136,2
-0.2589314,2.216524,-1.5448265,0.5360577,-0.43662325,1
-0.87327933,-0.67521214,-0.44946307,-0.81930375,-0.24893512,2
1.5757942,-0.6391171,-0.8999851,-0.5598148,-0.17946722,1
-0.048833452,1.3107015,0.18231106,-0.39311177,-0.543984,1
-0.8583428,-1.0015683,0.037711605,0.41294342,1.0189674,2
-0.27177447,0.58645207,0.4054125,0.39656952,1.5739063,1
-0.7869413,-1.9278789,-1.3004134,1.5309517,-0.07084352,2
1.2658558,1.7560418,-0.22550505,-0.7147709,-0.25268424,1
3.5006018,-0.6820621,-0.7031289,-0.6762484,-0.2838242,1
0.13835892,1.5033468,-1.5320581,-0.47561678,0.59721875,1
-0.13305187,-0.0933221,1.3360468,0.6024054,-1.2007211,2
-0.83823323,-1.0411268,0.37432542,2.2845063,-0.025801063,1
-0.67002356,0.06670026,1.8251846,-1.3562976,-1.054957,1
1.0288035,1.3165226,0.27101183,0.16744101,-0.6359848,2
-0.7517882,0.43674812,0.21572833,0.17896369,-0.26233372,1
0.116103694,-0.061525278,-0.4686345,1.0283308,1.0511512,2
1.3357952,0.33094805,-0.48332664,-0.20928763,-0.28356284,1
-0.37643498,-0.57414424,0.76678,0.96107966,0.70861846,2
0.09658703,-0.3530062,0.34479317,-1.9611663,2.3018548,2
-0.0298131,2.4696755,-1.5876821,-0.90833867,-0.5872648,1
2.604503,-0.96375674,-1.1880474,-0.7139063,0.1718347,1
0.5172627,0.27390206,-1.1913497,-0.5805517,-0.3712184,1
2.9606695,-1.1850293,0.44261354,-0.8728945,-0.2033346,1
1.6019,-0.6546672,-1.1468992,-0.62146133,-0.1427848,1
0.072668135,-0.4819404,0.364951,0.9543313,2.1568613,2
0.41390392,-0.76869905,0.44020882,0.85297126,0.9773334,2
-0.56062645,-0.7792909,0.99585146,-1.2060611,3.3027854,2
1.0652649,0.61204207,0.4460697,0.20151697,1.4533523,2
-0.11046277,-0.19875051,0.024329472,0.9421234,2.5268595,2
3.4167144,-1.9658452,-0.92709315,-0.66977274,-0.38258892,1
-0.9475646,-0.93603176,0.13151714,1.4827514,-1.8233964,2
0.02475819,0.29371518,-0.1654646,-0.26351926,0.8982229,2
-1.1228503,-0.2785368,0.009044531,1.0915812,-0.39275774,2
2.869217,-1.0396546,-0.7001499,-0.6763644,-0.1624153,1
-0.8919536,-1.0009388,-0.2321451,0.8027233,1.9959328,1
-0.7130018,-0.4782822,-0.14809136,1.6574844,-1.6038455,2
-0.37366027,-0.31409934,-0.082502514,0.85659975,0.063776046,2
0.36654326,1.951487,-1.4642798,-0.976909,1.0745119,1
-0.4815033,-0.86271167,1.598253,0.8447516,1.5094974,2
-0.6743448,-1.0560598,1.8389801,0.3649725,1.8602059,2
2.2741048,-1.0195225,-0.926603,-0.5705603,-0.28246975,1
-1.3358573,0.5602139,1.4372207,-1.5824296,-0.15565835,1
3.5316079,-1.1012067,-0.14792767,-0.9368106,-0.22061956,1
-0.44758752,2.013071,-1.8026708,0.055173956,-0.17538479,1
-0.664454,0.5560864,0.04448863,-0.45185542,0.4584611,1
-0.48582876,0.12194781,0.69993246,1.658856,-0.08571363,2
-1.0578042,-1.9239426,-1.4454987,0.7006629,2.3877432,2
-0.60705674,-0.729948,-0.24170485,2.0903957,-0.09262575,2
-0.56403446,0.6290932,1.7459825,-1.0797356,-0.34448433,1
-0.74209964,0.4517628,0.23653822,0.0506733,-0.18335348,1
0.38887903,0.6744757,1.10603,0.04290402,-0.23068082,2
-0.4200477,-0.590513,0.29461825,1.0675808,1.0950067,2
-0.46504316,2.6030552,0.14664315,0.1229568,-0.63810104,2
-0.5206742,-0.4351669,0.57041913,0.023812845,0.030829579,2
0.38109177,1.380309,0.85751426,0.2686084,-0.19631028,2
3.3293588,-1.1374943,-0.47148764,-0.5054631,-0.36667323,1
-0.88059294,-0.97592175,0.06999797,-1.0562043,1.8827412,2
-1.0861495,-0.5049526,-0.44950858,-1.5826137,-0.101695746,2
-0.82274234,-1.1633036,-0.20603718,1.7198807,-1.2117486,2
-0.47396868,-0.87731767,0.6563757,0.18686691,-0.29612297,2
-0.21625195,2.5378416,-1.6723311,-0.2526479,1.368717,1
3.3814557,-0.7081384,-0.6588981,-0.10079262,-0.32823938,1
1.3931836,1.5234355,-1.2217873,-0.08522016,0.78619224,1
-0.36627325,-0.24179654,1.6085554,-1.2162685,-0.7057948,1
-0.9238503,-0.8357862,-0.6614945,-1.2970692,-0.41695207,1
-0.97474617,3.8591523,-1.6685818,-1.1431859,-0.35626605,1
-0.35808262,2.182378,-0.08150188,-0.29053736,1.6444458,1
-0.24040012,2.0866477,-1.7507511,-0.282504,0.7431775,1
0.73112667,-0.034750387,-0.8492722,-0.5730773,-0.4807921,1
-0.42942742,0.1705202,0.73088837,1.3064526,-0.7883532,2
-0.025560886,1.4904181,-1.0544457,-1.1033845,-0.064845175,1
-1.4465002,-0.7346112,-0.12268791,1.5734633,-1.3738785,2
3.3203623,-0.9124912,-0.53472996,0.34942985,-0.5150326,1
-0.45623636,0.67468333,-0.39193654,-0.27506867,-0.3266719,1
-0.136057,0.08012925,1.0065237,-1.5847852,-0.50942755,2
-0.33389592,2.078397,-0.16708805,0.08850528,-0.50297326,2
2.4643445,-0.97415966,-0.76698846,-0.8786615,-0.027931388,1
1.7129215,1.6889122,-1.3287714,-0.5677342,-0.15313746,2
-0.46485656,0.9245261,-1.2873172,-0.78654647,-0.24377507,1
-0.0794159,-0.36167893,0.91614366,0.005606681,-0.47424728,2
-0.9064261,-0.71895653,-0.123481974,0.85966617,3.0639348,2
-0.3360454,-0.82492566,-0.26745695,1.8186916,0.0032003075,2
-0.6205471,-0.23229457,-0.4356144,0.5492203,-0.29212472,2
-0.41501012,-0.7464521,-0.47483233,1.0109158,0.21663295,2
-0.19976872,1.6158036,-0.06262965,0.19496456,-0.1717102,1
-0.48904765,-0.86235225,0.62842715,0.50086415,0.5337455,2
-0.40106687,-0.082012475,0.80032474,0.18676658,-0.57437515,2
-0.7650458,-0.7473962,-0.22247478,0.10006079,0.024027124,2
-0.35479677,-0.9597416,0.6975682,0.14982761,0.70124614,2
-0.7458688,-0.6356146,-0.16429135,0.91222966,-0.17468643,1
-0.72235495,-1.9907445,-1.6239263,-1.6458285,-1.5411595,2
-0.5053193,0.15777291,1.0666369,-1.2039553,-0.736144,1
-0.22133988,-0.06550227,0.4641546,1.3946313,-1.3752348,2
-0.26750112,-0.66176766,1.1334391,0.39331368,-0.6984436,2
-0.26176697,-0.39789504,0.9726237,1.3917906,-1.2305282,2
-0.5671574,-0.71596664,0.01543127,0.42176202,-0.17466408,2
-0.041717395,2.0623472,-1.5375782,-0.31078145,0.27881163,1
-0.19769758,-0.72201353,-0.21720651,2.315182,-1.1201193,2
-0.10991959,1.2156386,-0.22765978,0.07293618,-0.6968383,1
2.942332,-0.14857268,-0.5330179,-0.6096178,0.77963626,1
-0.83834577,-0.01344426,1.0862706,-1.113064,-0.5614857,1
-1.0255651,-0.9631889,-0.24842045,1.6656591,-0.12333831,2
-0.47456908,-0.65897524,1.7970043,1.1269444,1.3045738,2
0.33945835,1.0195493,0.4425627,0.013485588,1.0832222,1
-0.6233103,-0.083602145,1.6814052,-1.440966,-0.99600196,1
-1.0043314,-0.60810757,0.2860711,0.7315603,1.2510338,2
-0.65617657,-0.74073714,0.58441615,0.4965279,-0.47912747,2
1.3135784,0.055705577,-0.6096199,-0.3243943,-0.015631378,1
-0.66430664,-0.6092735,-0.19072922,1.9452239,0.013008103,2
-0.5697215,-0.51472795,-0.6499665,1.9250168,-1.2804635,2
0.14763354,-0.953815,0.3084643,1.398446,1.4547683,2
-0.25588202,-0.495549,1.4440835,-1.4597869,1.1546403,2
-0.4605903,0.565357,1.7455845,-1.273187,-0.6228167,1
-0.87074924,-0.9233599,0.6848077,0.5722722,-0.7638185,1
3.4249415,-1.7261009,-0.6828102,-0.6853051,-0.23971444,1
-0.8383542,-0.30222082,-0.022564188,1.2544038,-1.1437674,2
-0.7760489,-0.9422181,-0.33610883,0.2851903,-0.7387641,1
-0.32703978,0.00030186772,1.3588904,0.59707093,-0.91243047,2
-0.5112953,-0.5901216,-0.2899848,-1.1809342,1.4156402,2
0.536572,1.5470221,0.6305469,-1.1144823,-0.589295,2
-0.54067445,-0.011213154,1.7748075,-1.6002649,-0.7723293,1
0.020771194,0.9246706,-1.3311214,-0.527363,-0.3378439,1
0.48050877,0.22593251,1.7590576,-1.4036597,-0.46330154,2
0.8314109,0.018017046,-0.6170933,0.049152523,-0.4719259,1
-0.08985947,-0.21755928,-1.0975885,-0.6656567,-0.13633208,1
-0.45631745,-0.31939244,0.8912028,0.60916173,-0.74624306,2
-0.7941226,-0.8049102,0.88811725,1.2145969,-1.3663938,1
-0.6337027,1.8145931,-0.2029644,0.31859982,0.9356423,2
-0.13045238,2.068531,0.24933445,-0.18731579,-0.12970321,1
-0.090762466,-0.615758,1.1225421,0.64488465,0.725841,2
-0.6266294,-0.23982516,1.4187888,0.52754545,1.1443644,2
0.046883937,0.46034795,-1.7304808,-0.37601238,-0.36215785,1
3.2343483,-0.9080146,-0.9490124,-0.29720795,-0.61012864,1
2.3403335,-0.30044252,-0.4242248,0.18307433,0.53140587,1
-0.7208071,-0.0345961,0.16347161,-1.4655963,1.1659269,2
-0.4640366,0.93675107,0.28085577,0.07561754,-0.3972402,1
-0.69766474,-0.08570363,1.3396966,-1.48307,-0.712981,1
2.718558,0.5947987,-1.1065985,-0.114897676,-0.20214579,1
-0.2287361,-0.17131275,0.5150246,-1.2557491,1.9233301,2
-0.7850329,-0.70793974,-0.27001262,1.739629,-1.415011,1
-0.6059124,1.0625116,-0.23542082,-0.16556084,-0.166416,1
-0.33945823,-0.6841204,1.3626542,0.50049865,0.79042965,2
-0.39461762,-0.4640775,0.8568272,2.6519046,-1.2335413,2
1.4124845,0.52782965,-0.25443757,0.245377,1.1013526,1
0.89936006,0.5700201,-0.9806221,-0.4793844,-0.16947585,1
-0.39992744,-1.0213126,1.6572342,0.6591413,0.79347986,1
-0.73866963,-0.65318936,0.8480602,-0.5681379,-0.15917414,1
-0.7625704,-0.92231584,-0.2407291,1.6701841,-1.3848306,2
2.8538108,-0.7687426,-0.8961499,-0.39321238,-0.25119132,1
0.51750016,1.4467192,0.6518683,-1.1991905,-0.26581597,2
0.95856076,0.70447296,0.9965145,0.27917093,-0.5334492,2
-0.5534493,-0.6815878,1.2721872,0.8365765,2.29336,2
-0.11092798,1.3637475,-1.5208095,-0.2855808,1.4707533,1
-0.5011102,1.2237813,-0.18055478,-0.13742325,0.08533168,1
-0.640937,-0.5526012,0.039926738,1.1938379,-0.22797093,2
-0.6023917,-0.3711407,1.8812915,-1.4288276,0.5819733,1
0.80996656,-0.12418327,-1.0787275,-0.88444114,-0.11726858,1
-0.9496053,-0.7590478,-0.46093607,0.077064455,-1.3666637,2
1.6570551,-0.36749697,-0.6096014,-0.20012257,1.3582832,1
-0.61374074,-0.7361849,-0.36867255,0.81610554,1.7809949,1
1.3247404,1.6687914,-1.3433414,-0.8338811,-0.6160816,1
0.18314584,-0.6776321,0.7625456,0.08708158,0.8403819,2
-0.54086363,-0.90769696,0.060845297,1.9051237,-0.24432784,2
-0.98882645,-0.70345175,-0.6588076,-0.018844023,-0.10531939,1
-0.616667,-0.61687744,-1.8599565,-1.9227812,-1.0820973,2
1.3929192,0.8445073,-0.9571144,-0.4340571,0.08517458,1
-0.13931608,-0.6448679,1.1427027,1.0815241,2.3923151,2
-0.25143963,-1.2277191,1.3979828,0.6446267,2.1884332,2
0.85120344,-0.35396296,-1.1328635,-0.6128057,-0.04857679,1
-0.17899463,1.2413514,-1.4418488,-0.8003681,1.9142821,1
0.24466074,-0.81578404,0.5971966,1.4461969,-1.2148895,2
0.2633223,3.0699568,-1.8121899,-0.055394415,-0.66014606,1
-0.82932913,-0.5061083,-0.83930016,0.23055929,-0.25549975,2
1.2132894,1.180695,-0.75891614,-0.51714766,-0.37959176,1
0.31686753,-0.76628846,-0.642004,-0.24799967,-0.6123668,1
-1.078466,-0.29361394,0.9475447,-1.4105638,1.5499963,2
-0.735661,-0.95037174,-0.79155505,1.6182007,-0.3255313,1
0.30052117,0.633325,-1.5969397,-0.05723723,1.4805176,1
1.6848524,-0.0105725825,-1.2515911,-0.4418074,-0.4052202,1
0.98793703,0.1311776,-0.42944625,-0.15622418,-0.7646128,1
-0.33217883,-0.0561316,0.012512505,1.8804957,-1.5821166,2
0.9240301,0.77321047,-0.6930497,-0.6291761,-0.4943831,1
-1.1020942,-0.51487464,1.0395323,-1.5152874,-0.9957016,2
0.6913954,0.15469375,-0.96917444,-0.36699462,-0.17834091,1
-0.5045457,2.138152,0.26846674,0.7144951,-0.8810535,2
-0.4691502,-0.055021316,1.2218909,-1.4686667,-0.12661591,1
-0.27739224,-1.0290748,0.7778237,0.97890484,-1.5509887,2
0.64830995,-0.73903215,0.8767327,0.27948052,-0.13421753,2
-0.61689883,-0.2650648,0.23802286,1.7316605,-1.308009,2
-0.38175786,1.4619105,0.5550741,0.92572755,-0.39276287,2
-0.79496795,-0.14711303,0.019468278,1.0427114,1.5764127,2
-0.13951497,1.6431968,0.3650022,-0.036903173,0.93249947,2
0.51077527,1.6291033,0.33363858,-1.038348,-0.32853195,2
-0.36134872,1.3871211,0.28572708,1.076485,-0.7777599,2
-0.7783142,-0.7573358,0.03165625,-1.5502574,3.3292222,1
-0.2913625,-0.35314217,-0.10042579,0.2618326,1.1320606,2
-0.79838824,-0.48891425,0.6908159,1.2950647,-0.12693153,2
0.18116789,-0.7902297,0.62799263,-1.2693715,0.45154437,2
-0.33750844,-0.3988578,-1.6239507,1.4168582,-1.0808896,2
0.44067138,1.1225022,-0.1808705,-0.05005555,-0.9566859,1
0.21918112,0.31821418,-1.4577577,-0.3807999,-0.25667217,1
-0.041069508,0.14040628,1.9895813,0.8157251,-0.69080436,1
1.2569464,0.6175387,0.59107816,-1.1836286,-0.37911314,1
3.5896962,-1.6843855,-1.0971333,-0.41717193,-0.069419175,1
-0.3009499,2.2748907,-1.3246821,0.74670833,-0.6974276,1
1.2056437,0.2725736,-1.2131742,-0.3508601,0.120357305,1
-0.9732723,-0.7734599,-0.031924225,2.7718873,-0.031829774,2
-0.8357646,-0.7051656,0.10899222,1.5343343,0.98639476,2
0.5896374,2.5788631,-1.6534499,-1.0078745,-0.31505436,1
1.0208168,1.8687034,-1.3652164,-0.51199234,0.32321158,1
0.13565193,2.1525073,-1.5239544,0.27952886,-0.69803876,1
-0.5377637,-0.64409095,0.11168938,0.6187912,-0.4335459,2
-0.98184144,-1.1040651,-0.37085614,0.8078613,-0.2150971,2
0.3780297,0.28626716,-1.3233852,-0.6791569,-0.02479243,1
-0.6764504,-0.30964738,-0.4650813,0.8485541,1.3236703,2
3.6549075,-0.7879859,-1.376793,-0.7193911,-0.29991657,1
3.287672,-1.0849519,-0.3178375,0.3336544,-0.4752069,1
-0.03381753,0.9251538,0.54617894,-0.10511914,0.01331567,1
-0.38028607,-0.15488946,0.34305072,1.1703144,-0.28343982,2
-1.4601063,-0.6374052,-0.45094573,1.5404803,-0.010858968,2
-0.8198751,-1.1194042,0.11289859,0.81844354,-1.0601627,1
-0.12430256,1.5715896,0.0425047,-0.23856714,-0.4486457,1
-0.9649468,-0.83038837,-0.26043856,0.114979796,0.91782296,2
-0.049375698,1.2259356,-1.1849883,-0.29445955,-0.13842557,1
-0.6789464,1.0428534,-0.32046998,-0.19536608,-0.20238757,1
1.7693747,0.53554904,-0.38174942,-0.062240563,-0.55538714,1
-0.26320875,0.5586877,1.375067,0.3602296,-0.3364608,2
-0.55227816,1.6959763,1.0395191,-0.9344747,-0.32239944,2
-0.21806705,-0.1938892,2.3140457,0.6982082,-0.66469914,1
-0.31448495,1.4012275,0.65668094,0.5712903,1.5710781,2
-0.49061134,1.329117,-0.40821975,-0.25499865,0.45179522,1
-0.45069304,-0.86412543,-0.824566,1.3050106,1.9297369,2
-0.45126602,-0.6229823,-0.39515823,0.5178931,1.1325055,1
-0.79590756,-0.5640823,0.20452304,1.9179727,-0.17186825,2
-0.41986847,-0.8164995,0.8549434,0.73444104,1.772659,2
-0.5958815,-0.32467955,0.38855332,0.48811102,0.26421914,2
-0.76693016,-0.54131806,0.27630356,1.1989981,-0.29129732,2
0.63489544,0.06815481,-1.1866584,-0.28918147,0.043616086,1
-0.1344774,1.2177157,-1.066704,-0.990127,-0.078189924,1
0.67987424,0.10158147,0.36797845,-0.18031296,0.3849659,2
0.12065904,0.51058495,0.9730358,0.16303991,0.5766483,2
-0.713294,-0.4421789,-1.8320221,2.094236,-0.037048474,2
-0.5207503,-0.98984164,0.9403307,1.0790697,-0.74478114,1
-0.11922447,1.4465382,0.709236,0.15591817,-0.07389126,1
-0.09432563,-0.6403976,0.28451848,1.1820989,-1.8234969,2
-0.97379464,-0.1673719,0.7658514,1.4837612,-0.37308204,1
-0.36309594,0.24302882,0.94054896,0.110749565,-0.49587548,2
-0.83417946,-0.44927523,0.6779665,1.7962813,-0.4014712,1
-0.17964405,0.618564,1.7567716,-1.5669855,0.46033883,2
-0.6275899,-0.615563,1.141413,1.1059778,-1.0528024,1
-0.50923514,-0.32130247,-0.17440638,1.6478355,2.0252242,2
1.1446933,1.4127014,-1.3189152,-1.3432974,-0.21161973,1
-0.6898794,-0.9144839,-0.65202713,0.7165841,2.0674858,2
-0.52318263,-0.67535067,-0.49583447,-0.02180536,1.1057557,2
-0.019812807,-0.894287,1.1350889,-1.2169691,0.70457387,2
-1.2948998,-0.5654315,-1.484334,1.2797852,-1.0498579,2
-0.9619173,-1.266417,0.6314913,2.0593467,-0.14121978,1
-0.46385765,-0.80707437,1.7563678,-1.3980548,1.1320484,2
-0.60696197,-0.64969194,0.11618604,0.7339259,-0.07807771,2
0.13046217,1.0879804,-1.356794,-0.29486534,-0.73269594,1
-0.902422,-0.1708134,0.90315044,-1.7959205,1.6511354,2
-0.69652,-0.07741181,-0.08864972,0.962451,-0.5480445,2
-0.30993074,-0.1718996,1.8111719,-1.4045138,-0.6471417,1
-0.28070903,2.6463523,-1.9000266,-0.55648196,0.14229092,1
-0.8773387,-0.15151876,1.0751051,0.5867368,-0.2884284,1
-0.95524764,-0.7593411,-0.11727382,1.8118749,-1.2180367,2
-0.6096864,0.9666347,0.27951682,0.18643409,2.1898184,2
3.316414,-2.1116054,-1.37076,-0.96501505,-0.20631418,1
-0.13553612,-0.56681746,0.7397779,-0.1313725,0.55007595,2
0.5014502,1.7308002,0.32597592,-0.97420824,-0.32219136,2
-0.17016122,-0.69870317,0.7508279,1.7937301,-1.3393704,2
0.4079819,0.72337073,-0.30397266,1.0889493,-0.95123386,2
0.23065034,0.11163934,-0.09070826,0.5554955,0.5187517,2
-0.7717991,-0.7983348,-0.6013713,1.8878224,-0.12141977,2
-0.23742095,-0.57543635,2.4035165,-0.97711706,0.3950741,2
-0.52626157,-0.34296766,-0.018996827,0.5084987,-1.2215402,2
-0.619517,-0.4390676,-0.20505893,1.617437,-1.2621242,2
-0.4320919,-0.61191934,0.63436866,1.4392701,2.3921716,2
-0.7452445,-0.050666377,2.5139823,-1.8148016,-0.6733074,1
-0.5614315,-1.1092998,-0.17000738,0.9801671,2.9978352,2
-1.1895771,-0.80342484,-0.049228325,1.5155348,-0.18022688,2
-0.16481765,-0.46454304,0.66944987,0.29529178,0.5671533,1
0.49092078,1.0207081,-1.3307867,-0.36831066,-0.6280314,1
1.7196912,0.0032483041,-0.3273651,-0.021370225,-0.5606582,1
0.032838225,1.0017436,-0.29743418,-0.25468397,-0.6211005,1
-0.76049304,-1.0444046,-0.62426245,0.77405673,-0.9134072,2
-0.18220082,-0.19146505,1.043291,1.4459658,0.9930737,2
0.018526763,-0.0047343895,1.4636652,-1.5105458,-0.36289817,2
-0.45790032,0.09155284,0.5156548,0.38317016,-1.0458827,2
-0.53630644,-0.84780455,-0.16643834,-1.6399843,-0.17060181,2
3.0387218,-0.73551685,-1.5030487,-0.58675325,-0.52266884,1
0.53611773,0.7294936,-1.3165327,-1.0169262,-0.28769007,1
-0.3274431,-0.38960296,1.0783782,0.35982683,-0.86787647,1
0.6306946,-0.6535084,0.84243673,1.2894564,-0.5564202,2
-0.19700024,2.0331383,-1.4916749,-0.8552651,-0.64274675,1
-0.3583541,0.050427727,2.0278587,-1.5912303,-0.7939271,1
3.3270688,-2.0987031,-0.77403045,-0.54380655,-0.40213573,1
0.07980461,-0.06113959,1.1674366,1.0883799,1.8977385,2
-1.2199105,-0.59141886,0.6145335,1.2873318,0.112212494,2
-0.6823369,-0.6432155,0.19786265,1.8437998,-0.22602132,2
-0.8095052,-0.9724786,-0.33638352,0.17358968,-0.07214042,1
-0.5262691,-0.73400253,1.6063749,0.52413106,0.8485062,2
0.40735412,1.827107,-1.5793469,-0.63188225,0.1709155,1
-0.10740432,1.143246,1.7681817,-1.1837349,-0.5581846,1
-0.7023261,-0.6092736,1.6152428,-1.4993204,0.87346876,2
-0.7701363,0.16645858,0.54983914,0.56432176,-0.32580516,1
-0.5655244,0.086360134,1.4811196,-1.5508165,0.3375134,1
-1.0505733,-0.35515904,1.6183712,-1.3892652,-0.3113268,1
-0.50140256,-0.21747404,-0.23980196,1.7711396,-1.3286933,2
-0.038949616,1.5194184,1.2399603,0.20586728,-0.45807007,2
-0.38075173,-0.49950433,1.3974029,0.8553544,0.7763585,2
-0.7495569,-0.8863752,-0.5328553,0.87442684,1.9885528,1
0.37555838,-0.09995235,-0.15550297,0.17516144,-0.7390006,2
0.09322868,0.99765676,-1.3747863,-0.048167393,-0.42295653,1
-0.49018165,0.71496576,0.07371873,-1.240448,-0.14483228,1
-0.041206047,2.1354327,0.055624884,-1.2017617,-0.5319881,1
-0.31639767,-0.5931709,1.2825655,0.34153932,1.1637434,2
-0.69958603,-0.31168154,-0.012931783,-0.084679574,1.1309304,2
-0.5016751,-0.50184804,-0.055770755,1.5184755,-0.93525076,2
2.0215604,-0.8298931,-1.0098904,-0.6097977,-0.015518852,1
-0.88330096,-0.4407034,-0.07438649,1.0565884,-0.22943683,2
-0.71533275,0.25885728,1.0191976,-1.6544924,-1.0307016,1
0.6427483,-0.39014128,1.8631157,-1.2928377,-0.52072334,2
3.1285768,-0.29179955,-0.08815931,-0.1618709,-0.5610231,1
-0.5503536,-0.020132795,1.3987234,-1.4263989,1.8546865,2
3.3355548,-0.70388865,-1.1856478,-0.758755,-0.28297347,1
-0.48675573,0.071776345,0.36005464,-1.024853,-0.32257265,1
0.6175085,-0.40139264,2.0770829,-1.4919019,-0.37363085,2
-0.73669803,0.8372279,-0.3319049,0.0017615706,0.13929191,2
-0.9949491,-0.9344091,-0.5407391,0.0797519,-0.13139921,1
0.23672372,0.44890893,-1.1232646,-0.8687172,-0.22132538,1
-0.72179925,-0.3795438,0.28108728,1.8681158,-1.4986727,2
-0.5815922,-0.9205156,-0.13506751,0.12654585,1.0550411,2
-0.44443,-0.39474338,0.54639757,-1.4017309,0.9408384,2
0.69518095,0.6789803,0.0790209,0.0774619,0.56489295,1
0.63365275,-0.75200456,1.1395688,0.56384265,1.0154757,2
-0.3116218,-0.8435737,1.7067685,0.46779177,0.2933768,2
2.9317582,-0.84898144,-0.9369691,-0.5009146,-0.0045898557,1
-0.14786391,1.0683581,-0.1592507,-0.4385755,-0.020648852,1
-0.090128414,2.292408,-1.701458,0.28434852,0.27342883,1
0.69469464,0.13954261,-1.5056424,-0.87127733,-0.14608106,1
1.0584986,0.48537484,-1.4697118,-0.8725562,-0.47534788,1
-0.7287857,0.08460871,0.86221313,-1.5733547,-1.0777483,1
-0.6775819,-1.0418481,-0.36770695,1.2306867,2.2761981,2
-0.6023769,-0.38924927,1.4477533,1.1416372,2.315293,2
2.5000417,-0.8224296,-0.8794582,-0.5471627,-0.023422152,1
-0.46527666,-0.49557135,0.21732587,0.5633204,-0.15759584,2
2.3774602,1.0363435,-1.2595403,-0.72341466,-0.55600464,1
0.3717406,1.142075,-0.3306267,-0.85683817,-0.35111773,2
0.29629222,0.5076058,0.57728106,0.30102652,0.8371364,2
0.026997533,0.1359241,0.57151175,-0.9863383,-0.8348302,2
-0.53344184,-0.8420469,-0.075238526,1.7131373,-1.3421719,2
-0.18826535,0.9398521,-1.5076958,-1.133316,-0.333283,1
0.3549462,1.8264834,-0.12102392,-0.95070714,-0.22212672,2
-0.43271527,-0.20856602,1.5623626,-1.214722,-0.015751258,1
-0.24548401,-0.36611906,1.3665078,0.22864163,2.4162757,2
-0.40368566,-0.0030413792,1.0692478,0.56382424,1.5810856,2
-0.42758912,0.7433562,-0.42964685,-0.19682008,-0.24869563,1
-0.7681433,-1.6197658,-0.30902654,-0.93276477,-0.14670138,2
-0.3036805,0.735088,0.93577313,-1.2418331,-0.6898785,1
-0.20227247,2.5097578,0.2878366,0.58403593,-0.6048629,2
0.65719384,1.8235166,0.42940062,-1.0688096,0.08140422,2
1.0138133,0.31994236,-0.18696874,1.317661,-0.76917505,1
-0.5343356,-0.83384,0.50943625,1.0933015,3.256642,2
0.16277583,0.7672178,0.57786274,1.0435299,-1.095543,2
0.5230105,0.4461538,1.3288609,0.287705,0.3951513,2
-0.80885625,-0.6541079,-0.024595484,-1.3154505,-0.30851138,2
-0.78045917,-0.48604912,2.0521264,-1.1891476,-1.1309556,2
1.03098,-0.41744128,-1.0317187,-0.8174406,-0.13820241,1
1.1112367,0.85028565,-0.34869444,0.2318376,1.252339,1
-0.20836647,-0.8147942,0.6282241,1.5368999,-0.56012446,1
-0.2332401,-0.39889115,-0.3860659,1.757161,1.8526652,2
-0.7285344,-1.1445343,-0.642452,-0.7644024,-0.17516974,1
-0.636245,-0.83024836,0.9926509,1.1702839,3.3110564,2
-0.13420618,-0.26342052,0.6485493,-1.2175821,-0.41619012,1
-0.48532683,-0.94599277,-0.14043328,0.20376688,-0.21527493,1
-0.60789245,-0.06902452,0.91803175,0.7698398,1.435015,2
-0.7518968,-0.8929324,-0.5204957,0.93757796,-1.429145,2
-0.5648853,-0.45824665,0.0077144355,0.5305844,0.4385304,2
-0.98095363,-1.871284,-1.5052767,-2.08773,-1.849784,2
-0.7398222,-0.45978945,0.22967675,0.62829214,-0.14249173,2
2.5992973,-1.0390766,-1.1711411,-0.3337614,-0.28970832,1
0.35406107,-0.456474,0.7731124,-0.08375174,-0.5270107,2
-0.92301214,-0.380764,-0.60568196,0.2615771,-0.38391376,2
-0.16425163,-0.036199704,1.1308581,-1.1792462,-0.756354,2
-0.72233564,-1.1262171,-0.25563005,2.3918378,-1.6114681,1
-0.29189768,0.22183186,1.2450942,-1.3802491,-0.46790293,2
-0.6648892,-0.38567483,1.7903653,-1.839466,-0.15109955,1
1.902347,-0.826183,1.5193499,-1.0218164,-0.6169201,1
0.23592952,-1.2445711,1.059098,0.3141719,0.6516539,2
0.020328075,1.6677969,-1.563698,-0.14012074,-0.7033608,1
-0.9484219,-0.5154363,0.62440914,0.8757024,-0.80169326,1
-0.4140089,-0.97215253,0.35563028,0.96582025,2.8323536,2
1.2490047,0.39769235,-0.41045356,0.05972171,-0.5815133,1
3.3090074,-1.2273333,-0.8134728,-0.0813196,-0.35832962,1
-0.93415356,-0.67219466,-0.22969794,1.2037827,-1.1563694,2
-0.40915185,0.3322329,1.9049004,-1.4834458,-0.13323009,1
-0.4354662,0.35867617,0.917886,1.4768215,-0.862585,2
1.0643642,0.66880697,-0.09329674,0.9634246,-0.7158418,1
-0.05583471,-0.8721118,0.9207697,0.90087235,2.6946588,2
3.2698045,0.5697397,-1.2035899,-0.03818152,-0.074013025,1
-0.5964865,-0.2567039,1.5194026,-1.3886343,-0.8675911,2
-0.5603378,2.3846207,0.022268325,0.100782506,-0.69329435,2
-0.28066447,-0.24219906,0.11877613,1.7948143,-1.3271719,2
-0.62044793,-0.77498764,-0.3215925,1.1784886,1.3422343,1
-0.40350777,-0.3017371,1.663164,-1.4165312,0.09435536,1
-0.42315936,-0.560251,-0.34980255,0.57667875,-1.0452412,2
-0.63214225,-0.12898394,-0.12306265,0.7830081,1.4916056,2
3.2257047,-0.74211955,-1.0372914,-0.48585615,-0.43073362,1
-0.082340114,2.4134974,-1.6160796,-0.06696759,0.17484187,1
-0.6620507,-1.1419878,-0.11555574,1.3522942,1.0056705,2
-0.5316279,1.1462065,-1.4919688,-0.12992232,-0.5360559,1
0.38567063,0.019018788,1.1494931,0.55670476,0.72923577,2
-0.10083169,-0.36449486,1.1167973,0.32890442,1.8536327,2
-0.42643222,1.7078362,-0.061768338,0.30413494,0.78955096,2
2.584307,-1.8225456,0.7028992,-0.17133991,-0.57216537,1
1.9046245,-0.42995924,-1.0694535,-0.60309553,-0.22980547,1
-0.9514589,-1.2537222,-0.26386917,0.17829694,-1.1549177,2
-0.48649386,0.14407636,1.014214,-1.620533,0.72735167,1
-0.9769852,0.24150702,0.5229157,-0.09320294,-0.7448347,1
1.5911602,-0.45989075,-1.0553668,-0.6363313,-0.31248656,1
-0.76553863,-1.1223326,-0.57650274,1.6035353,-0.152261,2
-0.7833622,-0.31561428,1.5433712,-1.4868731,2.4030745,2
-0.46675813,-0.21550506,1.7300681,-1.4170703,-0.46519667,1
0.38065594,1.3760943,-0.124801114,-0.9920214,-0.3532613,2
-0.7228367,-0.8232312,1.9191352,-1.4750091,0.61601883,2
-0.6339766,-0.36934206,2.043455,-1.8597817,2.1849682,2
0.82397294,0.59838355,0.4652844,-0.7667937,-0.2409128,1
-0.5142088,-0.17189553,1.6814045,-1.5875931,-0.18419565,1
-0.94216746,-0.17174298,0.46644062,-1.1344969,-0.6081234,1
-0.7255275,-0.5961243,1.5525986,-2.013763,-0.8112935,1
-0.2848323,0.6734394,1.2487303,-1.3626856,-0.92747617,2
0.94227993,0.86144257,-1.6080844,-1.103131,1.232486,1
-0.20347115,-0.08036263,1.2345049,0.9848748,-1.0193883,2
0.0010796636,0.7263585,-1.6394978,-0.69691384,0.114667445,1
-1.055501,-0.58060884,-0.045183837,0.5221584,0.09249894,2
-0.18463078,-0.6240844,1.00014,0.6688646,1.7706054,2
-0.7603252,-0.35960507,-0.58242154,-0.07468599,-0.023840517,2
-0.45707104,2.3840284,-0.33183742,1.397536,-0.31222427,2
0.4357257,1.1231452,-1.3379132,-0.30684677,-0.12925339,1
0.2688585,2.4088478,-1.7225515,-1.279497,0.24457568,1
0.15409896,0.66348004,-0.48597658,-0.19061871,-0.23675415,1
-0.4104963,1.6126919,0.5827731,0.331055,1.3834783,2
-0.54028845,1.6003336,0.12491593,0.49784333,-0.11676665,1
2.8187935,-1.763625,-1.3303401,-0.70538306,-0.042774454,1
0.9541402,0.40284127,-1.1292772,-0.6166541,0.10560939,1
-0.71244025,-0.8413191,-0.012217671,0.67311764,-0.11035501,2
2.5306268,-0.12521765,-0.5970543,0.2924675,0.038303927,1
0.32840085,1.996792,-1.7089947,-0.07362441,-0.62551546,1
0.14342017,-0.20115365,-1.032048,-0.7001071,-0.40546337,1
-0.91640675,-0.9479457,-0.6274776,0.017940264,-1.9257331,1
-0.20356536,-0.37050208,1.2567602,-1.5959289,2.2676444,2
-0.5683534,-0.48235282,1.1167456,0.59949076,-1.0270171,2
1.0137825,2.0471323,-1.2705771,-0.7515198,0.30428547,1
0.2569609,0.66768914,0.649568,0.59620017,1.3251944,2
-0.42917898,0.32700723,1.0561428,-1.4342333,0.7698263,1
-0.91889566,-1.2824011,-0.7489879,-0.03674336,-1.3100762,2
-0.6940342,-1.0341372,-0.33922893,-1.2006314,-0.82990664,1
-0.63377875,-0.7637643,0.75486475,0.9015669,-1.4079753,2
2.0051868,-0.45264697,-0.6914855,-1.048603,-0.016974606,1
-0.57478875,2.50622,-1.72379,-0.8266581,-0.5923288,1
3.3054175,-1.9564993,-0.9906691,-0.16601697,-0.26450595,1
-0.15133336,2.2190962,-1.2989485,-0.05974351,1.2795076,1
3.1206043,-0.34711227,-1.3959961,-0.531099,-0.07245698,1
-0.6334865,-0.58674526,0.7121448,0.6344923,-0.28079534,2
-0.76232886,-0.24588124,0.023709733,2.3665996,-0.12409636,2
-0.6146057,-0.25272375,-0.5655658,0.39111832,1.506432,2
-0.1612801,0.3145147,0.99629396,-1.4542209,-0.3838184,2
2.2295854,-0.883012,-0.79543626,-0.19213486,-0.33347633,1
-0.78686166,-0.6747029,-0.1639134,0.34026495,-0.35524088,2
1.333976,0.9329443,0.59722286,-1.1394484,-0.47671813,1
0.21103816,-0.5293711,1.1760275,-0.9032872,0.30794778,2
-0.39580542,-0.59614694,1.1728294,-1.4250973,0.74459183,2
-1.0225035,-0.88580525,0.09352453,1.2452065,3.0872276,1
-0.71786445,-0.8408421,-0.4825032,1.636332,-0.36326635,2
-0.45440456,-0.110935666,0.88723767,0.73295116,1.5327588,2
-0.06344482,1.915581,0.34251085,0.31067508,0.07735196,2
2.567186,-0.31419584,-0.7755923,-0.71222585,-0.34933937,1
-0.43741435,-0.13527493,1.0914516,-1.2867498,-0.5544283,1
-0.7128093,0.23126134,0.67487323,-0.12776548,-0.88396925,2
-0.75355107,-0.56904,-0.44393617,0.2369735,0.85824734,1
-0.60106194,-0.8571675,0.014184147,-0.02656436,2.0482602,2
-0.33681077,-0.78976285,1.1088907,1.0714124,1.3929371,2
-0.54471916,-0.14374332,1.5151467,-0.78071874,-0.6646008,1
2.7250516,-0.6087514,-1.060045,-0.07320103,-0.05389816,1
0.3329607,1.5150801,0.3873464,0.3945648,-0.58716655,2
-0.8177004,-0.80596006,0.053214356,1.2723039,-0.95415175,1
0.83677816,-0.26455426,0.5652332,1.0484115,-1.4573214,2
-0.052661173,0.4426024,0.23703158,0.5738004,1.797866,1
0.24650447,1.5811589,0.8636187,-1.0641276,-0.5986122,1
0.06352097,1.2047793,0.9706581,-0.7230417,-0.34519407,2
-0.34815508,0.13690926,1.8810263,-1.2355332,-0.6097435,1
1.7801659,-0.16750833,-1.3317118,-0.39233112,-0.099730834,1
-0.37542322,1.2123581,-1.6682373,-0.68671465,-0.5958735,2
0.014606722,0.40071902,0.13638493,0.41919166,0.49742043,1
-0.8387054,0.10236251,1.6272548,0.37845543,0.52169085,2
-0.03033173,1.1258427,0.31308958,0.68647265,-0.73029274,1
-0.3165442,0.4511771,0.8195552,1.8018974,0.12420075,2
-0.0664351,-1.0405929,0.6218951,0.3668722,0.81136465,2
3.7584248,-1.9506277,-1.3420309,-0.49170178,-0.46593976,1
3.2876718,-1.4743463,-1.1027656,-0.33170146,-0.05858015,1
-0.6909219,-0.37415993,0.052357364,0.97360075,-0.26056027,2
-0.50284207,-0.20720181,1.5106138,0.51164985,-0.58339006,1
-1.0862241,-0.30626068,0.010405779,0.6097472,-0.23327224,1
-0.38877565,0.16369455,0.7907105,0.29650044,1.5439677,2
-0.21748596,2.7639606,-1.6232295,0.22994936,0.98406136,2
-0.851955,-1.3660712,-0.027674891,0.033462867,0.80783254,2
-0.89500207,-0.8790895,0.107508354,0.793516,-0.34207085,2
-0.70014334,-1.113229,-0.34495202,-0.7780783,-0.8869666,1
0.28904474,0.9446289,-1.41646,-0.8251682,-0.37970254,1
0.64462245,-0.3505997,-1.1983969,-0.50758284,0.42428386,1
-0.74122036,-0.7488627,0.35026824,0.9345848,-0.24436522,2
0.8155891,0.6607632,0.060348094,0.8920108,-1.1807055,2
3.4104886,-1.0571817,-0.55626744,-0.27408603,0.15259698,1
1.24798,1.4755441,-1.4109001,-0.16753983,-0.21897171,1
-0.53443176,-0.40199155,0.23352937,2.0270066,1.6169271,2
-0.6811645,0.14765474,1.2897508,-1.4184229,-0.460324,1
-0.6489054,-0.6761966,-0.41800418,0.663312,1.576311,2
-0.27127594,1.1486531,0.2893466,-1.3358619,1.8315407,1
-0.5380025,-1.0423982,0.18247771,0.42946485,0.025818765,2
-0.65520126,-0.6346706,1.1607957,-1.8692784,-1.5528301,1
-0.9157619,-0.80340743,-0.498496,0.16213623,-0.055480257,1
0.04602193,0.6674913,-0.506268,-0.27068233,-0.1802862,1
1.4546673,0.67155963,0.6326273,-1.0638859,-0.5383435,1
1.8023194,-1.1932672,-0.9131889,-0.3990718,-0.124871776,1
0.43951082,1.3098971,-1.4870142,-0.83873427,0.79332036,1
-0.6334093,0.29713225,2.1265092,-1.5938209,-1.1714938,1
0.21097934,1.3312109,1.1798506,-1.3004622,-0.65932053,1
-0.43863687,0.12739013,0.7771346,-0.08082804,-0.8885085,1
-1.1167308,-2.6135855,1.1541723,-1.7886536,-1.1776913,1
-0.4488668,0.49237123,0.7113626,-1.0709169,-0.26678562,2
-0.05964178,0.09070512,0.8175673,0.19424671,-0.82327604,1
-0.25262925,2.1396365,-1.2115343,-0.20997643,-0.34121794,1
-0.2641353,-0.69208825,1.4502416,1.5421636,-1.4223682,2
-0.540291,-0.97409225,-0.4606617,0.58509076,-1.372224,2
-0.4102762,1.3258741,-0.21768615,-0.11836782,-0.7536823,1
-0.19413815,2.5082307,-1.6511807,-0.8518822,0.0388878,1
-0.20136622,1.93731,-1.6690426,-1.0163994,-0.40373072,1
-0.5684655,-0.3504853,1.7898896,-1.3426957,-0.65189785,2
-0.23591042,1.2449101,-0.17502382,0.6476951,-0.86383647,1
-0.7586472,0.3611652,1.9699346,-1.560993,-0.9610065,1
-0.22486377,1.6215078,-1.5543079,-0.013496824,-0.20205659,1
-0.9404525,-1.1511317,-0.49151197,-0.17861366,1.2819887,2
-0.28747517,1.8392107,-1.7773578,-1.514835,1.691882,1
-0.42566848,1.3324707,0.36762398,0.6739436,-0.8850464,2
-0.8785734,-0.44221032,0.35790494,1.5150492,-0.25481147,2
-0.7668567,-1.0991428,-0.41615212,0.59015226,1.7350239,1
-0.58494234,-0.9385105,-0.4094748,-0.046305083,-0.65736663,2
-0.48727086,-0.73205256,1.4849471,0.5130786,2.074335,2
-0.34415606,-0.5722137,-0.62529,-0.00044188648,-0.2395193,2
-0.8886918,-0.7973567,-0.1397899,1.3862008,2.0252144,2
-0.18226573,0.7956486,-0.40692788,-0.76456845,-0.014948964,2
-0.9029243,-0.63993675,-0.20760608,1.4776002,-1.4094864,1
-0.75260353,-0.48333246,0.26497632,-1.3143289,-0.31522137,2
-0.6701429,1.7575692,-1.526728,-0.19190842,0.190601,1
-0.670679,-0.886732,0.33017534,2.168399,-0.20452842,1
-0.7600406,-0.6191341,0.8347191,0.50585127,0.6212011,2
-0.45145786,1.4870899,0.43636212,1.2721474,-0.60715175,2
0.22787136,-0.4425866,1.1621089,1.4818366,-1.0365196,2
3.218118,-1.7844335,-0.826841,-0.71254295,-0.3346085,1
0.31849816,2.6426227,-1.8333778,-0.045512512,0.3195275,1
-0.78764,0.11117883,1.4978018,-1.4248451,0.07000665,1
-0.40513274,1.9693735,0.31161767,0.27611542,-0.7419766,1
0.47817618,0.37452,1.2578039,-1.1039155,-0.61489516,2
2.3640873,-1.5973951,-1.088226,-0.45779943,-0.05798489,1
-1.0406547,-0.49311125,0.57050014,0.5215943,-1.0563179,2
-0.71553266,-0.91098136,-0.26277524,0.22289869,0.5933132,2
-0.06006215,0.14000218,0.7671281,0.21805254,0.9886884,2
-0.757755,-1.072391,1.240664,0.64333206,2.5995965,2
-0.66770613,-0.3452472,0.0092125125,1.132829,-1.1354147,1
1.4507265,0.7312314,-0.3848551,-0.015415946,0.8915259,1
0.2890651,0.41379112,0.71437466,0.68833417,-0.99030876,2
1.7723125,0.9461501,-1.309123,-0.4523474,-0.16236633,1
0.5914218,1.4353371,-1.6061842,-0.42556506,-0.33277062,1
1.0911947,-0.5419657,-0.7602565,-0.5551241,-0.68622607,1
0.039529867,-0.61334604,0.93439823,0.68844515,0.5296464,2
-0.8133787,-0.013885841,1.590469,0.59397584,-0.42124486,2
-0.43782562,0.27202234,-0.00040863454,-0.25929043,0.16714588,1
0.69723886,1.6153963,-0.13573681,0.31806302,-0.6192635,2
0.12236913,-0.53015494,0.9632418,0.22611257,0.08461252,1
-0.6001421,0.7065889,0.9512928,0.43799314,-0.90981764,1
-0.5876543,-0.07347822,-0.29844937,0.737392,0.02812159,2
0.08241901,1.2035615,1.1396717,-1.49587,0.6134443,1
0.30223376,-0.51300955,0.099738106,0.7347294,0.4532243,2
3.8936794,-1.8555728,-0.7341,-0.8428856,-0.24092096,1
-0.7673145,-1.9841617,-1.7188815,1.496715,-1.1478581,2
-0.49646553,1.3149366,1.1284692,-1.5456958,-0.18963075,2
0.50417113,0.7366909,-1.4245586,-0.24339715,1.8008258,1
-0.14037134,1.0751038,-1.3453537,-0.12984103,0.13574708,1
-0.4579061,-0.110292494,1.3332384,-1.1485507,-0.8248079,1
-0.15640451,1.5466082,0.26616699,0.5039406,-0.6679368,2
0.2509445,1.1449194,-0.06996322,-1.0773666,-0.2575547,2
-0.5182325,-0.6088466,0.2737363,0.84765184,-0.7108235,2
-0.30531007,1.9342253,-1.8038013,-0.95213485,-0.5686147,1
1.98582,-1.1801844,-1.0721123,-0.42346743,-0.40338698,1
-0.5866002,0.16686726,1.0388502,-1.2392778,-0.4976171,1
-0.92249006,-0.71764743,0.05949489,0.31108302,-0.3432989,2
1.7176439,-0.36978906,-1.0694088,-0.51183623,-0.21616559,1
-0.8719162,-1.0548593,-1.3500202,0.43906397,0.98658246,2
1.7125028,0.2049307,-1.3599387,-0.31767526,0.039378494,1
2.921746,-0.55776095,-0.0452922,-0.28445065,-0.5267586,1
-0.22315067,2.4056916,-1.880054,-1.2688727,-0.099123046,1
-0.6341789,-0.64848,0.5288003,1.0723475,-1.5071678,2
-0.13943103,0.4761777,0.4262897,0.275901,1.9346073,2
-0.3675014,-0.5234716,0.67111003,1.5066111,-0.053131513,2
-0.22086489,0.089437775,0.61431676,0.8761866,2.1158888,2
-0.9030464,-1.1210204,-0.6927148,-1.4676638,-0.24393949,1
0.0012150407,0.7075312,1.488047,0.4689799,-0.68627775,2
-0.023041882,1.2422963,0.43329304,-0.89356923,-0.40954602,1
-0.20008355,-1.0193397,1.3933123,1.3722445,2.127903,2
-0.47808644,2.0949144,-1.6173466,1.1231009,-0.700933,2
-0.06804765,0.61074823,-1.3449833,-0.6970132,-0.48949546,1
0.2612034,2.5057092,-1.4744875,-0.01470425,0.20982969,1
-0.4805231,0.27715757,1.0690703,0.21756493,-1.1909608,1
-0.18973297,0.23588625,-1.4328238,-0.8525127,-0.13011825,1
3.3688028,-0.85237014,-1.0892377,-0.6162125,-0.35462472,1
-0.21133758,-0.6811888,1.2355337,0.5799192,2.147089,2
1.8044044,-0.72561795,-1.0042775,-0.26551253,0.07879469,1
0.6715966,0.14496697,-0.6037145,-0.8826465,-0.27286988,1
3.0693376,-1.0022373,0.7139622,-1.1312146,-0.41451037,1
-0.9308513,-1.0567937,-0.47808596,1.414122,1.4196788,2
-0.64119524,-0.4021629,0.34101284,-1.0315939,1.5489975,2
-1.2800081,-0.6932121,0.35349146,0.66889536,-1.6112281,2
-0.6709586,-0.29553482,-0.24791715,0.97143596,-0.18079413,2
-0.36593896,-0.19243602,-0.06546457,0.59822696,-0.26027316,2
-0.6134644,-0.7757026,1.6333901,1.2055659,1.9949431,2
0.8865372,0.007600261,0.17594448,0.23288088,2.07096,2
-1.2619766,-2.163731,0.46058238,0.24055561,-0.61252725,2
-0.61747754,-0.2955109,-0.119621605,1.2282416,-1.5478549,2
0.14721185,1.3092043,0.6719782,-0.6146413,-0.56656086,1
-1.3641615,-1.3302692,-0.20663652,1.7023401,-2.007569,2
1.0981638,-0.19124076,-1.0229694,-0.55548525,0.03538678,1
-0.11361256,1.5652723,-1.5622107,-1.4682968,1.7305081,1
-0.6044586,-0.079458416,0.2711525,1.496779,-1.4979677,2
-0.41252443,-0.44473416,0.3700365,1.177127,-0.36026913,1
-0.57725435,-0.8652671,-0.335695,0.9004774,-1.2037997,2
-0.15623903,2.058115,-0.2982716,0.19911379,-0.0010734797,1
-0.76218045,0.07841465,-1.1730192,0.3457129,0.45628512,1
0.6344849,1.7454957,-1.4838821,-0.3799103,0.035404842,1
-0.69639903,-0.7905469,-0.44271964,-1.192183,1.6100808,2
2.1902294,-1.0487487,-0.83081764,-0.6577957,-0.33033046,1
-0.40336335,-0.62678856,1.5135449,0.74181384,1.7216952,2
-0.334396,0.10365557,0.82658356,0.035620987,-0.40581554,1
3.0929976,-0.7402963,0.6627868,-0.96435994,-0.4912585,1
-0.5167218,1.1052003,-1.5600346,-0.10521377,0.6781926,2
-0.8549415,-0.49268034,-0.11270863,2.361875,-0.27815616,2
-0.6406131,-0.3588647,0.095145196,0.62272555,-0.8250259,2
-1.408484,-0.47220734,1.3854338,-1.1305707,-0.677326,1
-0.48670053,-0.06812313,1.590214,-1.5114071,-0.45177186,1
-0.77346283,-1.1140682,-0.5534299,0.8209413,2.329719,1
-0.5107293,-0.253399,1.8930348,-1.3946257,0.7505047,2
1.6764928,1.2743194,-1.3044848,-0.53989017,-0.2828645,1
-0.62569743,0.30147064,1.2413099,-1.4181511,0.1565914,1
-0.778692,-0.44252625,-0.40757984,1.563979,-1.6687281,2
-0.21907508,0.39604503,1.1031772,0.8787217,-0.8703937,2
0.31175885,-0.3673679,-1.2947841,-0.5420684,0.06855277,1
-0.74551904,-0.7821445,-0.2984339,0.19917233,-0.2232403,2
-0.83293116,-0.3772322,0.19917336,1.5144079,-0.15780534,2
-0.44089267,-0.46728924,1.8928293,-0.91028714,-0.7519832,1
-0.17822169,0.33731127,1.0296476,0.42341697,1.1616106,2
-0.65380985,-0.9922848,-0.5004271,0.15024173,-1.350131,1
-0.47683564,-0.687062,-0.18640499,0.69691503,0.106564686,2
-0.7772623,-0.10157054,1.0978484,-1.3201386,-0.4555899,1
-0.12595385,0.5888789,-0.37154812,-0.8358644,-0.021039814,1
0.61622155,-0.029651284,-1.0641217,-0.48653698,-0.6730333,1
-0.83745617,-0.9355054,-0.64949274,0.7747163,1.1271935,2
-0.6873408,-0.5378176,1.6936135,0.48410103,0.6603167,1
-0.7139263,-0.60816324,0.9120059,-1.8804195,3.1731129,2
-0.8208577,-0.23014075,1.229446,-1.2065349,-0.54436076,1
-0.4730477,1.4224689,0.49217576,1.029848,-0.9681346,2
0.048392586,-0.52249086,-0.19630925,2.1751947,-0.83954024,2
0.23143941,0.81490505,0.6212518,0.78378236,-0.7063358,2
-0.32879257,0.9228743,0.31630155,-0.28275985,-0.31604373,1
1.9179634,0.88359016,-1.2680706,-0.74569005,-0.13227828,1
0.639326,1.4253099,-1.7751007,-0.41724658,-0.40886003,1
0.7902173,1.0011204,-0.01943485,1.0242616,-0.8762091,1
-0.80375975,-0.76581347,-0.5694327,0.14846253,1.9286364,2
0.16306983,1.1925669,-1.8957999,-0.6272804,-0.40465486,1
-0.667534,-0.8488579,-0.14622211,0.41859642,-0.24187358,2
-0.62486553,-0.28399047,-0.46456322,-0.24933723,0.40251452,1
1.2755587,1.5635182,-1.7656363,-0.667415,-0.4079147,1
-0.5536567,-0.54623747,-0.6529225,-0.0036656894,-0.071364276,2
-0.093778834,2.1008093,0.28726038,0.37328967,0.751722,2
-0.5958562,-0.4269637,-0.029790675,1.8008325,-1.7494807,2
0.43874797,1.0755855,-1.4524173,-0.8852534,-0.0007615797,1
2.6159205,-0.66910195,-0.7870276,0.15397307,-0.8577578,1
-0.20224205,-0.8096157,0.05078808,1.4886398,-0.16746892,2
3.4627757,0.5914961,-0.9972627,-0.8194479,-0.06267987,1
-0.55402863,-0.35186547,1.4056749,0.99307126,0.82555336,1
-0.16629437,2.8483593,-1.6634779,-0.5013599,0.8098777,1
-0.8448361,0.101843834,0.71089965,-1.3400947,-0.81819206,2
-1.7657493,-2.3758528,-2.2316818,-1.1496984,1.9293203,2
-0.51561207,-0.3341213,1.4777068,0.9922683,0.012837321,2
-0.46331802,-0.59737194,1.7220882,0.7106032,0.68961865,2
-0.46745342,-0.2482728,-0.2153604,0.23315729,0.01576671,2
-0.9772516,-1.0082504,-0.6471435,0.66480255,1.7313834,1
-0.5946534,-0.44835854,0.43936238,1.572513,-1.3569307,2
-0.51379085,-0.8371565,0.16981749,1.6401986,-1.3400967,2
0.60083705,0.86607355,1.1977677,-1.0477612,-0.55733705,2
-0.65925163,-0.6781314,-0.1802862,0.7507724,-0.8311019,2
-0.1387533,-0.7736559,0.8087659,0.25388202,0.61620283,2
-0.40992212,-0.8424398,-0.19967185,1.765533,1.413189,2
0.5643015,0.17012733,-0.4130215,-0.18651754,-0.9775625,1
-0.5605962,-0.63553804,0.34610653,1.2222693,-1.0841131,2
-0.87588495,-0.7938694,0.038888816,0.35365725,-1.2021253,2
1.8291521,0.293204,-1.2910633,-1.0090083,0.1859573,1
0.8836041,-0.510157,-1.0997462,-0.5633178,0.27132124,1
-0.67219055,-0.6350144,-0.431015,0.7416841,0.8195301,1
0.8893869,0.49422178,-0.48808762,0.031422663,1.4833633,1
0.057571605,2.7453036,-1.5949339,0.40732798,-0.344042,1
1.4979566,0.14347795,-0.7121038,-0.37995842,-0.13328148,1
-0.6742481,-0.22173132,1.5077481,0.9141581,1.6273619,2
3.0218425,-0.048892274,-0.26995146,-0.01522249,-0.19631371,1
-0.94283044,-0.5646659,0.45351654,1.2401917,-1.1426941,1
-0.64430916,-0.8925488,0.84744346,0.18667707,1.7312607,2
-1.4358326,-2.1034074,-2.7081568,-2.3235774,-0.44649148,1
-1.1573385,-0.6909593,0.13013902,0.9827705,-0.42772973,2
-0.5309524,-0.33201748,0.82308084,0.5057864,-0.50567484,2
-0.62344044,-0.12895988,1.5742294,-1.4132015,-1.1825031,2
-0.9804151,-0.73332816,0.22421935,1.2377133,-0.22902644,2
-0.0145570785,1.7116112,-1.8778749,-0.6842059,-0.4543442,1
-0.92520255,-0.85139155,-1.3424044,1.9923285,-0.022702336,1
1.3514258,0.7302151,-1.1686825,-0.5802392,-0.11807637,1
-0.5447326,0.21422869,0.49220723,0.69640744,1.2490149,2
-0.8122823,-0.6545718,-0.39077368,-1.362855,3.164283,1
-0.99430275,-0.49729395,-0.2716247,0.54507077,-1.0453662,2
-0.5642006,-0.59321195,-0.35876107,0.59559846,-0.22380815,2
-1.010512,-0.80676085,-0.06502054,-1.4006393,-0.045734107,2
-0.44965333,-1.3394613,-0.7945304,-0.038784467,-0.29089335,2
-0.9108111,-0.84608835,-0.14299478,1.8971605,-1.1935757,2
-0.9464016,-1.4935592,-1.5316805,-1.0615692,-0.911111,2
0.111908406,1.3063881,0.029752959,-0.75121945,-0.15040329,2
-0.5532371,-0.2575601,-0.28772262,0.9466199,1.5294508,2
3.253657,-1.7738463,-0.84416246,-0.51883394,-0.15758218,1
0.063540146,2.3158052,0.43723464,-1.0553085,0.112407885,1
-0.59601635,-0.18524204,1.718653,0.58294445,0.44351357,2
-0.11486851,1.583427,0.33687073,-0.22668171,-0.5424074,1
-0.057281196,0.4687961,-0.24037433,0.03541577,1.1283787,2
1.0446036,0.911108,-1.0822458,-0.7056442,-0.004521694,1
1.8879641,-0.9393128,-1.2170061,-0.7957048,-0.08878037,1
-0.054018624,1.223837,0.18638517,0.6829608,1.3908255,2
2.957213,-0.72457945,-0.09302509,-1.0614175,-0.28575662,1
0.9522267,0.080542885,0.50882626,0.12311765,1.20229,2
-0.455746,-0.07523631,1.9586748,-1.5635645,-0.06734488,1
-0.7459504,1.0322276,0.2777552,-1.1023947,-0.34362495,1
0.24968141,-0.73618186,0.56025255,1.5259072,-1.2646807,2
-0.7396913,-0.69184273,0.056083098,1.0707138,0.8127484,2
0.11043152,-0.84740555,0.21453542,1.274519,0.72954494,2
-0.6488993,-0.46051818,-0.4491252,2.4547524,-1.2044897,2
0.15776941,0.8892994,-1.3066618,-0.9588723,-0.3506571,1
-0.6371725,-0.785336,0.56589997,2.1354332,-0.19770107,1
-0.20123321,-0.8265811,0.80085266,0.5824428,-0.95551664,2
-0.25946692,2.787147,-1.6894392,-0.93096125,-0.46084088,1
0.072083056,-0.76531196,1.3670511,-1.7670072,0.3505252,2
0.29462066,0.26963672,1.3028513,-1.265536,-0.31984922,2
-0.570387,-0.5789218,1.3757726,-1.3064529,0.35231057,1
-0.40335825,1.1560087,-1.5459819,-0.36262602,0.09882519,1
-0.1821656,-0.5001829,1.111687,0.9906839,1.3965223,1
-0.7814493,-0.4571788,-0.2586363,0.19758171,0.08388926,2
-0.84955,1.4352736,-0.042460423,0.96418595,-0.69451183,2
-0.672003,-0.8780157,-0.112215705,2.4291046,-1.2285656,2
1.7477188,0.6712047,-0.54195315,0.41796023,-0.7469445,1
0.078888915,2.7488642,-1.579787,0.15264106,-0.75155795,1
2.677482,-0.8165028,-1.1412067,-0.5745367,0.14543694,1
-0.73371375,-0.5218517,-0.43405738,1.1934202,3.2461615,1
-1.2182187,-0.7088436,0.11279491,1.1017618,-0.26600772,2
-0.5047262,-0.86019653,-0.059718385,1.6539433,1.5690479,1
0.093186155,1.2095366,0.31666327,0.49441707,1.0265867,2
-0.35834,-0.21087392,0.07792392,0.95989627,-0.21765617,2
-0.6875154,-0.9359955,-0.19566438,1.5665544,1.900344,2
-0.17641874,-1.1181058,0.79773,1.8524634,-1.3792853,1
0.39601976,1.1964443,-0.13702765,-1.1678087,-0.6123929,1
-0.38799438,-0.6574429,1.4644661,0.4436568,0.998155,2
-0.035726994,-0.9545363,1.1148856,0.8193509,-1.4617834,2
-0.8009409,-0.6897604,-0.57470584,0.047040522,1.2521416,2
-0.42350286,-0.17068908,-0.41393697,0.3312732,1.2231027,2
2.520898,-0.41600028,-0.9914436,-0.41799816,-0.02687763,1
-0.5069672,1.3974297,0.04750943,-0.10422927,-0.63424104,1
-0.6118603,2.0343375,-1.5477377,-0.5152693,0.31686178,1
3.1435895,-1.2049897,0.20050111,-0.77870125,-0.004689276,1
-0.31042627,-0.41740337,0.7819547,0.7483778,0.09753281,2
0.1621322,0.33478194,0.3670387,0.63746715,1.6584693,2
-0.7143492,0.66913736,0.8417575,0.14206097,-0.8600794,1
0.22286384,1.7811258,-1.7398167,-0.5476657,-0.24452439,1
-0.67298216,1.4263649,-1.4581431,-0.21554875,-0.27816963,1
-0.30824745,-1.1286348,0.95491457,0.5948949,0.60290444,2
-0.30571333,-0.26964152,1.3859873,0.27267227,0.4914624,1
-0.06685132,-0.8490902,0.5736666,-1.2367553,0.47122696,2
-0.8437737,-0.8809325,-0.6919455,1.0095742,-1.6689477,2
-0.59893656,-0.5592135,-0.34876752,0.18226695,1.24538,1
-0.2634748,-0.856723,0.39069784,0.7818086,0.9724129,1
3.2747653,-0.7334553,-0.70789057,-0.79384524,0.83369863,1
-0.7040621,-1.0201571,-1.2347083,0.38344944,-1.7546573,2
0.29845503,1.2057993,1.0099088,-0.83506674,-0.59934235,1
-1.2387831,-0.85639215,-0.06884175,0.7654239,1.2998165,2
-0.2872659,0.68688166,-0.10200979,-0.28251562,-0.464704,1
-0.5785008,-0.40511307,-0.63502777,1.2907668,1.4957328,2
0.9119235,2.100677,0.051037095,-0.7681566,-0.30078113,1
0.76413524,0.38020587,-1.1888369,-1.1462117,2.1006238,1
-0.36545798,-1.2064296,-0.60217494,0.9652632,1.9085537,2
-0.5566817,-0.68053555,-0.09459684,1.7228153,-1.2701329,2
-0.23033093,0.7394582,-0.10431414,-1.2237628,2.543359,1
-0.5424672,-0.4742427,0.03428662,1.6813989,-1.7687743,2
-0.5183259,-0.22200352,0.7198746,0.47428972,-0.23367466,2
-1.127502,-0.9721771,-0.5940718,1.1956998,-1.8611887,2
-0.8061593,0.43122244,-1.4240354,-1.0854361,0.11173709,1
-0.45837042,0.07531002,-0.2784063,1.7359678,-1.2196162,2
0.10520152,2.494861,-1.6791811,0.13819808,0.07111263,1
-0.30378795,0.7876827,-0.2135981,-0.19430509,-0.47783142,1
-0.22057965,-0.24686682,0.777531,0.084819034,-0.6768024,2
-0.90287966,-0.14439546,1.5685258,-1.8193485,-1.244974,1
-0.5955923,-0.5175561,0.21810365,1.3236787,-1.7139356,2
-1.1240662,-1.7505841,-1.8370893,1.1379578,-1.0063943,1
-0.36941472,-0.807333,0.19349599,2.0780897,-0.17461848,1
-0.24837337,-0.045931384,1.4150105,-1.1349726,-0.5998369,1
1.4460108,1.3311286,-1.364434,-0.3748393,-0.09804171,1
-0.55627674,1.9155815,-1.4003942,-0.91326237,-0.42406714,1
-0.6215818,-0.028204426,2.4644365,-1.4978122,-0.8377157,1
-0.77678,-0.94785154,-0.35197425,-0.20833638,-0.27894038,1
-0.29349756,0.7399559,-1.2039369,-0.61527765,-0.13926035,1
-0.49142295,0.02313649,1.2558125,0.41024047,1.3587394,2
-0.36550808,0.8742261,0.22112937,-1.1446364,-0.55808717,2
-0.7120939,0.10628146,1.7060388,-1.5858002,-0.86350447,1
-1.8476661,-0.9576098,-0.6306298,-0.57747316,-0.11458759,1
-0.7789629,-0.21520172,-0.33832863,0.35974294,1.5648073,2
-0.13529773,-0.02340728,1.0973333,2.0073023,-1.2045131,2
-0.10390752,-0.041683942,1.2118676,-1.5702748,-0.71391505,2
-0.35155055,0.94602585,0.042528868,-0.03729876,-0.74294335,1
-0.9150107,-0.7641277,-0.08267274,0.78016084,1.3153194,2
-0.21555574,1.7760229,0.8882972,0.22286323,-0.49145254,1
-0.53976995,-0.25580928,1.402273,0.82766247,0.51095265,1
3.1738377,-0.9759846,0.47155163,-1.0365725,-0.05901578,1
-1.2607533,-0.213383,0.5351347,-0.008756675,-0.4088059,1
-0.19996838,1.3482583,-0.1413959,-0.18932922,-0.63852745,1
1.0064394,-0.21297589,-1.5806996,-0.8509792,0.17059891,1
0.488543,-0.4110581,0.8604605,0.9395133,0.8983573,2
0.52606714,0.98497534,0.4054822,0.2431059,-0.44815937,2
0.7237497,0.95432717,0.020767987,0.10763453,-0.48504716,1
-0.31570035,2.3521087,-1.8569503,0.17248935,0.46904537,2
-0.98836696,-0.2348825,-0.17040524,0.8107171,1.4786813,2
-0.064266965,1.7148575,-1.7305325,-0.33979926,-0.35175502,1
-0.37458396,1.306262,-1.6138781,-0.6262233,-0.5920718,1
-0.18244433,-0.748016,-0.32480717,1.215801,1.3036193,2
-0.54163164,-0.7180216,0.1299848,2.290265,-0.24448216,2
-0.34260902,-0.1313085,0.022270054,0.45639917,1.0995702,2
-0.52493113,-0.058207273,1.4721887,-1.6325027,-0.76300526,2
-0.7249052,-0.580901,0.7121072,1.3488019,-0.39315054,1
-0.24952358,-0.6064234,0.55272776,0.19017354,0.8326018,2
-0.3620409,-0.77132595,2.3740156,-1.4777212,0.36864337,2
-0.6630147,-0.48807693,-0.24455032,0.7055322,-1.665816,2
-0.25429195,-0.56021214,-0.03720636,1.0150695,1.2355249,2
-0.49157637,0.084008045,0.5939982,0.37934166,-0.5670111,1
-0.40738633,-0.24537127,0.39149985,1.3559344,-1.1522001,1
-0.6630259,-0.8544375,0.9811461,2.2185078,-1.2191225,2
-0.7237632,-0.7195807,0.068854034,-1.786825,3.1807017,2
-0.79194057,-0.035357058,-0.24004988,0.631985,0.98713905,2
-0.21170948,1.6340016,0.2523007,-0.111982994,-0.3807317,1
-0.5065316,0.06939107,0.43532237,0.13951924,-0.3339785,1
0.15423945,0.9872236,0.2727057,1.1247097,-0.5963572,2
2.1204672,0.442299,-1.1428612,-0.5036434,-0.5354106,1
-0.7444179,-0.91575676,-0.28440803,1.0711423,2.8042917,2
1.6196133,1.427762,-1.6731216,0.26884753,-0.6678828,1
-0.56311214,-0.95044684,0.5083941,1.4560404,2.7319474,2
0.47990194,1.500835,-1.7173201,-0.17954963,0.39631265,1
0.6035535,-0.87009597,1.0931398,0.42769593,-0.5094527,2
0.017494678,0.327293,-0.7503652,-0.63372636,0.011362305,1
-0.8967786,-0.9126216,0.48589486,1.8659048,-0.26349702,1
0.0012370497,-0.9097074,0.7364755,0.6883937,-1.0105926,2
0.38666618,0.5387985,-1.3996135,-0.83965796,-0.44741538,1
-0.8287872,-0.7983883,-0.14553998,0.36207953,0.97191024,2
-0.48678342,-0.46363184,0.63638514,-1.3926004,-0.842812,1
-0.3402568,-0.3343529,0.024254192,2.0504768,-0.10771669,2
-0.0035092756,-0.056662355,1.0264026,-1.21883,0.58104515,2
1.4103389,-0.38270372,-1.3852863,1.497658,-0.9052757,1
-0.047655143,1.0272886,0.8629756,0.10297331,1.6292939,2
2.2197819,-1.0238582,-0.6532382,0.20722492,-0.9549882,1
-0.42626476,-0.3827232,1.7841227,0.64337194,-0.4784835,1
-0.033018842,-0.9461952,1.2849694,0.6009026,0.57562923,2
-0.69921774,-0.7626722,-1.1496903,-0.1871743,-0.25151405,2
0.053697906,-0.7298263,0.45766705,0.019671373,0.5216553,2
0.50533915,0.67277855,-0.6196511,0.26941583,0.99239266,1
3.320932,-1.0178157,0.14818136,-0.58312744,-0.17985258,1
-0.5761446,0.18603244,0.23299986,-0.7591489,0.58525777,1
-0.8159621,-0.48880363,0.58347136,2.9917028,-1.507257,2
-0.6868225,-0.11091848,-0.6047663,0.64443845,-0.28848696,2
1.7528343,-0.031434745,-1.1328677,-0.54961663,-0.36359248,1
0.24599597,-0.35472134,0.93141913,1.5391951,-1.3532373,2
-0.6297111,-0.55893123,0.67655504,2.6763306,-1.528418,2
-0.79846174,0.043054193,1.2937745,0.7044447,1.529107,2
2.8459344,-1.8149904,-0.84391236,-0.16606715,-0.15320387,1
0.22373812,1.4448767,-1.5404059,-0.7598247,-0.20465977,1
-1.0276723,-1.1659118,-0.6365995,-1.2772338,-0.31403112,1
-0.75336576,-0.970266,-0.59612995,-1.8959651,2.199364,1
-0.49130425,-0.93876183,0.45120704,0.8988116,2.8280573,2
0.27470613,-0.379021,0.19676396,0.9910469,0.5114326,2
-0.6249288,-0.18950534,0.9551649,0.9348545,-1.5993865,2
-0.481712,-0.9573467,-0.6162599,0.97221696,-1.4120417,2
-0.7643517,-0.7918393,-0.12231108,-1.1885601,-0.21586527,2
0.8172414,-0.1765978,0.028978914,0.26421317,0.1202562,2
-0.9252978,-0.6162383,-0.27062255,1.1168575,-1.7039824,2
-0.8449935,-0.92697525,0.82811546,0.10796127,1.8303654,2
2.9840147,-0.8531233,-1.1693885,-0.74072886,-0.34947443,1
0.6978911,-0.32834846,-0.637992,-0.69494075,0.24519613,1
-0.8255795,-0.33353382,0.15089887,2.0373259,-0.26182014,2
-0.74959844,-0.56128,1.4888049,-1.6005086,1.7363273,2
-0.5387577,-0.9396324,-0.10820921,0.8885432,-0.19015047,2
-0.21400088,-0.5977595,1.4626075,1.5148685,1.0204661,2
-0.8854044,-0.39781073,0.22648509,1.9740043,-1.2669147,1
-0.55565464,-0.659875,1.5437144,0.41864046,-1.59936,2
-0.6048112,-0.079339445,1.608195,-1.384703,-0.27194822,1
0.22325268,-0.20325133,0.5328319,0.34500948,-1.1214392,2
-0.7043986,1.2489754,-0.1819762,-0.3900933,0.32228127,1
2.5905323,-1.0149508,-0.90668917,-0.52773875,-0.050134424,1
-0.77930814,-0.74612933,-0.6076779,-0.03287644,1.974948,2
-0.15591837,1.7986513,-1.5710495,-1.0090303,-0.6260763,1
-0.9117923,0.11923586,1.6187117,-1.2518401,-0.71717536,2
-0.1188343,-0.4135494,-0.6084188,1.0871347,1.1942266,2
2.982638,-0.21333945,-1.0421611,-0.7737386,-0.09006722,1
0.17708729,0.11566719,0.9413587,-1.090649,-0.7320993,2
3.291166,-0.93444705,-1.0356922,-0.6073746,-0.17757344,1
0.5725658,1.4992816,-1.3776768,-0.7238547,-0.43102017,1
0.073158205,0.75622404,-1.4230525,0.15667997,1.4302396,1
2.7132478,-1.6960195,-0.79082817,-0.369916,-0.4589073,1
2.7456942,-0.8525687,-0.64116764,-0.66481614,-0.017996963,1
0.010096669,-0.3674409,0.18036243,1.0501344,-0.74963397,2
0.7923817,-0.081426576,-1.1261712,-0.7178851,0.028357804,1
1.7716846,-0.67781115,-1.1420513,-0.310969,-0.2723215,1
-0.7459146,-0.44735494,0.31693444,-1.333837,1.6274452,2
0.13272244,1.1380044,1.2537221,-1.1409514,-0.2133511,1
4.015507,-0.41010115,-1.2726449,-0.59970826,-0.42923146,1
-0.56393915,-0.7080493,1.6388774,0.5828583,0.6314362,2
0.43538484,1.456889,0.48935953,-0.03161916,-0.43055832,2
0.36390862,-0.85320306,0.190857,0.9244609,2.1680439,2
-0.46146747,-0.70285225,0.08136172,1.4750634,-0.9855943,1
-1.201594,1.2365023,-0.08395672,-1.3315285,0.12555759,1
1.4252514,0.4046399,-0.75249493,-0.3266673,-0.021588564,2
-0.6347623,-0.51493645,-0.059002895,2.1240997,0.049680725,1
-0.6755953,-0.21683478,-0.06429431,1.8867712,-1.6218628,2
2.4008112,-0.66477484,-1.1154011,-0.74318504,-0.16586794,1
-0.59394747,0.6757387,1.7123139,-1.3090696,-0.5269338,1
2.9453123,-0.871596,-2.3908055,0.014660085,-0.6375386,1
-0.43333584,0.5015554,-0.06803193,-0.14660603,-0.29494113,1
3.3676634,-0.47434124,-0.98593605,-0.67684805,-0.374781,1
0.09650122,0.25297824,-0.64000934,-0.098649085,-0.44133815,1
-0.6789366,-1.989767,-2.1816623,-2.2709467,0.16519172,1
-0.5751104,-0.12996416,-0.24370188,-0.1017391,0.34261405,1
-0.12831658,0.7478121,-0.13204937,-0.99809533,-0.024705678,2
-1.1289722,-0.6853424,0.61616725,-0.5323763,-0.23076855,2
-0.42055693,-0.3814307,0.83536005,-0.9855625,-0.14297253,1
0.12567969,-0.19332367,1.4165221,0.27848536,2.1719985,2
-0.107678786,-0.31994027,1.321943,1.4235194,1.210361,2
0.9421402,0.28583568,-1.40999,-0.4779956,0.009533392,1
-0.6893449,-0.079720885,0.8784473,-1.5057381,-0.736776,1
-0.5319124,1.7080762,-1.9288058,-1.0908706,-0.16895704,1
-1.247445,-0.8598331,-1.6735562,0.39582327,1.0404565,2
-0.49423295,1.1603621,-1.5766531,-0.33027554,-0.27226895,1
-0.03208955,0.34276664,1.0647708,0.54512334,1.4588016,2
0.4897241,-0.1404249,-1.4357525,-0.7261537,0.12599817,1
-0.32053787,1.3773625,-1.7332766,-0.03867113,0.46226025,2
1.7512357,0.0874016,-0.4840176,-0.21365547,-0.6950794,1
-0.43355596,1.6129212,1.5008569,-0.9415587,-0.29702538,2
-0.11462258,0.39086953,-1.3505037,-0.6054442,-0.65510976,1
0.6068702,0.35345703,-0.31574827,-0.12565209,1.4716847,1
-0.2229355,0.8624222,0.14270496,0.040813886,-0.6194003,1
-0.34763807,1.8008798,-1.5318669,-0.656345,0.059792977,1
-0.49111685,-0.31298453,2.0263221,-1.5487375,-0.9261555,2
-0.10185588,2.2870982,-1.749654,-0.22673507,0.36494327,1
0.3437787,1.8040204,-1.5113901,-0.73520845,-0.418275,1
-0.65080863,-0.78235996,1.2149122,0.32571566,0.9733453,2
-0.7361922,-0.65690845,-0.31848323,2.0584278,-0.13074163,1
-0.41539925,-0.17345047,1.9903822,-1.717906,1.1532582,2
-0.051374346,0.13615052,0.50779575,-1.7040277,2.4590077,2
-0.4932788,-0.4061935,1.8217143,-1.4164102,-0.17834185,1
1.3333915,-0.04015289,-1.2612581,-0.6636885,-0.15371108,1
1.7695621,-0.46230602,-1.114217,-0.73126256,0.2013341,1
0.4850589,0.68538284,-1.098255,-0.665323,-0.27208588,1
-0.5823997,-0.99895084,0.41229168,1.3729185,-1.2240651,1
0.06115198,0.67528987,-1.4790448,-0.4990131,0.44218946,1
-0.16223681,1.0846676,-1.9384704,-0.87835485,-0.14591637,1
1.7263155,-0.09823784,-1.0143111,-0.2721746,-0.17296751,1
0.5073017,-0.054734603,1.2609234,0.75901127,1.626069,2
2.2262676,-0.70627624,-0.6135154,-0.9784942,-0.083296314,1
0.67752135,1.8549074,0.14095536,-0.351649,-0.022094503,2
0.20685694,1.7876745,-1.436473,-0.6257205,-0.35334373,1
-0.12729234,-1.0483764,0.94364977,2.1258326,-1.4739316,2
-0.4348616,1.7201631,-0.0039611124,-1.5572722,-0.059425116,1
0.045266077,-0.22701982,0.5194875,0.3405324,-0.6785727,2
3.3409858,-0.6650221,-0.47869432,-0.7874938,-0.3473748,1
-0.7971787,-0.59583294,-0.41135758,0.94620496,-1.3121965,1
-1.1924367,-1.9632592,-0.47708237,-1.4151661,-0.36778572,2
0.27609754,-0.47188675,0.9751611,1.6316172,-1.1620026,2
-0.6399228,-0.76411885,-0.4603923,-0.94150877,-0.12851925,2
-0.5653095,1.8262485,0.36483356,0.28940648,-0.48567843,2
-0.19538136,-0.54056394,0.17802015,1.8184377,-1.2455411,1
-0.6187905,-1.0384347,-0.4765392,1.8431705,1.5080473,2
0.057522297,-0.017765425,-0.15701261,0.3304759,1.3761582,2
-0.55269134,-0.18688789,0.3990366,0.11114642,-0.34618253,1
-0.5045607,-0.28520954,1.8855022,0.6698096,0.1450563,2
0.20720418,0.77737343,0.7442323,-1.1044401,-0.49738458,2
-1.1103355,1.2489597,-0.024131447,-0.010492595,0.07318869,1
-0.9689827,-0.89584124,-0.11073008,1.4954338,-2.14084,2
3.4689784,-1.6511347,-0.98313046,-0.51195395,-0.31259826,1
1.9090655,-1.0199009,-0.97651047,-0.44515544,-0.560783,1
0.5839153,1.7538809,-1.5365634,0.5841087,-0.9606273,1
0.10820451,-0.067662105,1.8028746,0.16582994,-0.7842871,2
-0.5314478,-0.8962544,1.5479703,0.17991935,0.80777436,1
-0.9795031,-0.9618558,1.0729554,1.2896707,3.1470945,2
-0.43362492,-0.5061806,0.18309006,2.030702,1.8213638,2
-0.5838119,0.12318085,0.7251966,-1.381232,-0.35886747,1
-0.78427935,-1.0964335,-0.08802975,1.6817678,-1.3101745,1
2.09536,-0.83018166,-0.7901468,-0.47787723,-0.20723885,1
-0.8941681,-1.0924555,-1.3047593,2.0050862,-0.3714072,1
-0.07656348,-0.3846324,0.23066078,0.627416,-0.8106046,2
-0.32340795,1.5173885,-1.4773222,-0.3665554,1.5863183,1
-0.60044926,2.116598,-1.4920574,-0.17818673,0.06105777,1
0.7472574,1.040132,-1.504486,-0.48912007,-0.32292402,1
-0.40605235,-0.47918501,-0.2825479,1.5515362,-1.0927832,2
-0.31367177,2.1672876,-1.439895,0.82247305,-1.0689175,2
0.06236804,1.9015335,-0.17005968,-0.09279779,0.69088125,1
0.71967685,1.2445192,-1.7420082,-0.30972055,-0.3480232,1
-0.666694,1.9823759,-1.490813,-0.4144448,0.5555518,1
-0.55997974,-0.7136191,0.15678573,-1.321859,0.11534643,2
-0.6694209,-1.345802,0.02163786,-1.3065207,-1.8059261,2
-0.14865014,1.6035652,0.55621535,0.048314527,-0.8431959,2
-0.5583153,0.05309154,1.4563476,0.69864,1.4810815,2
-0.2983004,-0.04339826,0.9698533,-0.7779238,0.1673752,1
-0.8802514,-0.31642336,2.3632221,-1.550984,-0.23863682,1
-0.437593,0.5874461,-1.3781096,-0.9941451,0.7031571,2
-0.501535,0.1429071,0.64731413,-0.005207062,-0.18173786,1
-0.38754326,-0.44310194,0.26979756,1.8817874,-1.4591955,2
-0.49464905,-0.82941824,-0.58651876,0.9704628,1.3701122,1
2.0243814,-0.3269426,-0.30474162,-0.43226779,0.33987004,1
-0.5276182,-0.2857998,-0.35818002,0.8389152,1.5076951,2
0.9104413,0.59136534,-0.070984304,0.5294056,1.3706511,1
-0.5364204,-0.95812094,-0.16669299,-1.4101347,-0.19714183,1
0.30581883,1.3759775,0.52181447,-1.265062,-0.39419872,2
-0.19792914,1.4014003,-1.68922,-0.9555411,-0.42861885,1
-0.36436784,0.5362969,-0.37728688,-1.075475,-0.36383185,1
0.5989315,1.6320255,-1.4951662,1.2728832,-0.7465843,2
-0.8749672,-0.973502,1.1814494,0.3135942,-1.4233924,2
-0.53229696,0.66414714,-0.2448657,-0.7704782,-0.67130303,1
0.7286912,-2.4344277,-1.6126188,1.1140788,-1.0261695,1
-0.015370488,-0.40514743,0.7768021,-1.158451,1.4489052,2
-0.49920422,-0.29050502,0.25755847,0.92451507,2.5534139,2
1.1031239,-0.80425954,1.4659741,-1.370476,-0.23395437,1
-0.49252486,1.5561296,1.2736038,-1.0965184,-0.45427623,2
0.035302848,1.5277917,-1.6980363,0.18611722,-0.5010469,1
-0.46893534,2.105246,-1.5722897,0.029658452,1.0412939,1
-0.110674426,0.097682595,1.7688305,0.94029355,-0.723784,2
0.23620582,0.79867935,0.25533146,1.1597902,-0.8494814,2
0.18048996,1.3848656,0.27114493,-0.8871983,-0.1285738,1
0.951359,2.1239798,-0.11374765,-1.0316533,-0.70705605,1
-0.10651938,0.06933449,0.982977,-1.2661244,0.5738785,2
0.5092243,0.8861883,0.77615273,0.22535963,-0.57586926,2
-0.41639262,-0.3201378,0.46748388,0.72317773,0.0056164563,2
-0.40627405,0.71064335,1.5705032,-1.3277049,-0.04231681,1
-0.74504524,-0.80674917,1.8979919,-1.46666,0.49257252,1
-0.14033464,1.1448319,-1.5230861,-0.83311564,-0.5761989,1
-0.004602596,1.7244303,0.13291869,-0.12922803,-0.3287139,1
-0.6126841,-0.3728941,1.0038778,0.73229575,2.6809022,2
-0.6621591,-0.4672118,-0.11505096,-1.1269052,1.6131703,2
0.11205195,0.8348677,-0.36374864,0.21021648,-0.2191163,2
-0.6936682,-0.6051809,0.84928334,0.32789183,0.61797154,2
-0.66734827,-0.71850747,-0.623839,-0.4217713,0.9666071,2
-0.018780246,0.6422739,-1.240231,-1.0078804,-0.5356771,1
0.3916164,-0.6045354,0.98257357,1.3691167,-1.1281472,2
-0.33287415,-0.51376766,0.7835298,0.6793488,-0.23860583,2
1.7390027,-0.529383,-0.88039607,-0.5112945,0.023536474,1
0.006424114,-0.9429606,0.859988,0.5769465,0.19415323,2
-1.004523,-0.7989193,-0.31127548,1.0399811,-1.7051251,2
-0.42968637,0.6007751,0.5570428,0.13427609,-0.5383029,1
0.08725813,2.152996,-1.4525985,-0.87823033,-0.16183929,1
-0.329064,-0.81330276,0.83636165,0.92286,0.79998004,2
0.6529177,-0.040807217,0.98514134,-1.1595578,-0.27781516,2
-0.32098085,-0.12055835,0.73850507,-1.2796761,1.9181551,2
2.3321977,1.0901104,-1.175297,-0.7429144,-0.4126587,1
-0.6213951,-0.18804473,-0.11666116,-1.2646426,1.3170905,2
0.13400945,1.0431033,-1.578535,-0.4136711,-0.15331247,1
-0.5143188,0.013486415,1.5100946,-1.5161018,-1.2588732,1
-0.8455017,-0.9890361,-0.7500772,0.25024533,0.091550514,2
-0.7660849,-0.49593776,0.50420535,1.3104701,-1.0878791,1
1.4976639,0.5411859,-1.3469008,-0.3981997,-0.3510783,1
-0.42189312,-0.67069244,1.0228622,1.5230457,-1.2345296,1
-0.55286837,0.27031946,0.57762694,1.7481815,-0.17918937,2
3.1096265,-0.61167824,0.5149496,-0.9425413,-0.6435829,1
-0.1054785,1.5351125,0.84308076,-1.0756636,-0.36574543,1
0.06500451,-0.36449623,0.88718605,0.7023219,1.9603081,2
0.21342674,-0.5643315,1.0444746,0.2914038,0.8621937,1
-0.8884431,-0.9095178,-0.6927966,-1.5699962,2.0517685,1
-0.22524115,1.6358567,0.18478985,0.27905422,-0.47507,1
-0.726123,-0.8717105,0.8917976,0.3846178,-0.9354012,2
0.21861929,1.2391042,1.0630906,0.18722856,-0.58498615,2
-0.3591601,1.0885432,-0.87355,-0.20365384,-0.43003383,1
-0.61654735,-0.08296406,1.3797133,-1.5133752,-0.9707774,1
-0.6036598,-1.0906047,0.9399131,0.5550708,1.729009,1
-0.39500472,1.6344846,0.7371317,0.01853393,-0.23819587,1
-0.6880073,-0.3068829,1.3236165,0.4737705,1.0625529,2
-0.18036783,3.2143576,-1.6007615,-0.9724155,-0.14891088,1
-0.90387404,-0.69655025,-0.21801189,0.38577265,2.7344239,1
0.82048607,-0.30918634,0.9551541,0.45909503,0.8792373,2
-0.659827,-0.42346147,0.6942767,-0.95258105,-0.5851743,2
-0.70169127,-0.061570987,0.7681604,0.78250664,-0.7075394,2
-0.19347715,0.74405557,1.541125,-1.3394445,-0.255409,2
0.6519707,-0.4794075,1.0623262,-1.6210304,1.4580042,2
-0.77054316,-0.5366882,0.9102491,0.44390467,0.4547814,2
-0.6606683,-0.7737025,-0.41709724,0.42909378,-0.14780676,2
0.54345703,2.2265825,-0.029716909,-0.3329046,-0.59783465,2
1.1525477,-0.067788854,0.63577545,0.46280748,0.905154,2
-0.2779239,1.5931756,1.6091853,-1.149847,-0.36408657,2
-0.86435217,0.26598114,1.2833654,0.68436253,-0.1452166,1
0.98388875,0.2283183,0.9998771,-1.3057952,-0.32326692,2
0.18114564,1.1155773,-1.2220803,-1.0380266,0.04105547,1
-0.53188235,-1.4029623,-0.2656331,-0.24838644,-0.64542687,2
-0.31798184,-0.36277622,1.6491448,0.042749763,0.8540808,2
1.7952319,-0.88445437,-1.2324476,-0.37408245,0.19016016,1
-0.72471625,-0.49373308,-0.20779474,0.45577735,1.4674051,2
1.7721614,-0.010498935,-0.68583316,-0.03999278,-0.19824493,1
-0.63354635,-1.3756895,-0.7580376,-1.8757402,-0.3934878,1
-0.31141996,2.3141885,-1.7475396,-0.28989238,0.14139503,1
-0.8987292,-0.4260726,-0.36492857,1.4076271,-1.7243311,2
0.99673104,0.26180163,0.83602875,-0.98194206,-0.4219634,2
2.4034424,-1.7617624,-0.9135663,-0.5511254,-0.13369295,1
0.054590836,-0.3279039,0.653934,0.20734623,0.69682765,2
0.25019425,1.2022334,-1.3301669,-1.0131893,-0.3402463,1
-0.710811,-0.8885921,1.1050286,0.71674967,1.3087763,1
1.6257133,0.00065865647,-0.4142812,-0.45207435,-0.108661145,1
-0.2151143,0.5159789,-1.1178558,-0.7306787,-0.20206529,1
-0.14986624,-0.63177675,0.3334803,0.5028845,3.0538554,2
0.732218,-0.48212326,1.0165523,0.55857825,0.57582873,2
-0.30394793,1.4181736,-0.042366087,0.17903987,0.38536924,1
-0.6820533,1.2658507,-1.4640839,-0.23093851,-0.33296597,1
-0.2237179,1.3738674,0.666057,0.9447313,-0.6491331,2
-0.81173265,-0.41419795,1.3402917,-1.6663666,-0.7068382,1
-0.31050855,-0.060097143,-0.25184542,0.9246297,-1.2236342,2
0.49147892,2.0584867,-1.5093801,-0.2693825,0.30359024,1
-0.54190993,-0.51563454,-0.35907882,0.6137702,1.1698365,2
0.6803941,-0.6875399,0.7044378,0.214282,-0.40191567,2
0.3350057,-0.27720004,0.5602784,0.12423198,-0.66546166,2
-0.22620365,2.3069444,0.026659131,0.17063518,0.84984463,2
-0.6334351,-0.59028417,-0.18318817,0.6278555,0.77206206,2
2.9686284,-1.157649,-0.991346,-0.59193724,-0.5470544,1
0.04855284,2.0787992,-0.34718537,0.03981775,-0.39360264,2
1.8619723,0.15550783,-0.45126617,-0.25644028,-0.23319107,1
-0.673604,-0.6987668,0.12618801,1.7671443,-1.1941351,1
-1.0379299,-0.6991213,-0.400379,0.33163613,-0.20307688,2
-0.50190175,-2.8037045,-2.4919236,-1.1237851,-0.6634437,1
-0.5450749,0.31251982,0.7238269,0.16504022,-0.45336387,1
0.5317391,1.0518005,0.53778785,-1.1670601,-0.4043665,2
-0.334418,-0.06676702,0.8175868,0.96338046,-0.30769596,2
-0.64390475,-0.2034781,0.6268175,-1.3903561,-0.5655039,1
0.13981703,1.9444699,-1.5744338,-0.86953735,-0.1230767,1
-0.5401017,-0.24574058,1.276509,0.4753201,0.37710842,2
1.9777699,-0.9006072,-0.9993771,-0.48895115,-0.3503874,1
-0.535705,0.08534952,0.85258275,-1.5761452,-0.47419143,1
-0.7629178,2.129136,0.7724074,0.23662743,-0.40710637,2
-0.8487384,-1.1148039,-0.6319884,0.7371691,2.3041863,1
0.061199322,1.4396232,-1.4627581,-0.27638668,-0.1517582,1
0.16575871,1.3823743,1.1484554,0.26862234,-0.76857984,2
-0.5919569,0.23946947,1.4665312,-1.4838246,-0.07140391,2
-0.37386703,-0.0877906,1.6701345,1.2788683,-0.8620272,2
-0.332293,0.67558986,0.9926043,1.039677,-0.91959375,2
-1.5271903,-0.5250586,0.0103368275,0.90777063,1.1192678,2
1.1716255,0.5255164,-0.7653762,1.2330555,-0.71897197,1
-0.8611102,-0.92296606,-0.29769313,0.1316742,-0.11266971,2
0.060346767,-1.1768644,1.0712652,0.18879549,0.31764817,2
-1.1418235,-2.2161093,-2.3717484,-1.9493148,-0.9665575,2
0.04864955,-0.5078551,0.49858668,1.6266024,-1.349879,2
-0.37948263,1.6110853,1.4797583,-1.0123712,-0.68202525,2
-0.5562148,0.2947244,1.0601648,-1.0788523,-1.0208799,1
-0.7747569,-0.70660424,1.3484712,-1.4649664,0.5773964,2
-0.7141563,-0.8201582,0.41175187,0.3230782,1.6164982,2
-0.5581988,-0.9074912,0.28107104,1.7119,-1.0706515,1
-0.2215908,-0.9733887,0.8242164,0.53786755,1.6704738,2
0.3923592,1.0070119,-0.16537747,0.14697464,0.7801711,1
-0.11371221,-1.0148462,0.9899622,2.4134042,-1.3632184,2
-0.40427613,-0.03988503,0.36767212,-0.7895323,-1.2462679,1
0.50610685,1.5426525,0.646694,-0.74372387,-0.2781596,2
-0.2292871,1.6383783,0.55264235,0.17401959,-0.510884,1
-0.6347831,-0.6823309,2.3085577,-0.9055047,0.3293838,2
-0.62154293,-0.81280863,-0.29749697,0.8145931,1.9769439,2
-0.6025412,-0.8134657,1.214125,1.2846286,1.7923025,2
1.0581937,1.3267417,-1.5731142,-0.6659609,-3.0282885e-05,1
1.1356983,0.67325103,-0.5318093,0.3325445,0.6067179,1
0.22513151,0.6561731,-1.6033075,-0.5349927,-0.839344,1
0.044452146,-0.35073435,0.3581826,-2.0363724,2.7105536,2
-0.023791019,0.42459407,1.0345775,0.13979395,-0.72658503,1
-0.98533237,-0.008297447,2.028158,-1.2723897,-0.21846715,1
-1.3233956,-2.0362353,-1.8639015,-2.6403685,-0.038471267,2
-0.85605997,-1.0227723,0.00012547895,-1.2944672,-1.1749384,2
-0.47450158,-0.9022222,-0.05986914,0.43215477,1.7403444,1
-0.46091115,-0.4643482,0.7444993,-1.5916492,-1.1476116,2
-0.6469051,0.16534346,1.9552941,-1.4377453,0.99021715,1
3.883982,-0.47811556,-1.0595663,-0.6544025,0.22305189,1
-0.5858901,-0.7555987,-0.52801096,1.3319072,2.1278741,2
-0.35372984,3.1502898,-1.9978404,-0.121184945,-0.17438671,1
-0.72898734,-0.27119413,1.4383962,0.3531592,-0.755978,1
-0.82146907,-0.8264009,-0.35042897,1.133025,-1.0419693,1
-0.056500077,1.3858067,0.34338897,0.10237317,-0.2729988,1
-0.23073864,-0.76973283,1.687862,-0.012308925,0.87478155,2
-0.3753357,-0.60707724,0.4833033,2.1837232,-0.2540202,1
-0.7840054,-0.71123344,0.88084406,1.9406685,-0.26313743,1
0.55334824,0.8448267,-1.1199672,-0.7297468,2.5588982,1
-0.7468748,0.2755437,1.619621,-1.4649493,-0.63531935,1
-0.2650049,0.41470373,0.87832105,1.0148455,-0.65404505,2
-1.029493,-0.91230136,-0.44748372,0.79833055,-1.5786393,2
0.17417267,0.33402917,1.2932386,0.47941035,0.9041221,2
-0.23883498,0.012979586,1.0448773,-1.4922482,-0.8558047,2
-0.7552535,-0.6511132,-0.521657,0.9850625,-0.28670847,2
-0.7272492,-0.69396883,0.10171139,2.2469804,-1.4377131,2
-0.9906391,-0.5055816,1.6181515,-1.503591,0.06575112,1
-0.6483812,-0.8249312,0.22596395,1.324033,-0.10179245,2
-0.7910052,-0.9765796,-0.39049917,-1.124368,1.9116287,2
1.8624904,-0.9541507,-0.46494076,-0.61543983,-0.0899812,1
-0.5197372,-0.65722746,0.037789583,1.1242086,-0.08028469,2
1.0527433,1.1981938,-1.6860225,-0.36648232,1.1194817,1
2.6632905,-1.1847302,-0.44514266,0.8966004,-0.3913159,1
-0.9024236,0.1409059,-0.6913823,0.75360143,1.479756,2
0.3944552,-0.012180554,1.7775251,-1.4203014,-0.7963445,2
-0.61737216,-0.83093965,-0.3258064,0.6308458,1.5476998,2
-0.13524944,0.9930833,0.30431086,-0.8831191,-0.68820375,1
-1.967178,-0.11785644,-1.6521008,-0.66175276,-0.6092152,1
0.6728231,0.22413746,0.98005384,-1.4285505,-0.37808084,2
1.7901317,-0.78635573,-0.8345649,-0.7285588,-0.34292236,1
-0.60826874,-0.40155268,-0.2107302,0.82820314,1.207616,2
-0.4643911,-0.58206415,-0.18062276,1.0391246,-1.7137661,2
0.92954755,2.1087813,0.085396096,-1.1462595,-0.32544377,1
2.031498,0.9845066,-1.6006777,0.3062966,-0.6346458,1
-0.13807705,2.9948747,-2.020977,-0.2650998,-0.44937676,1
1.9061642,-0.27146187,-0.51571405,-0.28328592,-0.46074653,1
-0.25018686,1.8270367,-1.3230911,-0.7855618,-0.51221454,1
-0.67554456,-1.2011106,0.13224319,-0.05363792,-0.13205765,2
2.0637105,-0.8816285,-1.0717286,-0.12138894,-0.07120338,1
1.8891276,-0.5518786,-0.9387353,-0.65057987,-0.44708568,1
-0.6413827,-0.7683502,-0.5922401,-1.3496566,3.632751,1
-0.75278056,-0.91820514,0.52505064,1.0261395,-1.1821431,1
-0.5338897,0.72957534,-0.42939758,-0.34050584,-0.03666002,1
-0.5247835,-0.97647345,1.0465539,1.0522393,2.0820215,2
-1.0212147,-0.87811637,0.12764196,0.16902891,-0.9999472,2
-1.0051693,-1.5881994,-1.5207484,-1.6381385,-0.1456675,2
2.8427355,-1.5435082,-1.0111945,-0.3165182,-0.22557135,1
-0.63489896,-0.7300176,-0.11470021,1.7779319,-1.4596782,1
-0.8541029,0.40853775,0.68808484,0.14137758,-0.67241615,1
-0.47932655,-0.6678691,0.5428774,1.4687953,-1.1719618,1
0.89072466,1.3017386,-2.0538964,-0.38507375,0.020400107,1
0.65130866,1.5259886,0.9064336,-1.0467937,-0.41097552,2
0.31107754,1.265294,-0.09630101,0.5388538,-0.76379496,1
-0.8595887,-1.2984248,-0.60078883,-0.105782405,1.2076925,2
1.3063034,-0.86808246,-1.2589674,-0.7568348,0.021750003,1
0.3899259,0.1419033,0.9570051,0.7860224,-0.91393673,2
-0.542531,0.9267411,-0.12739496,0.09048772,-0.014160365,1
0.52716535,1.249308,-1.6231115,-1.0008216,-0.15142478,1
0.33491838,2.019736,-0.21952657,-1.0799807,-0.5059457,2
-1.0801752,-1.2752589,-0.6959499,0.20179242,-0.219593,1
0.5390326,1.7852639,-0.1690472,0.28458804,-0.75171316,2
0.2260972,0.11653142,0.95641285,-1.1043245,-0.5624737,2
-1.0255245,0.33673048,0.33518347,0.27315512,-0.53989124,1
0.5056883,-0.98709077,-0.59448355,-0.42971465,-0.30205837,1
-0.5144521,-0.20558898,1.4535584,1.396974,-0.20473023,1
-0.39948535,1.6646595,-0.03554876,-0.12512527,-0.8303532,1
-0.5288359,-0.36034185,0.41122806,-0.9035799,-0.8438571,1
-0.13947956,-0.42216545,0.57824945,0.013098105,-0.9315907,2
-0.31818444,1.0033311,-0.4447563,-0.07120475,-0.20355,1
-0.19276524,0.0018980093,0.889351,-1.1260768,-0.5650351,2
-0.6024702,0.08417093,0.8828389,-1.5005709,-0.78409874,1
-0.2757554,0.9118846,-1.5448136,-0.24809618,-0.510153,1
0.2499199,0.20937821,-0.06264916,0.92799467,2.118613,2
-0.63289696,0.12399772,1.2020206,0.72176707,-0.09616718,1
-0.6857664,-0.91953605,-0.3055328,1.7022614,-1.1996117,2
0.2270101,2.1274474,-1.5119917,-0.9208195,-0.5826893,1
-0.37114424,0.7189946,0.26727033,-0.180079,-0.67707455,1
0.43096995,1.5987041,-1.9100876,-0.33638117,1.1565026,1
-0.77716845,-0.59269106,0.72245765,0.7496781,-1.1585851,2
-0.7234126,-1.969525,-1.882198,-1.9876481,-1.6627107,2
-0.19055283,-0.10308571,0.5937136,-0.99124426,-0.06433386,1
3.9151087,-0.8663412,-0.83314055,0.01344683,-0.49223936,1
1.399614,-0.80200577,-1.0090872,-0.51871425,-0.40129802,1
0.030014649,1.8178355,-1.3680797,-0.9147493,-0.49410415,1
1.920893,0.83833224,-1.3650085,0.3416543,-0.33885044,1
-0.5968381,-1.2715372,-0.67962027,0.95155,-0.16913122,1
-0.2906171,-0.5142604,0.6012,1.5028882,-0.9237635,1
0.080878824,1.0776354,-0.39538014,-0.41634834,0.08093621,1
1.3784261,-0.08474481,-0.6614234,-0.023072928,-1.040869,1
-0.032503184,-0.7786418,0.9556759,0.61558074,2.0211282,2
-0.31411737,0.042591557,1.0766666,-1.1743246,-0.44496644,1
-0.7657716,-0.9179267,0.110908,0.8192941,-0.135636,2
-0.74891865,-0.6102631,1.8272885,-1.5506759,1.2717292,2
-0.9639956,-1.9810388,-1.4131103,-1.5759864,-0.37410164,2
2.8811424,-0.4064502,-0.8385854,-0.598709,-0.03433936,1
3.4332027,-0.6459134,-0.8069998,-0.27353746,-0.22997813,1
0.5694351,1.4783416,-1.4141566,-0.31383398,-0.41829374,1
-0.7842475,0.2211,1.3581284,-1.8105706,-1.0520233,1
-0.35629553,1.1655946,0.56229657,1.0418886,-0.84446496,2
-0.4314936,0.74827814,0.036520004,-0.2276973,-0.3751242,1
1.1953633,1.1436498,-1.3632982,-0.24383582,-0.0109635815,1
-0.24449427,1.4418253,0.59169,-0.12054554,-0.32806447,1
-0.9837362,-1.0403551,-0.42432606,0.6165193,-0.15467727,2
1.0390319,0.769542,0.9001613,-0.82734716,-0.37640345,2
1.9245795,0.63851935,-1.3083608,-0.7343458,0.08178677,1
0.35887492,0.722545,-1.451716,-0.3124173,0.012062145,1
3.1376796,-1.0468357,-0.8015641,-0.5140142,-0.36467203,1
-0.3299061,-0.63273984,1.1694939,0.4198923,2.1154249,2
0.36781192,1.1328049,-1.1149749,-0.001286447,1.4394827,1
-0.00593723,0.7075436,0.92426336,-0.032260805,-0.63318723,1
0.22824407,1.8180003,-1.5180571,-0.92998815,-0.33413252,2
-0.37609017,-0.18282437,1.3097242,1.1090506,1.5470405,2
-0.41285864,2.4267752,-1.6358484,-0.7867435,-0.28775978,1
0.63988465,-0.40386704,1.8658969,-1.1305674,-0.8823123,2
-0.33397338,-0.34112856,-1.9647917,1.6574221,-0.39628166,2
-0.5799334,-0.68411237,0.673322,-1.6552863,-0.8020654,2
-0.35357732,-0.40394586,1.5534148,-1.945986,-0.7785832,1
-0.45816994,0.8360142,-0.011349829,-1.1076528,-0.034299254,1
-0.492771,-1.152852,-0.94909763,1.2870209,2.1188085,2
-0.81588423,-0.3609964,-0.1248294,1.038368,1.2959033,2
-0.6780439,0.63169086,-0.017215997,-1.0534607,-0.06822175,1
0.47295582,2.1045272,-1.7043753,-0.9828433,0.39634526,1
-0.89941204,-0.118449226,-0.23051666,0.49856532,1.2164116,2
-0.8037235,-0.41904813,-0.123159595,0.73539424,-1.2108153,2
0.4634406,1.3343276,-1.5436318,-0.40553728,-0.27735084,1
-0.28010684,-0.89883125,0.560775,0.25877795,0.5333756,2
-0.15372378,-0.5902779,-0.034662858,2.3055258,3.1989458,2
-0.85100186,-0.7680909,0.09451555,2.3152497,-1.4701575,2
-0.96152925,-1.089101,-0.6698135,0.33450872,-0.15305308,1
-1.083152,-1.9940047,0.5132967,-1.5129311,-0.047551915,1
-0.06034088,0.29452968,1.1194086,0.89433795,-0.85863703,2
3.9165883,-0.490085,-0.7433212,-0.11049154,-0.22358274,1
-1.1157496,-0.5209236,0.6084796,-1.4672102,-0.8491391,2
-0.103451796,1.1838455,0.86216366,-1.1207683,-0.37801412,2
-0.4477747,-1.1791074,-0.14968072,1.4168729,2.907171,2
2.329919,0.01963967,0.13670492,0.11682437,-0.3778175,1
0.023324728,2.4590843,-0.28040826,-0.44385588,-0.028808385,1
-0.10376969,-0.23857157,1.1450163,-1.2040626,-0.5872114,1
-0.08514494,1.6409123,0.42642927,0.3738014,-0.14291432,1
0.6446886,-0.03645365,-1.4453843,-0.3409602,0.07424262,1
-0.31758898,-0.32337296,0.1151339,1.3281914,-1.320664,2
-0.45370734,0.14681199,1.3895156,0.3072038,1.4685851,2
-0.9902578,-0.75234234,0.30657607,-0.08756419,-1.4620944,2
-0.074950606,2.606804,-1.5814304,-0.110534936,0.31276286,1
-0.62256825,0.26925728,1.9435526,-1.9290527,-0.80620617,1
-0.86235034,-0.72733635,-0.36206996,1.7497373,-0.54045266,2
-0.14277028,0.0688169,-1.1694176,-0.6973153,-0.25792143,1
0.78354234,-0.29832166,1.8944546,-1.1432945,-0.6857123,2
-0.5768058,-0.06511875,1.3026527,-1.8749406,-0.06545135,2
-0.19693959,2.371405,0.37803254,-0.05161206,-0.7221838,1
-0.78408015,-0.79533345,0.12419212,2.3012211,-0.0020692945,1
0.41224566,1.4459454,-1.3703918,0.084869385,-0.39759752,1
-0.521881,-0.64272404,0.27309233,0.97935164,0.84355277,2
1.2960684,1.466317,-1.4280672,-0.60064346,-0.3825275,1
-0.5109985,-0.20854954,-0.29235145,0.46740836,1.1079899,2
-0.67967826,-0.62070715,0.6021634,0.87489134,-0.09070593,2
-0.29048887,-0.19403315,0.30395707,1.9438461,-1.3975785,2
-0.72358525,-0.27877396,0.21256538,-1.0898733,-0.41527247,2
-0.9570532,-0.84432834,0.24289468,0.70871294,-0.06132672,2
-0.5521464,-0.78963226,0.053998217,1.3577608,-1.5991004,2
-0.7752024,-0.6394507,-0.11239761,2.1436243,-0.1481703,1
-0.7571981,-0.16269699,-0.011054665,0.89102614,2.0678837,2
0.27111486,1.657244,-1.5271182,-1.0961494,0.8886472,1
-0.97417766,-0.6559025,-0.20893402,-0.49647096,-0.24778555,2
3.5561566,-0.85915273,-1.2409303,-0.8805517,-0.13586204,1
-0.32627916,-0.27874234,1.0043534,0.49660176,2.2506378,2
-0.30140194,-1.025289,0.8592426,0.6186156,2.206768,2
-0.7813084,-0.3985914,-0.2910331,0.19477269,-0.8457045,2
-0.5918955,-0.20585462,2.007333,1.1404808,1.4487201,2
-0.748436,-0.32120875,0.59502876,0.06130755,1.2294638,2
-0.536904,-0.50730926,1.8799022,0.900975,1.7063857,2
-0.61913526,1.7116328,-0.1765958,-0.05837924,1.4860543,1
0.4115044,1.3617611,0.8850801,-1.005182,-0.4078873,1
-0.67451775,0.66025066,-0.43181905,-0.47797793,-0.60050094,1
0.081910424,-0.3953005,0.62947685,-0.9436907,0.34100676,2
-0.9415596,-0.69734377,0.4529605,1.1587696,-1.3390464,2
3.1402247,-0.6139353,-0.83812463,-0.65922683,-0.43007207,1
0.29355475,1.129364,-1.4419429,-0.33143988,1.3210055,1
-0.6512623,-0.7288553,-0.88731784,-0.22460517,1.0368656,2
0.8294153,1.069387,-1.7648431,-0.35725215,0.3926605,1
-0.9833854,-1.0578299,-0.80597323,-0.19881855,0.843596,2
-0.4382993,-1.1205008,-0.73663175,0.25603676,1.4834379,1
-0.07856409,-0.54262817,0.7214458,0.10630012,0.7090865,2
-0.5731458,-0.5930914,0.81827366,0.8543836,-1.5075014,2
3.5761714,-0.733225,-1.2168654,-0.69873357,-0.19502574,1
1.6497971,0.8847077,-0.9505241,-0.85320383,0.35598767,1
-0.008000463,0.7739139,0.7366772,1.2929108,-0.51973826,2
0.46381047,-0.6284068,1.1792362,1.2176409,-0.96136475,2
0.048667878,1.1105739,-1.7291077,-1.0833148,-0.52548385,1
0.3687122,0.7394281,1.2087324,0.26169005,-0.22458854,2
0.12412011,2.1147914,0.31429398,0.42545828,0.41529256,2
-0.12408438,-0.5613628,0.37818325,-1.3648933,-0.23053434,2
0.1403753,1.5456679,0.08924541,0.18957031,1.186109,2
2.7249582,-0.7728588,-0.823869,-0.22889517,-0.41190344,1
1.3884265,0.60748076,-0.91177094,-0.2071309,-0.17010075,1
-0.30441642,-0.8239434,1.351281,1.2885826,0.9413433,2
-0.43641686,-1.1607612,-0.5332271,-0.020035973,-0.51248455,2
-0.7410005,0.5708382,0.45960516,-1.0508415,-0.5790036,1
-0.8721017,-0.8256561,-0.5633786,-1.1168932,2.2503626,1
-0.019417807,1.2179554,-1.2388102,-0.37490737,-0.21023405,1
-0.5932374,0.2465617,-0.030179389,0.122217536,-0.5279551,1
-1.355535,-1.9081106,-1.2445366,0.7095531,1.6542568,1
-0.75240505,-1.0365655,0.26665938,1.7354951,-1.4363942,2
-0.1885313,-0.5656379,0.049772486,1.8992743,-0.9805106,2
0.9727649,0.3389079,-0.6277559,-0.87889564,0.1684451,1
-0.47374418,-0.9739337,1.1042671,0.56461895,0.995045,2
-0.8500754,-0.52183205,0.22278707,2.3511186,-1.6282738,1
-0.31541637,2.283533,-1.7567617,-0.033283018,-0.2990812,1
-0.4889652,-0.43652582,-0.15142773,1.0555267,1.5015701,2
-0.43099594,-0.23520525,0.51187474,0.33209532,-0.7951578,2
-0.2719551,-0.047636084,1.2769433,0.6204064,0.19846754,2
-0.070005454,-0.010502577,1.3168346,0.9210922,-0.86679864,2
-0.4669831,-0.09213251,0.48679447,0.23314777,-0.80961126,2
-0.38439232,-0.48050827,1.1990428,0.84643376,1.8655072,2
1.1473342,0.47307602,-0.71051323,-0.09891112,0.0069850013,1
-0.6246667,-0.35120142,-0.0044751465,0.56431115,1.0986012,2
-0.32709855,-0.34498322,0.49646088,0.23099837,2.7440405,2
-0.525176,0.26339358,0.13195688,-0.16461317,-0.48691368,1
-0.46645457,1.7508469,-0.23853356,0.08366315,1.8353257,1
-0.36457467,1.0764732,-1.3922445,-0.71245486,0.024321467,1
-0.14126852,0.34018454,0.1892642,1.5995117,-1.068973,2
-0.63527644,-0.49499542,0.89554715,0.9070739,2.7208354,2
-0.5857248,-0.10347597,1.1843066,-0.99308026,-0.84647,1
-0.5560166,-0.7741621,-0.08468594,1.5624588,2.6258323,2
-0.6020746,-0.78250134,0.56600666,0.22098088,0.7217201,2
-0.6960323,0.70676345,-0.100512624,-0.21655571,-0.079282835,1
-0.06627768,1.3456674,0.08884308,-1.0464834,-0.24126792,1
-0.6685978,-1.3073493,-0.26881814,-0.07514599,-1.7968535,1
1.2300979,0.4123181,-0.49887976,-0.27051777,0.4277884,1
-1.1239415,-0.5697266,-0.6357891,0.8048414,0.84635246,1
-0.63875866,-0.95083,0.05101593,1.9322709,-1.2333685,2
-0.33200532,1.1891818,-0.13190827,-1.0854053,-0.54845583,1
-0.015824348,1.4186496,-1.3679172,-0.08598295,0.52683175,1
-0.44519842,1.9861186,-1.2613273,-0.8235536,-0.6518041,1
0.6063759,1.0628339,-1.2992519,1.3425761,-0.90182686,1
-0.09791463,2.533185,-1.4297237,-0.11462118,0.648438,1
-0.6136899,-0.6228785,1.3583345,0.3214294,1.6895804,2
-0.66641986,-0.7219248,-0.51988935,-1.589232,2.481153,1
0.63313484,0.5220902,-1.2928045,-0.5500556,-0.543653,2
-0.71344304,0.44434536,0.5391284,0.063587576,-0.43092465,1
-0.46985036,-0.5255745,0.32227135,1.3935845,-1.052516,2
-0.4613065,-0.6784549,1.2444156,-1.7250557,-1.3452388,1
1.2240441,1.2481508,-1.6153896,-0.90104467,-0.43810678,1
-0.12549567,-0.73936665,1.4866693,-1.478282,0.42617846,2
0.4937988,-0.53275824,1.1560286,1.3395964,-0.8513665,2
-0.06807749,-0.63025254,0.9364321,1.050951,1.9766276,2
-0.332172,-0.71259445,1.3473063,0.10326293,1.009742,1
-0.5312124,-0.53697056,-0.27419776,0.8680258,2.0733109,2
-0.7441999,-0.66578704,0.73615104,-2.0361946,-0.84382844,2
-0.559975,0.20389909,0.81549,0.56096673,-0.7986373,2
-0.6556021,-0.7016331,-0.49610683,0.47838646,0.9490008,1
-0.6982008,-0.42021808,0.1513429,0.46429935,1.506446,2
-0.6184955,-0.9575079,-0.012651235,1.4538746,-0.22899625,2
-0.9140726,-0.7424631,-0.8026103,-1.0754193,1.3924485,2
-0.984444,-0.7014983,0.12860043,0.029209018,0.38701186,2
-0.55528885,-0.5743907,-0.29339594,1.1925803,1.1390063,2
-0.63631254,-0.6299278,-1.6387658,2.245525,-1.7089951,2
-0.4293458,-0.9365238,0.4520095,0.37572974,-0.08773317,2
1.3313184,1.695738,-1.0167168,-0.6787547,-0.21007062,1
1.8635614,-0.15058616,-1.0038843,-0.47124347,0.06643489,1
0.06346013,0.7938186,-0.18459992,-0.113851935,0.3227994,1
0.60578704,0.05337161,-1.3350426,-0.8561432,-0.37258017,1
-0.84903693,-0.40341288,1.201763,0.06246081,-0.145052,1
-0.57538754,-0.8866562,-0.11488173,-1.3434361,2.9693952,1
3.579296,-0.2571782,-0.74820477,-0.00021749735,-0.22426015,1
-0.25593936,0.77112347,0.53697896,1.207162,-0.65566444,2
-0.7801314,-0.48419163,-0.66064507,0.9486149,-1.0653214,2
-0.5151163,1.0465045,-1.2953842,-1.023767,-0.5367605,1
2.2185776,-0.060324684,-0.22133557,-0.7245623,0.08309309,1
-0.33364004,-0.31180468,1.640943,0.43728518,-1.3964293,2
2.5022278,-1.3063903,-1.1229483,-0.22549021,-0.1538807,1
0.4217587,-0.83415437,1.2346985,-1.286077,0.5909612,2
-0.010723617,0.43284678,-1.3881935,-0.16284773,-0.5721337,1
3.2660086,-0.91670823,-0.39981562,-0.22275525,-0.30170974,1
-0.0910185,-0.67975056,1.6175189,0.6578183,0.9666296,2
-1.3481452,-2.5131555,-1.1767783,-0.78641665,-0.53910303,1
0.5071041,0.29106575,0.17526494,-0.19518745,0.20794591,2
-0.8637057,-0.09441574,0.9250979,-1.3990594,-0.35906184,1
-0.5783159,0.16941375,0.6279114,1.3394907,-0.12348072,2
0.16233003,0.76404196,-1.4634866,-0.991622,-0.19782107,2
-0.38103506,-0.86577874,1.2305126,0.56139225,-0.9132776,2
-0.6026684,-0.8069106,-0.30664048,0.9657058,1.5014571,1
-0.6124123,0.53849924,1.4616846,-1.2210011,0.53951925,1
-0.1909665,-0.7239102,0.7854816,1.910952,-1.152031,2
-0.15510675,0.017786853,0.8740962,1.0039622,-0.34466445,2
0.58805305,1.8132102,0.49980673,0.11646043,-0.035167813,2
-0.2314723,0.6401532,0.15869376,0.09184484,-0.15819445,1
-0.68371636,-0.18341157,-0.3184086,0.6321768,1.3221691,2
-0.3421771,-0.12470004,0.086656965,0.46814513,1.130912,2
-0.73007846,-0.95202315,0.0113028735,1.0203023,-0.14115447,1
-0.6637249,-0.5755147,1.5521568,0.32910225,-1.5650879,2
-0.6050185,-0.24335192,0.9315748,-1.2503692,-0.25668716,1
-0.24761732,-0.9435763,1.4131285,0.31791055,0.8408574,2
-0.36040252,-0.22520962,1.40985,0.38324317,-0.76523906,1
1.1520538,0.21922708,0.8651966,-0.94945914,-0.3940832,2
1.7737736,-0.88537717,-1.1735198,-0.564404,-0.042726133,1
-0.61346036,0.62028897,-0.018626481,-0.04587826,-0.022270724,1
0.17943138,-1.0401732,0.8809843,1.1360463,2.1115553,2
0.47167158,0.46141753,0.5054478,-0.85398865,1.2427809,2
-0.8363293,0.64836055,1.0635452,0.2749455,0.109008834,1
1.3152518,0.40299743,-0.6614865,-0.25445282,0.29300767,1
-0.9929123,-0.95598924,0.5045144,0.098076455,1.580621,2
-0.40983158,0.019287031,1.6435932,-1.368358,0.026099786,1
-0.5411247,-0.6779475,1.184782,0.81612813,-1.0263321,2
-0.2780177,-0.3397047,-0.03992459,0.37686074,-1.3840263,2
-0.11618084,-0.4647367,1.7804621,0.79503936,-1.0071515,1
-0.26775515,1.4298515,-1.8853087,-1.0075392,-0.38326702,2
-0.28707224,1.2667899,-1.401909,-0.91270244,-0.49563122,1
-0.6723367,0.225562,1.8169628,-1.6707687,-0.49333167,1
0.8575767,1.1549188,-0.5287928,-0.22821482,-0.4470429,1
0.9019823,-0.031600438,-0.5183966,-0.24226302,-0.50573003,1
-0.7589659,-0.5466223,0.7801655,0.42285955,0.7113557,2
-0.7569497,2.5746684,-1.5710646,-0.73606473,-0.37131873,1
-0.43709832,-0.17857939,0.47809774,0.59497476,3.0160882,2
-0.6785016,-0.4869187,0.06262845,0.643886,1.5935862,2
-0.7535782,-0.4196956,1.4630184,-1.3872262,-0.25400662,1
-0.33096558,0.102905914,0.75050026,0.49631062,-1.1083962,2
0.58681005,0.74580157,-1.6353486,-0.36434928,0.18605831,1
-0.053076725,0.3391132,-1.3042359,-0.59643745,-0.5105863,1
3.2775924,-1.2202072,-0.8600074,-0.40998936,-0.22859192,1
-0.06265122,0.41142038,1.077386,0.5830425,-0.9233521,2
-0.61734605,0.18598676,0.09816994,1.1913285,-0.2016701,2
-0.20849758,-1.0367785,1.1569781,0.23161532,0.802919,2
0.5631277,-0.3638335,-0.797774,-0.4422161,-0.47490805,1
0.7762058,-0.38909578,-1.2413747,-0.3548353,-0.07738893,1
-0.45501825,-0.6405408,1.41635,0.84405863,-0.7383733,2
0.18740165,0.6086596,0.35274443,0.10173939,0.9238044,2
1.8243337,0.5238462,-0.2846061,-0.64724064,0.12988807,1
0.7286786,0.717363,-1.6545933,-0.2171034,-0.120115444,1
-0.6496124,-0.72241324,0.37364745,0.84777015,-0.88998795,2
-0.23696494,0.7163143,0.47547555,-0.21951127,-0.19642003,1
-0.81948894,-0.84648854,0.33779526,0.13180819,-0.9139943,2
-0.07695532,0.68987113,-1.2193826,-0.71987844,-0.36522013,1
-1.123224,-1.0548617,-0.23052135,0.38326263,-0.43720198,2
2.0890746,-0.4896347,-1.0810575,-0.6259587,-0.067962825,1
-0.46546137,-0.13538095,1.1528955,0.59278125,2.0718358,2
-0.4591533,-0.05575142,-0.048792586,0.92470634,1.0537193,2
-0.2273674,1.2015522,-1.6737365,-0.78620857,0.2029141,1
-0.69167143,-0.24112701,1.4626346,-1.6706686,-0.80178773,1
-1.4394895,-0.40795413,0.0020709261,1.3538842,-0.14534573,2
-0.95176876,0.3120072,0.036364898,-0.7812063,0.10810332,1
1.7356839,-0.82806164,1.3987529,-1.1290423,-0.7516432,1
0.75113463,0.7074032,-0.4378916,-0.0076471674,1.5263727,1
-0.75996846,-0.37446228,1.6404089,-1.3939245,0.4935812,2
-0.71763635,1.4497163,0.4606477,0.04475083,0.49082342,1
-0.78982896,-0.019439325,2.2786367,-1.664413,-0.8215681,1
-0.826045,0.41493136,1.4781278,-1.287239,0.85818905,1
-0.19643512,0.7040686,-0.18036677,-1.1925575,2.482719,1
0.036016054,0.7244221,-1.3840487,-0.5870244,0.27791083,1
1.8434687,-0.6648682,-1.3902875,-0.6546613,0.07820494,1
-0.32244375,1.6345918,-1.872414,-0.13110307,0.31036168,1
1.0703367,0.15119839,-1.5393378,-0.7021916,0.24880396,1
0.5743662,0.41876245,1.0302854,0.83251923,-0.75628555,2
-0.13690831,1.8383068,-1.5348022,-0.723002,-0.4937505,1
-0.53968126,-1.2438436,-0.55445683,0.93952966,2.8845956,2
0.12511289,-0.19692087,-1.2959868,-0.63140833,-0.32718232,1
1.5129496,-0.6230502,-0.301217,-0.6299195,0.15615088,1
0.9560709,0.46727276,0.7486278,-1.0089962,-0.045084655,2
-0.345818,-0.48025984,0.87585294,0.5017929,0.6183138,2
-0.6798041,-0.94128263,-0.031261683,1.384317,-0.3374457,2
0.39890456,1.3306603,0.20479967,-0.7814721,-0.4084467,2
0.4552356,1.5775161,0.56926686,-0.84818757,-0.5289722,2
-0.27988183,-0.9884917,0.81594205,0.68305904,2.3979592,2
0.7334963,0.09956887,1.4930993,-1.294841,-0.46636534,2
-0.50342536,0.5962995,0.6933647,0.021820158,-0.54266024,1
-0.6013443,0.06905554,0.69419485,0.6631733,0.8189804,2
0.085670106,-0.6421349,0.71594626,0.91935676,1.9364959,2
-0.5579254,-0.88835514,1.0101107,2.1736455,-1.3196431,2
0.28359511,1.0035049,-0.19250676,1.2315786,-0.6895927,1
3.1105537,-0.9721849,-1.261897,-0.26895443,0.0542337,1
-0.2770912,0.64526594,0.618255,0.01136563,-0.881777,2
0.73965836,1.934764,-1.3916137,-0.64243567,0.054391652,1
-1.1026198,-0.9366598,0.07801056,1.1774012,-0.9817777,2
-0.16978942,-0.6934608,0.34662813,0.5961842,3.4153519,2
-1.0376903,-1.0013933,-0.31065154,-1.4376087,3.0929313,2
-0.39712095,-0.94858927,1.2701871,0.24093363,0.64619565,2
-0.5313411,-0.06392599,-0.11412394,2.5971866,-1.2882172,2
-0.576623,1.4072566,0.21345346,0.3475116,-0.72763324,1
0.37242615,-2.547409,-1.6097806,1.4312656,-1.2658337,1
-0.37442672,-0.76377505,-0.32502812,-0.06978416,2.1168952,2
-0.49413633,-0.36371425,0.9760699,0.38158622,0.8007264,1
-0.09314123,0.5918006,-1.5847986,-0.4409368,-0.4372376,1
-1.1063547,-0.4259439,0.54927874,0.6407146,-0.038843453,2
0.28184813,1.855896,0.11095662,0.18533374,-0.35596445,2
-0.57258713,-0.124801844,-0.051163845,2.0598812,-0.24132901,2
0.9869094,0.34784555,-0.7095866,-0.058374807,0.002484344,1
0.11036116,0.026663445,-0.22053802,0.13201557,-1.1791106,2
-0.07523821,-0.64615065,0.7818082,0.37173903,0.7773462,2
0.105087675,1.741981,-1.9172893,-0.31148213,-0.66365564,1
-0.5932901,-0.8331539,0.06746112,-0.1209922,1.0814408,2
0.7404995,-0.25875893,0.7037905,0.18441951,-0.732195,2
-0.21507949,0.4137993,-1.6059813,-0.67578185,-0.5215219,1
0.5003917,-2.57459,-1.4444699,1.5068005,-1.1570226,1
-0.46515432,0.25793093,1.2962632,0.6732292,1.9573274,1
-0.43948632,-0.93290615,1.0813333,-1.4399384,3.242249,2
-0.5864686,-0.51648515,0.19063199,2.4181545,-1.4687982,2
-0.69710094,-0.5643801,0.027258016,0.30036175,1.9690627,2
-0.5400226,-0.5893973,0.2743464,1.6783627,-1.2564876,2
-0.81084627,-0.6309584,-0.77433217,0.25717714,2.410049,2
3.2788746,-0.37893704,-1.0408236,-0.63172305,-0.5302338,1
-0.4734817,-1.0355401,-0.57515764,0.77978295,-0.027574927,1
1.4680173,-0.5076839,-0.39931908,1.6081382,-0.847883,1
-0.89918023,-1.0593619,-0.40036088,1.6972042,-1.556378,1
-0.2617151,-0.59463483,0.6520585,0.117809586,-0.9514404,2
-0.03160143,-0.8623435,1.5174677,0.5055456,-0.8674037,2
-0.3904734,2.2976115,-1.7556431,0.7875185,-0.694667,1
-0.3298451,-0.8472525,1.2416604,0.5035846,0.7565418,2
-0.72216207,-0.9056658,0.21812099,1.7290661,-1.2643324,1
-0.82848054,-0.57531285,0.16969416,1.9301329,-1.156909,1
-0.73378325,-0.36675122,0.51492506,1.270618,-1.3405063,1
0.15320536,0.09627357,1.7819515,1.0880799,-0.3716858,2
2.3110619,-1.0960374,-0.13873552,0.86981094,-0.57341576,1
-0.8192946,-0.5506706,0.71364737,0.3280641,0.54793596,2
1.494824,-1.1419194,-0.8806879,-0.39944637,-0.22271991,1
-0.5138978,-0.121763244,1.7571698,-1.4211229,-1.0688132,1
-0.2860282,-0.018079072,-0.17896219,0.42508203,-0.07665946,2
-0.47565275,-0.5844242,1.5128666,0.36161023,0.7522618,2
-0.38976443,-0.10171983,0.75136006,0.3944365,-0.7295936,1
-0.4684148,0.5872866,1.5244362,-1.1163223,0.94128346,1
0.5603863,1.3788689,-1.6542044,-0.48814788,-0.2196473,1
-0.353594,1.9814199,-1.3747203,-0.8707781,-0.6835742,1
-0.87054133,-0.8688047,-0.084004015,0.3881063,-0.18798736,1
-0.59356356,-0.4129541,-0.14219797,1.0956632,-0.2757398,1
-1.0376217,-0.5856336,-0.024117952,1.0366262,1.223269,2
2.4359062,0.54974085,-1.2230669,0.10821846,-0.7856335,1
-0.44375595,1.0254298,1.8525012,-1.5549438,-0.5900101,1
-0.103645906,-0.60591596,0.66014755,0.30479878,0.5072826,2
-0.53744197,-0.91964984,-0.55096924,-1.7685897,3.4092562,2
0.06626332,-0.41627362,0.79112697,-1.289039,2.048644,2
2.3994472,0.14661054,-1.3615649,-0.5628699,0.15737057,1
-0.5992058,-0.40836993,0.24086991,1.4474977,-1.2180924,2
0.85066915,-0.028641388,0.0416667,-0.32481197,2.239862,2
-0.34372085,0.2327599,0.58446205,0.13166742,-0.7310665,2
0.14078006,-0.5204761,0.93512017,0.2635802,2.3211555,2
-0.32896158,-0.9988009,0.026169538,-1.3292025,2.972453,1
1.1643054,1.9133786,-1.3538288,-1.189766,-0.4258106,1
1.3499217,0.43467796,0.40005141,-0.84770507,0.9103894,2
-0.42269146,1.400409,0.40032107,0.063158184,-0.82178986,1
-0.24594742,-0.49753353,0.10560733,1.521882,-1.8252976,2
-0.40928292,-0.07922067,1.4384639,-1.485073,-1.1257992,2
-0.38172758,1.7602205,-0.05100742,-1.2140431,1.7651353,1
0.45910287,-1.1795868,1.1160023,0.3143713,-0.6097352,2
-1.0455523,0.35049585,0.42464536,0.12909661,-0.42852026,1
0.9413714,0.9630732,0.69721043,0.3232205,-0.5207272,2
-0.46268833,-0.029139265,1.2880108,-1.1612549,-0.33325973,1
-0.30406526,-0.17592047,0.08486455,1.0986347,-1.3137575,2
-0.4397594,-0.5039628,0.051455624,1.3794061,-0.8603635,2
-0.41905168,-0.07925856,1.2974956,-1.3934342,1.6778059,2
0.15514433,-0.5355493,0.48993465,0.9596217,2.1497095,2
-0.410796,-1.1485637,-0.67884934,0.20751032,2.6276822,2
0.018551342,0.2127541,1.3769393,-1.3336382,-0.70522934,1
-0.21545602,0.97040004,0.24052048,-1.0335292,-0.60267806,2
-0.79040134,-0.8017669,-0.35344175,0.5894629,0.06932102,2
-0.32820776,1.0809135,0.46190113,-0.7619042,-0.29622102,1
-0.17807795,-0.93367505,0.7955127,0.9924809,2.4764972,2
-0.36582705,-1.0084752,-0.70540243,1.1857008,1.3170493,1
-0.5683161,-0.8151523,0.0013884008,1.7214187,-1.8125786,2
-0.30155802,1.2503719,0.14524518,-0.98594886,-0.38769072,1
-0.0130061135,1.5032957,0.70215786,-0.89187384,-0.1446043,1
-0.24422875,-0.78228945,1.1663617,-1.2466438,0.47296053,2
-0.8316815,-0.21928242,1.2960342,-1.6169851,-1.1071973,1
0.51706105,0.3999864,-0.7601548,-0.4887884,0.02223527,1
-0.057238135,-0.41284007,1.14906,0.9891275,-1.040918,2
-0.63538736,0.77325475,0.14625435,1.7893472,-0.97282124,1
0.975195,0.58693105,-1.4266968,-0.10041849,-1.1089525,2
0.087899454,1.3539082,-1.4780761,-1.182326,-0.25797513,1
-0.04562165,-0.49489433,0.6815426,1.9696476,-0.019181922,2
0.4391964,0.314848,1.0124446,0.6350059,1.2885219,2
-0.57638353,-0.7031073,1.2455263,0.42802492,2.1057143,2
-0.8667779,-0.1453313,-0.6322533,0.70674765,-0.079043284,2
1.3552778,1.3488653,-1.307692,-0.72999376,-0.34593377,1
0.82294136,0.6559288,-0.18638274,0.005535215,-0.3626664,1
-0.397629,-0.54802376,0.99623984,0.5665178,1.4988623,2
-1.0882834,-0.7189142,-0.3811863,1.4695182,2.4725895,2
-0.21827,-0.72747165,0.18904655,2.1343977,-2.0376372,2
0.3879757,0.7018242,1.0483724,0.4197741,-0.42438257,2
-0.34735513,-0.38677794,0.51633763,0.30622053,-0.6281874,2
-0.5662133,0.59130436,0.3829529,0.37719658,-0.024091288,1
-0.74783504,-0.48218766,1.386689,-1.7377169,2.2809865,2
-0.077999875,1.1394403,-0.24401,-0.4559132,0.19491246,1
-0.60097784,-0.94487715,-0.6689768,0.22239682,-0.06618681,2
3.0116274,-0.24590752,0.40399998,-0.896164,-0.4215613,1
-0.10352395,-0.49011546,1.0283407,0.89356065,0.57568353,2
-0.9609854,-0.47412804,-0.23833245,1.6126163,-1.5467545,2
0.6944448,2.2243645,-1.585871,-0.8215002,0.9116026,1
0.28520107,1.6841254,0.56175196,-0.094642736,-0.6687364,2
-0.17622285,-0.69378734,-0.2986039,1.6899571,-0.6443033,2
3.8660064,-0.907894,-1.3023546,-0.44890875,-0.34728512,1
0.8851471,1.1861695,-1.3901184,-0.46716478,0.016053386,1
-0.7945336,-0.8060962,0.18524025,-0.6956105,-0.15942433,2
-0.33513898,0.16110733,0.9190018,0.75836784,-0.2495221,2
-0.9685146,-2.3313506,-2.1419103,-1.6449109,-0.27889067,2
-0.25888824,0.24883793,0.81154096,0.19751683,1.7901771,2
-0.4545497,-0.5572633,-0.051196113,1.2670311,1.8090959,2
-0.6309792,-0.80821294,0.414374,-1.6569213,3.1823823,2
-0.44009843,0.93242955,0.42050466,-0.060801968,-0.52013373,1
-0.8219188,1.4635731,0.16189358,0.2826345,0.13639832,1
-0.31918097,-0.120895475,1.7169695,-1.4137717,-0.49951982,1
0.4424979,0.7697573,-0.031860374,1.5317824,-0.78623164,2
-0.509819,-0.52164674,0.8749289,0.32870764,-1.0341256,1
0.10788754,0.06915555,0.5369232,0.59723717,2.0749836,2
-0.14495102,1.5922371,-0.10488857,-0.35901934,-0.5371559,1
-0.20792578,-0.4338289,1.0970683,0.92455184,1.9543927,2
1.2379498,0.7951521,-0.32299563,0.50106865,1.0535586,1
-0.44112355,-0.5880883,-0.1281124,1.1035231,-1.6553243,2
-0.42896682,-0.85001296,0.63756114,1.1408393,2.8559759,2
-0.7125552,-0.7361148,-0.4084782,0.17022689,-0.04549797,2
-0.19211838,1.0108972,0.29226735,0.1708768,-0.7495042,1
-0.49297255,-2.7420478,-2.6070557,-1.0375314,-0.8710172,1
0.82712066,0.107188985,0.10512822,0.19857089,2.0413332,2
-1.3906549,-1.9712607,-1.6685188,0.717033,1.6526345,1
-0.2984257,0.7827952,1.2366456,0.90355265,-0.78662217,2
-0.92708063,-0.44692653,0.45146435,1.5126821,-0.035963103,1
-0.8715099,-0.5724496,-0.28890902,0.57117873,-0.84822124,2
-1.8781371,-2.753834,-0.0009046495,-1.2149022,-0.57256836,2
-0.8202877,-0.14068368,1.2716576,-1.9104097,-0.1902707,1
-0.6567883,0.13810939,1.8821864,-1.2817357,-0.37757874,1
-0.10374996,1.5045863,-1.7467867,-0.8630641,0.13674797,1
-0.7125127,-0.7243491,-0.59993273,1.7978622,-0.5551846,2
0.25590572,0.8803627,0.90044373,-1.2577355,-0.28076,2
-0.68020976,-0.48071063,2.0591369,0.411389,1.5542954,2
-0.0030926764,-0.41382843,1.5702976,-1.0919851,-0.26816657,2
-0.40864232,0.17496169,-0.53594506,0.5498761,1.0894978,2
0.0345881,-0.058537364,1.4149643,0.95863914,-1.3409784,2
3.0792904,-1.7117409,-0.7734431,-0.33311614,-0.1698695,1
-0.44983584,-1.0698246,0.7425434,0.44024533,1.867619,1
-0.90682393,-0.5688385,0.1680794,0.55997986,0.8951326,2
0.08996544,1.2247341,-1.4339923,-0.8254051,-0.25658512,1
-0.78896916,-0.42073062,1.4280492,-1.3162485,-0.7555542,1
-1.319015,-0.9105101,0.9690983,0.7799198,-0.006515771,1
0.19941084,0.056239426,0.99499047,0.642524,2.035202,2
-0.63688856,-0.7536172,-0.3420225,-1.8109392,2.2327251,1
-0.45707613,-0.96031874,-0.3156795,1.2729784,1.3288733,2
2.7685385,-0.40231115,-0.7948158,-0.46849954,0.31669727,1
0.0036658868,0.9739487,-1.5559849,-0.40617722,-0.8264488,1
0.24555515,-0.63665634,1.1713994,0.24952619,-0.5147628,2
-0.7427157,1.5016768,-1.4354483,-0.40308774,-0.33231524,1
0.11874692,1.870876,0.26898846,0.049974203,-0.2302238,1
0.8820629,0.9499455,1.3015304,-0.96536523,-0.7068071,2
-0.37016168,-0.5083601,-0.43596295,0.52091086,-0.14042394,2
-0.22412533,-0.81312287,1.2780718,0.5697878,-0.73559725,2
0.16461454,2.2091742,-0.48005277,-1.234142,-0.5341575,1
1.294349,1.0206509,-1.2833996,-0.58529836,0.39129218,1
-0.6902188,0.20302421,0.1507969,-0.72265923,-0.117694914,1
-0.3536528,-0.186066,0.6444086,-1.1710083,-0.61331815,2
-0.61287236,-1.0669383,0.09691861,1.5966513,2.5574627,2
-0.7240497,-0.8774562,-0.72185296,1.1781889,-1.3802286,2
1.3643454,1.6102576,-1.6239201,-0.23916167,0.020206805,1
-0.94768757,-0.5698983,0.38387817,-1.0174142,-0.07340525,2
0.04906653,1.9143126,-1.3899795,-1.1100179,1.6556149,1
0.6586337,0.08119451,-0.5621276,-0.8888659,0.13264126,1
-0.43131918,-0.49529004,-0.2724566,0.60586375,-0.73739797,2
-0.8658645,-1.0065749,-0.62019813,-1.3512366,1.9311745,2
-0.93772566,0.34691355,0.072159246,-0.13258238,-0.16242291,1
-0.4254726,-0.8388621,0.9105991,0.712253,2.7234898,2
-0.8524492,-0.40738827,0.9388722,1.1983426,-0.8418342,1
1.4997666,0.42059302,-0.45842877,-0.117371574,-0.49658775,1
-0.44037312,-0.68903315,-0.935039,1.3188989,-1.3855808,2
-0.80681837,-0.7790349,1.2142469,0.22359142,0.7290895,1
-0.07495612,-0.84525037,0.65112436,0.7445247,2.6379888,2
-0.40994412,2.0079827,-0.13417926,-0.029756725,-0.5302584,2
-0.14595959,1.8412151,0.22962205,-0.00322075,-0.38901818,1
-1.2318032,0.16507745,1.9202981,-1.35283,-0.32030416,1
-0.7254633,-0.6935003,-0.19836247,0.7585583,-0.21017829,2
0.040124312,0.87661487,0.56438214,1.7248399,-1.2070136,2
-0.43181187,-0.59204966,-0.56037414,0.9392714,-1.340355,2
0.36801827,0.4877702,1.0393376,-1.4772311,0.747781,2
0.72576815,-0.12868166,-0.5692125,-0.63365406,-0.0030847872,1
-0.27055877,0.91176754,-0.20590276,-0.33831954,-0.38983995,1
3.1646922,-1.6748229,-1.1223369,-0.7797897,-0.37543947,1
-0.6636724,-0.834608,-0.26874754,0.94528264,2.5657856,2
-0.3637618,2.5777216,-1.5472405,-0.9955159,0.97833633,1
3.0287802,-0.9296891,-1.3645052,-0.67001814,-0.14025664,1
0.2358048,1.6958872,-1.4472066,-1.0336667,1.352462,1
-0.2391443,-0.12335807,1.2553235,-2.128561,-1.3330309,2
-0.14819236,0.47645065,1.4641333,-1.1245255,-0.7258024,2
-0.18886493,0.81092834,-1.2535515,-0.84402853,-0.17983496,1
-0.848495,-0.9768971,-0.47005248,1.7762492,-1.296517,1
-0.27931228,-0.38319498,0.81032336,0.53414273,2.5826204,2
-0.75019455,0.38505867,0.56278723,-0.2051756,-0.2823755,1
-0.45314932,-0.62690175,-0.4966741,1.5456105,1.6359828,2
-0.74247533,-0.9515091,-0.07355562,0.4396231,-0.13244705,2
-0.34103334,1.9460753,-1.4090456,-0.1221084,-0.4274935,1
-0.26340836,2.3308392,-1.4929157,0.3361381,-0.42840007,1
-0.9692109,-0.83768874,-0.5150371,0.33733597,-0.0015607476,2
-0.15711914,1.7045237,0.13462022,0.35930002,-0.4144041,1
2.0172617,-0.7412088,-0.47792113,-0.74268824,-0.12785572,1
-0.46676594,-0.8596221,1.1696113,0.1134785,0.48011076,2
-0.53733194,0.028819539,-0.044596113,-0.19147962,-0.30315822,1
-0.1888133,-0.7801821,0.16633685,1.1380467,1.8049755,2
-0.49678516,-0.509602,0.05881793,1.5288159,1.4093231,1
-0.8478785,-0.47455782,-0.23587698,-0.52715176,0.5664818,1
-0.13754481,2.403793,-1.4625287,-1.3767737,-0.14333563,1
-0.46707016,-0.2877183,1.2950393,-1.5265749,-0.42742288,1
-0.80542755,-0.20514101,-0.106236964,-1.1186146,-0.35231245,1
-0.4459511,-0.8657973,0.5449099,1.5370595,2.364605,2
3.4170613,-1.6452243,-1.0845697,-0.5918895,-0.19919243,1
-0.5192461,-0.6404593,0.85798776,0.85342675,-1.4317988,2
-0.5210836,-0.81320983,0.20510122,0.10556939,0.05600071,2
-0.042292982,-0.0018398315,1.7468903,0.5372305,-0.72526973,2
-0.3182991,2.0932713,-1.678779,-0.14693117,-0.31895518,1
-0.697778,-0.7907996,-0.23175572,2.1557496,-1.138117,1
0.28900173,0.882603,-1.2532225,-0.25991172,1.668355,1
0.7716298,-0.6446227,0.7510191,0.03973352,-0.40307435,2
-0.44489306,-0.2729869,0.622658,-1.28087,2.50305,2
-0.7112779,-1.0303117,-0.6538656,-1.6538678,2.225879,1
0.0005186051,0.20887256,0.4127949,-0.30517906,0.8815624,2
-0.86127704,-0.94006836,-0.7282034,1.1582904,-1.6300517,2
-0.7288438,-0.108529404,0.44284874,1.3564192,-1.2040347,2
0.58388335,1.0564466,-1.7843536,-0.8538536,0.32030994,1
0.3994473,1.3470695,1.0216215,-0.971949,-0.18313622,2
0.89711165,-0.52627933,2.1715028,-1.1724719,-0.4672413,2
-0.42574823,0.9804518,-0.090932086,-0.22446485,-0.45715123,1
-0.9837414,1.6375974,-0.4761656,1.5595112,-0.792853,1
1.8483193,0.76383626,-0.5967063,0.6988808,-0.4815438,1
-0.72406024,0.20547722,1.8036469,-1.7651311,-0.62514913,1
-0.8670328,-0.7158821,-0.014349714,-1.6109968,3.4964557,1
-0.43819457,-0.34914494,-0.2578255,0.79660064,1.532118,2
-0.9895357,-0.14255744,1.4078553,-1.3570815,-0.4333346,1
0.25909328,-0.7455815,0.8880025,0.5668353,0.63765603,2
0.80647266,1.0324367,-1.6459856,-0.1385731,-0.3508135,1
0.032541513,0.8461597,-0.5504913,-0.7073939,0.1030571,1
0.054753944,-0.8993979,0.74103546,0.2679994,0.9957236,2
-0.25639093,0.36356592,1.1006494,1.2160081,-0.8169703,2
-0.44210982,-0.82200414,1.1466118,0.41579834,0.88500965,2
0.48326623,0.3600217,-1.2276168,-0.71965456,-0.139631,1
-0.038253255,1.3888438,0.13577197,0.38077223,-0.8329133,2
-0.33360815,-0.4997847,0.59500545,0.39733338,0.3570356,2
-0.07658021,2.5981424,-1.7863904,-0.64272666,0.41820025,1
-0.94326293,-0.9674177,0.17445943,0.38486424,-0.3243114,2
-0.5183845,-0.18210238,1.6553658,-1.390188,-0.31790358,1
-0.46003938,-0.7009429,1.1320286,0.79461783,0.90149784,2
-1.2543399,-0.099147245,-1.1825744,0.091901645,-0.3153615,1
1.2411207,1.2525923,-1.3280796,-0.3509995,0.15339217,1
-0.3096483,1.1154929,-1.3988559,-0.8061254,-0.17708501,1
-0.3829359,-0.2115402,0.35876593,0.51411396,-0.28958666,2
0.727265,1.0992059,-1.7900615,-0.037899517,1.2974327,1
1.8179884,0.9995739,-1.4155629,-0.7116664,-0.42786407,1
-0.13412078,-0.59698504,0.3012662,1.3896941,-1.0360024,2
-1.0128947,-0.74050736,-0.35852015,0.029416474,-0.03409633,1
-0.7605645,-0.08957654,-0.40856016,0.66813797,-0.4235108,2
-0.11284003,1.5304698,-1.5968673,-0.94924664,0.1048341,1
-0.029042244,1.3301983,1.1216546,0.28487965,-0.6409255,1
-0.026289463,1.3446842,0.16278152,0.98916614,-0.7893313,2
-0.4574396,-0.44470525,-0.461739,1.2767568,-0.3900978,1
-0.75196475,-0.60078883,-0.33444017,-1.131487,-0.115786426,1
-0.39194694,-0.0040091425,1.2035742,0.4095454,1.6822,2
-0.470439,1.0065876,-1.6198587,-0.68289083,-0.40261567,1
-0.25728446,1.8977563,-1.9359074,-0.84134054,-0.39837974,1
-0.67886335,-0.5066577,1.6291907,-1.5551932,-0.93960464,1
-0.7021747,-0.62795144,0.60143423,-1.3511698,-0.54782087,2
-0.01353199,2.1637998,0.6174201,0.35168642,0.4958378,2
-0.538262,2.4126103,-1.3713126,0.39676532,-0.66065496,1
1.1929528,0.8169913,0.68545926,-1.1951033,-0.306809,1
-0.55026144,0.8868689,-1.4010195,-0.82711875,-0.26738828,1
0.50273067,0.57721114,0.045987118,-0.11955034,0.4299014,1
-0.8681189,-0.5861727,0.3748027,1.0839537,-0.0036129951,2
-0.5649898,-0.3022963,-0.10509887,0.94425166,-1.5999086,2
1.1279784,0.55563724,-0.44282395,0.32400718,1.0318573,1
-0.5939447,-0.66015613,0.47004417,0.9274132,0.022954851,2
-0.06744376,1.5130928,-1.2934169,-0.54998285,-0.09980397,1
1.7517989,0.26364443,-0.27124906,-0.4404935,-0.1964227,1
-0.11204547,-0.22979143,1.1053059,1.7689888,-1.0420866,2
0.5035858,1.4435921,-1.4822998,-0.2513346,0.014626309,1
1.0786294,0.30168274,-1.2941377,-0.9441917,0.07595708,1
-0.60165,-0.20623949,-0.23284072,1.0791357,-0.21439491,2
-0.67435783,0.35706636,0.40205514,-1.0625948,-0.50298524,1
-0.74110293,-0.9100564,-0.004523456,1.3132192,2.6196108,1
-0.47194302,-0.6123125,1.8531536,0.9846484,1.0139312,2
0.8694849,0.17747948,0.04240952,0.3033208,1.5936679,2
-0.69919497,-0.35720378,0.5288646,0.19781692,3.0955253,2
1.4397845,0.039859287,-0.37619787,-0.75118065,-0.6534216,1
0.8238646,0.56450766,-0.09185426,-0.04643652,0.98244524,1
0.10151659,1.7686193,-1.2365459,-0.60679436,-0.6648421,1
-0.8665631,-0.77729696,0.36242223,-1.0364039,0.440472,2
-0.53721863,2.147544,-1.6053054,-0.2620737,-0.063559875,1
1.2081162,1.2546958,-1.4120135,-0.6238022,1.1489844,1
0.46298125,0.6559755,1.1424145,-1.1306983,-0.30321068,2
2.5440128,0.7329726,-1.2356544,-0.20661965,0.28260183,1
0.29769754,0.938259,-1.5335815,-0.8625688,2.476523,1
1.2464683,1.4205642,-1.286723,-0.32442105,-0.8086292,1
1.420416,-0.44022837,-1.0231233,-0.09241542,-0.6136022,1
-0.689252,-0.40187287,0.76489055,1.0132382,1.142534,2
0.08850548,0.38846073,-1.486492,-0.22531861,-0.94179785,1
-0.48867327,-0.7861457,-0.30261335,-1.4539045,2.0342019,2
0.34083343,-0.5763107,-1.3110629,-0.5032495,-0.14063407,1
0.15133703,2.3793721,-0.03107936,-1.0438106,0.029920526,1
-0.05393085,0.1879173,0.6394847,-1.0883386,1.6283092,2
-0.75364727,-1.062035,-0.4642282,1.2880179,-0.0116431415,1
-0.2917968,-0.17457443,1.3732189,-1.4141133,-0.832571,1
-0.6055907,-0.7373139,0.5797092,1.1240596,2.182724,2
1.291111,-0.9465603,-0.4610068,-0.59487295,-0.33400938,1
-0.2500087,-0.5575825,1.4304531,0.27221033,0.73139733,2
0.40745065,1.3520846,-0.16663273,0.20838037,-0.62199515,2
-0.19590604,-1.1421217,0.97346056,0.6809992,-0.93539846,2
-0.30896187,-0.05754883,1.5454835,0.79035604,-0.5727031,1
2.676686,-0.7996776,-0.86189544,-0.48823506,0.029138654,1
-0.79611266,-0.697462,0.27260548,2.5024352,0.009278312,1
-0.65873474,-0.33661258,-0.91245055,-0.11518035,1.2214622,2
-0.35238308,1.5781908,-1.7425578,-1.0709149,-0.5073558,1
0.82684016,1.1191508,-1.5686063,-0.13873097,1.208892,1
0.22964397,-0.17766191,0.58620787,0.34301078,1.1223023,2
-0.3428631,-0.6309636,-0.3861779,0.7997901,1.2300998,2
2.9788523,-1.8258954,-0.9668163,-0.5589685,-0.3283233,1
-0.49029487,0.016378334,0.27201906,0.31065956,0.06416309,2
-1.0204186,-0.8319343,0.047445834,0.8703358,-1.3244461,2
-0.7610695,-0.9388652,-0.51228434,1.6343817,1.6809311,1
0.5454256,1.4677804,-1.260067,-0.34784278,-0.54099137,1
-0.6647279,-0.88135505,-0.20223553,-1.4380072,-0.0060780942,2
1.1645184,0.76591265,-0.49393192,-0.13145775,0.004070312,1
-0.3129756,-0.45916712,1.542251,0.57443994,1.0158242,2
0.107890435,0.7616012,-0.28639174,-0.85445535,-0.35899276,1
-0.14485402,-0.9784399,0.3365317,1.350426,-2.072204,2
-0.8306891,-0.65208054,1.681039,-1.37288,0.4400329,2
-0.17184053,2.2297761,0.06947068,0.6405466,-0.6083399,2
-0.4697712,-0.20023575,-0.6329852,1.2872441,-1.2127494,2
0.5794399,0.27586728,1.0208665,0.6617905,1.0989914,2
-0.44512936,0.545959,1.0693364,0.5348443,-0.787162,2
0.16096264,-0.29013094,-1.1477679,-0.6701139,-0.41301814,1
-0.1672483,0.89132637,-0.329467,-1.162587,2.4338245,1
0.5601463,2.1026921,-1.3799334,-0.57333755,-0.20360385,1
-1.3893322,-0.9433468,-1.3875166,-1.9428881,-0.30134538,2
-0.89337945,-1.0919992,0.1008358,1.9178538,-1.7903235,2
-0.5005059,2.328428,-1.5111579,-0.2690541,-0.660461,1
-0.4318409,9.560585e-05,0.29772785,0.42597467,-0.58122844,2
0.046926558,0.00034195185,0.2617888,2.4221013,-1.335212,2
-0.051702753,0.8966986,-0.25562763,0.74445224,-1.0890158,2
2.062696,1.1811038,-1.3179559,-0.6522715,-0.26131487,1
-0.78879243,-0.8715183,0.10284391,0.70528275,-1.0327058,2
1.6907899,-0.06584573,-0.91736245,-0.4406948,0.08107549,1
2.2164183,-0.41362655,-1.023349,-0.62377816,-0.12643474,1
-0.2581639,0.36940548,0.8955366,0.74341,-1.1286066,2
-0.76661086,-1.2526494,-0.11414386,-0.048818648,-0.41640434,1
-0.017583162,-0.37304467,1.161191,0.648933,-1.3051959,2
0.05453185,1.721621,-0.39196712,-0.3546633,-0.46539485,1
-0.6963383,-0.5249766,-1.8904742,1.2523074,-1.4988928,2
-0.7848539,-1.1525373,-0.20727769,-0.06364241,-1.6720538,1
-0.5820168,1.9237711,-1.5287511,1.3395755,-0.8261104,2
-0.88676107,-0.6676847,-0.39466783,1.6920633,-1.9386424,2
-1.0533476,-0.86856896,-0.46476585,0.24713081,1.8581877,1
-0.24154949,1.9538091,1.1051776,-1.147028,-0.43404227,2
-0.6811547,0.5560657,1.0419016,-1.5657719,0.16107385,1
3.68249,-2.1659155,-0.61907077,-0.72847044,-0.21607496,1
-0.73336345,-0.7167792,-0.20321263,1.5603834,-1.1709727,2
2.208076,-0.81675106,-1.0288204,-0.7124105,0.21018624,1
-0.4875763,-0.7992967,0.019878134,1.4677417,-0.19735879,2
-0.51518565,-0.56071794,1.0886797,0.3211057,-0.8937915,2
-0.5677476,-0.24025442,0.14851585,0.17002794,-0.032100454,2
-0.15528722,0.59290487,0.25662312,-0.06301693,1.1338114,2
1.7149055,1.0580502,-0.28556117,-0.693527,-0.19509636,1
0.028651536,2.3548455,-1.7684579,-0.29556906,0.5130621,1
-0.8845093,-1.0210544,-0.511018,-0.18592969,-0.06819904,1
1.7689999,0.665006,-0.30196178,-0.87006956,0.0036019608,1
-1.0014169,-0.48858023,0.63087976,0.6631886,1.759882,2
-0.73482984,0.09278095,-1.2744107,-0.14501059,0.8234983,1
4.2972527,-0.34639272,-1.0851955,-0.29848033,-0.23055992,1
1.1615636,1.3746276,-1.4688091,-0.5875173,0.07763374,1
3.559288,-1.7031221,-0.90342695,-0.67051077,-0.3072605,1
-0.16802701,0.17370877,0.9027916,0.1472104,-0.91581345,2
3.3595827,-1.4660114,-0.8793598,-0.48338056,-0.036912903,1
2.258601,-0.86010045,-0.7263388,0.028905064,-0.06207016,1
2.2599325,0.3016973,-0.24560882,-0.885316,0.06783643,1
-0.20283972,0.7106475,1.0237062,-1.266914,-0.4898175,1
1.9830649,-1.0297254,-0.70817095,-0.44173214,-0.29798156,1
-0.5944805,0.10313302,2.17703,-1.5136287,-0.7793685,1
-0.1685289,-0.103305355,-0.1713058,1.1703843,-1.0922215,2
-0.4818405,-0.16310173,0.25970986,0.7942409,0.5587163,2
-0.35872602,-0.21049926,0.27210242,1.9705058,-1.4525588,2
0.79564494,1.8768928,-0.32031468,0.1365409,-0.23945145,1
-0.07838279,0.6513537,0.49474105,-0.19778647,0.029907674,1
-0.5903716,0.32000536,0.76382214,-1.1913091,-0.7251893,1
-1.2643096,-2.0193884,-2.0916235,-1.728372,0.043182924,2
3.462302,-0.7234206,-1.0416088,-0.81368744,-0.4596759,1
-0.43057072,0.07146861,1.6463485,0.63972515,-0.60691327,2
0.3876089,0.60973644,-1.2607919,-1.1393888,0.6455476,2
-0.6955925,-1.2283318,-0.061341688,-1.1726686,-0.59869814,2
-0.7150358,1.1433779,-1.5540015,-0.44918486,-0.3586419,1
-0.13910748,1.7941005,0.7852918,-0.11099391,-0.6873454,1
0.50591254,1.3637407,-1.3960896,-0.3904193,0.5302852,1
-0.4482301,-0.9609491,1.0453998,1.2261686,0.8190599,1
-0.38014263,2.2486775,0.023698628,-0.11799616,1.0693479,2
0.022091746,-0.22763517,-2.406386,0.07258175,-0.89399767,2
-0.79375577,0.27184933,-0.25427452,0.002848398,-0.27182442,1
1.9074614,0.18295811,-1.2257138,-0.30859506,-0.77119464,1
-0.31388167,-0.81690675,-0.050184764,1.8002938,-1.4747859,1
-0.68920434,-0.22274047,0.18544126,0.60547906,-0.17581813,2
-0.18754156,-0.71868676,1.3567722,0.22627376,0.6825457,2
1.4174087,-1.1428077,-0.9712208,-0.44990134,-0.16947734,1
3.1339743,-0.85362405,-0.73281825,-0.20999569,-0.1443109,1
0.9346951,-0.30834863,1.6873398,-1.2423348,-0.79289657,2
0.7712844,-0.25082344,1.3314477,-0.9932302,-0.3074513,2
-0.31677094,-0.50815254,0.34116888,1.4953498,-1.1237683,1
-0.47765368,-0.9964498,0.6959292,1.1995621,2.355988,2
-0.7585783,-1.0605845,0.7266745,1.2324325,-1.5817473,1
-0.24340734,-0.7180867,1.6338823,-1.681897,1.4278381,2
-2.1382854,0.5800527,-1.4859809,-0.6001555,-0.121214494,1
-0.6360225,0.090035215,1.390099,-1.3326191,-0.7970901,1
0.74058044,0.39649445,-0.29708642,-0.47453517,0.3389353,1
-0.43749946,-0.07455442,-0.53901094,-0.081447884,0.28245974,1
-0.85330415,-0.005055696,-0.30539683,0.9000715,-0.3105389,2
0.33493108,1.3336009,-1.3707088,-1.0944822,-0.34130833,2
-0.25110894,-0.24085185,0.6867051,0.30704048,2.9912853,2
0.48613605,1.3943783,0.8008827,-1.2328374,-0.06580958,2
-0.64879763,-0.2640993,0.6611679,-1.5427612,0.44150794,2
-0.148247,1.3749194,0.13907135,-0.14637354,1.3443601,2
0.47381765,1.3125027,-1.323406,-0.58506346,-0.4280293,1
-0.15822628,1.5931026,-1.5200931,-1.2570871,-0.19700326,1
0.4427064,0.5546677,0.70622575,0.27035886,1.2468573,2
-0.6725123,-0.24173969,-0.14128281,1.5493606,1.9455442,2
0.51393193,1.4932876,0.15675847,0.38972777,-0.6294054,2
2.5951881,-1.067315,0.5132708,-0.99861515,0.2331104,1
0.7539893,0.05002847,1.5097034,-1.1243379,-0.44800222,1
-0.14209394,-0.58173794,1.1140347,-1.5948373,2.3677692,2
-0.8235126,-0.69131786,-0.7499449,-1.2556666,-0.22014529,2
-0.5071572,0.21546388,2.1880677,-1.4239974,-0.1283974,1
0.269592,-0.04641296,2.0515647,-1.5089991,-0.49643177,2
-0.3174922,-0.7429327,1.3690455,0.41959724,0.7622904,2
3.061782,-1.7426685,-0.55308264,-0.5357342,-0.12693712,1
-0.84712994,-0.306038,-0.52175754,0.58353233,-0.13608894,2
-0.7431734,0.4391938,1.2393837,-1.5580882,-0.95064557,1
-0.6124545,-0.5934932,-0.8659565,0.70857596,0.6476487,2
-0.54534656,-0.65555274,-0.84059805,0.05029258,0.17422967,1
-0.56444895,-1.0090817,1.0938655,0.7957758,-1.6648563,2
-0.23792562,1.6795347,-1.6076266,-0.011580676,-0.6414338,1
-0.8131374,0.037256885,1.8750188,-1.4852192,-0.17628886,1
0.7696864,1.3167058,0.7821834,-0.859275,-0.20103821,2
-1.0466201,-0.69383633,1.926846,-1.4227108,0.5335699,1
-0.5005067,-0.78889537,0.612632,0.1982744,1.7688688,2
0.9774839,-0.0118026845,-1.4052827,-0.7461594,-0.27495036,1
-0.63396204,-0.604241,-0.76881605,0.047015104,-0.024869189,2
1.2093884,-0.08272348,1.0354103,-1.1245769,-0.84908336,2
-0.002213575,-0.5660768,0.91098464,1.5709966,-1.4512342,2
0.09339666,1.6060919,-1.9121779,-0.8945465,-0.13005745,2
-0.11314571,1.9147747,0.080673635,0.17888026,0.038199335,1
0.77650106,0.21856642,1.3292724,-1.273772,-0.546655,2
-0.5607824,2.5614395,-1.6557333,-0.70916855,-0.4428485,1
-0.7028919,0.035459712,1.6256461,-1.5840998,-0.9488643,1
2.6411495,-0.70780957,-0.91037077,-0.29868856,-0.45662057,1
1.1544826,0.35200083,-1.150721,-0.7309659,0.22860497,1
-0.36696422,-0.3779493,0.6261043,-1.1796536,-0.99756885,2
-0.60876334,-0.74045634,-0.1139956,1.5675517,1.3539971,1
-0.5809424,-1.0941452,-0.47804135,1.2138168,1.9113489,2
2.4060457,-1.8386497,-1.2098762,-0.42473757,-0.037931554,1
0.42562008,0.1682836,-0.3810848,0.4896614,0.9110601,2
-0.7918199,-0.47662586,-0.045027737,0.48119575,-0.11632826,2
-0.5174388,-0.2991351,-0.071674086,0.8580959,-1.3452165,2
-0.7029178,-0.8466513,-0.9011776,0.02028983,-1.5665069,1
3.3614736,-0.30211714,-1.2268617,-0.058907777,-0.46980226,1
-0.13886985,-0.46980906,1.2387428,0.7516097,2.1119854,2
0.6154604,1.4284565,0.5278878,-1.1935295,-0.63771594,2
-0.37480062,2.3136306,-1.4825203,-0.17641743,0.49562067,1
-0.895605,-0.6457814,0.3106404,0.3699601,-0.7469021,2
-0.4173997,2.084215,-1.8189771,0.5051389,-1.0018764,2
0.0010987893,0.10300982,0.20721002,1.6601696,-0.8328093,2
-0.69726413,0.3186027,0.8600683,1.0340708,-0.50067633,2
-0.57787085,-0.28898653,1.0043287,1.4051514,-0.41164947,1
-0.60298216,0.43285015,0.8432107,-1.2505131,-0.41801637,1
-0.67037386,0.44067594,1.2561203,-1.1221762,-0.17592633,1
0.10737808,-0.55974567,1.6279378,0.31390128,1.8262273,2
-0.6319034,-0.43548083,0.36105865,0.7688199,-1.0590858,2
0.11818774,2.4764678,-1.73484,-0.1567841,1.1561968,1
-0.6120825,-0.921803,-0.40519917,-0.8477942,1.6688461,2
3.4242823,-1.581891,-0.9218948,-0.51508826,-0.3664053,1
-0.747139,0.104897,2.0045402,-1.6183263,0.5424567,1
-0.7915739,-0.48988277,-0.03103754,-1.8847395,3.5164337,2
-0.15477222,-0.230891,1.3534389,0.61894834,1.453006,2
-0.4857816,-0.35978794,2.5573764,-1.6515228,-0.8696021,1
1.5955637,1.0414459,-0.4693374,-0.88691676,-0.28155962,1
-0.5012541,-0.79618037,0.54908067,1.1302216,-1.6841902,2
-0.23229696,-0.31005597,1.0515382,0.1546891,1.9492594,2
-0.36730927,-0.07608536,0.5430405,1.2116109,-1.3653829,2
3.1887395,-1.6398292,-0.96020114,-0.42648655,-0.37765115,1
-0.52792525,-0.87983596,-0.1687865,1.9318105,-1.3598856,1
0.167665,0.64680916,1.1548474,0.47288662,-0.5771274,2
-0.35106745,1.7817929,-1.6600361,-0.9909513,-0.09288925,1
-0.70000225,-0.70617247,1.1725539,0.8047513,2.133029,2
-0.53524137,-0.79462373,-0.26335552,1.1000946,-1.2742052,2
-0.6321631,-0.46949074,1.2158233,-1.2879568,-0.11578655,2
-0.9453508,-1.0129417,-0.9431396,-1.6602598,3.5264795,1
-0.7647696,0.20834215,0.78672063,-1.3665094,-0.35811615,1
-0.28277633,1.492336,0.49621755,0.21321213,1.3219872,2
-0.53739214,-1.0045236,1.2297364,1.172539,2.2154868,2
2.93878,-0.6709733,-1.3155735,-0.38788724,-0.36687708,1
0.81650585,0.3702405,0.7598755,-1.1143199,-0.3901966,1
-0.62604904,-0.76452374,-0.10506913,-0.7154759,-0.19146141,2
0.2871699,-0.009406174,0.8112486,-1.340985,1.2230104,2
-0.19876426,0.025195211,1.1288856,-0.99676037,0.48762292,2
0.12092042,-0.26011628,0.33658606,0.62069553,-0.3368189,2
-0.56060034,-0.88454777,-0.8175318,-1.4209976,1.7169586,2
-0.5818793,-0.7904825,2.3230333,0.84399223,-1.0309834,2
0.6914225,0.97912127,-0.30055678,-0.9281135,-0.44887906,1
-0.8289197,-0.25048888,1.3305571,-1.3643347,-1.0808179,2
-0.43926495,-0.44402865,0.15493438,0.027062535,1.8060902,2
-0.7375692,-0.7339423,0.41048878,1.7893976,-1.6448829,2
-0.19081143,0.7802013,0.5977813,0.29977685,1.7207884,2
-0.24685337,0.20763592,1.3603683,-1.3374691,-0.4722488,2
-0.30575225,-0.54069996,0.96508,0.62531126,-1.2886283,2
0.36226696,1.4507685,-1.1447828,-0.4528776,1.5173423,1
-1.1267698,-0.50744104,-0.4208288,1.6424407,-1.7639115,2
-0.40657145,1.7891951,0.73656553,-0.16758424,-0.3179387,1
-0.14275636,-0.22986197,-0.26353502,0.8026251,1.8234439,2
-1.1012384,-2.3020234,0.5581093,0.31015834,-0.7742473,2
-0.24226116,0.33113077,0.9807091,0.65551955,-0.73875993,2
-0.84277964,-0.7184099,0.11517088,1.786349,-1.3782368,2
-1.0848788,-0.4379772,-0.29485986,-1.6420665,-0.11654732,2
0.2763838,1.3169371,0.7490709,-0.34362695,-0.32483798,2
1.5367215,0.22810486,-0.786528,-0.5580432,-0.2131423,1
-1.0749531,-1.8980222,-1.6887993,-1.5545249,-0.22485594,2
-0.8554823,-0.5358938,1.8849674,-1.3530086,-0.6337285,1
0.5582679,0.5099584,-1.129458,-0.84678537,0.13284603,1
-0.8239548,-0.080445446,1.1882651,-1.3444719,-0.64172894,1
-0.5883011,-0.34885925,1.7658318,-1.3850042,-1.0997334,2
-0.35354868,0.07678141,0.35533473,1.709759,2.0841806,2
-1.407496,-2.4814374,0.5325457,0.434568,-0.9759425,2
-0.6028433,0.04771234,1.3742685,-1.3032039,-0.4660771,1
-0.8460293,-0.85669965,1.2830567,0.21136734,0.72353834,1
-0.15008248,0.9454274,0.3416025,-1.0790744,-0.33527142,1
-0.5193686,-0.88259584,0.1211662,1.2265427,-1.5687081,1
1.3492477,1.5938321,-1.7133982,-1.0649331,-0.45069417,1
0.14705428,1.5798281,0.75124365,-1.1270218,-0.45922026,2
0.21608058,-0.68593574,0.8436302,1.944736,-1.2001095,2
0.17473935,-0.45429072,-1.5056325,-0.6263099,-0.11842321,1
0.84310937,0.7144145,0.31765732,0.31508753,1.582454,2
-0.30707097,0.02801758,1.2467368,0.4105078,1.8110399,2
-0.3010899,-0.6220897,2.219442,-1.1561569,0.8140853,2
0.32392296,-0.7698828,0.96162003,-0.07732603,0.24204758,2
3.2473524,-0.9220791,0.57611936,-1.0423862,-0.21397181,1
-0.63693064,-0.049654834,1.2271689,-1.1890568,-0.684705,1
-0.2065407,-0.43015057,1.6782469,-1.3395699,0.8829847,2
-0.14870578,2.238694,-1.6013961,-0.9524295,-0.34939298,1
-0.23032297,-0.91115814,0.3185103,-1.2105672,0.7825029,2
1.7606833,0.7128557,-1.587851,-0.68689257,-0.49075744,1
-0.25420764,-0.1646981,1.0464643,-1.6977583,1.5197787,2
-0.1978151,0.087082416,0.4102875,2.3205957,1.4336582,2
1.7438744,0.18330246,-1.4517838,-0.5896034,-0.027194727,1
-0.718923,-0.4311418,0.5996971,0.7486899,2.7009156,2
0.037863642,1.8635874,-0.46061188,0.24719042,-0.7465324,2
-0.17839777,1.0628165,-0.2998713,0.13988398,-0.32639015,1
-0.8355701,-0.33963913,1.097953,-1.3430483,-0.19868788,1
0.9034063,0.84792453,-0.2826476,0.1513513,0.7862219,1
-0.71627456,-0.7458018,0.0062217377,1.8541739,-0.15418428,1
-0.602843,-0.65843844,-0.11014218,1.9030083,-1.4669249,2
-0.90476894,-0.77361274,-0.3586818,-1.7528664,2.3281698,1
0.53370774,1.2760776,-1.3425211,-0.29818705,-0.42897105,1
0.865603,1.6841956,0.21701503,0.116259426,-0.23083049,1
-0.5059129,0.019401364,1.0825061,-1.244214,-0.3302471,1
-1.1859046,-0.7096338,-1.6481528,1.1510017,-1.4698371,2
-0.42951277,2.9080737,-1.4045799,-0.120937206,0.81880105,1
0.7028568,1.9687835,-0.27231967,-0.3164138,-0.012703732,2
4.4555187,-0.52920663,-1.263837,-0.690454,-0.47358382,1
-0.3780691,2.3818285,-1.717305,-1.0985117,-0.104360744,1
-0.39971668,2.0658422,-1.5950153,0.27176213,1.4437305,2
-0.014866158,2.1099923,-0.13280046,-0.11145399,0.9050542,2
-0.104757085,2.3086257,-1.5664685,0.36671728,-0.86935574,2
0.11957915,0.5242237,-1.5745043,-0.8405973,-0.56684816,1
-0.3781631,-0.5027314,2.213473,-1.9470314,-0.8643202,2
-0.026040003,-0.64167583,0.9479203,1.0077437,1.0406525,2
0.54727983,-0.3580568,1.0226225,-1.4868405,1.4312733,2
-0.5266935,-1.0139225,-0.27918392,0.24064746,0.020293638,1
0.18325229,0.11771139,-1.1980808,-0.5672596,-0.25288954,1
-0.5352812,-0.6867871,-0.046343617,0.49231932,-0.31013823,2
-0.38504142,-0.31656003,1.4409189,0.7186387,1.1890397,2
0.25005487,2.3196197,0.039019816,-0.98086476,0.22363673,1
-0.5149635,-0.13952345,1.0430131,0.298276,-0.7865359,2
0.34219897,-0.44819608,1.0806272,1.3680915,0.9401733,2
-0.9289607,-0.5826545,0.009294912,1.4193374,0.031088337,2
2.5379195,-0.296082,-0.21307355,-0.117321156,0.16710667,1
-0.07219723,1.8003103,0.37637946,0.12473379,0.8063285,1
-0.5356605,-0.007647097,1.8787563,-1.4401679,-0.8332513,1
-0.29527292,-0.080078565,2.0740192,-1.6348053,0.25250337,1
1.6313502,1.6500368,-1.3440398,-0.67716503,-0.3163722,1
-0.80609983,-0.24918902,0.031403683,0.3987536,-0.68242073,1
-0.9694018,-1.831874,-1.6817899,0.80464625,1.6542939,2
0.7832105,-1.9281776,-1.6334437,-2.2811604,-1.7885215,1
0.6344416,0.20740648,-2.053621,-1.2386987,-0.7720514,1
0.50460565,0.1046319,1.6835357,-1.0709548,-0.601583,1
-1.6687691,-2.5659015,-1.8873188,-1.4756514,-0.51204574,2
-0.62341374,-0.6941831,-0.3282631,0.5462681,-0.32974476,2
-0.8302484,-1.1930354,-1.3139048,-0.0020115972,-1.8432956,2
-0.087144375,1.1421723,0.006698221,0.9783609,-0.9150992,2
-0.7644934,-0.5340622,0.03286983,2.154048,0.02597867,1
-0.31282017,1.6736872,-0.16358928,0.08321214,0.29594347,1
-0.7548569,1.0127612,-0.08520197,-0.15533096,-0.12301113,1
0.67770386,-2.4117298,-0.99216604,-0.75877655,-0.043849498,1
0.39340237,-0.32496336,-1.0781603,-0.69676524,-0.020089239,1
0.7467521,-2.4805977,-1.5570986,-0.68463707,-0.113916904,1
0.86020696,1.0522263,-1.4374352,-0.74072886,0.3001845,1
1.4166094,-0.29854214,-1.0490401,-0.45098045,-0.37711075,1
0.6358781,0.9886256,-1.575097,-1.2870674,0.03205186,1
3.017491,-1.0789155,0.5035107,-1.145773,-0.066167295,1
-0.65847707,-0.7534596,1.1422087,-1.4589204,-0.8523842,1
0.13884637,1.3553821,0.86936307,-1.1013858,-0.5714712,1
-0.13570349,-0.5598773,1.2017803,0.4512842,0.4864455,2
-0.7391586,-0.9179828,-0.69966775,0.10883483,0.15875421,2
1.0777682,0.42959595,0.95240337,-1.1122926,-0.22591916,2
-0.47019285,-0.025569633,-0.5256914,0.8728445,-1.340893,2
-0.7952555,-0.7247243,0.36418694,0.20475104,-1.0097257,2
-0.91085994,-0.81117886,-0.40684384,0.25771308,-0.3765899,1
0.023529712,2.8051283,-1.486038,-0.10615498,0.39303064,1
1.1167276,0.9679346,-1.5194845,-0.9650585,0.8985076,1
-0.33494502,-0.5034627,-0.41227454,1.6590152,-1.8355408,2
-0.3492698,0.074768506,1.7343317,-1.8505032,-0.49471942,1
2.384144,-0.5580673,-0.78797144,-0.21288434,0.11217878,1
-1.4310732,-2.3418636,0.7076043,0.41928446,-0.6405374,2
0.3499665,2.4075909,-2.0597093,-0.019067198,0.8326397,1
0.004072532,1.8459858,0.16089365,0.4319171,0.95088184,2
-0.5043489,0.47559303,1.0139209,0.29088047,-0.62121916,1
-0.73242307,-0.5917576,0.031055808,1.9132812,-1.4057546,2
-0.5513126,0.77750313,-0.30840334,-0.1982694,0.24027683,1
0.7305112,-0.72905886,1.2198384,1.0673941,-0.8567674,2
0.06925385,-0.24912228,0.9752539,1.5731887,-0.8986059,2
0.21673866,0.334488,0.3661995,0.5088174,1.6341529,2
-0.5174469,1.1020099,1.1551212,0.19953755,-0.69563645,1
-0.2272082,-0.029155757,1.6799791,1.540104,-0.0068775862,2
0.51482,1.5063566,0.3030591,-0.04708551,-0.51952857,2
0.048538037,1.4578454,-1.2270931,-0.8224295,-0.49361652,1
0.17927778,-0.79140836,1.3629184,0.7708131,1.7954861,2
1.2322342,1.8120928,-1.4471318,-0.833016,0.23521508,1
-0.3886132,-0.8574953,-0.2471608,1.706392,-0.16908881,2
2.0093503,-0.07436465,-0.80756104,-0.5128902,-0.18744206,1
0.08076991,1.7745174,-1.3876216,-0.27463624,1.5944777,1
-0.4413364,-0.20764899,0.5780781,0.44212884,0.5228778,2
0.13179424,0.62962306,-0.589531,-0.9926601,-0.09906032,1
-0.7814871,0.39143324,1.4263115,-1.6322305,-0.3916863,1
-0.7347656,-0.7594986,-0.87677354,-0.09674344,1.5577929,2
-0.25146455,0.87051916,-1.8294815,-0.88891906,0.3679007,1
3.5106122,-1.9575741,-0.22836386,-0.5189762,-0.16312903,1
-0.42528352,-0.44397128,-0.22952245,0.33760154,2.1699047,2
-0.6670277,-0.5898657,-0.36519277,0.24694856,1.9848751,2
-0.40309146,-0.95757776,0.052084893,2.3666222,0.19893654,1
-0.5021106,0.005659111,0.19459318,1.7547997,-1.0956151,2
-1.2609293,-0.54508555,0.5355033,1.6900421,0.07639031,2
-0.36982393,0.9005729,-0.35503113,-0.17507493,-0.39431092,1
0.047981717,0.64122534,0.61050355,0.43511128,0.87260234,2
0.93292314,-0.24775028,0.22959952,0.7652081,0.57368076,1
-0.7652734,-0.66188943,-0.6576543,1.0977732,-0.4444601,1
-1.1362975,-1.111589,-0.31330806,0.8668719,1.9933848,1
-0.8611107,-1.0234216,-0.24603996,1.0148062,-0.2643456,1
-0.5529407,-0.7504657,-0.6204646,0.67437327,0.084886745,2
-0.7427101,-0.4992943,0.32573813,1.4502137,-1.0229994,2
-0.8776366,-1.0060371,-0.6992671,1.1456335,-0.040806875,1
0.37225047,-1.2435521,0.6148131,1.2859348,2.1648233,2
-1.3366321,-2.4915419,-1.5895405,-0.8827895,-0.28133947,1
1.2398822,-0.5401051,-0.35069618,1.7103368,-0.54200494,1
-0.66032416,1.8728344,-0.11089738,1.4292018,-1.1111393,1
-0.541468,-0.14286542,0.57508,0.0992953,2.5852847,2
-0.15558273,-0.17989776,1.7825568,-1.2772273,-0.69011813,1
1.196779,0.88773525,-0.34542912,-0.60091096,0.5317802,1
-0.32389602,0.4702237,1.2781491,0.8862708,-0.6844876,2
-0.29689598,2.2989593,-0.10755708,-0.22113642,-0.14407153,1
-0.23578991,1.4647214,0.10698438,0.3029561,1.0712733,2
-0.0052820295,0.13774945,0.6851191,0.50537306,2.1284435,2
-0.48738825,-0.7499852,1.2598047,0.9774292,2.5185502,2
-0.30077717,-0.144554,-0.003948521,1.749686,2.738985,2
-0.05400166,2.5129762,-1.7807561,0.24035656,-0.7013933,1
-1.83093,-2.310569,0.82118547,0.67630583,-0.90168583,2
-0.38003945,-0.749503,-0.040035754,0.5148906,-0.15044522,2
-0.48959896,1.0148522,1.7853025,-1.1033493,-0.058389604,1
3.4443,-2.102756,-1.1879895,-0.262441,-0.25228608,1
1.2064382,-0.045962505,-0.4121611,-0.2024695,-0.35214338,1
-0.005924875,0.669449,-1.5742056,-0.86283493,0.17338008,1
-0.51595694,-0.83989656,-0.60128546,-0.05656553,-0.3298686,2
0.9841495,0.80963767,-0.019364273,0.34118608,1.6619737,2
-0.2507521,-1.008594,1.2468051,0.56458354,-0.7424621,1
-0.39629653,0.5539978,-0.14492342,0.58216,-0.3109613,1
-0.59981585,-0.9854981,-0.3289051,-1.4204389,1.5858841,2
-0.08381644,1.9492594,-1.5664107,-0.08505489,0.643727,2
0.21922465,-0.8305517,0.211672,1.1951016,1.9118552,2
-0.101901,1.0017381,-1.6460208,-0.99029255,-0.29338318,1
-1.2916305,-2.4291072,-1.43554,-0.6125722,-0.5645584,1
-0.7937433,0.3163585,0.9079989,0.23232928,-0.27966744,1
-0.22821295,-1.2236719,0.56751454,0.9098099,2.8830166,2
-0.7642809,0.672864,-0.4502425,-1.0749644,-0.3988993,1
0.03417769,1.0391307,0.5704643,-1.0107555,-0.5559836,1
-0.074712306,1.0839102,-1.4737365,-0.18432942,-0.042656064,1
-0.40989912,-0.88046306,0.71603113,0.58899903,-1.0585856,2
-0.9334756,-0.73460495,-0.5217794,-1.158465,2.4246423,1
-0.5122998,1.538653,0.44129485,0.6282154,0.003648311,1
-0.5675142,0.0948936,1.9745104,-1.2646908,0.44456065,1
-1.2643497,-0.022622496,1.6428032,-1.4949933,-0.35610586,1
-0.77126384,-0.8443807,-0.3746206,1.0833193,-0.4357021,2
1.9565635,-0.96661496,-0.59607446,-0.22019242,-0.1817708,1
0.4071098,1.15817,0.20888452,-0.03526164,1.0840241,1
3.1428928,-0.34789872,-1.1644691,-0.8451393,-0.26015148,1
-0.5231311,1.0373334,0.3328755,0.48290524,-0.5409567,1
-0.6757865,-0.4912653,0.17218582,1.8677361,-1.2347822,2
-0.76314634,-0.4651846,1.0386233,0.62697315,0.65932477,1
-1.2176807,-0.8829912,0.14048882,1.1202323,-1.791678,2
-0.130182,-0.40043128,1.9682764,-1.5159037,0.50446254,2
1.2888929,1.2804853,-1.6989772,-0.71440923,-0.38715208,1
-0.63831097,-0.73991734,0.20065227,0.9243221,-0.06265349,2
-0.47822985,-0.28769165,1.605287,-1.6059257,-0.6404834,1
-0.20238847,1.74139,-1.5671265,1.039072,-0.8270589,1
-0.512563,-0.69374335,0.07584199,0.15242961,-0.29187378,2
1.6395273,0.5106908,-1.3984445,-0.25032488,-0.25869283,1
-0.6523988,-1.3078966,-0.9357532,0.1697203,-1.1888188,2
0.5885463,0.47045752,0.5747198,0.8124417,-0.61496985,2
-0.8199703,-0.7474208,-0.6261169,-0.38076308,1.4968785,2
0.36212683,1.9625113,-1.4599715,-0.30042285,0.81356686,1
-0.7580946,-0.63233936,0.6153176,1.4493566,-1.021279,2
0.33740038,-0.89545,1.9328406,-1.3906405,0.07334632,2
-0.23328696,1.8431928,-1.5625014,-1.133753,-0.40787366,1
-0.2084544,-0.09553673,1.5228477,-1.5089259,-0.17460619,1
-0.74094,-0.23387057,1.0097998,0.3920511,-0.6905468,2
0.4506737,0.16822553,0.91712344,0.16204578,0.22900632,2
-0.6773261,-0.35078806,-0.76946145,0.30986387,-0.29519272,2
0.24507141,1.7628295,-1.3650357,-0.93160623,0.059763342,1
1.8347037,-0.76805574,-0.82083815,-0.53293335,-0.08004245,1
-0.9988307,-0.63433075,0.27167207,1.9218256,-1.2188293,2
-0.23227993,2.2428317,0.3665226,0.13614987,-0.6900412,2
-0.5469182,-0.10092206,0.9867574,-1.0757065,-0.24489257,1
2.668611,-0.7903271,0.5461707,-1.0707253,0.21390888,1
-0.2263448,-0.4651667,1.0478818,0.31014258,1.2313044,2
-0.4971873,-0.92159146,-0.1772916,-0.029905263,-0.1412593,1
-0.56203425,0.2098054,1.4260201,-1.3602421,-0.99407446,1
-0.81473327,-0.6741754,-0.15675814,-0.09363972,-0.03240283,1
0.3824967,0.07890787,0.8161406,-1.0584644,-0.40241483,2
-0.87464213,-0.5045791,0.18939221,1.6556275,-0.20028879,1
-0.9039192,-1.0893176,-0.32189927,0.008982725,-0.66023123,2
1.3405524,-0.5213093,-0.81032676,-0.55857235,-0.33168048,1
2.4607491,-0.17891401,-0.18830594,0.5631418,-0.42423353,1
1.821067,0.20733124,-1.2416137,-0.7983973,0.08958301,1
-0.9720725,-1.8281571,0.63631195,-2.0219579,-0.46605337,1
-0.4073035,-0.45879325,0.19992527,1.6597623,-1.5737875,2
-0.67961293,-0.8084975,-0.064454444,0.27070254,0.01647675,1
-0.7808919,-0.72268605,0.28168598,1.097934,-0.9703933,2
-0.3930235,-0.838181,1.2529056,0.47067785,1.148672,2
-0.75066274,-1.1668509,-0.6285526,-0.10498394,1.4434068,2
-0.81288594,-0.48643723,0.47748658,-1.1149678,0.2857496,2
0.7811813,-0.55899,-1.0322928,-0.56004345,-0.18915865,1
-0.22328909,2.1266565,-1.5562127,0.10215828,1.3735927,1
1.4126173,-0.641456,-0.75016576,-0.5105498,-0.34311295,1
3.0071778,-1.6741729,-0.9251796,-0.46755138,-0.47542638,1
-0.13275534,2.8128898,-1.6153202,-0.9702252,0.51438445,1
-0.8367854,-0.52117145,0.6383112,0.08441461,2.0131223,2
-0.05756277,-0.52990246,1.6636149,-1.2690308,0.8491891,2
-0.25255954,-0.2601106,1.2645165,-1.1938277,-0.8295234,1
-0.5013907,-1.1595459,-0.19409952,1.8377473,-0.97108847,1
0.8701892,1.5805018,0.42850578,-0.87583154,-0.22439274,2
-0.46699882,-0.37125555,2.3215077,0.75359476,-0.96263456,1
0.11855304,0.3130634,0.7688197,0.9675351,-0.55490243,2
0.014961305,-0.36650398,0.45272782,0.057753798,0.40118673,2
-0.43847758,0.7139917,-1.4162002,-0.7094719,-0.33771923,1
-0.13935536,0.44439268,0.059346147,-0.013546757,-0.24579729,1
0.5685793,1.6980646,0.7436302,-1.3902612,-0.4403094,1
-0.58386594,-0.4222717,0.7936333,0.83927166,-0.05246125,2
-0.39871192,2.228672,-1.8159178,0.26820883,-0.042030707,1
2.6665971,-0.68496,-0.30268908,0.38129297,-0.7568555,1
2.8686817,-1.0258971,0.09538004,-0.86610645,-0.34050122,1
1.1146402,-0.446391,0.46899247,0.42411312,0.8781292,2
-0.30888247,1.1623889,0.82247114,1.3979601,-1.2185532,2
-0.2926717,0.38806266,0.6634699,-1.0099603,-0.35780287,2
-1.9250685,-0.25799367,-1.2785339,-0.956926,-0.35890186,1
-0.5084611,-0.8263094,0.68235904,0.9446401,2.6730597,2
-0.8591992,-0.69163793,0.38530353,1.2939403,-0.29015678,2
1.8719634,0.23155509,-0.7499349,-0.5133532,-0.52730465,1
1.9649687,0.7573581,-0.4564513,0.52597827,-0.7435117,1
-0.1670647,1.5726383,0.66841906,0.29529124,-0.011247069,1
0.65407306,1.2733834,-1.1932266,-0.72511196,-0.1315073,1
-0.8315513,-1.0987846,-0.2637803,0.6156705,1.4355882,2
-0.61304975,-0.53011036,-0.09173188,1.295904,1.8878679,2
0.016324993,-0.7409571,1.1260791,1.3037808,0.87382776,2
-0.10125096,-0.47705412,0.7341605,-1.2818553,-0.51044035,2
-0.88155365,-0.98725593,-0.1728165,0.8703648,1.593606,2
-0.8326474,-1.0794305,-0.67113507,1.0519197,-1.3242602,2
0.40179083,1.8293134,-1.6084908,-0.23386943,0.717374,1
-0.3158528,-0.09087668,1.567424,0.844519,-0.2620948,1
-0.58561265,0.5212641,0.0217055,0.08396007,-0.203222,1
-1.1342266,1.1121366,-0.03928797,-1.3159022,-0.3836435,1
-0.16703151,-0.90567666,1.0252132,0.3623143,-1.0928944,2
0.29465237,0.9997847,1.3423338,-1.3270922,-0.35901266,2
-0.26534268,2.2244701,-1.941294,0.011470586,0.16555367,1
-0.11697242,0.11121008,1.6072204,-1.438755,0.8075195,2
1.3156319,0.47187603,-0.021555811,-0.60097814,-0.422947,1
-0.6940309,-0.031438664,1.2517228,-1.488788,-0.55284506,1
0.32165724,0.41870615,-0.4966616,-0.48173833,0.35614815,1
-0.30540818,-0.7446704,0.9174839,-1.2340262,0.24180706,2
-0.3315835,0.53025806,0.8988491,-1.1650821,-0.5683917,1
-0.7148247,-1.146851,-0.51392335,1.6622512,-0.046331733,2
0.08991682,1.8240825,0.1041916,0.052303895,0.5762968,2
0.12069282,0.47574526,0.9544446,0.20739055,-0.64279026,2
-0.46140942,0.1639256,1.7684921,-1.6191444,-0.7254416,1
-0.4640564,0.84828925,0.12685262,-0.025441095,-0.3492357,1
0.043334257,2.871978,-1.7113148,-0.30970442,0.2970629,1
-0.4181215,-1.0360004,1.1412835,2.4677098,-1.3363854,2
-0.2016631,-0.27196667,1.0937313,1.0815647,1.7882743,2
-0.74792135,-0.4384341,1.498777,0.59462255,-0.09497133,1
-0.2956887,-0.6734545,0.66322106,-1.4829253,0.36514622,2
-0.46421427,-0.06939279,1.181062,0.24889201,-0.08841526,1
-0.48011842,0.27501848,-0.13262764,0.4167654,0.9421204,2
-0.371599,2.4385753,-1.5282954,-0.42271757,-0.48420975,1
-0.39286122,-0.12547398,1.4109056,0.5124447,1.4933424,2
-0.472493,-0.10621357,1.2584798,-1.8017347,-1.1010687,1
-0.5082316,-0.6328711,-0.062848136,-1.2859147,-0.48151988,2
-0.118435994,0.30602086,-1.5647842,-0.7418672,-0.10420795,1
-0.72224224,-0.8106789,-0.21069774,1.9240799,1.4442595,2
-0.6436623,-1.1307402,-0.5606152,0.781609,2.2455215,1
-0.39620388,-1.3753755,0.91905767,0.7431437,-0.6078594,2
2.0349598,0.3202652,-0.058112234,-0.35874104,-0.38325563,1
-0.5072685,-0.30657166,0.919117,0.9278844,2.9186437,2
0.62919104,-0.55182403,0.63409394,0.63824457,0.7008345,2
0.29472744,2.2991989,-0.21520895,-0.07840711,0.02774416,2
-0.6599713,-0.17753091,0.50956476,1.8221174,-0.19328332,2
-0.9572928,-0.81500244,-0.4699604,0.25485304,-1.1075236,1
-0.59262794,-0.3430754,1.1981,-1.345421,2.105426,2
-0.7151028,2.1252203,-0.28433204,-0.21150562,-0.56238556,1
1.591156,-0.6241124,-0.9072338,-0.6532089,-0.55168265,1
-0.9509207,-0.19642167,1.7129481,-1.1653522,-0.39219403,1
-0.021431744,-0.91277564,1.2224551,2.238346,-1.1975628,2
2.9242423,-0.42577624,-0.5989096,-0.28928512,-0.40536028,1
-0.9813295,0.059837602,2.119182,-2.2287414,-0.13508636,1
-0.78087264,0.0314548,1.2959603,-1.4338903,-0.6052699,1
2.6851387,-0.5102509,-0.32420993,0.83584124,-0.59108984,1
-0.28911182,-0.64061004,-0.29436782,0.3654663,-0.36448485,2
-0.86238647,-1.5606802,-0.93754375,-1.062877,-0.10697833,2
-0.17598324,2.0029058,-0.05403152,0.2687126,0.9721573,2
2.4306393,-0.4514357,0.70874435,-1.0120491,-0.32754403,1
0.008902043,2.2662947,-1.7486992,-0.8537827,-0.44451833,1
-0.14137894,1.1498909,-1.300558,-0.73854655,-0.18510267,1
-0.48409072,0.35270506,0.82241166,0.39223564,-0.71648335,2
-0.73767257,0.18600136,1.156225,-1.319561,-0.6848565,1
-0.6938669,-1.115951,-0.5875981,1.308609,1.4096274,2
-0.32935917,-0.058932185,1.0550828,-1.0504693,-0.49655688,1
-0.27917695,1.848347,-1.663177,1.035854,-1.0450063,2
-0.21909377,0.05213213,2.0458407,0.7934869,-0.44692758,2
-0.47191203,-0.6015321,-0.10280533,2.3684654,3.1467638,2
1.1636525,-0.5291154,-1.2019869,-0.8281351,-0.44627357,1
-0.17155881,1.4870452,0.7063744,0.8672737,-0.70947427,2
-0.10511634,0.6012586,-0.36404687,-0.93927574,-0.28449494,1
-0.57276237,0.22310057,1.5630808,0.40690497,1.6332557,2
3.333993,-0.6137917,-1.1320109,-0.7476381,-0.21486515,1
-0.38106892,1.7123262,1.3950531,-0.84703696,-0.27311844,2
0.29587194,0.34268796,0.4218347,0.86703104,-1.1888413,2
0.83425117,0.32605702,1.6107367,-0.892895,-0.62336755,2
-0.30987692,-0.29481173,0.40428102,0.61758864,0.91119635,2
-0.8565262,-0.841669,-0.17236784,-1.1676677,1.758766,2
-0.37803304,-0.6006389,2.146654,0.64060867,0.42244065,2
-0.5398664,-0.98917997,-0.5085522,0.18306656,-0.24702916,1
-0.7503158,-0.52537894,1.8400916,0.58396685,0.46065336,1
0.48155692,0.92455035,-1.5913818,-0.9190581,-0.41154397,1
-0.2928777,-0.6981979,0.70591843,0.18241394,-0.83653975,2
-0.84633195,-0.58769584,-0.016108956,1.8753482,-0.119598866,2
-0.826589,0.45133322,-0.16314065,0.6510999,-0.21500674,2
1.4909741,0.8145249,0.56923056,-1.0865119,-0.8325263,1
0.39993706,0.31250674,0.364496,0.48812777,-1.3260047,2
0.6475865,1.0843459,-1.3371117,-0.2597652,-0.14979082,1
1.1830565,0.54883885,-0.27865735,0.86591446,-0.99463266,1
0.18215081,0.33054033,0.6080716,0.9725224,-0.84663755,2
-0.5753578,-0.8333399,-0.25694162,-1.4508637,-0.20935878,2
0.3149531,-0.2550498,1.7850223,-1.5494096,-0.7093854,2
0.4647357,-0.7979179,0.38575643,1.2261609,1.7050458,2
-0.9837286,-0.9242824,1.1818143,1.1799926,1.9634508,2
3.3447888,-0.5305522,-1.2935697,-0.785484,-0.34588015,1
-0.77926695,-0.4568035,-0.21012253,2.0076444,-0.1754405,2
-0.08525324,-0.43413895,1.4582409,0.5581136,0.7556542,1
-0.545851,-0.59673506,1.759461,0.8527882,-0.76264614,1
-0.09518535,-0.48912182,1.3157723,-1.3215643,-1.2929543,2
-0.24650505,-0.8001996,0.83983403,1.1307894,2.4484663,2
-0.10881218,1.0668736,-1.3669331,-1.0211762,-0.26323932,2
-0.2842455,-0.5615376,0.99960905,0.43826675,-0.815933,1
2.332957,-0.25759068,-0.5924326,-0.2516528,0.560691,1
-0.5039873,-0.64669085,1.8595777,0.23229656,0.6667589,2
-0.22698757,-1.1989443,-0.20025085,0.8204128,1.1525068,2
-0.41275185,-0.69216824,-0.3133017,-1.2396188,-0.18497486,1
0.51419264,0.9144317,-1.3666757,-1.2213852,0.3760457,2
-0.5087253,0.3753121,1.601871,-1.2655747,-0.96518534,2
-0.35771808,0.69918513,1.0585763,0.70538497,1.5003971,1
-0.67941546,-0.5792148,-0.80111974,0.11316188,-0.074320935,2
3.1413965,-0.30172384,-1.0819579,-0.7046768,-0.094799,1
-0.053528525,0.4095459,0.65958893,0.42118144,1.6288176,2
-0.6546849,-0.59162116,-0.024563726,0.46728155,-0.101156846,2
-0.8702789,-0.093022764,-0.4224656,0.7544068,-0.17151597,2
0.61437935,2.0260563,-1.2909106,-0.9432096,-0.6058236,1
-0.6393083,0.9250362,0.7459375,1.3259586,-0.93445885,2
-0.48894018,1.3541286,-1.678386,-0.46180806,0.21230844,1
-0.19541958,-0.014222175,1.0852203,0.8246921,-0.7991772,2
0.026593268,2.1550648,0.3538885,-0.7970769,-0.5645267,1
-0.7205413,-0.62408006,-0.259463,1.1584736,-1.1466297,2
0.082218856,0.57441163,0.7534807,0.9235992,-0.63146734,2
-0.40438476,0.19636618,-1.8576505,-1.0131943,0.33803183,1
-0.6509401,-0.46763712,1.9552543,-1.298931,-0.6849748,1
-0.52197975,-0.49870175,0.66107035,0.70126617,-0.8184502,2
-0.6215018,-0.8954422,-0.3414775,1.115143,3.134725,1
-0.5057492,1.6772748,1.2077882,-1.0755452,-0.39819443,2
-0.17285584,1.7572923,0.20315775,0.8917727,-0.7406106,2
-0.60737675,-0.21359985,0.48760146,-0.79999447,-0.40303388,1
-0.61465436,-0.17576468,0.2336025,-1.4500144,1.2920705,2
-0.4602201,-1.3278427,-0.36844558,-1.1898665,-1.3332087,2
-0.42583245,-0.12630457,1.443621,-1.241213,-0.19275337,1
-0.6262438,1.0408437,0.0071445405,-1.1952069,-0.28907004,1
-0.6716963,0.08778421,0.07949492,0.81104314,-0.21797606,2
-0.49702775,-0.8560407,-0.62743706,-1.5096185,-1.6018444,1
-0.68201345,-0.6233927,0.27774268,0.45310375,-1.1269921,2
0.14796317,2.2202055,0.025187075,-0.10109745,0.2347717,1
-0.58196986,-1.0848126,0.009457633,2.3004494,-1.5322982,1
0.06910334,-1.2958615,0.03510195,1.7308325,1.465379,2
3.288083,-0.9240243,-0.47363263,0.7951013,-0.45227495,1
0.43654555,1.6466643,-1.2649194,-0.8279161,-0.21360469,1
-0.8185175,-0.3327677,1.3120673,-1.2910998,-0.7394838,2
-0.62248415,-0.7360037,0.28877622,-0.4459534,-0.6280838,2
-0.0055974373,1.5729576,0.602522,0.29631191,1.0350915,2
-0.5636895,0.13214494,0.6416468,-1.0765338,-0.32624328,1
-0.06686968,-0.705946,0.7540766,0.99007136,0.7635541,2
-0.29243124,-0.45618019,1.112406,1.2621679,0.06116195,1
0.2512514,-0.6551295,-0.914907,-0.50468206,-0.13500144,1
-0.6841805,0.11088603,-0.22613545,0.36548942,1.3486031,2
0.82013655,1.1257578,0.9428698,-0.7472188,-0.1333467,2
-0.18004438,-0.41615784,1.2687718,-1.2271699,1.1278306,2
-0.6106283,-0.49214628,-0.32069367,1.013511,-1.7319984,2
-0.55852515,-0.35160297,-0.6603357,0.03469009,0.81937045,1
-0.4666786,-0.8976355,0.70479053,0.77967346,0.978344,2
3.1604352,-0.8151547,0.13685265,-0.8741753,-0.25820363,1
-0.7199643,0.1000435,0.088496044,0.57769006,0.49984294,2
-0.9633615,-0.9408585,-0.2507567,1.7166624,-1.213898,2
0.46179828,-0.7247393,1.1735669,-1.3765938,1.2020855,2
-0.609843,-0.6214498,-0.17501076,-1.935557,3.2846706,1
0.26695833,-0.10192937,1.0256723,0.15857463,0.1321105,1
-0.23839372,1.8331959,-2.0581827,-0.8497453,-0.6723962,2
-0.20240864,-0.24727577,0.69905967,-1.040523,1.177052,2
0.18398046,2.1731973,0.46579343,0.39416605,0.4176493,2
-0.7327893,0.053767815,-0.24717957,1.7172492,-1.3835453,2
-0.6967336,-0.6236393,-0.05663406,0.8418348,-0.27769843,2
-1.0207665,-0.60773814,-0.064936966,1.7890003,-1.449805,2
0.85087854,2.0824213,-1.7034466,-0.13056292,0.6136137,1
-0.33166212,-0.9502814,1.591339,0.5634775,0.86542034,2
-0.09546066,-0.32478517,0.934505,0.5936238,1.8117882,2
-0.21854372,-0.21391194,1.0287244,0.19989708,1.342065,2
-0.23943952,-0.71683264,1.5399058,0.34649324,0.47204176,2
1.5995572,-0.7099972,-0.7486546,-0.4166591,-0.38429496,1
-0.26328504,1.4761705,-1.5242333,-0.5277064,-0.34636647,1
0.27045643,0.95453954,1.4516488,-1.1973093,-0.31729394,2
-0.9557464,-0.6441321,-0.6255313,-1.5693867,-0.3820876,2
-0.21149516,2.3003373,-1.6488436,0.07267279,1.3490597,2
0.7069878,0.4793003,0.79773146,-0.9211463,1.0470141,2
-0.6584277,-0.9914511,0.6765939,0.8768674,1.1077656,1
0.7848105,1.1456981,-1.5799356,0.2092312,1.511118,1
-0.6027976,-0.5150532,-0.12549132,2.1576207,-1.6908218,2
-0.051228136,2.5570328,0.20956296,-1.2922676,0.29135358,1
0.35087663,0.93017626,-1.998529,-0.09573825,-0.36532605,1
-0.7113223,-0.54233557,-0.26794618,1.3960052,-0.35781515,2
1.1172298,1.087917,-1.7019751,-0.23788552,-0.06508462,1
0.12340209,1.6179867,0.43606818,-0.112244144,-0.2500934,2
-0.716333,1.7819561,-1.8453789,-0.6646453,-0.022618301,1
-0.79633665,0.25487518,1.4447083,-1.4406155,1.7839813,2
-0.46025133,-0.7612985,0.32500374,1.6300843,-1.1659276,1
-0.21327707,-0.7731962,2.0765238,-1.4630387,-0.8887514,2
-1.1368539,-0.6018292,0.2073751,0.7734195,-1.4389261,2
-0.5680466,-0.9383717,-0.64601797,-1.7940042,3.0878634,2
-0.40886325,-0.8182498,0.7269917,1.2339385,-0.14627299,2
-0.75569314,-1.2324926,-0.41649333,-0.7161251,-0.8541266,1
1.3160632,1.6277071,-1.6147122,-0.8291628,-0.5652448,1
-0.023611546,1.1363573,-1.335661,-0.7980753,-0.17236942,1
-0.91994613,-0.8796862,0.08662164,2.3928173,-1.6105933,1
0.09944936,-0.14606288,1.1360364,0.77823937,1.4596492,2
-0.16646527,-0.41945916,1.4323903,0.36184117,1.9039085,2
-0.4547764,-0.6362801,-0.07131563,1.7844567,-1.0921239,1
0.7526488,-0.6940542,0.8022192,0.09689367,-0.6548756,2
-0.3285333,0.52199024,-1.4753515,-0.30046213,-0.38960007,1
-1.1741356,-0.63052076,-1.7020639,-2.0571253,-0.19803444,2
-0.8904565,-0.9917503,0.07115419,0.089331105,-0.458238,2
-0.8187121,0.25947225,0.36924016,0.07170876,-0.34920382,1
1.9314404,-0.39711893,-1.0073779,-0.6469632,-0.17394301,1
-0.63967276,-0.44035417,0.5670544,1.0944955,-1.0130914,2
-0.716475,-1.0691323,-0.336079,1.2578562,-1.2593735,2
-0.9618068,-0.059883893,-0.5232135,1.3123616,-1.1396219,2
1.1426039,1.3067236,-1.5347494,-0.081082076,-0.18029815,1
-0.42466196,0.24606708,2.6177106,-1.3997647,-0.05884038,1
-0.04110104,2.1109686,-1.306237,-1.0118268,-0.5735476,1
1.4246583,-0.8656299,-1.2949831,-0.75522685,0.22194827,1
-0.6337735,-0.82229453,-0.5619451,-0.13396189,-0.04185711,1
-0.22817314,0.6065351,-0.4100758,0.13177395,0.17259657,2
0.45351356,0.310168,-1.2308072,-0.7574886,-0.38722453,1
-0.37219387,-1.0412693,0.28970087,0.4919357,1.262695,1
-0.73638684,0.3044954,1.6056216,0.9409176,-1.162906,2
3.7126539,-0.6282797,-0.8450697,-0.26406214,-0.30058074,1
-0.5304053,-0.8495974,-0.47962034,1.1869478,1.559493,1
0.17464283,0.33770296,0.9727931,0.6824704,-0.79632664,2
1.752283,0.9314171,-1.0903974,-0.88019425,-0.40481403,1
-0.33181992,1.4884802,1.374441,0.011188656,-0.9643022,1
-0.6257142,-0.6311846,-0.6640809,1.2230366,-0.2840808,2
-0.47650862,-0.61539114,-0.21960646,2.1756325,3.1915283,2
-0.8030004,-0.72409534,-0.741647,-1.8922806,-0.35306084,2
0.28342944,0.37886387,0.478226,-0.1429455,1.8493783,2
-0.27853948,0.5347533,-0.2161984,-0.24873692,-0.2486902,1
-0.4324339,-0.15847993,1.2400205,0.3271797,1.1329472,2
-0.7166598,-0.7473403,0.91813,0.3110643,-0.07899662,2
-0.45847228,0.061958954,1.5967932,0.4644367,-0.61041665,1
-0.4603525,-0.46925664,-0.09909436,0.09194935,1.1746913,2
0.048295587,1.8957179,-0.06852631,-0.17956658,-0.5921124,2
-0.16273345,2.0679073,-1.6366389,-0.29620922,0.13280885,1
-0.5855418,-0.39032164,-0.43439588,0.19332847,-0.57557344,2
1.8971937,-1.21737,-0.45542166,-1.0200756,-0.37173396,1
-0.53637296,-0.37786743,-0.0915958,1.9002657,-1.6771946,2
3.0752022,-1.0681825,-0.53331333,-0.57397527,-0.45568603,1
-0.43215775,-0.89345545,1.4125115,0.58192575,0.9782311,1
-0.23569176,-0.38878813,1.920347,-1.2789996,0.8191223,1
-0.0727446,-1.2679487,0.6730641,0.0745292,0.7722342,2
-0.29253912,-0.864614,1.6286836,-1.2445042,0.29956764,1
0.2730404,0.83301103,-1.2077398,-0.32187802,-0.51647604,1
1.8664027,0.53485525,0.04364002,-0.9380244,-0.3861786,1
-0.3916859,-0.20538746,2.0432158,0.6572289,-0.6418893,2
-0.54400384,0.054250985,1.606998,-1.0277104,1.0117847,1
-0.38613504,-0.91612095,0.0005502105,1.2105787,-0.26137978,2
1.6236908,0.3528473,-1.0864409,-0.312833,0.048482716,1
-0.97166765,-0.69720894,-0.25393823,1.4133278,-1.0967253,2
-0.6955134,-1.07129,-0.048123747,1.2804952,-0.27689856,2
-0.7339835,-0.83764,1.1968067,-1.067331,-0.21939757,2
-0.026966527,0.11764909,0.48990545,-1.220227,2.1246068,2
-0.62995034,-1.134427,0.1440432,2.1703372,-0.21533424,2
-0.74451363,-0.5424756,-0.4681838,1.7287778,1.5486122,2
-0.67372763,0.1290708,1.3451709,0.9322449,-0.36712366,2
-0.5979817,0.03904435,0.8335172,-1.329234,-0.75228643,1
0.39324695,1.153691,-1.2343396,-0.48663735,-0.564482,1
-0.3762796,1.6365241,-1.7084324,-0.9316773,-0.41028547,1
-0.746586,-0.60790575,0.22231296,1.8137959,-0.25981686,1
-0.48299772,-0.8985033,-0.5059554,0.15211669,-0.18289742,2
-0.48855767,-0.981462,-0.17874283,0.73937494,-0.18357614,2
-0.8483161,-0.9859219,-0.011670515,-0.6168561,-0.23664123,2
2.307666,-1.0084596,-0.84361184,-0.5857513,-0.20307618,1
0.119953394,1.7333632,0.3674686,0.834054,-0.7444845,2
-0.1232583,0.05535361,1.7766302,-1.4397991,-0.79939187,2
-0.66026473,-0.21244048,1.1038904,-1.2304581,-1.0429579,1
0.6539228,1.7838913,0.27768666,-0.119609475,-0.7899078,2
-0.3062667,-0.7941622,0.8553539,0.7931799,-0.69608927,2
3.080452,-0.63073385,-0.8824511,-0.5812462,-0.37180132,1
-0.8868238,-0.7646729,-0.63608694,-0.6980123,-0.12919231,2
-1.075885,-0.13142034,1.1188546,-1.5492722,-0.9487961,1
0.17734838,0.83569056,-1.3799933,-0.56578285,-0.80958915,1
1.7553213,1.90959,-1.2856021,-0.15439214,-0.51898634,1
-0.439919,0.14154744,1.4507955,0.59958583,-0.56617296,1
-0.08207972,-0.6262764,1.2461405,0.6813415,1.8831153,2
-0.46275973,-0.5755403,0.42508018,1.5457776,-1.2866421,1
0.42015162,1.9269937,-0.13768819,0.22593391,-0.62192655,2
-0.71982276,0.20237379,0.94578415,2.358036,-1.1991047,2
0.8739181,-0.6197234,1.7173109,-1.2896061,-0.44187552,2
0.75385475,2.2153547,0.0264102,-0.81767374,-0.36652523,1
-0.59200454,-0.84735674,1.5133892,-1.6488932,0.5267341,2
-0.45754123,0.793064,-1.2747681,-0.4357285,-0.17731711,1
-0.39443368,1.8802559,0.7392877,0.3310218,-0.075237095,1
-0.13068253,1.4436147,-1.6157327,-0.9464443,-0.4020064,1
-0.73888314,-0.62779325,-0.58885515,0.907226,0.82953584,2
-0.81372803,0.14193761,1.6000844,-1.7604065,-0.6068252,2
1.0573888,1.1915364,-0.002046913,0.28677884,0.396668,1
-0.8844423,-0.84715265,0.753295,0.75233036,-1.346853,2
-0.78727704,-0.8855892,-0.14894688,1.8965781,2.703621,2
-0.5587198,-0.3855987,0.08672404,2.6487541,-1.1779174,2
-0.8536875,-0.53585887,0.29284465,0.738606,-0.201164,2
-0.7810589,-0.97265327,-0.25617304,1.5758712,-1.3056778,2
0.23320597,0.5211847,-0.45848855,-0.15698025,-0.37245768,1
-0.75039244,-0.69314945,-0.6826208,-0.89057326,0.010834575,2
-0.6830499,-0.56879914,-0.095574856,-0.17373192,-0.22289422,2
-0.5495308,-0.97882575,0.720469,1.0109066,1.0772958,2
2.5552418,-0.8464917,-0.87419814,-0.5228603,-0.7088926,1
-0.6349056,-1.2681174,-0.34072363,0.10806805,2.4788008,1
-0.36728,-0.04412002,-0.061482046,1.5875188,2.6035671,2
-0.54144144,-0.103366196,1.3385756,-1.1926739,-0.54169554,1
-0.6495633,-0.75617504,0.55649006,0.40521517,-0.063333824,2
0.27586114,-0.35279977,0.44795308,0.7976671,1.9165336,2
-0.7233848,-1.0860692,-0.16550738,-1.1889317,3.4740434,1
0.3190576,-0.102687135,0.84565413,0.56226057,1.6249856,2
-1.3675272,-2.1646721,0.5289311,-1.3613648,-1.1357919,1
0.5474489,1.4184349,0.6258258,0.096110165,-0.30925313,2
-0.8534699,-0.98717225,-0.56814456,-1.0922956,1.4951657,2
1.6936778,-0.636638,-0.9825363,-0.72312206,0.027784362,1
-0.33741328,2.5369148,-1.5220577,-0.10189911,0.5692877,2
-0.06881304,0.7187392,-1.3475685,-1.2219803,0.528331,1
-0.84766173,-0.65558165,0.8019975,2.1262507,-0.22292335,1
-0.20563939,0.6666879,0.62660563,0.19556099,-0.12559983,1
-0.60392386,1.111585,0.07383775,1.2236096,-0.31426954,2
0.17765914,0.5362617,0.60736513,-0.37376878,-0.37292016,1
0.042170584,0.11277813,0.70335305,-0.8579113,-0.59655184,2
-0.53716296,0.008136168,2.1377213,-1.7059433,0.9099938,1
1.1990395,0.6962675,-1.117198,-0.5995305,0.08012957,1
-0.41787985,0.8604644,0.32364264,0.04472906,-0.28788364,1
1.8508009,-0.8548827,-0.6118332,-0.55833346,-0.40317708,1
-0.5955723,-0.41850314,-0.29176906,1.8275939,-1.2246794,1
-0.08966168,1.7019898,0.46303815,0.383757,-0.9271567,2
-0.5233133,-0.41221696,-0.12277757,1.8340387,-1.2469473,1
-1.751271,-0.7967851,-0.6527972,-0.18518913,-0.28069326,1
3.2562506,0.3762836,-1.0742335,-0.71004266,-0.428936,1
-0.8439107,-1.3205721,-0.47755432,0.21043085,-0.7127291,1
-0.16444059,0.12704378,1.5514975,0.30436733,-0.88767594,2
-0.71236473,-0.30495918,0.4177096,1.5535382,-1.6275849,2
0.47879672,0.21501228,-0.23582926,-0.58729917,0.082332894,1
-0.30115783,0.18071032,-1.8259026,-0.76309943,-0.23480822,1
2.1451197,0.2049853,-1.3297604,-0.25079873,0.20572811,1
0.29320055,0.9008574,0.4357173,0.6781016,-0.78692687,2
-1.2238345,-0.3029868,1.2458773,-1.2396407,-0.6350942,1
-0.68690026,-0.9094713,-0.15003432,2.2074935,-1.6845012,2
-1.0498928,-0.6440665,-1.4011796,-2.114999,0.025542632,2
-0.5637757,-0.43476754,-0.08143286,2.0758774,2.732497,2
0.73029435,-0.7522751,1.0919397,0.3132097,-0.5597081,2
-0.7731389,-0.5056122,1.5353768,0.5565498,1.5431347,2
-0.7211205,-0.18712805,0.26398054,0.5784691,-0.3748755,2
-0.6239426,-0.87954617,0.0115367435,1.1042302,-0.12277147,2
-0.009113383,-0.33757043,0.26096442,0.6495033,2.4124858,2
-0.449451,-0.5650885,0.23269282,0.79662925,-0.9291184,2
-0.07206501,0.98088926,-0.16864754,1.769346,-0.9944876,1
0.1076237,0.06753998,0.2292381,2.0776205,-1.2432439,2
-0.5792561,-0.32776934,1.7530942,-1.5082062,0.024572417,1
-0.027565666,2.3871403,-1.6479673,0.13240018,0.4354473,2
-0.48532695,0.54014343,-0.0045457482,0.6402561,0.6942982,2
-0.94417197,-0.015585497,1.6744304,-1.5619904,-0.5331008,1
-0.67201555,0.65461785,1.3475735,-1.4295487,-0.35139593,1
1.0594192,-0.64252996,-0.8726064,-0.54035175,0.46334544,1
-0.114476115,0.8155037,-1.2567483,-0.2772516,-0.3481837,1
0.48687002,1.560091,-1.558662,-0.35518026,0.45195648,1
0.646773,0.960716,-0.13258721,-0.053234637,0.27312672,1
1.6993109,-0.17788485,-0.7677332,-0.43563113,-0.2513481,1
0.43719634,1.2692038,1.0778377,-1.28165,-0.38416538,2
-0.063830405,0.18977302,1.7514211,-1.6783855,0.74743676,2
1.8494376,1.2325366,-1.4366374,-0.56819665,-0.73488444,2
-0.20248076,1.5066159,0.8917838,-0.06308076,-0.44398794,2
-1.1488998,-2.4886782,-1.6834722,-0.63621557,-0.42308903,1
-0.67470425,-0.67383605,0.059296995,0.11359325,-0.9639324,2
0.48127788,0.93163705,-1.2334616,-0.7052447,-0.24010032,2
-0.70485705,-0.47221446,0.20872459,1.5772899,0.0075211823,2
-0.5684256,0.5708409,-1.2132323,-0.48949164,-0.18146539,1
-0.7195109,-0.42221493,1.3568057,-1.2676419,-0.61476016,1
-0.46948412,1.8203344,-0.056766186,-0.90216005,-0.32702,1
-0.075743705,-0.9599196,1.1861851,0.66098607,0.6641717,2
0.34764534,1.4569527,-1.5283337,-0.088949114,1.2639393,1
-0.59636194,-0.49258664,1.467682,0.21965948,-0.899151,2
-0.8241444,-1.026022,-0.6600174,0.10282624,-0.8278713,2
0.96877563,1.4775581,-1.5937688,-0.940274,1.0182992,1
3.0573714,-0.8992837,-0.76844656,-0.67047524,-0.094658,1
1.0481703,1.8194739,-1.4246106,-0.855865,0.06527628,1
0.83912474,0.8799297,-1.6522274,-1.0548259,-0.24896392,1
-0.25212717,-0.5376842,-0.13042665,0.689001,1.7040721,2
-0.12938797,-0.4172685,0.9728996,1.9161534,-0.9790226,2
0.580503,0.40024,0.3605816,0.16216403,0.61110055,2
-0.08347039,1.9836917,-1.8395362,0.8267604,-0.59022385,1
-0.7998956,-0.63152695,0.3059828,0.77304715,0.69486326,2
-0.7730123,-0.60338485,-0.37180492,0.6269665,-0.8434705,2
-0.35048938,2.1316173,-1.8156438,-0.8889019,-0.18789725,1
0.3332415,0.6969097,0.24548313,-1.4273322,-0.5601181,2
1.911061,0.5452884,-1.279316,-0.8827015,0.13253778,1
-0.77061784,-0.85563123,-0.7251797,0.9020685,-1.0889928,2
1.0262327,-0.5877993,2.0216446,-1.3345821,-0.5900755,2
-0.5361293,-0.17366508,1.4313085,-1.7711748,-1.1538694,1
0.4806339,1.0105951,0.58654314,1.1958286,-0.7041925,2
1.7844284,0.28378984,-0.57180274,-0.056720756,0.07359293,1
-0.43741685,1.6174192,-1.5310609,-0.90156883,-0.4769718,1
-0.03159616,1.781306,-0.12543912,-0.33211997,-0.09061549,1
1.7889833,-0.09032265,-1.2572471,-0.5540353,-0.4507667,1
-0.57578576,0.9612846,-0.06637718,0.075460225,1.8814054,1
0.016420037,1.6766453,-1.8496689,-0.5549597,0.22600752,1
2.0691125,-0.9379643,-0.97292715,-0.52404946,-0.28382692,1
-0.6091817,-0.689564,-0.33094326,-1.4131148,-0.025907949,2
-0.70110065,-0.68730026,0.15556067,2.1951454,-1.340539,2
-0.5992938,-0.6096853,0.06622186,0.74087405,0.78626645,2
-0.68598974,-0.8312986,-0.59828985,1.8764079,-0.26425266,2
-0.021584764,1.9958102,0.02073045,-0.24678852,0.05031027,1
-0.4724919,-1.153529,-0.5400975,-0.40394574,1.2498963,2
-0.06119597,-0.642986,1.3252645,0.32853332,0.83993876,2
-0.0073527396,-0.35908592,0.7589024,1.9307986,-1.5982343,2
-0.7451006,-1.0527855,0.011763662,1.2494876,-1.4172469,2
1.1546154,0.44369805,-1.273884,-0.7677985,-0.16340043,1
0.7280742,0.31056607,-1.3072555,-0.6520488,-0.021691151,1
-0.06634471,0.62563825,1.0069718,1.2593685,-1.0827919,2
-0.3118922,2.4312146,0.42657363,0.48642552,-0.38518286,2
-0.50419974,2.1435843,-1.7007419,1.2186308,-0.78023356,2
1.1744542,0.26090908,-1.0497475,-0.9124007,0.23298462,1
-0.97110385,-0.778246,0.7329187,1.0367355,-1.3826321,2
-0.49316674,-0.8893027,-0.591735,1.0253093,2.953422,2
-0.41712177,-0.9536247,-0.24540517,0.39366037,0.2803955,2
1.7265376,-0.98731387,-1.1237919,-0.38279495,-0.5379149,1
-0.8632807,-0.7539305,-0.37830362,0.87514967,2.0051441,2
-0.36919385,1.9142832,-1.2187207,-0.7908825,-0.29246202,1
-0.22902359,-0.17464091,1.8577099,-1.5415335,0.88922644,2
2.2426353,-0.460191,-0.6119254,-0.69514334,-0.28484803,1
-0.50788665,1.615854,0.7436707,0.6117068,-0.23772645,1
-0.5049407,-0.0653989,1.2194086,0.20095003,-0.26929832,2
-0.02740407,-0.8282516,1.1343069,1.5549235,1.0416583,2
-0.05965349,-0.7587105,0.012921077,1.1240598,0.6370651,2
-0.22120497,-1.0112234,0.8632636,0.43651387,2.7016482,2
-0.014145404,0.40913084,-1.242196,-0.82331556,0.0133343935,1
-0.46985218,-0.35380638,1.0211058,1.2305706,-0.10413047,1
-0.6725545,-0.81374514,-0.58173823,0.031120956,1.1963413,2
-0.4122275,-0.25045025,0.821211,-1.0334715,-0.15509847,1
-0.37236163,0.27789247,-0.25079018,0.5080067,-0.36161292,2
-0.5555331,-1.2251735,1.1056888,0.14718592,-1.0426306,2
-0.47544408,1.7062596,-1.664505,-0.95012856,-0.4422033,1
-0.28142115,0.7219206,0.44759685,0.21224873,-0.9245067,1
-0.5831004,-1.1538807,-1.8176827,-2.0003233,-1.1705402,2
-0.06432756,-0.19777228,0.61948454,-1.4211432,-1.0078653,2
-0.67390335,0.82376295,-0.31707123,-0.04576238,-0.101973265,1
-0.10335314,-0.9099229,0.29568842,1.3421618,2.8729553,2
0.50881845,2.2935033,-1.7671922,0.004359156,0.07629852,1
2.8923316,-0.9146776,-0.9261676,-0.40642768,-0.2448268,1
-1.1648169,0.46248597,1.4542832,-1.3108644,0.06286056,1
-0.73207414,-0.6819689,-0.21268064,0.53076875,1.507659,2
-0.49657714,-1.0406604,0.0035606772,0.10739188,1.2706721,2
-0.4946071,-1.0454723,0.65924984,0.15136653,0.51939887,2
-0.79326624,-1.1242017,0.15669382,0.42003056,-0.43279475,2
-0.6689818,-0.11341147,1.4783183,0.8845135,-0.7377723,1
0.15400197,0.9576087,0.58731604,0.088211745,0.54632306,2
-0.21050197,0.54695207,0.110821426,-0.003316179,0.13248296,1
-0.6158174,-1.3187122,-0.83614355,0.028310604,-0.12593728,2
-1.0277941,-0.52624774,-0.31311935,1.3701135,-2.0547104,2
0.46393698,1.9414743,-1.4494401,-1.0410413,1.2397993,1
-0.62752956,-0.077061236,0.51687896,0.06907596,-0.70380616,1
-0.18159193,3.0868952,-1.7906597,-0.24038751,-0.3243642,1
-0.31581327,1.4813416,1.1637193,-1.2988211,-0.55137235,1
-0.68992513,0.20190221,0.28950864,0.3738466,-0.2327973,1
-0.90014887,0.047754943,1.9885391,-1.3946946,-0.78208286,1
-0.7884698,-0.76123774,1.1152244,1.1789241,0.96133244,1
-0.21772785,2.8951554,-2.0930603,-1.3525164,-0.031490937,1
-0.27575156,2.2595,-1.5113746,0.59580076,-0.34950364,2
-0.203369,2.0536299,-1.5117166,-0.41403142,0.8468318,1
-0.6830201,-0.15857291,2.4510977,-1.3496871,-0.14079338,1
-0.7990765,1.2632368,-0.16664179,0.047947247,-0.58987385,1
-0.32640505,0.41055942,-0.18692318,-1.3676283,-0.08597418,2
-0.54633695,0.058600165,0.16053444,0.114546806,0.35276905,2
0.80248654,-0.54486895,-0.5107822,-0.4911243,-0.44434792,1
-0.5343148,-0.039387364,1.7362176,-1.684662,-0.6200923,1
3.6654854,-0.6476473,-1.0403523,-0.7796861,-0.21689425,1
-0.56173146,0.7004716,0.34073687,-0.1442903,-0.78129494,1
2.5339415,-1.4547935,-1.052578,-0.67923754,0.055234045,1
-0.35373864,-0.37158543,-0.2816546,0.41988873,-0.4115065,2
-0.2058405,1.5851187,-1.3682139,-0.22675836,0.20428975,1
-0.6852098,0.4127282,1.7768102,-1.2859647,-0.39179593,1
3.1612897,-0.8329363,-1.1646576,-0.5800291,-0.24180627,1
-0.6652704,-0.7629098,-0.49106047,-1.4763838,-0.13448799,1
0.15890914,0.5042404,0.5759618,-1.1695571,-0.6506864,2
-0.22553301,1.4959309,-0.2906524,-0.043405913,-0.7576653,1
-0.6422932,0.3839864,0.7623872,0.68549067,-0.02150619,1
-0.6245311,-0.3948473,0.37397566,1.6251686,-1.3883632,2
2.6715553,-0.90046895,-0.75456035,-0.54537797,-0.22942734,1
-0.65781057,-0.8393149,0.14649464,1.3468235,-1.3134457,1
-0.49031958,-0.06808867,1.2378548,-1.310316,-0.49358016,1
-0.405742,0.73507655,0.76294154,0.49344504,-0.8344209,1
-0.643075,-0.35781682,0.85824955,0.63510215,2.6785393,2
0.5195104,-0.67380434,1.0555928,1.0863565,1.7222613,2
-0.6296454,-0.7946618,2.1009026,-1.4914572,1.0894072,2
-0.57253987,-0.9507585,-0.4796996,0.21500485,0.733294,2
-0.59449685,-0.158541,0.84631884,-1.7819506,2.5407562,2
-0.6869626,-0.3400945,1.2889379,0.69034064,-1.2259268,1
-0.13374951,1.0808676,1.1021283,0.9975586,-0.633613,2
0.24560095,2.0409954,-0.094039306,-0.018465653,0.049668677,2
-0.96751654,-0.89167255,-0.7151541,0.78354347,1.0639445,2
-0.83668756,-0.16803253,0.72441804,-1.4393796,-0.4463628,1
0.10981895,0.34345117,1.0959834,0.37458095,1.3604635,2
-0.36058626,0.2517235,0.5855303,-1.2852746,2.2495875,2
0.51610506,0.77884096,-1.3278166,-0.40037698,-0.5023935,1
-0.93879664,-0.8975573,-0.060692206,0.5009951,1.4253726,2
-0.7811535,-0.10974161,-1.7798163,-1.3379105,-0.3693117,1
1.7937381,-0.91902614,-0.998134,-0.7964765,0.12820676,1
0.51398087,1.2701697,-1.8951995,-1.1404705,0.1417832,1
-0.27360666,-0.624344,-0.5086769,0.80760443,1.9296172,2
0.79104114,0.8499333,-0.5820576,0.26055175,0.9166002,1
-0.23160277,-0.30388528,0.7615407,0.859692,0.10094525,2
-0.4268667,0.35689977,0.6777717,-1.0177174,-0.27215883,2
-0.2594302,0.058626056,1.7310773,-1.2634313,-0.61275357,2
-0.27417883,-0.7157624,0.6838144,0.8512765,0.5555674,1
1.3416185,0.8250996,-0.052188702,0.6340966,-0.47510636,1
0.91893303,1.4755005,0.23917231,-0.8090805,-0.4027179,2
-0.7845541,-0.45494807,0.013600323,0.79736185,-0.44411165,2
-0.25176662,-0.7634962,0.46281514,0.6103113,-1.8523945,2
-0.49476862,0.6372415,1.4775015,-1.6598337,-0.42718855,1
-0.067963004,0.619048,0.84994847,0.6403378,-0.83905053,2
-0.3713748,-0.37283736,1.1201172,-1.0974288,0.35318738,2
-0.04961557,1.9738849,-1.4443386,0.021921813,-0.712996,1
-1.7683135,-2.056871,0.3595607,-1.3984246,-0.2791373,2
0.2010493,0.47413966,-0.13421461,-0.18809183,-0.31836307,1
-0.51451534,0.04937818,2.0985997,-1.7477144,-0.19076808,1
-0.54835355,-0.68348587,0.22914505,0.13461003,0.6497402,2
1.7888412,0.3410581,-1.0650302,-0.95232594,-0.012762338,1
-0.583721,-0.3962484,1.8023589,-1.3613873,0.80371416,1
-0.42252228,0.65903485,-0.120111495,0.27801335,-0.1418148,1
-0.5359543,0.6123323,1.7605863,-1.4001396,-0.7393128,1
-0.67253476,-0.8574559,-0.5799611,2.0063062,-0.03666626,1
-0.59165025,-0.3865736,-0.4136599,1.0497594,-1.6105028,2
-0.023959368,1.9119388,-1.4514481,-0.9648739,-0.35446832,1
-0.4209231,0.21099451,1.7116966,-1.4281731,-0.25194788,1
0.8549461,1.6400027,-1.3744383,-1.127791,0.026355632,1
-0.7399196,-1.0981364,-0.5462183,0.84022355,-0.11088432,2
-0.70177263,-0.52806336,0.17420639,1.8467082,-0.15637729,2
-0.7849342,-2.0032203,-0.3015358,0.063396744,-0.43788218,1
-1.0700845,-0.9101097,-0.4300311,0.33565974,-0.17852078,2
-0.21129431,2.1504993,-1.7963394,0.062562674,-0.34705925,1
-0.76673585,-1.1853575,1.0470574,0.6738661,2.3636885,2
-0.69562817,1.0795524,-1.6992836,-0.43493736,-0.35985518,1
0.1467058,2.216339,-1.635952,-0.7919972,-0.4052338,1
-0.5153524,1.8971152,-0.24912113,-0.28601044,-0.43502355,1
0.58245105,0.6806303,0.7111658,0.4566359,-0.500122,2
-0.5356516,-0.16714406,1.0736191,0.122905344,-0.57158935,1
-0.46388793,-0.6676124,0.26895323,0.6834757,1.9920948,2
-0.5112607,-0.2738266,-0.19158655,0.42326832,-0.74135417,2
0.46742624,-0.7579451,-0.79849076,-0.33629504,-0.2896384,1
-0.57157654,-0.48180598,1.8657432,0.69976676,1.2004699,2
-0.7501614,-1.2555066,-1.389638,0.25449657,-1.8090771,2
-0.4877965,1.1317633,0.021287069,-0.87263733,-0.1056962,1
-0.1499484,2.1290326,-0.10210712,-0.99511087,1.4660081,1
-0.6292192,-0.065181255,2.2298632,-1.857843,0.34019145,2
-0.8900082,-1.2228603,-0.154028,0.3997435,-1.1189477,2
-0.5303726,-0.95712423,1.1143094,0.5951349,-1.1881293,2
-0.7558181,2.0572581,-1.8066018,-0.79905224,-0.24545564,1
0.16452117,2.765305,-1.6948879,0.18014869,-0.47105315,1
-0.77442616,0.519968,1.4795619,-1.2710994,0.2196713,1
0.28224298,-0.15352915,1.1481925,1.3872222,-1.4235255,2
-0.7658343,-0.5715951,0.876592,0.88274735,0.30351308,1
-0.6560995,-0.8299912,-0.7095815,0.7088597,3.1764526,1
2.8298564,-0.97118247,-0.8684457,-0.33582672,-0.19908598,1
-0.17975277,2.4203477,-1.6083008,-0.67373616,0.26968387,1
-0.6794563,0.048783556,-1.1328733,0.14348562,0.52622247,1
-0.16093099,1.1803885,0.14159128,0.3577533,-0.5198993,2
0.59288144,-0.64621156,1.3050594,1.2320653,0.9139417,2
-0.6075941,-0.017130561,-0.5105348,0.08927395,0.33063143,1
-0.5914136,0.0260982,1.9062355,-1.402278,-0.7692046,2
0.42638695,-0.1672937,0.7311944,-1.3098354,1.3022263,2
-0.6742536,-0.53021395,0.10434448,1.4254746,0.04857357,2
-0.12819678,-0.99190056,1.5241473,0.70486236,0.6745672,2
-0.4717358,0.59904754,-0.15676221,-0.35935694,-0.5966258,1
-0.9402572,0.2660889,1.717955,-1.5087162,-0.34680682,1
1.7869129,-0.76571894,-0.49413466,-0.8350411,-0.3569599,1
-1.1160939,-1.8493063,-1.7653325,1.4065367,-2.115356,2
-0.7892762,0.012913354,1.3468876,-1.6347673,-0.9652198,1
0.07534133,1.8282887,-0.18212593,0.6186402,-1.0177393,2
-0.7135194,-1.203129,-0.51501894,1.6282816,1.1729497,1
-0.48187816,-0.15025657,1.017909,0.29055378,-0.71694744,1
0.80281866,-0.20085458,0.10425246,-0.16123979,0.31159005,2
1.88091,-0.2893191,-0.1029327,-0.8549948,0.34503436,1
1.6246057,-0.5245843,-0.8894526,-0.46297663,-0.35527536,1
0.78719366,0.73454297,-1.329347,-1.0499206,-0.6158914,2
-0.15320487,-0.24340302,1.5007793,-1.0313551,0.3181134,2
-0.07666531,-0.5691864,0.3663891,-0.14765768,0.4460333,2
0.34785977,-0.40149158,0.2794522,0.31363222,-0.5223066,2
-0.5579798,-0.24060549,1.9082885,0.6149518,0.44348648,1
0.32203072,0.3567874,0.8168608,0.9563046,-0.69633144,2
-1.0631421,-1.4217412,-0.63848436,-0.8223535,-0.29239494,2
0.6358831,1.1759636,0.8697912,-0.9942267,-0.44177136,2
-0.38076204,-0.87571377,-0.51240546,1.3019663,1.6432081,2
-0.13836718,1.674513,-1.5244429,-1.1109895,-0.46445546,1
0.00012046099,-0.6257518,-1.4278475,-0.78933334,-0.55974114,1
-0.15194872,2.4083595,-0.1097137,-0.36335593,0.38062835,1
1.4124097,1.392302,-1.2378728,-0.926308,-0.3169771,1
-0.4550032,-0.53766733,-0.43659228,0.9480016,1.91042,1
-0.29605108,0.15192927,0.78867584,0.26196292,1.4418612,2
1.2209647,-0.41943085,-0.039527215,1.2186798,-1.1038718,1
-0.73068905,-0.92770183,-0.48659337,0.40043402,-0.36104947,1
-0.8637225,-0.36081058,-0.55907977,1.3465502,1.7157608,2
-0.95003474,-1.2239501,-0.53031623,-0.40883473,0.7299827,1
-0.5260269,-0.3017114,1.0372255,0.6420839,1.9043955,2
-0.39127675,-0.39366204,0.4451261,0.4511023,2.9308572,2
1.2767587,0.5175394,-1.3144948,-1.0324756,-0.30043566,1
-0.60904676,-1.1152878,-0.25835925,2.2503424,-0.29424924,1
0.33597946,-0.7082334,0.7019791,0.30407357,-0.7621557,2
-0.82789147,-0.7073559,-0.106458,1.9632473,-0.12732516,1
-0.57959014,0.05549194,1.4643095,-1.5235155,-0.68268335,1
0.21776953,-0.83302104,1.2570802,-1.8392987,0.3519758,2
-0.5772495,-0.02581817,1.145794,-1.4557533,-0.73502064,1
-0.49570382,0.63207245,-0.10085104,0.052838534,0.42660496,2
-0.29834202,-0.68947375,-0.35279897,1.0553421,1.2929101,2
-0.39201704,-1.141792,0.77243006,0.58282065,-1.6251893,2
-0.87844163,-0.49862805,0.44273466,-0.3249179,-0.3382579,2
-0.7611135,-0.84924877,-0.10141577,1.0499777,1.5188503,2
-0.0025135428,1.525457,0.8142076,0.21961144,-0.4065061,2
2.9390879,-0.9327922,0.35412812,-1.0938488,-0.35552776,1
-0.35692614,-0.44252107,-0.08998797,0.849463,-1.5417922,2
1.7142183,0.2541928,-1.0561473,-0.50483215,-0.25518757,1
-0.32467663,1.1955323,0.43003446,-0.9279143,-0.74624974,2
-0.015282959,0.11401005,-1.8119671,1.0287306,-0.81643915,2
-0.46384305,1.035917,0.11501607,0.0029738545,-0.7906499,1
-0.31827056,2.1866398,0.4995536,0.18535678,-0.5539902,2
-0.0016177595,-0.0698775,-0.078084975,0.015757754,0.98558897,2
0.43517822,0.27735502,0.74723274,0.23935817,1.1042379,2
-0.3818949,2.5543053,-1.4926845,-1.0450033,0.57955337,1
-0.70172364,-0.50213724,-0.23906371,1.6423851,-0.031665444,2
-0.4139299,0.13183974,0.9610022,0.8231561,1.8708736,2
0.28403836,0.7818911,-0.36811873,0.06511573,-0.064280525,2
-0.7744378,-0.7357544,-0.85071486,-0.12804593,1.1989895,2
-0.37273797,2.1099594,-1.4680481,-0.8960744,-0.44569945,1
-0.7592523,-0.47563294,-0.38152245,0.8510973,-1.0883918,1
1.8825711,0.3799733,-0.009457491,-1.0104114,-0.5360315,1
2.834325,0.57181424,-1.4361011,-0.53221834,-0.06681098,1
-0.65540236,0.6702705,-0.112248935,0.31653342,-0.43775046,1
-0.52820224,-0.5143639,0.23934339,1.752688,-0.28503004,2
-0.46503967,-0.6632845,-0.39769763,-0.21100467,-0.15496428,2
-0.2366809,-0.525544,2.1287553,-1.3935176,0.43494424,2
-0.44434375,0.22842835,0.8667071,-1.1184103,-0.67465395,2
0.15849687,-2.613257,0.6534524,-1.590548,-0.729751,2
0.03840369,0.8033349,1.2680961,1.0978947,-0.70012933,2
0.7490767,1.509496,-1.6941062,-0.8750578,0.060823128,1
-0.54134613,-0.6881475,0.15811837,0.12049465,1.9621861,2
-0.541799,0.072131336,2.239261,-1.4775972,-0.21069525,1
-0.52568126,0.706896,1.1124624,-1.6761657,-0.0327318,1
-0.904044,-0.569278,-0.80033946,0.5585209,-0.28626844,2
-0.5605435,-0.23259565,-0.76770806,0.36481526,-0.079028115,2
-0.5912969,0.003900677,1.6516092,-1.4589677,-1.4427238,2
-0.30317506,-0.770579,0.404993,1.7167302,-1.0747885,2
-0.5480582,0.053799085,0.13877882,-0.17121062,0.0051735044,1
-0.21971917,1.9326456,0.10476574,0.38052925,0.9547129,2
-0.4160912,0.24263528,0.9420246,-1.448434,-0.70874524,1
-0.43444055,-0.8354498,0.60867405,1.1577413,2.8066134,2
1.8929203,1.0120401,-1.5702479,-0.93004173,-0.24639753,1
-0.34167182,-0.18175444,1.1800557,-1.5364454,1.456197,2
1.4124861,-0.986091,-0.8945792,-0.27601737,-0.6701437,1
-0.42932725,-0.82519066,1.4596477,0.45489824,0.8780022,1
-0.71962965,-0.7460591,0.20005718,-1.3403938,1.0775313,2
-0.6856668,0.21567091,0.8390647,-1.5594534,-0.5821222,1
-0.4277652,-0.018811304,1.151668,-1.1533686,-0.35632268,1
1.2266337,-1.1709518,-0.7868928,-0.55970305,-0.57394147,1
-0.45422548,0.043882985,0.53164923,0.24329798,-1.2905862,1
-0.8122312,-0.99871624,-0.5829413,0.08764179,-0.17497152,2
0.8695333,0.58063394,-1.2873707,-1.2309773,1.9273032,1
-0.7781086,-1.8214045,-2.062625,-1.4728456,-0.14097176,2
-0.3146749,1.7836827,-0.06651329,0.9177724,-0.34186646,2
-0.82411426,-0.46331084,-0.35602373,1.421382,1.2490062,2
0.25674292,0.9835455,-0.5619915,-0.11972481,-0.6578745,1
-0.5810957,-1.1121707,0.5409087,2.1342993,-0.10122629,1
1.7427524,0.21657752,-1.5967889,-0.23063117,-0.5590931,1
-0.115380235,-0.2815598,1.261663,1.2388669,-0.327116,2
-0.61649793,-0.46602124,1.899597,-1.0383536,-0.6188558,1
-1.0516942,-1.3191952,-0.06345099,-1.305548,-0.5124875,2
-0.3623984,-0.2704746,1.1540169,0.61720294,1.7454534,2
-0.6933907,-0.6034775,-0.50833905,-0.16435358,-0.09206952,2
-0.050036848,1.5367036,0.27085456,0.8248584,-1.0085745,2
0.7252447,-0.71044505,-0.48261142,-0.33279446,-0.19049552,1
-0.73118526,-0.52729684,1.6684749,0.93637675,1.0068309,2
0.22055435,1.3659995,0.663805,-0.79800487,-0.49835292,2
0.29287642,-0.5327507,-1.4171083,-1.0583556,-0.6084027,1
1.2525603,0.4519838,-0.22470137,0.9343398,-0.56624043,1
-0.663902,-0.45714876,-0.26732984,1.024284,-0.9171019,1
1.1426928,1.4678564,0.43356445,-0.9578595,0.07485557,2
0.17822695,2.5652885,-1.5543725,-0.9793366,-0.060553074,1
0.2394694,0.49169862,-0.044793174,-0.09910329,0.6631502,1
-0.7424647,-0.5866735,-0.6922048,0.17724329,-0.25031394,2
-0.7112915,-0.6420693,-0.23298237,-1.1796438,1.6090094,2
-0.32756585,-0.49714017,-0.30150232,0.6416627,1.2779431,2
1.0137391,-0.45026007,0.99692595,1.3365319,-0.5697802,2
-0.32102665,-0.18835966,1.2715588,0.43786663,1.2880135,2
2.8889465,-0.8110494,-0.9704846,-0.39775643,-0.51847625,1
-0.70942783,-0.78138274,0.30159512,0.28736216,-0.1893277,2
-0.07871772,-0.44598353,1.3773901,-1.000454,-0.14652056,2
-0.3086313,-0.60776347,0.7236884,1.2476342,2.8000388,2
-0.6100457,1.6973668,0.18510868,0.28202826,-0.113076,1
2.26412,0.030726008,-1.273192,-0.5324222,0.24433546,1
0.45694572,-0.4898954,0.84607357,0.25723508,-0.52614653,2
0.9421513,1.7450975,-1.5122563,-0.98322123,-0.33671188,1
-0.8394413,0.8971573,0.2401345,0.21341392,-0.78080434,1
-0.6365017,-0.21724549,0.9993663,0.7617532,1.7222741,2
-0.7589916,-0.6328733,-0.3344692,0.36404264,2.3950934,2
-1.0031033,-0.63254225,0.006724015,2.0984201,-0.16820078,2
-0.7383294,0.69477016,0.04907087,0.13311866,-0.97730905,1
-0.17419727,1.3247442,-1.4504712,-1.1190741,-0.17736118,1
1.9324931,0.5667315,-0.24740162,-0.7164146,0.22651592,1
-0.8558389,-0.66327465,-0.4658146,1.6716859,-0.96634936,1
-0.4719695,-0.27007094,0.15956509,-0.79855996,-0.23428228,2
0.50266075,0.6186592,-1.5050607,-0.94717443,2.86569,1
-0.5467567,-0.19821592,0.7425692,0.9429868,2.638698,2
-0.8557453,-0.7113322,-0.5013731,0.19529536,-0.39266595,2
-0.8370366,-0.87530047,-0.63196814,0.26985276,-0.17476745,1
-0.47474557,-0.3712927,0.7668142,0.7162038,-0.18003878,2
1.1027703,-0.3347213,0.16988692,-1.1053488,-0.64661765,2
-0.606133,-0.8284274,0.64609474,1.8468132,-0.96808106,1
0.31130114,1.1084119,0.8479087,-0.8075589,-0.62896967,2
-0.95212275,-0.472524,0.32382467,2.087669,-0.057941586,1
-0.69016016,0.16674751,1.6960773,-1.4537226,-0.7758603,1
-0.7202285,1.2789007,0.18357068,0.52683425,-0.84111786,2
-0.7487317,0.019475207,-0.67534304,0.40143394,0.8233111,1
-0.937843,-0.9138718,-0.36167163,1.9857528,-0.13763659,1
-0.21917096,0.10461542,0.5605815,-1.4585345,2.3779805,2
-0.366872,-1.1353704,-0.29880285,0.525448,1.2747444,2
0.36824244,0.36707938,-1.5049883,-1.0955718,2.9892054,1
-0.48326662,-0.6038852,0.9986457,0.75326526,1.6498758,2
-0.39831063,-0.09631641,1.1382178,-1.8698856,2.1924984,2
-0.058612794,-0.29504925,1.060284,-1.1047356,-0.44238222,1
0.2680583,1.7428478,-1.5050524,-1.1888795,1.1480373,1
-0.6385086,-1.0799373,0.018035024,1.4637784,2.0065632,2
-0.24076122,-0.89769554,0.8854427,1.125914,2.545743,2
0.025819842,1.784633,-1.6619495,-0.6547798,-0.04540382,1
-0.32225138,0.28709313,0.6220073,0.37001896,1.9036187,2
0.7122333,-0.752879,0.7536124,0.22999421,0.28813553,2
-0.2709859,-0.76450306,0.039201558,2.2091148,-0.23913372,1
0.028649628,0.45741796,0.5386665,-0.90900755,-0.73152757,2
2.1436596,-0.6873972,-0.875545,-0.74856186,-0.033368457,1
-0.5141788,0.22467852,1.6707033,-1.3211145,0.56680626,1
0.1904455,1.9682459,-1.4103583,-0.67466474,-0.4027648,1
-0.14143124,-0.8537296,-0.17299135,2.037553,2.5434527,2
0.120535515,1.1060287,0.967439,0.18867669,-0.16492471,2
-0.95424163,-0.54340136,-0.6512385,0.30259773,2.0334904,2
0.83037424,1.1028012,-1.6281383,-0.029128551,0.95762926,1
-0.581729,-0.96499413,1.124914,1.0828903,1.7792751,2
-1.0381479,-0.5381272,-0.7093992,1.3563365,-1.3512459,2
-1.4386245,-2.1009643,0.59712785,-1.6300727,-0.8846535,1
-0.5152727,-0.56175554,0.019978672,0.9476753,1.4287733,2
-0.64555025,-0.7074906,-0.13272214,0.39684042,-1.4667003,2
-0.8621461,-0.7410659,-0.3018577,1.0198336,1.8707557,2
-0.65665424,-2.3267274,0.39329132,-1.060631,-0.0028916597,2
-0.7016105,-0.08359784,1.3147596,0.680441,-0.36393338,1
-0.48045862,-0.21132082,1.3633189,-1.5586194,-1.1012647,2
-0.14328626,-0.07104947,-0.21508609,-1.1706021,1.5436451,2
1.1286057,0.013216371,-1.3158822,-0.24914245,0.19766995,1
0.04507725,-0.1860483,1.1322486,-1.443703,1.1630228,2
2.0049922,0.137174,-0.14691451,-0.7898283,0.26639014,1
-0.23215325,0.8333694,1.6986421,-1.6337336,-0.08232069,1
1.9808456,1.0988035,-1.6609721,-0.6904718,-0.35852453,1
-0.64802396,-0.29548654,-0.27439356,1.4351603,-1.4145347,2
-0.37421834,-0.80215853,-0.44364583,0.2827612,-0.04558985,1
-0.013613209,-0.15453535,0.70787555,1.1551055,1.6613451,2
0.19024906,1.5783246,-1.5089513,-0.402563,-0.3107009,1
-0.45998836,0.1021003,0.93987083,0.21510667,-0.82487184,1
1.9078468,0.8616399,-1.4674892,-0.90608037,-0.21069646,1
-0.60057473,-1.0474066,-0.4304288,1.9425907,-1.372605,2
-0.8260108,-0.35815528,0.7345833,-0.018657804,1.8446922,2
-0.5380011,-0.91544634,1.0293167,0.55760896,-1.2870624,2
-0.13460116,-0.07808404,0.9765012,0.6748991,2.281408,2
-0.38720065,0.7926604,0.26441193,0.2950488,-0.68434286,1
-0.0711447,2.39216,-1.2314668,0.11415899,1.2049161,1
-0.38498583,-0.9707061,1.4730412,0.09965411,0.88491964,1
-0.6710987,-0.8047835,-0.11716446,1.4059896,-0.80500364,1
0.4803634,-0.40605998,0.025741398,0.53288436,-0.6747165,2
-0.5911646,-0.26332507,0.44793493,0.16303304,-0.03312984,2
-0.9482786,-0.72951543,-0.1341976,-2.07053,-0.19336812,2
2.7738385,-0.9706223,-0.774491,-0.64087963,0.26473337,1
-0.46371436,-0.29716346,0.7732236,0.36851394,-0.8399147,2
0.55066043,1.7087771,0.8141174,-1.2407343,-0.5052839,2
2.5306702,-0.6756136,-0.91052777,-0.48319152,0.6340273,1
0.040414095,0.103443325,1.1124073,0.1545216,1.9426526,2
-0.70556366,-0.8527257,1.3304874,1.0720297,2.2291038,2
-0.68078524,-0.4626501,-0.41033632,0.29276857,-0.20574634,2
2.1750045,0.14740355,-0.29151773,-0.7242195,0.2968319,1
-0.30464745,-0.6666652,0.09614059,1.3456569,-1.032401,2
-0.8864314,-0.602133,0.12013455,0.30640024,-0.32389975,2
-0.5757062,-0.25031096,1.6792572,0.570945,0.28755268,1
0.33055305,2.4690118,-1.8751138,-0.07390622,0.06936765,1
-0.31785482,0.34065136,2.0408385,-1.3382243,1.7936308,1
1.9185421,-0.37160617,-0.5511786,-0.598585,-0.039683513,1
-0.7119345,0.49298787,-0.66714823,-0.2815378,-0.29811907,1
2.8488955,0.026842073,-0.21600354,0.036347993,0.5792689,1
0.79077035,1.8819076,-1.4479821,-1.2359267,0.26406693,1
-0.19295788,2.2568784,-1.4465894,-0.57251984,-0.21018215,1
-0.9329802,-0.9816663,-0.2704653,0.36361647,-0.8521977,1
1.1311734,-0.25100642,0.27690852,1.2801372,-0.7747834,1
-0.84463567,-1.278592,-0.6295469,-0.16499975,-1.1432029,2
-0.77836525,-0.6403188,0.14370432,0.9964154,-0.83505046,2
-0.6112122,-0.91782796,0.09172984,0.17764822,0.54429454,1
0.7143613,-0.44427747,1.1868113,1.0833158,0.7825558,2
-0.32890245,0.1636205,-2.341179,-1.5396271,-0.80279505,2
-0.47581384,-0.052486554,-0.090052105,1.7583878,-1.4001815,2
0.94733334,-0.7588596,1.0266609,0.9441635,0.9630854,2
-0.5458518,0.5979737,0.5694824,-1.549468,-0.76889676,1
-0.15235773,-0.5091425,0.44498253,0.23985818,0.19385445,2
-0.26982936,0.88566995,0.4513938,1.296697,-0.8673444,1
-0.7005036,-0.69008815,-0.12288967,0.57851124,1.614182,2
-0.31001362,0.19598806,0.97039944,-1.1961288,-0.8827742,2
0.753593,0.48323843,1.0350838,0.119665354,-0.7599743,2
-1.0166664,0.26589772,0.43454003,0.5856913,0.06772369,1
0.7728557,0.30330357,-0.11508241,0.3218022,1.6127344,2
-0.73441297,-1.248847,-0.6926185,-0.03468901,-0.75074637,1
0.9923906,0.46636608,-0.4874638,0.11471997,-0.6207837,1
-0.38884512,0.18880543,1.6213542,-1.689646,0.13306482,1
-0.087953925,-0.5331936,1.3988318,-1.3026421,0.46094668,2
0.17080899,0.82140255,1.2610362,-1.471535,-0.60955495,2
0.31217772,0.43975073,0.66741395,-0.030334368,-0.3101241,2
2.0451996,-0.15567653,-0.12893118,-0.56495535,-0.15868062,1
-0.68618816,-0.41193607,0.5836555,0.2044372,2.032058,2
0.8430443,-0.1433335,1.3510147,-1.365346,-0.520444,1
-0.7236422,-0.95446754,-0.12707916,-1.6556585,3.2609913,1
0.01237195,2.2894962,0.29320535,-1.2311578,0.34204048,1
-0.8987074,-0.89973634,-0.7286048,0.020520866,-0.050770134,2
-0.4316853,-0.63338,1.0281289,0.9176327,0.6160004,2
-0.37679303,-0.4519175,0.5830768,-1.3179457,-1.1358297,2
-0.6684896,-0.54633087,1.5119754,0.8679302,2.461937,2
1.9232961,0.16064276,-1.1737067,-0.4268295,-0.2476167,1
-0.8892693,-0.8082465,-0.3006573,0.24315003,0.11046012,1
-1.0594021,-0.9973187,-0.6046268,0.42257282,0.1620297,1
-0.84921116,-1.3456322,-0.80280036,-0.14095244,1.3345436,2
0.38853246,2.013131,-1.2700115,-0.80611247,-0.2518349,1
-0.22878107,1.9021938,-0.05570364,-0.17628905,-0.100879446,1
-0.8354312,-1.0442728,-0.62725616,-1.6508203,2.3415782,1
-0.45475465,1.4264187,1.5134623,-1.1928196,-0.7402161,2
-0.2210122,2.2986877,-1.7453507,-0.25701362,1.4597613,1
-0.6248099,-0.1583178,1.3380309,1.3073308,-0.7645837,1
1.4449219,1.1617072,-1.1736547,-0.7220961,0.019372255,1
1.159423,0.4074645,1.1784849,-1.1693199,-0.6113306,2
-0.9164207,-0.69950014,-0.65906847,0.4135702,-0.2443082,1
-0.33899438,1.9421291,-0.018179597,-1.0453093,1.5785643,1
-0.29141584,-0.530429,2.7416174,-1.0565765,0.58580494,2
-0.40532008,-0.7325475,0.36058018,0.17814593,-0.015892893,2
0.8633642,1.175081,-1.6671194,-0.36249423,1.1254606,1
-2.9948034,-3.0847728,-0.35176584,-0.1882295,-0.2290716,1
1.3365583,-0.6463593,-1.0382673,-0.9623472,-0.33477437,1
-0.17984244,-0.47874025,-1.7017543,-1.4460751,0.029495418,2
-1.1250482,-1.6422269,-0.17440398,-0.9731612,-0.10706998,2
2.0369728,-0.5180767,-1.2467206,-0.73369855,0.052252114,1
-1.1004405,-0.9986838,-0.65461475,0.050136477,-0.2530316,1
-0.3123482,2.1965985,-1.7680789,0.58551824,-0.85638046,1
-0.29571867,1.2265368,0.11074272,-0.85325086,0.080668464,1
-0.13971807,2.0482848,-1.5240659,0.7024469,-0.7507839,1
0.34647736,0.8134752,-0.47980723,0.043915704,-0.119319536,2
0.4354172,0.55059856,-1.4425356,-1.0542973,-0.42674512,1
-0.29091296,1.1786315,0.08329775,0.5565894,-0.90409,2
0.22082378,2.9109526,-1.5637747,-0.873334,1.0721958,1
-0.9087976,1.6114926,-1.4888294,-0.19303271,-0.5948989,1
-0.2877497,-1.0494794,-0.14099804,1.1847442,1.3843896,2
-0.34331203,-0.81494707,1.5421878,-1.1083616,0.6203521,2
-0.77780104,-0.3441672,-1.6482825,2.271623,-1.6749138,2
1.9351919,0.036060393,-1.3958353,-0.4149263,-0.2336571,1
-0.70187116,-0.6278665,0.08389162,1.7941881,-1.3678825,2
-0.53145623,-0.43666893,-0.038389742,0.17065322,-0.26311827,2
-0.66153693,-1.0827876,-0.68710005,1.0801017,1.2230129,2
-0.106332324,0.7405206,-1.6575534,-0.08334544,-0.29332274,1
-0.37496415,-0.56180245,-0.09634136,1.3904121,1.8915181,2
0.3143695,1.7824974,-0.06493889,-0.45483387,-0.56431437,2
3.1228948,-1.8828065,-1.1216621,-0.9190336,-0.07862343,1
-0.9832804,-0.7434067,0.73524827,1.6045152,-0.10741276,1
0.48779756,0.87444973,0.5309207,0.36530593,0.6816457,2
-0.7831914,-0.23760885,1.5381079,-1.2919593,-0.6888944,1
-0.82572573,-0.7001263,-0.64882255,-1.0084598,1.6094555,2
-1.2816525,-2.184457,1.1694869,-1.4914393,-0.9585537,1
-0.7260193,-0.5072355,-0.56216097,0.77716434,1.062211,2
2.2152326,-0.7114263,-0.8028909,-0.24334589,-0.50607264,1
-0.84720725,-0.76449,0.29279792,1.2978412,-1.0306654,1
0.65260774,1.3031125,-1.1605574,-0.35383016,-0.40603366,1
-0.5541206,-0.41255006,1.8496296,0.7973118,1.1164205,2
0.19532508,-0.8085944,1.1057101,-1.2382807,0.5341606,2
-0.04432357,2.4661188,-1.7241318,-0.06514135,-0.042448014,1
-0.34166563,2.324549,0.6031443,-0.07065343,-0.34356067,2
-0.91163623,-0.8265447,-0.15370156,0.3601305,1.8287671,2
3.7429802,0.25000083,-1.2837136,-0.6180802,0.12564825,1
1.8786118,0.026319578,-0.71552163,-0.24597064,0.15956372,1
0.0020753562,0.5633742,0.12267496,-0.70571095,-0.18124506,1
-0.36944503,0.13201155,0.65048265,-1.1861435,1.8275079,2
0.011009011,1.7583542,0.48592257,0.09122321,0.54446334,1
2.3839936,-0.17726028,-1.0731554,-0.7571141,-0.13709316,1
-0.47699526,0.031281833,1.4519498,-1.2523912,-0.685331,2
-0.23431757,1.6958905,0.42365757,0.26616335,-0.67846304,2
-0.4482987,-0.5256151,0.13259779,0.8695272,1.0236211,2
-1.0058184,-0.5714427,-0.57294613,1.7665002,-0.21953079,1
-1.7777435,-3.2669308,-1.257451,-1.3937128,0.15727855,2
0.3456545,1.5630667,-1.5637072,-0.9229524,-0.40184122,1
-1.480121,-1.8979411,-1.6398478,0.4111589,1.3374441,1
-0.64650625,1.9573346,-1.656259,1.3768244,-1.2324175,2
-0.19804385,-0.8006617,0.31127602,1.0454355,-0.6283691,2
0.11280941,-0.2583614,1.8029863,-1.4003206,0.086686924,2
-0.0017706156,-0.63432795,0.9727688,0.983993,1.0325704,2
0.29766524,0.817889,-0.40738338,0.26069146,-0.7516074,2
-0.75202334,-0.6569034,-0.17032528,0.0016086102,0.4945611,1
-0.19919941,-0.9518627,0.56733954,1.1882234,-0.84299284,1
1.1214439,-0.72018003,-1.1480427,-0.5447494,0.30185792,1
-0.48677048,-0.70091295,1.379545,0.7821019,2.2661912,2
0.21043518,-0.56476164,0.7257558,1.381452,-0.18520859,2
0.8866768,0.50779086,-0.53280854,-0.92047644,-0.08061484,1
1.7785045,-0.80602336,-0.8505736,-0.19819336,-0.24288453,1
0.23132937,0.64482635,-1.4904511,-0.6731093,-0.29284623,1
-0.8370744,-0.85523653,1.196598,0.35999775,-1.0113045,2
-0.44126153,-0.3020736,0.12761834,1.1003772,-0.23826274,2
-0.52190787,-0.8678825,0.12576431,1.3110656,1.3462756,1
2.4794812,-0.62175775,-1.1375242,-0.5293742,0.03077339,1
0.09948468,1.446799,-0.24245682,-0.0067796707,1.0341158,2
-0.38919342,0.387214,-1.2967049,-0.845609,-0.2599502,1
-0.393094,0.68401396,1.6163168,-1.6250491,-0.1568296,1
-0.8558746,-0.87793934,0.19638205,0.22783114,-0.010119334,2
0.7992865,-0.18600643,-1.2532667,-0.63927686,-0.08734153,1
0.40244496,-0.25671744,0.20145021,0.61438555,-0.7427568,2
2.062184,0.93554175,-0.95962375,0.36063325,-0.38925624,1
-0.26660788,0.027090997,1.2263777,0.6264212,-0.85536915,2
-0.36081234,0.0738494,0.11952729,1.0565344,-0.930796,2
0.484397,1.3130476,-1.630075,-0.24698108,-0.57277477,1
-0.21157697,1.904467,0.59226835,0.29049453,-0.31527323,1
-0.9612228,-0.7293788,-0.092094034,1.4320209,-1.4338428,2
-0.029514879,1.2003814,-1.6112341,-1.0149791,-0.5662019,1
3.283783,-1.6775726,-0.8115589,-0.5189048,-0.27989936,1
0.4083757,0.44875437,0.8545237,-1.4220358,-0.6588372,2
-0.2518379,2.0996783,-1.5575039,-0.7242838,-0.4368287,1
-0.08433566,0.75631404,-1.5365802,-0.7862452,-0.02333089,1
-0.37579948,-0.049401496,1.8692071,-1.1195315,-1.1256874,1
-0.5657947,-0.9660007,0.618121,1.2304769,-0.19219916,1
-0.2519158,-0.46752793,1.3572712,0.7708467,1.0418202,2
0.31875065,1.5188224,-1.6741014,-0.2268436,0.9829267,1
-0.31400627,-0.08748682,0.9610585,0.32359654,-1.0165507,1
-0.36835262,-0.88013047,0.8609103,1.2837545,0.305093,2
-0.48111248,-0.4944301,0.10536553,-0.36871904,1.2009745,2
2.2088635,-0.40788865,-0.5274539,0.0306599,0.94014186,1
3.4783378,-0.68125886,-0.6183756,0.05332067,-0.48747042,1
-0.1373084,1.8077402,-1.5848651,0.42166322,-0.69682276,2
-0.3316186,0.075784095,0.9967153,-0.0071633756,1.7445631,2
-0.15376714,-0.7459896,-0.2854864,1.1018984,1.9268528,2
-0.9826635,-0.71708524,0.20725688,1.9632291,-1.4636418,2
0.27561957,-0.8722652,0.8911536,0.117028356,-0.6744665,2
-0.7587524,-0.6014162,-0.19729073,1.5939877,-1.4680423,1
0.4189505,1.909567,-0.07728843,0.049854904,-0.5836271,2
-0.37841058,2.2179027,-2.10734,0.20198987,0.43131673,2
-0.8304341,1.6913773,-1.6030724,-0.4055493,0.12878019,1
0.4191471,2.3436265,-1.5791613,-0.094483405,0.36866418,1
-0.82726306,0.69302905,0.47448778,1.3560969,-0.88893044,2
0.58742964,-0.09136531,0.74748296,0.16928256,-0.34896836,2
3.2933934,-1.3595605,-0.8607182,-0.52645284,-0.34087858,1
-0.11300665,1.961138,-1.5239012,0.5239257,-0.464338,2
-0.8639075,-0.6739398,-0.21739964,0.7955338,-0.8823318,2
-0.47278696,1.2103634,-0.02210927,0.18414311,-0.84928006,1
-0.4470321,2.8212178,-1.8910216,0.2549,-0.66528255,1
0.90461665,-0.3511157,-1.3297675,-0.8308927,-0.001574032,1
-0.31269014,-0.07307011,1.4327,0.84483033,-0.89011234,2
-0.43727335,-0.17497256,1.7380123,-1.3881425,-0.91790724,2
-0.32146358,0.21323502,0.46723443,0.22483397,-0.34405988,1
-0.37250102,0.60387826,1.6635643,-1.1023979,-0.6273019,2
1.6829623,0.021803059,-0.4825611,-0.0817703,-0.04632932,1
0.35981655,1.2595677,-0.4040585,-0.35941768,-0.37419498,1
-0.64713335,0.4214333,-0.32286003,0.09327593,-0.122975685,1
-0.96482515,-0.8215844,0.58804345,0.8975452,-1.6271772,1
-0.6921887,1.3497057,1.0425209,0.37299126,-0.7606616,1
0.6781453,-0.22529446,0.776111,-1.1220998,-0.70126665,2
-0.6325855,-0.4855222,0.51812357,1.4150118,-1.0856105,2
-0.074465364,-0.15773125,0.54607767,0.4217745,-0.7350706,2
-0.6007098,-0.6206522,1.1600147,0.62588274,-1.2022892,2
0.65959376,-0.2835298,0.09437904,0.62929857,0.4227061,2
-0.13552788,1.1871518,-1.5455794,-0.8970437,-0.32248253,1
-0.7329678,-0.99871063,0.15195885,1.6921308,-1.669161,2
-0.5452802,-0.9617933,-0.42615533,-0.77598625,-0.14560099,2
-0.75892544,-1.1609966,-0.051131047,2.1403668,-1.7260649,2
0.3663512,1.370472,-1.4635564,-0.22900832,0.08226578,1
-0.15902178,0.667707,-1.6097983,-0.74328196,-0.37243813,1
0.4573688,1.062239,-1.5026298,-0.9855313,-0.48741055,2
-0.45681617,0.4679348,1.5846505,-1.5764744,0.3494288,1
2.7342658,-1.1527649,-0.43410164,0.62651557,-0.6370566,1
-1.0270944,-0.85946554,-0.06964317,1.7050477,-0.09376932,2
2.2136042,-0.4520191,-0.59558403,-0.5195922,0.9730978,1
-0.7762503,0.20854661,0.017112076,-0.049142033,-0.4449736,1
-0.58838034,1.3776894,1.3732017,-1.5459388,-0.5724761,1
-0.37276536,-0.2339191,0.85027635,0.028274596,-0.61698097,2
-0.6070353,-0.80838996,1.0287358,-1.5249561,0.545272,2
-0.7188719,1.1558287,-1.2348549,0.039856225,-0.34036943,1
-0.28213477,1.1905081,0.07510908,-1.2438364,-0.6557002,2
0.44745398,-1.0436249,1.3872029,-1.5183078,0.34255677,2
-0.56760097,0.16245186,0.14570014,-0.17221278,-0.612739,1
3.6046073,-1.0761075,-1.3249907,-0.657868,-0.55282295,1
-0.8122763,-0.81381816,0.24209023,0.39926514,-0.18075627,2
0.5089965,1.1169479,0.48575234,-0.8643056,-0.32217228,2
0.35162854,0.6379559,0.49874184,0.18917003,0.81219286,2
-0.37994105,-0.022662163,1.7362491,-1.3990722,0.026744261,2
-0.31795076,1.8506254,0.37189698,-0.19281255,-0.4909497,1
0.15035778,0.041314483,-0.4204157,-0.98242724,-0.35776073,1
-0.5145494,-0.5596407,1.8609539,0.8315096,1.4751799,2
0.66373634,1.008336,0.73783356,-0.20137532,-0.6959325,2
0.35260543,-0.17385992,0.702031,0.85735375,2.0798206,2
0.460348,0.98766196,-0.23305055,-1.3067794,1.4599876,1
-0.66323817,0.5631811,1.6783423,-1.5921105,-0.37553775,1
0.3568697,0.27739567,-0.53440994,-0.29038906,-0.014315919,1
-0.48016697,-0.70906055,-0.014500417,0.7265384,-0.08033368,2
-0.3035481,-0.19561744,1.0690062,-1.2821455,-0.3563435,1
3.0030994,-0.8932991,-0.7957217,-0.7757097,0.15145354,1
-0.60701984,-0.60499114,0.83880717,0.34401968,0.65163416,2
1.9712113,-0.23398554,-1.1062922,-0.5098987,-0.30987298,1
-0.6742848,-0.652666,0.86108303,1.0804032,2.046982,2
-0.97232926,-0.85555434,-0.5392113,1.3961334,-0.11077935,1
-0.10490456,0.88417804,0.45048165,-0.2589208,-0.14047562,1
-0.33024716,-0.41364896,0.055071905,1.3972868,-0.1945851,2
1.2484877,-0.33508834,-0.69238025,-0.20069246,-0.7050259,1
0.0017243251,1.7685324,0.21460985,-0.08494946,0.7223554,2
-0.51787066,-0.844033,-0.22465196,0.15458672,0.8457749,1
-0.39319563,-0.28687984,1.8604262,-1.5151385,-0.88518226,2
-0.9050846,-1.308339,-0.1579031,1.4007735,2.0558033,2
-0.65434366,-0.28506255,1.4263853,-1.5546261,-1.1961453,2
0.19369024,1.3447468,-1.8922069,-0.3662707,-0.23685548,1
-0.088564225,1.6516137,0.68130946,-0.28139088,-0.5142661,1
-0.38665348,-0.7258676,2.6302547,-1.415676,0.59385127,2
-1.0185388,-0.6860031,-0.5123138,1.0419562,-1.5516964,2
-0.8763457,-1.0545833,-0.73940957,0.2955078,-0.32472095,2
0.90701425,-0.0017453879,-0.80084205,-0.45761788,-0.26775938,1
1.7050952,1.4379996,-1.2273692,-0.8646629,-0.0855609,1
0.88453895,-0.003967181,-1.45809,-0.24020821,-0.021004854,1
0.15848494,0.48613298,1.2318163,0.066995025,-0.5584332,2
-0.38118368,-0.0040511787,1.6012713,-1.4739666,0.9269613,2
0.4584598,0.11690551,1.0265629,0.40761182,-0.30995288,2
-0.35481358,0.23091811,0.745224,0.21906213,-0.17965019,1
-1.1791706,-0.83510363,-0.38576484,1.378574,-0.11795187,2
0.4828583,0.7722012,-1.036652,-1.1802633,0.032278635,1
-0.7719874,-0.67484266,-0.070890844,1.4890059,-0.1984567,2
-0.7197725,-1.0061798,-0.34584028,-0.23891355,1.5450929,1
-0.25616473,0.37898576,0.32750267,-0.09804841,-0.6114188,1
1.1267397,0.6769432,0.7734922,-0.92498434,0.00819087,1
-0.97677475,-0.25986636,-0.70722616,0.29358983,-0.25115213,2
0.7050199,1.4053609,-1.8487159,-0.3776148,-0.09147012,1
-0.8577368,-0.45668665,-0.06919794,0.1688014,-0.25447944,2
-1.2257007,0.31816158,1.4826785,-1.5102376,0.026530012,1
-0.30400366,2.4050102,-1.7399976,-0.4611805,1.1196907,1
-0.2751631,-0.19784811,0.040856086,0.96003443,2.5233536,2
-0.37173983,-0.7750817,-0.027916163,1.2725265,2.6898837,2
-0.49305123,-0.31226978,1.0597157,-1.5356387,-1.333534,1
-1.7171808,-2.4576588,-2.0295043,-1.7610302,1.966928,2
0.6140848,-0.6685641,0.93652016,0.14568853,0.31682226,2
0.10404396,2.3776543,-1.6775088,-0.5144778,-0.68824226,1
-1.1089151,-0.9053554,-0.59296185,-1.0804863,1.5973171,1
-0.5139067,0.055398196,-0.50898165,0.7849899,1.1368477,2
-0.3567712,-0.73568743,-0.396062,0.63558614,0.9283163,2
-0.6392896,0.21371692,1.4940933,-1.2970538,0.032502934,1
-0.5285206,-0.464357,-0.48598456,-0.123303875,-0.3060367,2
-0.2066826,0.7895227,0.9752037,1.1238399,-0.75350523,2
-0.10296298,-0.04430805,0.24255335,0.87284255,1.9660548,2
0.81135434,-0.51915914,-0.69465184,-0.2592535,-0.20527078,1
-0.67039007,-0.8517197,1.5933862,0.23269473,1.5349116,2
-0.7260231,-0.036976427,1.471392,-1.1188346,-0.2968639,1
0.31523106,1.2693186,0.6654248,-0.9649415,0.5745314,1
-0.38796955,2.517895,-1.3260949,-0.798936,-0.5652541,1
2.8064942,0.3383211,-1.468479,-0.7284044,-0.28250343,1
-1.2661498,-1.639901,-1.4526371,1.297353,-1.1944638,2
0.09968659,1.2984543,0.51682836,0.83323705,-0.54899263,2
0.23338392,2.4180262,-1.4033296,-0.17994776,0.3601563,1
-0.45270428,-0.7186847,1.9783431,0.7686405,0.6285063,2
-0.7206441,-0.12987086,1.7689824,-1.473513,0.4884141,2
3.526831,-1.7849643,-0.19019386,-0.33572093,-0.23509166,1
0.12135502,2.0591784,-1.6707175,-0.32626036,-0.56661904,1
-0.43941164,-0.24636415,0.65596503,0.7459171,0.09142406,2
1.8167603,-0.9982284,-1.1010369,-0.46345493,-0.22774509,1
1.9754002,-0.4900393,-0.94854736,-0.5399438,-0.034788534,1
2.8562498,-0.9206519,-2.069019,-0.13034861,-0.5102054,1
-0.6936481,-0.0565983,1.464321,-1.3604252,-0.020002782,1
-0.53769445,-0.3538444,0.1021381,0.5719839,-0.90734136,2
2.8010497,-1.0535302,-1.1698203,-0.6321366,-0.06458241,1
-0.26342684,0.08579287,0.710109,-1.2176653,2.2060857,2
-0.9588461,-0.92607886,-0.5456721,-1.2082473,1.9315183,2
-0.6423661,-0.6198062,-0.7466622,0.45299107,1.4659052,2
0.73112124,2.2825375,-1.5616599,-1.0021645,-0.3567076,1
-0.96578693,-0.6425642,-0.05033447,1.336739,-0.23754218,2
-0.2926182,0.8843151,0.43359846,0.08217196,-0.2882384,1
-0.90270007,-0.83884877,0.5053655,0.54954064,1.1431291,1
0.8043412,0.042631842,0.2752207,0.27100745,1.1998938,2
-0.808075,-0.4353636,0.26734054,1.5880477,-0.0052031875,2
-0.91132313,-0.024366975,2.1662145,-1.5764306,-0.8301371,1
-0.02977455,1.8929508,0.071085915,0.0244698,-0.44818795,1
0.9964416,-0.01945892,-0.98284227,-0.2663739,-0.14236845,1
-0.94117063,-1.1205693,1.4061804,0.65162575,-1.7264475,2
0.16785508,0.028701097,0.31816733,-0.18189003,1.6926992,2
-1.3092669,-0.95090586,-0.34467694,1.083453,-1.386699,2
-0.38583696,-1.1031768,0.70753473,1.5176347,-1.2120166,1
-0.09886771,0.20053948,1.0118139,0.15019372,2.279566,2
-0.28100866,0.19524778,0.7967994,1.1541315,-0.7526711,2
-0.6352984,-0.6726177,-0.29627264,0.7833678,1.093547,2
-0.1297894,-0.86201954,0.81437474,1.8706234,-0.34555152,1
0.7345302,-0.107841335,-2.0332456,-1.2151488,-0.738745,1
-0.35298416,-0.8159517,1.362393,0.84499156,-1.3786939,2
-0.5750624,-0.30095625,0.8713101,-1.2163053,0.6511158,2
-0.2976846,-0.57990706,-0.67350745,0.598274,-0.45638192,2
0.44099212,0.23602521,0.53121614,0.4513274,1.5774491,2
-1.2321283,-0.7675271,-0.30609018,0.86318165,-1.3012518,2
-0.31671166,1.549033,-0.22781277,-0.020053416,1.1502709,2
-0.06951997,0.16797999,0.3520977,1.256554,2.2200851,2
-0.5691531,-0.84174365,-0.31594092,1.4762465,-1.8012277,1
-0.29767036,1.5382538,0.96190715,-1.3324976,-0.5270143,1
-0.8332482,-0.54092497,-0.65100384,0.15286638,1.2264142,2
0.32420948,1.7160988,0.5371995,0.25525028,-0.63184816,2
-0.15221561,0.19360214,0.69680786,-1.4473654,-1.1522089,2
-0.7567594,-0.4756989,-0.33284372,1.889733,-1.7417188,2
1.9735222,-0.8778452,-0.78886193,-0.5684442,-0.36085272,1
-0.18132016,0.6910409,-1.2410456,-0.2940978,-0.3177281,1
-0.008414522,2.678151,-1.8709161,-0.6302613,-0.52370095,1
2.9681175,-0.97809863,0.6284385,-0.84461355,-0.16217023,1
-0.075887844,1.9126825,0.27552378,-0.7641352,-0.41599512,1
-0.5028515,-0.7010946,-0.24323323,-1.0843128,2.3197155,2
0.18801376,0.36660463,-1.3992842,-0.9214923,-0.036926158,1
-0.2798924,0.59042615,0.53833663,-1.2226062,-0.21288669,1
-1.1859231,-2.050411,-1.5528903,0.91381073,2.6221125,2
0.9607722,-0.43210417,-0.9990056,-0.40238166,0.04964056,1
-0.5509944,-0.6943239,-0.44158548,1.1544046,0.9587973,2
-0.6895849,-0.4477256,0.6280917,-0.72462416,-0.12535311,1
-0.30950558,-0.2976062,-1.7366114,-1.2599456,0.05797279,2
-0.9119865,-0.52033436,-1.7308531,1.6573143,-1.4660625,2
-0.4091695,-0.6168787,-0.27445483,-0.96358734,1.8520539,2
-0.27082717,-0.30311242,0.76122034,0.6051141,1.705305,2
-0.19529036,1.6743387,-1.8610151,-0.474122,-0.42518494,1
-0.6907384,-0.639325,-0.14617327,0.908851,0.4447165,2
-0.59902275,-0.5655112,0.060355514,1.3487682,-1.3512288,2
-0.54808736,1.2801695,-1.5338682,0.13695338,-0.92870057,1
-0.3764747,0.31029323,1.5602038,-1.5639356,-0.13991204,1
-0.59705794,-0.15604696,1.8044127,-1.5348755,-0.44938356,1
-0.62690496,-0.6539608,-1.4487487,1.7580109,-0.4105056,1
-0.8918227,-0.8190128,-0.44782212,0.39162624,-0.004724011,1
-0.92457026,-0.99302995,-0.17303161,-0.8868648,-0.5559813,2
-0.63542265,-0.4698161,0.2945381,1.4631159,-1.2464999,2
-0.6092724,-0.16362281,1.915055,-1.5894636,0.9191841,2
-0.6547552,-0.3193527,2.1158285,-1.3035847,-0.55592126,2
-0.6955999,-0.6510316,-0.7741213,0.6831862,-0.20873421,2
0.05956179,0.5449503,1.8000017,-1.6304002,0.49236348,2
-0.45281875,-0.43176126,-0.13926947,1.8690616,-0.30997002,2
0.7161321,1.1787685,1.0337827,-1.1275705,-0.2990691,2
-0.69926363,-0.12516198,1.2312922,-1.1034137,-0.27204925,1
-0.25761107,-0.16234271,0.70118886,0.29915205,-0.44153088,2
-0.21073127,-0.7918118,0.94134855,0.33477002,2.521361,2
-0.3011251,1.4606643,-1.4588406,-0.9939823,-0.0757002,1
-0.18298146,0.70901,0.57916534,1.3216926,-1.0188295,2
-0.6365728,-0.48416257,0.9974895,0.45403764,-1.1019763,2
-0.7834868,-0.27180317,1.3730171,-1.4324744,-1.2584604,1
0.7737139,0.11456702,-1.1155902,-0.7171758,-0.23880258,1
-0.32685637,-1.1765602,0.8332636,0.36088154,-1.2233083,2
-0.37016648,1.6283677,-1.7206941,-0.116428174,1.422482,2
-0.73519236,-0.8060001,0.7756306,0.21131569,1.8339146,2
-0.10371906,1.7091656,0.316584,-0.37064508,-0.59300184,1
-0.96704686,-0.9791936,-0.02431349,0.15942901,-0.20295303,2
0.39628458,-0.0870217,1.5577455,-1.0933118,-0.62650293,2
0.84116983,0.6915333,-0.8976166,-0.8387903,-0.22159018,1
-0.2425315,1.002235,-1.3539084,-0.36251196,0.46286482,1
-0.06400254,-0.088044696,1.6975893,0.8442736,1.1368881,2
-0.85153997,-0.7647995,-0.45494235,-0.19997738,2.311981,2
2.5607178,-0.63450927,-1.0975193,-0.67287946,0.043815322,1
0.7009804,-0.58691686,1.1298743,0.7129972,0.8626833,2
-0.6614488,-0.7487497,-0.18807748,0.80171686,1.4817921,2
0.39773953,1.5203899,1.0212735,-1.0091056,-0.23468754,2
-0.19963053,-0.20763977,0.6679529,0.65116847,2.687712,2
2.712266,-1.1828592,-0.4481957,0.5782565,-0.58343244,1
-0.53974795,0.597463,1.0106332,-1.286126,-0.74334025,1
-0.4855831,-1.3228436,1.3217503,0.75012654,-1.0712196,2
-0.4888655,-0.61276835,0.92761385,0.66851336,2.5489955,2
-0.20359816,-0.34650686,1.0815476,-1.429261,0.19774607,2
1.7430114,-0.6303073,-0.41409948,-0.3886779,-0.68083966,1
0.25714082,1.9594681,-1.5914589,-0.64287573,0.60681283,1
-0.25227162,1.3096876,-1.417336,-0.56690145,-0.57456344,1
-0.16099338,-0.46593857,1.5709499,-1.3482621,-0.5242014,2
-0.7544265,-0.36259073,-0.18075678,1.9859028,-1.6471491,2
-0.7279979,-0.8048926,-0.75073403,0.1423542,-0.09997912,2
-0.47832918,0.36794323,0.72791785,-1.2643187,-0.5713043,1
-0.34168807,-0.43166766,0.4241183,0.7187785,2.3529627,2
-0.82092595,0.4514035,0.7906081,0.95210963,-0.8234618,2
-0.06259824,2.142111,-1.203552,-0.8635755,-0.15681554,1
0.11819947,0.7951918,0.3881427,-1.1083091,-0.51646703,2
-0.68446434,0.018073909,0.35289398,-0.07739624,-0.36305028,1
-1.0082381,-0.7346695,0.8807255,1.0585394,-1.4392213,2
-0.8207608,-0.11860345,1.9414877,-1.4241681,-0.06079577,1
-0.40193266,-0.4368611,1.1691865,0.87779605,1.8722013,2
-0.66853374,-0.49176377,0.5984288,-1.1981053,0.7228419,2
0.82295084,0.14992255,1.3618915,-1.0952973,-0.37406182,2
2.8565059,-0.85827553,-0.67322433,-0.2786958,-0.6173721,1
-0.8550337,-1.0297099,0.26651534,1.4890794,-1.4015899,2
0.8486306,-0.34297574,-1.1103776,-0.35416332,0.10361467,1
-0.5940798,-0.68539655,0.3698088,0.8250503,-0.33173192,2
-0.7593139,-0.91420037,-0.1715969,1.4427565,2.4881287,2
0.7790528,0.8236674,-1.237904,-0.9557699,1.9750669,1
0.37852257,0.6384673,1.3244452,-1.0578545,-0.67992,2
-0.4855954,-0.83011943,0.21703765,0.10289264,-0.1808957,2
-0.36075607,-0.46103728,-0.2159282,1.8437128,-1.4371262,2
-0.48081052,-0.68096673,0.8894349,0.5280912,0.9249475,2
-0.7629512,-0.97734916,-0.37407532,1.1959798,0.01975201,2
-0.79277986,-0.98499835,-0.38362846,-0.9731332,-0.5234966,2
-0.3541208,-0.3738389,1.6632313,-1.657401,-0.81374204,1
-0.5915809,-1.1622291,-0.43886775,0.7341974,-0.49145913,2
-0.6318843,0.0108452635,1.1529821,-1.491578,0.09687443,1
-0.48268238,0.063315675,0.8224536,0.5853287,-1.0860193,2
0.644748,-0.5738098,0.62795466,-1.1721002,-0.6623541,2
0.14204812,-0.84167874,1.2643019,-1.030721,0.5234843,2
1.3954988,0.09327197,-0.20135811,-0.42419773,0.9853497,1
-0.145666,1.9743106,0.24255261,0.140886,-0.24294701,1
2.3443673,-0.38491893,-0.15702339,-1.1664623,-0.14564013,1
0.7736893,1.3628511,-1.1995807,-0.3903606,-0.5560297,1
-0.43542427,-0.77280027,-0.438661,1.0658724,-1.1137608,2
-0.7970293,-1.1391575,-0.21319222,1.0007887,-1.9252212,2
0.58218986,1.391376,0.2949527,-0.5111051,-0.49275902,2
-0.78978825,-0.77455753,0.10512361,0.33080816,-0.30691105,2
-0.15212312,-0.16559535,1.6724043,0.54925525,1.8595573,2
-0.13835333,1.9084942,-2.097482,-1.0827035,-0.24015026,1
-0.51266634,2.1293721,-0.0877386,0.8844194,-0.7466726,2
-0.0985592,1.5785939,0.6434518,0.03582669,-0.37343705,1
-0.7696256,-0.29658473,1.3031347,0.49391335,-0.6783135,1
2.22731,-0.24734433,-0.21862084,-0.69108367,-0.3045177,1
0.72663295,0.20472986,-1.278017,-0.77967674,-0.26098007,1
-0.6623131,-0.63866514,-2.0751672,2.7663476,-0.16967542,1
0.52436066,0.52177656,-1.2181761,-0.9720937,-0.09539226,1
-0.11101362,-0.55815744,1.3060163,2.2413852,-1.3830038,2
-0.7796345,-1.0031809,1.4967397,-1.4134027,0.34759727,1
-0.13294657,0.50583357,-1.627444,-0.8145326,-0.18801071,1
-0.45657277,2.0004756,0.017996535,-0.058326308,0.11018659,1
0.062579006,-0.5620521,1.2270546,0.9282975,-1.031635,2
-0.49137524,-0.68535715,-0.5284475,1.1744907,1.1538142,2
-0.40363222,0.0348069,1.6655912,-1.7450118,-0.9688929,2
-0.4052435,-0.6378357,0.08161867,1.259229,1.4028707,2
-0.004044081,1.0222429,-1.4470937,-1.1975397,0.3288301,1
-0.7453616,-0.8291111,-0.33221927,0.28686786,0.042914286,1
-0.9785158,0.16155909,0.5904618,-1.3827226,-0.3973749,1
1.3866514,0.6796339,-0.44201028,0.98703,-0.8090746,1
-0.8748194,0.914291,0.13443229,0.31975543,-0.64175045,1
-0.67170066,0.34731904,0.97441065,-1.1948057,0.007908449,1
-1.8576541,0.6655177,-0.084249675,-0.84618515,-0.38626269,1
-0.77725536,-0.41680652,1.5452194,-1.5160519,1.633283,2
0.05800339,2.0559373,-1.5403527,1.1008757,-0.5132073,2
-0.07789628,-0.66753197,0.3783407,0.0042507164,0.5903563,2
-0.07739055,-0.163672,-0.3277788,-0.0296367,1.0463642,2
-0.8437295,-0.6482725,-0.5567527,0.24440476,-0.14045733,2
-0.081665814,0.05369608,0.2960487,-1.6118646,-1.685582,2
-0.49342483,1.098037,1.0163739,0.09101101,-0.42624074,1
0.30550784,1.15953,0.2963982,0.18318689,-0.23178878,1
0.15722322,-0.27674726,0.8237538,-0.023221299,-0.49684608,2
-0.30515724,-0.6660973,1.3996571,-1.3146131,-0.2436392,2
0.3232419,1.0155582,1.4018601,-1.4338303,-0.52106535,2
-1.9741988,-2.9822361,-1.38917,-0.050146393,1.311265,1
0.21945626,-0.14043222,1.1671443,0.9538455,-1.8550198,2
0.3474055,0.17408958,1.2872666,1.6613556,-0.7573228,2
0.6137858,1.9640621,-0.1267937,-1.0550407,-0.33112407,2
-0.5156041,-0.66411424,-0.033759456,1.683694,-0.90963316,2
-0.020211637,0.69103897,-0.19554934,-0.6767441,-0.6245795,2
-0.83206296,-1.0494176,-0.112679064,-0.82053185,-0.80420876,2
-0.15281829,-0.59735024,1.0254846,1.0433505,1.3955817,2
-0.26025552,0.057210386,0.6570725,-1.3261511,-0.63536114,2
-1.2634605,-2.157725,-2.699282,-2.0711868,-1.2047304,2
0.26934624,-0.50994015,0.6694191,0.53221196,2.2054121,2
1.0429876,0.025835827,-0.5031463,-0.74482,-0.16331229,1
-0.19008374,1.6614751,-1.488346,-0.25055358,-0.46076524,1
-0.55960083,-0.655124,0.57582814,0.9230554,-0.8198629,1
-0.99825114,0.0007907003,1.8557309,-1.6571307,0.009162024,1
-0.6321732,-0.63896644,0.52371395,0.28441352,2.4962602,2
0.7415714,1.7899305,-1.5339621,-0.59650576,0.08230379,1
-0.65066767,-0.47047946,1.7395295,0.7493925,1.0669808,2
1.6589104,0.032199964,-0.90759325,-0.6599246,-0.2155883,1
-0.4489002,1.8970783,-1.338153,-0.20184976,-0.92196006,1
-0.28934884,-0.86726165,1.4839319,1.0101444,2.3588984,2
0.9679193,0.5311044,-0.62317604,-0.10277595,-0.57445174,1
0.8835508,0.26288182,-0.3370818,-0.05858347,0.46917713,1
-0.31175274,0.1458615,2.2617936,-1.1492771,-0.37846604,1
0.7261515,1.7605046,0.35542592,-0.45630985,-0.35393563,1
-0.51668644,-0.35792717,0.0996692,2.2951965,-0.27151984,2
0.34618682,0.98938876,-1.8610436,-0.55334014,-0.57580817,1
-0.94483817,-0.087826565,1.6629506,-1.322961,0.2162101,1
0.31176412,0.11936309,-0.15403403,-0.038090467,1.0638707,2
-0.027485237,0.14067337,1.0990957,0.2994243,1.283386,2
-1.0677572,-0.051021457,0.8546113,-1.4359832,-0.4688933,1
-1.0898902,-2.0049875,-0.033869952,-1.3059994,0.06573233,2
-0.48934257,-0.28668332,0.08963367,1.1674081,-0.89360356,2
-0.57441986,2.264126,-1.4905946,-0.40874928,0.038446523,1
-0.10672523,-0.114499696,0.52021646,0.0740661,2.3170075,2
-0.52579725,-0.35562453,-0.6462152,0.6030163,1.978007,2
0.06560312,2.2293463,-1.3118744,-0.51185,-0.4069592,1
-0.6641378,-1.0022591,0.06676981,0.7488276,-0.29123515,2
1.6477131,-0.68435144,-0.69757485,-0.857247,-0.044060394,1
-0.29579186,-0.6120597,1.0345595,0.4954033,-0.704142,2
2.6055083,-1.0175668,-0.7416823,-0.5760718,-0.16034243,1
1.93741,-1.4769583,-0.47797853,-0.2940387,-0.089750215,1
-0.81388414,-1.0436144,-0.19446951,1.3045492,2.7535355,2
-0.3262187,-0.99284625,0.16593547,0.21187499,1.2941985,2
-0.6143148,0.105265714,-0.029197894,0.49985433,0.6746269,2
0.52486676,2.3561513,-1.3888648,-0.8692807,-0.3341521,1
0.008241931,0.9550634,-1.3104542,-0.926669,-0.21953541,1
0.8074137,0.06911689,-1.3717486,-1.0924324,0.0066147572,1
-0.5767852,0.0681704,1.0425869,-1.3038342,-0.66178507,1
-0.3536727,-0.31024674,0.980763,-1.4483515,2.0994673,2
1.518476,0.5269234,-0.66933554,0.9042087,-0.6283087,1
-0.48563516,0.3533684,0.88032216,0.91722834,-0.48517334,2
-0.87946427,-1.2239978,-0.25801274,0.14130667,0.10988258,2
-0.21138404,-0.54217243,0.5013124,0.6360928,3.1659489,2
0.81126714,0.2266703,-0.4474124,-0.29740462,-1.0018404,1
-0.25249106,-0.41047686,0.7744094,0.73117834,2.1825461,2
2.8987436,-1.0093596,-1.0242958,-0.4373642,-0.18132377,1
0.6832576,1.7067928,0.1133917,0.22715661,-0.4727426,2
1.033421,1.0199685,-1.3640574,-0.26610246,0.78332627,1
3.0547278,-0.6502011,-1.1940198,-0.65860116,-0.17070815,1
-0.68569607,-0.41280663,1.1947012,0.27124,0.6008676,1
-0.3613698,-0.6609156,1.2892219,0.4729092,0.83269805,2
-0.5834713,-0.80757207,-0.12754,1.2277993,-1.0533127,1
-0.69328487,-0.5937001,-0.10793531,2.1411793,0.15611069,2
1.8700892,0.60138965,0.024806246,-0.96761024,-0.02043438,1
2.8067188,-0.5725193,-0.8410528,-0.18284647,-0.50875354,1
2.1121936,-0.8420957,-1.6350816,-0.7075786,-0.14744031,1
-0.4662159,-0.0003760159,0.089963436,0.63190407,-0.123510994,2
-0.9732609,-1.2557397,-0.948537,0.15349418,0.08085142,1
-0.45257285,0.98713034,-1.2973017,-1.0162604,-0.27577862,1
-0.49753404,-0.2680758,0.6136986,-0.7562747,-0.4581199,1
-0.2728404,-0.40039563,1.5483483,0.9952779,0.8956831,1
-1.2705121,-2.3986983,-2.43246,-2.191638,-1.0294504,2
-0.4828413,-0.15111354,0.46461153,1.2121623,-0.9124352,2
-0.25443146,-1.0106626,-0.09294963,1.2293656,1.4884716,2
-0.8326465,-0.6339067,-0.31719175,1.082921,2.1398187,2
0.7831908,0.90930754,-1.2481947,-0.6999813,-0.3507781,1
-0.5128693,1.6824511,-1.5186112,-0.9160225,-0.442824,1
-1.0346838,-0.8654125,0.23220958,0.545678,-0.9936461,2
1.2248093,1.0544167,-1.2037301,-0.5378039,-0.3123393,1
-0.59114045,0.86509526,0.49505097,0.77647835,-0.96107775,1
-1.0150102,-0.6621722,-0.3392219,-1.8678877,-0.06022098,1
2.4648895,-0.7644965,-1.0845942,-0.23696376,0.64007443,1
-1.021576,1.61584,0.30504602,-0.2122786,-0.07027473,1
3.822404,-1.6739526,-0.52320814,-0.4647813,-0.4152943,1
-0.69163907,-0.51124716,0.22946173,1.9980336,-0.32578188,2
-0.18670563,1.1404463,-1.5828161,0.06937934,0.4771181,1
-0.088804826,1.1751114,-0.23558299,1.5884409,-0.856648,1
-0.45638806,-0.47979978,-0.7214334,1.2370366,-1.1710858,2
1.4579189,-0.03709607,-0.7963608,-0.21745615,-0.22010264,1
-0.16766039,0.9325769,-0.6630361,-0.80870694,0.10838179,1
-0.7115583,-0.6237699,-0.3698869,2.0300171,-0.9389931,1
0.46986037,0.33257604,0.41850945,-0.8498869,1.3777479,2
-1.0898814,-0.53052473,-0.4800738,0.793555,-1.0662084,2
-0.17976859,2.8753085,-1.2877948,-0.79952836,0.58585083,1
-0.7282165,-0.6046852,0.63910186,0.318075,-0.077156216,2
0.08365475,0.9092706,-1.2920991,-0.68337697,-0.30112848,1
-0.7862841,0.49563593,1.0376421,0.49346924,0.99842364,1
2.4502578,0.31262374,-1.292692,0.31271505,-0.4553705,1
0.09382643,-0.668869,-0.2016686,1.8437968,-0.926114,2
-0.6133169,0.9779547,-0.4410754,-0.30023652,-0.12185471,1
-0.41320315,1.5450879,-1.7504069,-0.20279327,-0.31971076,1
2.6099668,-0.6149864,-1.3497136,-0.53049445,-0.2627711,1
-0.5063283,0.38664848,0.53829366,-0.8355714,-0.5245548,2
-0.49677482,-0.6336254,1.5122123,-1.4915291,0.48285592,2
0.0318439,-0.39025176,1.8716094,0.28587523,-0.50317705,1
-0.8731235,-0.19252527,1.4520156,-1.3025513,-1.2065561,1
0.114295475,0.8067244,-0.102593005,0.8791102,-0.8043355,1
-0.4239772,-0.29355675,1.4732423,1.1032252,-0.73410606,1
-0.6074163,-0.09840979,0.79882157,-1.0039742,0.34679273,2
-0.13771644,-0.030674636,-0.9379537,-0.84902155,-0.32042646,1
2.0311022,-0.43668777,-0.35727358,-0.95252585,-0.06789531,1
-0.22703518,-0.31969142,-0.27228528,0.60945135,1.3319393,2
0.13398714,1.024198,-1.2207956,-0.54543924,-0.74373496,1
-0.7889683,-0.09612709,1.8657477,-1.8210968,-0.189684,1
-0.7487311,-0.8294057,-0.6502327,-0.8884673,-0.20786633,2
-0.6676553,-0.60404366,-2.0543265,1.1324669,-1.4625821,2
-0.57287604,-0.46563512,0.85699505,0.35176957,0.89213014,2
-0.14247923,-0.07487314,1.1295024,0.9885782,-0.917535,1
0.4713772,1.3238882,-0.14205264,0.25244188,-0.31143814,2
0.52347213,1.5770125,-1.3067725,1.1404835,-0.33523148,2
-0.03924793,2.6745293,-1.6001492,0.033139933,0.3460792,1
-0.7088667,-0.44363645,-0.20447527,1.54319,-0.20246248,2
-0.48739585,-0.9118597,-0.5006179,1.2026583,-1.0512451,2
-0.70988584,-0.5854758,0.57868356,1.5675992,-1.3351169,1
-0.35348135,2.261941,-1.5834812,-0.06001976,0.6535733,1
0.308783,1.8741379,0.5580113,-1.321081,-0.45407054,1
-0.65982825,-1.0048928,-0.16516997,1.7309885,1.0024899,2
-0.3076719,-0.74064326,0.33937705,0.699687,0.7460012,2
0.076974325,1.7274566,0.56715643,-0.004964091,-0.4827157,2
0.04255274,0.88797694,-0.02672334,0.79436356,-0.79621625,2
0.14183772,-0.73760605,1.4084907,-1.6380559,0.10483016,2
0.27795416,0.55643713,-1.1477528,-0.069348246,-0.09521933,1
0.050285406,1.2219958,-0.295762,0.8701524,-1.021176,2
-0.10761618,-0.7045423,0.46170568,1.2914159,-1.2503364,2
0.6866898,1.6291475,-1.539732,-0.6904634,0.3567614,1
-0.6381405,-0.7715187,1.0289814,0.6542482,-1.8544961,2
1.0142168,-0.098189585,0.32521915,-0.3919274,0.63144237,2
-0.3685601,-0.29133177,1.7857058,-1.27862,-1.0169878,1
0.17565821,-0.7353498,1.309244,-1.3681724,0.43823516,2
-0.38227442,-0.52004474,1.2120259,1.4290689,1.6100434,2
-0.73525727,-0.7756996,-0.4053175,0.7467345,-0.16187686,1
-1.0612419,0.1907309,-0.3306008,0.18968931,1.4666493,2
-0.49936414,0.40248954,-0.3634759,-0.3403389,-0.22187227,1
-0.20794353,-0.44271427,1.1801469,0.9265576,1.093124,2
-0.47336993,-0.9672892,-0.5525414,-0.19717604,1.3277143,2
-0.7139177,-1.063668,0.11864194,1.2802452,1.1807023,1
-0.8861606,-0.5143524,0.48257384,1.2788332,-1.2761021,2
2.2953134,0.26349375,-0.45906186,-0.58648115,-0.36344343,1
0.62017757,0.4446569,-1.2416719,-0.8253497,-0.19000185,1
2.995469,-1.6024861,-1.1817169,-0.7399465,0.033516437,1
-0.9551659,-0.71936524,-2.2006617,1.4014008,-0.090115346,1
0.43636566,0.33746898,-0.028315216,-0.29594672,1.0797838,2
-0.45039678,1.40835,0.63302994,-0.82777035,-0.42342788,1
-0.39338183,2.2830477,-1.2117252,-1.1269927,-0.4903176,1
-0.10862355,1.3895633,0.11820233,0.8608109,-0.6657363,2
-0.24176258,-0.7577024,1.0207057,0.7553925,2.5340834,2
-0.45184034,-0.70553327,0.8893863,-0.09444976,2.1101444,2
-0.663934,-0.35272998,-0.12842679,0.21514975,1.0889245,2
0.85603845,1.0951741,-0.412139,0.23189506,0.8112229,1
0.50961775,1.0654851,-1.3943269,-0.69710785,-0.10027373,1
1.389604,-0.90014696,-1.4069946,-0.57580316,-0.11702162,1
-0.20756018,-0.23885632,1.0689577,-1.354033,-0.76975554,1
-0.67105025,-0.47559497,-0.43397444,1.626162,-1.2550331,2
-0.81139684,-0.45063218,-2.6088214,-1.4539776,-0.7146174,2
-0.2599566,0.6904145,-0.16071162,-1.0077262,-0.42286745,1
1.1037126,0.4522164,-0.40426844,0.120823994,-0.20186499,1
2.5420036,-1.356374,-0.6632699,-0.4455399,-0.2248427,1
-1.1957449,-0.99156106,-0.17277284,1.2435449,-1.6943765,2
1.9598147,-0.8515398,-0.74791247,-0.33133617,-0.19660725,1
-0.61573404,-0.93112576,-0.19467609,2.068924,-1.804837,1
1.1743864,-0.2062141,0.8106083,1.0954701,-1.301663,2
-0.5913855,-0.6225175,0.4285664,0.36834148,0.41691825,2
3.5252419,-0.9327402,-1.2812575,-0.4591378,-0.39757007,1
2.6476676,-0.8890527,-2.4795442,0.14069413,-0.72808933,1
-0.44226182,-0.3851157,-0.55499643,0.72139746,1.3951119,2
0.8819253,0.7989174,-1.1781803,-0.39065558,-0.29703674,1
0.0933592,0.7409271,-1.3591723,-0.2136094,-1.0969255,1
-0.7785082,-0.0002156794,-0.24210407,-0.15819043,-0.0025144964,1
-0.12288789,1.0705388,-1.6252675,-0.2757678,-0.5698365,1
-0.48522395,-0.44427195,-0.0633212,-0.8722248,-0.52806675,2
-0.42757767,-0.24739946,-0.23163621,0.4425528,-0.009443745,2
-0.38361347,-0.062120974,1.2494177,1.3899995,-0.26272348,2
-0.67201394,-0.85896987,0.019072682,0.32533824,1.1127454,2
-0.04154806,-1.1488491,1.1565526,-1.4563794,-0.93269324,2
-0.8320746,-0.91691583,-0.42940664,1.1692986,-1.0899488,2
-0.21730687,-0.49410558,1.2819107,1.0940857,0.8074939,2
-0.5826807,-0.98853767,0.96324027,1.2373661,2.1439648,2
-0.055522494,-0.53198504,0.81856036,0.5760224,2.1466174,2
-0.5396621,0.3217533,0.87909967,-1.545295,-0.5600495,1
-0.3842104,0.7163345,1.128692,-1.3596623,-0.11043298,1
1.9115512,0.021474853,-0.47849864,-0.02744428,-0.48029894,1
-0.63090533,-0.49206525,0.9769573,-1.4844046,-0.8893895,1
-0.77843434,-0.8733237,-0.34520766,1.3095952,-1.3500321,2
3.1293876,-2.029651,-0.9875934,-0.41031155,-0.0022054613,1
-0.8506248,-0.7804699,0.3707347,1.2152092,-0.21280581,2
-0.8188899,-0.3683137,-0.00555259,0.6687381,-0.75250477,2
1.9234114,-0.6098652,-1.2693343,-0.48906958,-0.13165848,1
2.6802137,-0.11606333,0.55285066,-0.8673333,-0.33564425,1
3.0600188,-1.5095272,-0.85550886,-0.5716598,-0.74895513,1
-0.8159366,-0.7642901,-0.23292981,0.77296317,1.0272343,2
-0.056765594,0.7212697,-1.1504649,-0.18903917,-0.49803716,1
-0.3862623,0.34305853,-0.4307502,1.64494,-0.20927665,2
-1.5200251,-2.1302326,0.5747782,-1.43057,-1.1100872,1
-0.74860775,-0.21545854,0.49309286,-1.5318401,1.3034564,2
-0.96675664,-0.2797807,2.3968413,-1.5036627,-0.664428,1
-0.42793736,0.2620302,-2.4489336,-1.6153682,-1.0206925,2
-0.73440516,0.47563535,-0.2000821,-0.680339,-0.49168116,1
-0.64233947,-0.5111026,1.2983103,0.8618137,-1.0734303,1
-0.36750343,0.4688899,-0.3279714,0.12633862,-0.50886315,1
-0.50231963,-0.69942534,1.3094392,0.38670516,0.94569916,2
-0.19840154,1.5454367,-1.6219158,-0.45275888,0.2377562,1
-0.32534644,-0.48379457,0.6313162,-1.6157371,-1.3699079,2
-0.50194365,-0.9926677,-0.07498549,0.42259,0.86813116,2
-0.5455821,-0.38370293,0.9473983,0.7373724,-1.2682728,1
-0.46988088,2.1621523,-0.011710614,-1.2740558,-0.15798326,1
-0.55063474,-0.20300052,1.4008075,1.4098034,-0.16606845,1
0.3453837,-0.20961691,-0.98218846,-0.46740636,-0.16572075,1
0.64579415,-0.50637174,-0.823843,-0.62367004,-0.2826067,1
-0.4816584,-0.8415363,-0.0021502376,2.2026515,-1.7737494,1
-1.2953423,1.1963022,0.40135542,-1.270221,-0.032634914,1
-0.74604833,1.2714151,0.13868533,-1.1517448,-0.117001414,1
-0.36151278,-0.22251247,0.7156461,-1.5544293,2.396623,2
-0.16248843,-0.012776867,1.3136572,0.69491327,1.5082583,2
-0.47256428,2.7873642,-1.6956944,-0.98314655,-0.3126906,1
0.47446525,1.4576707,0.41412157,-1.1645429,-0.45517907,2
0.7068792,2.1646664,-1.5840172,-0.13544534,0.5491321,1
-0.7329573,-0.5914601,-0.5322552,0.3186059,-0.36204052,2
-0.963879,-0.7147218,0.09579635,2.0177822,-1.5589825,2
-0.5890408,-0.36040995,0.31242532,-0.30388924,1.2102598,2
0.19216199,1.7264344,0.019867565,0.7755015,-0.4151613,2
-0.3358734,-0.867568,0.9110378,0.99402404,2.6679409,2
-0.7575169,-1.0692115,0.25700647,0.8750324,-0.7633083,1
0.21023828,0.8028426,1.0105121,0.086946145,1.4235735,2
1.2233917,-0.7775962,1.8288555,-0.97614384,-0.60251504,1
-0.14061156,0.5705025,0.5162008,-0.86166775,-0.58426553,2
1.7435168,-0.8435385,-0.62023354,-1.0063753,-0.43970066,1
-0.24920437,2.49295,-1.8591917,0.05748187,0.59179324,2
1.8425063,-0.23946284,-0.65359795,-0.26523876,-0.01928169,1
0.41344732,-2.4967024,-1.4266789,-2.207569,-1.4877902,1
-0.20147355,-0.6736411,0.8500701,0.874477,0.75707376,2
-0.80531216,-0.8301262,0.14268443,1.5005136,0.087968275,1
-0.4465574,1.053308,-1.3033563,-0.9557935,0.53891677,2
-0.71598,-0.22661634,1.1883686,-1.5571756,-1.3905277,1
-0.1860064,-0.3904837,1.3327645,-1.1968113,0.8007719,2
0.47200286,1.3084781,-0.24378455,0.76582724,0.5342996,1
-0.6157654,-0.8187704,0.26505792,0.3610634,1.3817071,2
0.44000262,0.2356555,-1.4757087,-0.8100062,0.032549366,1
1.7822713,0.38458586,-1.1564436,-0.3742425,0.014885297,1
-0.04259023,-0.4345615,1.2608542,0.8309676,1.7248397,2
-0.5658417,-0.9231388,-0.49408817,0.8230697,2.261749,1
-0.373762,-0.38750827,1.8215402,-1.3414727,-0.41364855,1
-0.799286,-0.40165693,1.9163803,-1.520856,2.1329067,2
-0.19560274,-0.62590814,0.48422605,0.38252765,2.4626637,2
-1.1514411,-0.77526003,-0.004262071,0.3241986,-1.4196317,2
0.89556813,1.6177598,0.6284415,-1.1496124,-0.42672652,2
-0.9520904,-0.56255484,0.02823352,1.9933199,-1.1843239,2
-0.7969178,-0.4038428,1.3738549,0.43747717,0.7898822,2
-1.0883172,-0.58757776,-0.8011042,-0.009763613,-0.06510666,2
-0.17278177,0.21711542,0.8250598,0.19743435,-0.45421007,2
-0.8551589,0.17833057,0.60777664,-1.3197919,-0.602777,1
-0.9589191,-0.8107293,-0.80224997,0.46360573,2.8541427,1
-0.5281118,-0.6230202,-0.16461124,-1.6758938,3.4209676,1
-1.5434808,-2.318358,-2.0456836,-1.389931,1.9755185,2
-0.9712014,-0.8064931,0.38077754,0.4491283,-0.6880629,2
-0.834401,-0.046471037,-1.2226589,-0.020710811,0.61816263,1
-0.24256471,1.5587766,0.69416696,-0.9650359,-0.50365794,1
-0.76562166,0.20229866,-0.28533977,-0.25143477,0.36929053,1
-0.57484496,-0.45755613,2.4719076,-1.7446046,0.952851,2
-0.33471674,-0.034293592,0.58616436,-1.1062841,-0.7229558,2
-0.44891232,-0.149245,1.6273276,-1.4608582,0.50374085,2
-0.9655584,-1.4011147,0.102370694,-0.92569256,-0.6408893,2
-0.9002112,0.09088219,1.2736893,0.25925827,1.4673187,2
3.70475,-0.45984143,-1.222542,-0.61483014,-0.14842188,1
0.640478,0.9029673,-1.3263786,-0.71678466,-0.44042724,1
-0.028669419,-0.57271415,-0.31290168,1.7752526,-0.89453,2
-0.59071606,0.095253125,2.4905257,-1.53859,-0.31752306,1
-0.41188565,-0.6609667,-0.5366804,-0.18564235,2.4061787,2
-0.73236924,-0.8226622,-0.5541357,0.2611869,-0.06963764,2
0.94426316,1.1768582,-1.5141984,-0.8168646,-0.027595103,1
2.9020984,0.47439265,-1.3585348,-0.8162384,-0.2242531,1
-0.97024167,-0.613331,1.2095525,0.5911905,0.032090425,2
-0.42725435,-0.6431841,1.6597277,-1.128915,-0.41759655,1
2.6017764,-0.5979201,0.6607842,-1.0347286,-0.30918708,1
-0.56919676,-0.35081565,0.8688306,-1.3208327,0.272145,2
-0.8765476,-0.63140583,0.38818988,0.6752689,-0.37360963,2
0.429058,-0.5118929,-1.0560565,-0.5867411,-0.14618903,1
0.22328687,0.26503083,1.1496495,0.78898764,0.86644244,2
0.07568591,1.8423404,0.7164866,-0.9679861,-0.5571337,2
-0.25622636,-0.3265199,0.92601275,-0.9639254,-0.44330603,1
-0.31913686,-0.11567612,0.65593565,0.964987,-0.6625391,1
-0.60659665,-0.83430433,0.65111583,-0.99674106,0.7730299,2
2.7397285,-0.65827894,-1.2320845,-0.24779937,-0.18537174,1
1.6584779,0.18134323,-0.56396,-0.003565997,-0.099980265,1
-0.7598537,-0.47623444,-0.30277553,-1.0184046,2.150918,2
0.052609324,0.14882469,0.14335069,0.2585876,0.2375057,1
-0.7691383,0.05676321,0.57459444,-0.92559475,-0.5024654,1
-0.5955044,-0.723095,0.45181456,1.4740559,-0.9394889,1
-0.59511703,-0.5263374,1.3877836,0.5871045,0.5933035,1
-0.525744,-0.72006196,-0.18535583,0.8376507,-1.710157,2
-0.579436,-0.06382412,1.3794975,-1.1455138,0.1944397,2
-0.24541047,-0.29174605,1.4458748,0.50614077,1.8703867,2
1.0950296,1.2748017,-1.6688609,-1.1357112,-0.18055661,1
-0.49417734,-0.25175053,0.93626565,1.0130336,-1.0654807,2
-0.04320647,-0.76517254,0.8745885,0.40542442,0.85301906,2
-0.7521242,0.86714375,1.1776644,0.9022021,-1.2107732,2
-0.9746576,-1.0249041,-0.52761513,0.70930505,-0.066447735,2
-0.33450806,0.09035662,0.96611965,-1.2233628,-0.58888835,2
-0.574831,-0.16352302,-0.36717486,1.703439,-1.4783372,2
-0.7863787,-0.55898494,1.9980898,0.9306291,1.7296335,2
-0.3992899,-0.16227931,0.62705916,-1.0220724,-0.69939184,2
-0.41255045,-0.22588988,1.5234679,0.51640177,-0.88912606,1
-0.8896157,-0.7620074,1.5885086,-1.5431648,2.4811976,2
-0.7395633,-0.6718636,-0.048400115,-1.2305491,1.726555,2
-0.90284365,-0.36910865,-1.3620824,-0.1382882,-0.48146248,1
0.50270784,0.8903038,-1.4170527,-0.36613747,-0.4224286,1
-0.34096622,-0.14538255,2.4525678,-1.6700244,-0.9613245,1
0.38693935,0.22139445,0.66662455,0.67307484,1.247458,2
-0.39967847,1.848174,0.4714613,0.046400607,-0.057993814,1
-0.6788181,0.21560603,2.0848532,-1.7048148,-0.589551,1
-0.6205778,-0.53281176,-0.1384325,-0.63700587,-0.18716644,2
0.8477811,-0.6836849,-0.88204366,-0.32125768,-0.17452791,1
-0.56219524,1.1446505,1.2619731,-1.166015,-0.39884725,1
-0.12052068,1.8043666,0.8513556,-0.10278619,-0.40161163,1
1.8301125,0.07811296,-0.49731034,-0.21800148,-0.04391159,1
-1.3557495,1.1591594,0.27698988,-0.02151756,-0.045877114,1
-0.7285106,0.1293535,1.7965716,-1.4531587,-1.0045435,1
-0.4108275,-0.035250485,0.979073,-0.04845798,-0.74756044,1
-0.067976326,-0.24759626,0.83674055,0.6306133,-0.72104615,2
0.8482048,-0.18162921,0.793129,0.42594093,0.7379644,2
-0.48830804,-0.9240738,0.8358934,0.82761705,0.7913736,1
-0.68764776,-0.3704682,-0.0056282245,1.6390177,-0.10032392,2
0.16284621,-0.016006224,0.57340336,-1.2603346,-0.35083556,2
2.7140355,-0.67119646,-1.2751185,-0.67793685,-0.3149838,1
-0.34048772,-0.30402046,1.0941324,-1.6018705,-0.0019326806,2
-0.6342605,0.688188,-0.21215405,-0.69237936,-0.32520926,1
-1.1113322,-0.457624,0.959737,1.938659,-0.35220098,1
1.0022982,-0.78842866,1.7318412,-1.1514988,-0.30940968,2
-0.3424319,0.91655535,-0.25236884,-0.3292974,-0.39631066,1
-0.9636879,-0.95986485,-0.05554062,2.1366851,-0.8388521,2
-0.9603966,-0.31097454,-0.094684556,1.5747367,1.5656128,2
-0.47786313,0.12806426,0.5207665,1.5453368,-0.11829831,2
0.05725676,-0.2943404,-2.2496765,-1.9134703,-1.532797,2
-0.48934406,1.1793422,-0.2972535,-0.36019692,0.56807065,1
-0.6867148,-0.2728778,0.050540697,0.8973835,-0.28484777,2
1.2382672,-0.3176498,-0.45196623,-0.501686,-0.71273977,1
-0.43271446,-0.34423986,-0.030178908,-0.20341316,1.2666962,2
0.45595872,2.4588313,-1.6557199,0.3163668,-0.4315306,1
-0.25729856,0.20125912,0.91650563,-0.74074805,0.89693964,2
-0.42600846,0.22308764,-0.11606504,2.0787508,-1.1003741,2
-0.36611563,-0.8280944,0.38000584,0.46878555,1.355165,1
2.5481594,-1.6410224,-0.6622285,-0.53107464,-0.24682572,1
-0.8809998,-0.44172597,0.17926514,1.3437418,-0.21890838,2
-1.2179815,-0.94757056,-0.1765239,1.7702901,-0.96060646,2
-0.8067635,-1.3287249,-0.36089805,0.8799441,1.4271476,2
-1.3591821,-2.7181578,-1.7587781,-1.1124306,-0.37117583,1
-0.7653141,0.1580824,-1.9134272,-1.024409,0.3364467,1
1.5234778,-0.06167072,-0.912884,-0.38506588,-0.21851875,1
-0.4498638,-0.7385355,0.62874424,0.76049244,2.7572541,2
-0.99200094,-2.064433,-1.5655295,1.054867,-1.987063,2
-0.48213822,-0.6024623,-0.86812824,1.1070538,-1.1890476,2
-0.8391322,-0.74688494,1.7011863,-1.6997697,1.1312611,2
-0.21562016,0.9008165,0.71301186,1.1838052,-0.6169137,2
-0.3331518,-0.7668364,0.3106437,-1.6513839,3.4893823,2
-1.1196266,-0.6629351,-0.8377669,0.33075115,-0.07658428,2
-0.83603233,-0.8783754,0.14396848,0.5614942,-0.37975156,2
-0.773086,-0.8714033,-0.20683658,1.7044301,-1.2535664,2
-0.6868274,0.5171131,1.3783023,-1.1935421,0.59483886,1
-0.56071806,-0.85931444,1.4117928,0.8999421,-1.0771519,2
-0.5146903,-0.6552702,1.0478568,0.182874,-0.93372744,2
-0.4484542,1.6782836,0.5225662,0.035971433,-0.27191287,1
-0.599305,-0.08360267,1.4428641,0.8645426,0.4512489,1
-0.084777586,-0.52466947,1.6060307,-1.5939012,-0.8677234,2
-0.5293297,-0.25233427,1.8587035,-1.5708593,-0.8655052,1
-0.7050886,-0.6247862,-0.39803842,1.5343411,-2.1223543,2
0.34434724,1.2283571,0.8262748,-1.1013399,-0.4055248,1
-0.22441012,1.6818329,-1.5214443,-0.81323206,-0.5705037,1
-0.12038952,1.6812153,0.17066243,0.201817,0.9610337,2
-0.5008088,2.1977713,-1.4945072,-0.037994355,1.5049477,1
-0.5909737,-1.0173967,0.16084146,1.3995068,2.6132567,2
-0.84319645,-0.40227705,0.38522786,2.2455416,-1.734593,2
-0.44111198,-0.2735958,0.16302809,1.5650587,-1.109569,2
-0.8350111,-0.57100916,0.19001412,0.27022707,-0.1656859,2
0.22536163,1.9252592,-1.3703804,-1.1218696,1.3704767,1
-0.6153909,0.9274224,-1.2625244,-0.56223196,-0.40143585,1
0.7336428,0.18113618,1.0223933,-1.38713,-0.71940124,2
-0.39132008,1.5278717,0.35716715,0.2106562,-0.69733447,1
0.9335389,-0.036717054,0.60714346,0.31155258,0.60410583,2
-0.36275357,-0.5350367,0.46979183,0.19706446,1.8449671,2
-0.40610033,0.7159896,1.5571835,-1.4701153,-0.0055855215,1
-0.20058608,2.1647663,-1.8180083,0.87258834,-0.8803971,2
-0.54480404,-0.79388237,0.2047168,0.70966387,-1.2205219,2
-0.70049477,-1.0568333,-0.38685682,0.6961248,1.0510447,2
0.43209806,1.9202752,0.013301879,0.093905926,0.32276365,2
-0.57549405,-1.2962465,-0.64659804,0.067611955,0.022934273,2
-0.10261412,1.02714,-1.6173874,-1.0006138,-0.1471119,1
0.19851097,-0.09288621,0.26102328,1.692024,-1.0213339,2
0.5121201,0.89870435,1.22695,-1.1847448,-0.43149328,2
-0.6152543,-0.19338152,1.0767114,-1.1222323,-0.16663748,1
-0.7714362,-0.81134677,-0.22476266,1.7561754,-0.17891987,2
-0.071257435,-0.22623725,0.7964815,0.084138505,-0.5602095,1
-0.6949132,-0.79726076,-0.07612868,1.2946484,-0.32332033,2
-0.25248888,-0.038995266,0.12203952,1.588069,-1.3274148,2
-0.580232,0.6296847,0.8028914,0.6894214,-0.56012475,1
1.8394567,-0.589267,-1.0609028,-0.525033,-0.044238817,1
-0.8085117,0.13150485,0.08982575,-0.07726206,-0.1282767,1
2.6366973,-0.55613554,-0.62302315,-0.37568605,-0.6669425,1
1.3583239,1.0570242,-1.4354917,-0.106750324,1.0673238,1
-0.8719287,0.4796767,1.3600593,-1.4958107,-0.16395843,1
-0.7670274,-0.95373684,-0.6491025,0.61473244,2.1927886,1
-0.8285194,-0.15422948,-1.4940554,-1.0540515,0.16035166,1
-0.608054,-0.4092186,0.12355928,2.2241628,-0.10009635,2
-0.5382013,0.067965195,1.1290742,-1.2720958,-0.67967665,1
2.4254918,-0.8473078,-1.3861022,-0.96062803,-0.12966925,1
-1.3009824,-0.65726554,0.60662925,-0.482203,-0.30054158,1
-0.014996767,-0.68596363,0.99676657,0.60478306,2.660279,2
-0.7100106,-0.3043269,0.22115444,2.0490487,-0.42000607,2
0.09407677,-0.7208005,1.0314875,1.9876641,-0.49144316,2
0.10409529,0.90885085,-1.3239372,-0.12535438,-0.699211,1
-0.9604533,-0.6404166,1.023089,0.8758603,1.200524,1
-0.45052406,-0.75069636,1.3922783,2.6806498,-1.5122197,2
-0.24227226,-0.39839205,0.7556986,-1.3387461,-1.0585499,2
-0.81588215,-0.25968006,2.040267,0.4941892,-0.6276936,2
-0.82672083,0.02813711,1.5647537,-1.5702039,-0.82300097,1
1.1033667,0.3518048,-0.55990285,-0.62980074,-0.42523095,1
0.79505867,0.6422844,1.0970922,-1.0908825,-0.40513194,2
-0.20489071,1.9252744,-0.054058634,-0.05062294,0.79402965,2
-0.44995427,-0.66421884,1.3093491,0.9478815,2.1492608,2
-0.59937966,-0.50142556,0.65676767,0.95024216,1.8504121,2
-0.8625195,-0.690321,0.24074343,-0.7556178,-0.25142127,2
1.7588779,-0.7245821,-0.7253818,-0.2157929,-0.22876135,1
-0.7923641,-0.6096697,0.93637586,0.46009618,0.8170253,2
-0.60857475,1.3192737,1.128495,0.001809895,-0.8710809,1
0.17776348,2.5464354,-1.6972703,-1.0838854,0.16510688,1
0.3685966,1.0320638,-1.5136877,-1.2324607,0.39072227,2
-0.6907152,-0.2974577,0.18950725,1.525999,-0.23885614,2
1.2406907,1.4430939,-1.5775145,-1.2404321,-0.5135968,1
3.038686,-1.854384,-0.9776771,-0.46649438,-0.076484084,1
-0.9221993,-0.85607016,-0.8255544,0.45885462,2.0236351,2
3.6224673,-1.5457543,-1.0302393,-0.69453454,-0.53250927,1
-1.7821265,-2.5917807,-1.8417667,-2.0366225,-1.0735205,2
0.14058323,2.4355333,-1.8332154,-1.0743387,-0.43622342,1
-0.77186286,-0.7195143,-0.19543046,0.39051923,0.662832,2
1.0572673,0.24612705,1.1821281,-1.232052,-1.0241805,2
2.1261551,-0.30597177,-1.127208,-0.35951144,-0.1834732,1
0.19250979,-0.10635844,-0.9870407,-0.30473214,-0.13314784,1
-0.3938446,-0.7922991,-0.35134548,1.6316776,-2.1257436,2
-0.39510292,0.9218822,0.24985945,-0.032833237,0.25169113,1
0.5698732,1.1934822,-1.9902925,-0.7505487,-0.26065877,1
-0.13836381,0.0045567593,0.87343335,-1.0564696,-0.44079626,2
-0.14290236,1.804391,0.5029422,-1.0914364,-0.047386497,1
-0.23585671,2.2490652,-1.7735952,-0.27372533,-0.7474574,1
2.7306273,-1.224197,-0.8228016,-0.7009042,0.050416194,1
-0.54932004,-0.092429094,1.6147072,0.6190483,-0.5908804,1
-0.39900294,0.340997,1.9338017,-1.5081743,0.24907781,2
-0.89083105,-1.332802,-0.25764886,1.52355,2.185383,2
-0.12862672,0.774161,-1.7058641,-0.7648389,-0.19401488,1
-1.0779335,-1.0758153,-0.58212614,-0.99830174,3.4099169,1
-0.7002081,-0.93595535,-2.1914797,1.1633286,-1.4862689,2
0.47701058,-0.17809449,-0.8612963,-0.50660574,-0.38145056,1
3.0775867,-0.52356166,-1.58463,-0.814829,-0.015139945,1
-0.5675301,1.3288625,-0.42058235,-0.219402,0.2371832,1
-0.44053918,-0.58681214,0.0710222,1.6626151,-1.3481592,1
-0.5180762,-0.5227994,-0.015826732,1.923307,-0.28377265,2
-0.29893464,1.6849283,-0.10917789,0.011669368,-0.64996254,1
-0.9157325,-0.58990294,-0.21539477,0.649072,-1.3079227,2
0.040194437,-0.2256612,-1.1552074,-0.7282188,-0.32064122,1
-0.6789286,-0.6527535,-0.5937037,0.13604465,-0.08364723,2
1.5675254,-0.06819647,-0.6068139,-0.32448563,-0.26142758,1
-0.89011794,-0.72520506,-1.7990662,2.191766,-1.48173,2
-0.6045709,-0.27265424,0.3428167,0.30604455,2.085715,2
-0.76994854,-0.9622903,0.06761362,1.8051082,0.0056437105,2
1.5309672,-0.116190776,-1.4703543,-0.7615783,0.21394798,1
0.4073143,-0.686934,0.25813964,1.17058,2.2366333,2
1.2434384,0.5202842,-1.1108909,-1.1457881,1.3928046,1
-0.8794354,-0.7442291,-0.3902542,1.0201687,-1.3531448,2
-0.8697845,-0.21659432,-0.2397938,0.8744533,1.7374356,2
-0.5029326,0.18914405,1.5927261,-1.3376124,-0.19145663,2
-0.9037131,-0.88076246,-0.5603039,-1.2485341,-1.4125645,1
3.0510542,-1.297977,0.3190515,-1.0274125,-0.4062869,1
0.11935166,1.3724735,-0.10302178,0.33942562,0.7863302,2
-0.36826777,-0.0409277,-0.2935107,0.80265725,-1.487671,2
-0.08722699,-0.44267365,0.7959355,1.2617683,-1.6127594,2
-0.24287066,1.9017485,0.16997387,0.0950815,-0.57353854,1
0.04593301,0.2564974,-1.4793715,-0.73634887,3.2688432,1
-0.6901562,-0.8669035,-0.00053809676,0.27970117,-0.974959,2
-0.7645115,0.027733859,-0.4957723,0.63899875,1.4112633,2
-0.81743526,-0.558314,-0.44001245,0.16086134,-0.04698202,2
2.3488631,-0.58226645,-1.0057236,-0.8552878,-0.13560937,1
-0.66649556,-0.74008846,1.0958637,0.032859355,1.6680253,2
-0.38664472,2.0518656,-2.0149121,0.74874747,-0.8321118,2
-0.5508894,-0.08635236,1.7518007,0.8788757,0.4523239,1
-0.6161851,-0.4385501,2.3674889,-2.0227618,-0.13342634,1
-0.52834594,-0.3760515,1.5798644,0.34458902,0.73168534,2
-0.81001794,-0.4007954,-0.2724383,1.539134,-1.5787429,2
0.37884742,0.8514474,-0.19280326,-1.2920232,1.5059836,1
-0.64308506,0.017155815,-0.20874827,0.9475422,1.5521089,2
-0.21734348,0.6137243,-0.56748676,-0.7777641,-0.26114932,1
-0.19408356,-0.41519588,-0.09235594,1.1007341,1.4268574,2
3.2345803,-1.0620657,-0.7107467,-0.41097593,-0.3764148,1
0.3069454,1.496701,-1.6673913,-0.18536812,0.18115592,1
-0.5386081,0.5262019,1.4629712,-1.5102175,0.18632828,1
-0.5197152,0.157512,0.8864407,0.32572028,1.8857696,2
-0.11507237,1.0251191,-1.6476017,-0.9085784,-0.30174476,1
-0.98510337,-0.6093987,0.12740774,0.1409215,0.60668504,2
-0.6493272,-0.662642,0.30702987,1.8740795,-1.9955995,2
-0.46748066,0.42100188,0.7794719,0.3530166,-0.7855437,1
-0.04212399,2.0244133,-1.1788318,-0.86167145,-0.62168014,1
-0.6760725,-0.3113492,1.6879506,-1.5301121,-0.54250073,1
0.7551495,0.68542147,0.8667967,-0.95165694,-0.7327813,2
3.6707,-0.9261981,0.07452259,-0.74240357,-0.2684872,1
-0.47566226,-0.12212242,0.7735107,-1.5162886,-0.5216807,1
3.7247202,-0.039249152,-1.3567873,-0.88097304,-0.141811,1
0.79945487,-0.17729005,1.4267538,-1.4125291,-0.26598996,1
-0.638922,0.32712108,0.24312285,0.20483449,0.043207258,2
-0.30839187,-0.9470505,1.1216904,-1.9700191,0.59925586,2
-0.34034634,-0.29756123,0.4558986,0.6009395,-0.633198,2
-0.93964976,-0.39058724,0.07230282,1.9094433,-0.5102779,2
-0.56627053,-0.17986865,-0.16011131,2.2196417,-0.35311583,2
-0.4169967,-0.1849844,0.6419315,-1.0153115,-0.5333691,2
-0.44517764,0.79369986,0.9580817,0.6002158,-0.7346278,1
-0.5040888,-0.66546243,-0.26400915,1.9624796,-1.4216832,2
-0.28840873,1.4551525,0.38859817,0.03358072,0.99832195,1
-0.27660036,-0.5754813,1.1983144,1.24318,2.056832,2
-0.761506,-0.8028192,0.8411882,0.87345105,-0.82477176,1
-0.73360515,-0.8951454,-1.9135764,1.2921413,-1.6881521,2
0.12538794,0.302771,-1.0018271,-0.3563077,-0.48458654,1
-0.047969334,1.8978823,0.58845234,-1.0936846,-0.52603847,1
-1.3366923,1.5146194,0.4084357,-1.2671791,-0.20740241,1
-0.80802554,-0.95351994,0.34345698,0.27954763,1.1209786,2
0.30272114,1.595746,0.034635462,-0.26115403,-0.53970927,1
0.028378014,0.27807465,-1.6294286,0.6410357,-0.78404534,2
-1.1786048,-0.36632928,1.5103945,-1.7374761,-0.737462,1
2.857783,-1.0070237,-0.5822786,-0.46546197,-0.39834896,1
0.22201121,0.005179912,-0.26080042,-0.02264465,0.86338675,2
0.3355953,0.64581394,-1.3692801,-0.1682267,-0.4519692,2
-0.95436454,-0.85160226,-0.6264326,-0.137624,1.514422,1
-0.41949525,0.68978924,0.8838357,1.3283898,-0.61250955,2
-0.8039899,-0.871146,-0.24547477,0.7632549,0.72936684,2
-0.48811284,1.8659205,-1.3195852,0.8752206,-0.8780496,2
-0.15824491,2.383327,-1.486601,-0.2699597,1.4344193,1
-0.1144577,0.08023636,1.1223947,-1.165971,-0.6315999,2
-0.67807484,-0.7316923,0.06605913,1.4269811,-0.22122408,2
0.16465053,-0.60493386,1.0650167,0.53260154,-0.6070483,1
-0.75798285,-0.51107526,0.18994908,1.1549174,-1.1193196,2
-0.45573574,0.87863827,0.7911033,0.7320779,-0.8346081,2
-0.64891356,-0.28113386,1.1390755,0.78680795,-0.98371536,1
-0.55966115,-0.7673021,0.53188264,1.0412976,2.4882474,2
-0.20175777,1.5153722,-1.5031958,-1.0471289,-0.7356322,1
0.063314155,0.63585675,0.78594077,0.34505758,-0.30846155,1
-0.8175509,1.0019352,0.21054526,-1.0100746,-0.37356848,1
3.421058,-1.8916597,-0.87128663,-0.52151906,-0.20863023,1
-0.3827305,-0.8355483,0.26742232,1.7093267,-0.8460089,1
-0.18562439,1.2627422,0.04275614,-1.2991507,0.24698776,1
-0.6354163,-0.7773148,0.36688468,1.4213381,-1.0064099,2
2.4778514,-0.2640723,-0.4100442,-0.18182564,0.08880205,1
-0.65049297,1.7364662,-0.021790177,-0.45839167,-0.38058537,1
0.20605336,0.7974927,-1.3194028,-0.30022106,-0.8644821,1
-0.4591561,0.08825071,0.1257031,0.12763904,-0.26639855,1
-0.40131935,2.5977707,-1.8337846,-0.85912234,0.12429953,1
-0.5514923,-0.390095,1.6282692,0.42891067,-0.5726255,1
2.7512715,-0.5730541,0.21671915,-0.8532332,-0.36738923,1
2.6467702,-0.18679553,-1.4627509,-0.7180059,-0.09796186,1
-0.8444726,-0.48871437,-0.4101326,1.515041,-1.2120423,2
-0.35988665,0.45445073,0.7370315,0.94189763,-0.7682342,2
-0.313362,0.88230073,0.1642394,-1.0316312,-0.6057467,2
-0.76808804,-0.3161366,0.63655853,0.799406,0.9215046,1
3.0693657,0.10252135,-0.9996831,-0.20610909,-0.40920007,1
-0.51214576,0.20202835,1.3467249,-1.6700342,-0.19912905,1
-0.28207672,-0.8123245,0.18210858,0.6304064,0.7530039,2
-0.5146166,-1.0511687,-0.66586804,1.0536743,-1.3695736,2
-0.4205022,-0.5913533,0.8861431,0.7755891,-0.71483344,1
-0.7193096,-0.56766444,-0.13141207,0.40717682,2.0562,2
-0.041466445,2.170469,-0.17423916,0.5580022,0.8797046,2
-1.1231719,-1.6610081,-1.6791229,1.2846298,-1.3164978,2
-0.31217504,1.1786251,-1.4341285,-0.3336688,-0.19625561,1
3.8064451,-1.7366232,-0.9247733,-0.57431376,-0.009941578,1
-0.10638097,-0.8595557,0.36652973,1.1150887,1.8489536,2
0.44110924,1.2881507,-1.2807748,-0.272807,-0.38050044,1
0.39447406,0.012451101,0.4372178,-1.0146738,1.145408,2
1.1787983,-0.19960341,-1.9172666,-1.5064226,-0.7274079,1
1.1102607,-0.19578983,-1.2318894,-0.57196033,-0.06040823,1
-0.02073425,0.09238419,0.7369083,-1.0539595,-0.064448744,2
3.5835645,-1.8128598,-0.45152298,-0.50863713,-0.2507514,1
-0.66157925,-0.22403857,1.3835492,0.8834183,1.3922232,2
-0.6904337,-0.7695145,-0.3192931,-0.32700413,1.9306602,2
-0.5674156,-0.8875097,-0.14769632,1.652083,-1.4656136,2
-0.59749585,-0.178718,1.461023,0.332003,1.2835968,2
-0.0792934,-0.57737136,0.6930541,0.4143253,3.1245508,2
-0.4723494,1.84117,-0.35029763,0.021775065,-0.47051793,1
-0.5122083,-0.6907741,-0.0059936885,1.6743157,-1.2604327,2
0.5855254,-0.7478053,1.238846,1.1582562,-1.258577,2
-0.44371644,-0.084730044,-0.22036669,0.6438024,-0.63500667,2
-1.0601518,-2.0820415,-2.233886,-2.5142503,-0.014201,1
0.39624128,1.2455236,0.9847241,-0.25140232,-0.34175837,2
0.26105672,0.7957975,-1.4927887,-0.42501044,-0.8567686,1
-1.0198725,-0.2524507,0.9449331,-1.4656376,1.483324,2
-0.64764667,-0.8452719,-0.055420116,2.2169585,-1.4275925,1
0.4176062,-0.48241994,1.2724131,0.25893503,-0.6891677,2
-0.548707,-0.80530566,0.20495825,1.2443116,-0.98082495,2
-0.49069795,-0.16092564,0.44393176,-0.098432496,-0.78430015,2
-0.14855413,2.0413709,-1.7271793,-0.06704036,0.3158708,1
-0.70330745,0.09885568,0.962738,-1.3128369,-0.07789825,1
1.6188215,-0.5831598,0.27307576,0.100434214,0.70547295,1
-0.6680362,-0.5023001,1.5991143,0.46920305,-0.042825863,1
-0.32664913,2.7811394,-1.325195,-0.9245719,-0.34638026,1
-0.010752201,-0.24665734,1.2345091,-1.1650436,0.47290766,2
0.45214152,-0.3865059,-0.3286253,1.1802578,0.6688418,2
3.0474954,-1.9188056,-0.6049613,-0.5711118,-0.4261049,1
1.1663585,0.5899931,0.7764742,-1.0945544,-0.17657416,2
0.44074538,0.34727556,-0.35313994,-0.47220135,-0.23019508,1
-0.1598523,0.25668862,0.5643781,0.7940091,2.0652926,2
-0.3928911,-1.1157336,1.2869297,0.708986,-1.117053,2
-0.36254707,-0.3702564,0.8537966,-1.5316535,2.2514446,2
-0.16576895,-0.41827512,1.2628632,-1.268787,2.2849793,2
-0.89156854,-1.4310088,-1.5985303,-2.1776452,-0.27128673,2
-0.86181015,-0.64799225,0.25094464,0.026613757,2.1895971,2
-1.0222837,-0.98617786,-0.04982883,0.6477758,-1.5014309,2
0.6301097,1.8406808,-1.518023,-1.0398703,1.1119635,1
-0.6577134,-0.37948614,1.3335623,0.8628944,-0.8879602,1
-0.770896,-0.68986595,-0.28815645,0.5607176,-1.1112813,2
-0.1993986,0.3056661,0.014401656,-0.93177533,0.76032686,1
-1.1832111,-0.82542694,-0.60505235,0.24831256,-1.734103,1
-0.34747636,-0.7151824,1.2455804,0.7165466,-1.4337034,2
-0.7434672,-0.021328807,1.2858677,0.33100685,1.9480604,2
-0.36802232,-0.714179,0.72128576,0.9790113,2.1966352,2
-0.39734793,-0.71498877,1.5190812,-1.3708569,-0.82931256,2
2.7579596,-1.678217,-0.8890181,-0.5362135,-0.11728352,1
-0.52396584,-0.78772366,-0.02267924,0.82970953,0.9884375,2
2.8114045,-0.9863864,-1.2494276,-0.7301594,0.078328125,1
-0.39994472,0.2035582,2.3505692,-1.4609461,-0.9590757,1
3.0430648,-0.8851276,-0.5317099,-0.37081623,-0.4559227,1
-0.8089966,-0.9803473,-0.5600574,-0.21942873,0.011281148,1
-0.63796556,-1.2586505,-0.27118713,-1.6353625,2.895421,2
-0.9936733,-0.84356594,-0.11990279,2.2254705,-1.4695282,1
-0.30463165,-0.83162946,-0.534565,0.6906338,1.7728099,2
-0.5057617,3.1245718,-1.9139507,-0.256225,0.94073504,1
0.5971072,0.1007813,-1.4124674,-1.0167224,0.026484728,1
3.375686,-2.1146936,-0.6152959,-0.44087997,0.012480676,1
0.5818047,0.85991096,-1.060862,-1.0658029,2.1804361,1
-0.57326883,-0.3802706,-0.036523625,2.1634498,0.12937291,2
1.1216483,-0.5849422,0.6223678,0.84666926,0.80933654,1
-0.4356019,-0.81446266,0.116000235,1.4146632,-0.2352431,2
0.17581353,0.6599016,0.27031267,-1.177139,1.6101854,2
-0.7174154,-0.63773793,-0.31477106,1.7242014,-2.12927,2
0.3237351,1.1297894,1.1395946,-1.2413311,-0.5501987,2
-0.21292162,0.45713872,0.4889681,1.7337112,-0.95323044,2
-0.3823942,1.4568839,-0.06421587,-1.4313517,1.9258326,1
-0.723818,-0.79378074,1.4004769,-1.5716985,-1.5807108,2
-0.6969891,-0.36477694,0.2719773,1.9098245,-1.6910683,2
0.67507505,-0.1280283,-0.071534306,1.0311402,1.1275519,1
-0.774052,-0.6141336,-0.07513884,0.7924704,1.2195789,2
1.0417615,2.1489599,0.04092014,-0.5810323,-0.3402783,1
-0.043665215,1.6493173,0.5471415,-0.9642376,-0.23607,1
0.9876181,1.2303342,-1.6026298,-0.50912684,0.058146026,1
0.13406408,-0.35469818,-1.4612259,-1.0475066,-0.4384113,1
-0.92526704,-1.1528912,-0.7337697,0.5684578,-0.47533703,2
2.00863,-1.1408466,-0.9083015,-0.46534145,-0.13651185,1
-1.2532927,-2.4164958,-1.3538315,-0.8483611,-0.104561836,1
-0.17578076,-0.3858049,0.91874987,0.900645,-0.3137145,2
-0.72907686,-1.0045109,-0.1604413,0.4575948,0.6711564,2
0.453483,-0.36580575,1.5471882,-1.2622895,0.33169204,2
-0.54105675,0.3973788,1.1206334,0.43458202,1.6457199,2
0.29152572,2.731591,-0.07929932,0.25874895,0.4440009,1
-0.62082994,-0.58319545,0.52648467,1.7701904,-0.8629063,2
-0.88563627,-1.0877727,-0.6732361,0.42820635,2.3788505,1
3.2072227,-1.9614938,-0.877276,-0.6623814,-0.4243409,1
-0.3935039,-0.2515841,0.794748,-1.6769695,2.039611,2
-0.4968043,0.0055843033,-0.67273957,-1.3532637,-0.06378946,2
0.6122307,-0.6487931,-1.0940802,-0.2576008,-0.13694856,1
-0.7915061,2.0506334,-1.3707755,-0.2528054,1.9527851,1
-0.8467085,-0.9546386,-0.017119117,2.094937,-1.2572678,2
1.8809946,-0.9407115,-0.7756906,-0.4646918,-0.60500026,1
-0.200549,0.23735267,0.9712567,0.25252688,1.6192083,2
-0.35972905,2.3908486,0.35795128,0.5329474,-0.33768216,2
-0.58537734,-0.067868516,1.4935123,-1.4530442,0.57648355,1
-0.78887993,-0.66749126,0.4766158,-0.747318,-0.37781107,2
-0.6326433,-0.70454204,-0.42761147,0.35220182,-0.13694023,2
0.7835605,0.030482784,-1.4318767,-0.63318986,-0.24139643,1
2.9112914,-0.8640924,0.5390161,-1.2388127,-0.11181007,1
0.056902483,1.0315591,-1.6763043,-0.5514365,1.4567969,1
-0.39792866,0.14078467,0.9585825,0.8554496,-1.4859688,2
0.11370038,1.4481432,-1.3308995,-0.36518222,-0.26069486,1
-0.5360756,-0.4660911,-0.014010463,1.9122983,2.558001,2
-0.04486385,2.2886217,-1.7702793,0.038969547,0.628,1
-0.28134447,0.3822799,-0.2793633,-0.3476544,-0.52266556,1
-0.6763588,0.8723033,0.060374603,0.16771075,-0.9322634,1
0.5663242,0.8564902,0.030586235,1.3254579,-0.9394398,1
-0.2740803,0.56363463,0.4923883,-0.05675672,1.5655516,2
-0.71546376,-1.1073484,1.0310234,0.44342077,-0.7975689,2
2.3184764,-0.889184,-0.9483553,-0.42155826,-0.1950443,1
-1.0678418,-0.7283344,0.5447052,-0.69575197,-0.097452916,1
-0.07147041,-0.7868364,0.60422605,1.5809642,-1.7262495,1
0.07362763,2.035808,-0.09725702,0.036087558,0.03512031,1
-0.5589168,-0.31719017,1.0634605,0.47415924,-0.10796931,1
-0.40143228,-0.73955274,-0.18763956,1.3935115,1.5674764,2
-0.8524105,-0.83917636,-0.6838067,0.2239235,2.0121162,2
2.5477312,0.05115411,-0.73737615,0.35498318,-0.32132256,1
-0.35231,-0.7902286,-0.43158603,0.5643041,1.9861082,2
-0.10046142,-0.6941637,1.5222057,0.66903436,-1.5610927,2
-0.80659896,-0.5809286,0.023960486,2.1519666,-1.467539,2
-0.90212077,-1.0071797,-0.22787651,-0.9059269,-1.0560939,1
1.1550518,0.6624771,-1.3615843,-0.047150694,1.6072199,1
-0.55240923,-1.0572594,-0.3498306,1.255679,2.0891674,2
1.476189,-0.03638822,-0.4116482,-0.4508043,-0.18881285,1
0.30936223,1.2628701,-1.5464348,-1.0036181,-0.609995,1
-0.025973618,-0.30479643,-0.4874307,-1.2929375,1.8023082,2
-0.5460836,0.3662645,1.67875,-1.0906669,0.5353699,1
-0.42337847,1.6833038,-1.3427333,-0.7743547,-0.16314395,1
-0.553848,-0.79532593,0.4604098,1.7118841,-1.0305979,1
-0.095023334,0.6332084,-1.5025876,-1.0121305,-0.3736645,1
0.82629514,2.1882768,-1.3767053,0.27364272,0.4176824,1
-1.425848,-1.7732247,-2.0060616,0.90128565,-1.2525165,1
2.9738142,0.54380417,-1.2990385,0.10299823,-0.5647849,1
-0.7992944,0.10011949,2.1012409,-1.3563513,-0.7892122,1
0.024879903,-0.7600869,0.6013709,0.09368064,1.0215935,2
-0.022114113,2.3803804,-1.5132356,-0.90884006,-0.13666163,1
0.40867224,1.2680786,-0.45997915,1.463972,-0.91601014,1
-0.5235912,-0.5355474,-0.22533083,1.9010911,2.965408,2
-0.46991885,1.132489,-1.7995876,-1.1014131,0.230901,1
-0.7455612,-0.8495178,-0.6640544,-1.8425462,-0.15542135,1
3.3680077,-1.6258985,-0.841763,-0.63316005,-0.1449795,1
-0.26690543,1.2859787,0.51440644,0.32932195,-0.38653803,1
-0.559604,-0.36358774,-0.15624452,0.973118,-0.29643267,2
0.73768187,0.5431721,-0.49646306,0.0030260496,-0.28456926,2
-0.45931965,2.1417532,-1.6679896,-0.2197935,0.7705391,1
0.08796178,-1.0491331,0.6212425,-1.3104422,0.38351446,2
0.06591707,0.38723183,0.12937115,-0.42686015,0.8606858,2
-0.15236345,0.3216348,0.56996524,-1.1970495,-0.37507984,2
0.15598801,1.2276794,-1.6316545,-0.91596866,-0.08179152,1
-0.55090433,0.357248,1.3296356,-1.4406947,0.121093675,1
-0.49662507,-1.3604678,1.1689978,0.39057738,-0.7145448,2
-0.46796352,-0.7100524,1.1209517,0.43910772,-1.020439,1
0.6479485,0.878577,0.7247558,0.44586805,-0.05709198,2
-0.97600317,-0.57268596,-0.7079632,1.0179795,-0.17871426,2
-0.046533428,0.20672885,-1.4266528,-0.1747613,-0.20568016,1
-0.68420994,-0.07360424,0.7822195,0.27429584,-0.8536573,1
-0.5407574,-0.61665845,-0.42848235,-1.2468913,-0.074513316,2
-0.53966296,1.7452658,-1.7602026,0.052868154,-0.06320526,1
0.9030273,2.615731,0.21099433,-0.3058977,-0.3411727,1
-0.04618849,-0.5982487,0.52866566,0.92593247,1.1967924,2
0.267198,2.0664954,-1.4316112,-1.0573006,-0.5881837,1
-0.5394164,-0.63214517,-0.3726428,-1.310703,-0.33953422,1
-0.7678388,-0.8759855,-0.2309238,1.7280698,-1.3196069,1
0.5964723,-0.8011147,-1.308981,-0.48417807,-0.5176846,1
-0.20550418,1.8369232,-1.5609077,-1.1797278,1.5117148,1
-0.6390201,-0.56524765,-0.17491704,1.252969,-2.032733,2
-0.64676344,0.29904658,1.1054684,0.646487,1.3796821,2
-0.2118493,-0.75784534,-0.25838214,1.677714,-0.9909964,2
1.7151669,-1.1308428,1.263437,-1.3263359,-0.3760651,1
0.17603543,-0.30092788,0.6642381,-1.9867245,2.932518,2
-0.5803609,-0.1769116,1.330718,0.54110265,1.5382984,2
-0.5531571,-0.9870064,1.5771586,0.5186198,1.4266168,2
-0.22468813,0.19408605,0.91859657,0.0824161,-0.620973,1
0.21145085,-0.27549133,-0.022811167,0.45081717,1.3139615,2
0.254949,-0.7590065,0.38321546,1.6775864,1.5004067,2
-0.39652067,0.13456136,0.9908108,-1.3203925,-0.7620001,2
-1.3505284,-2.5974426,-2.0347273,-1.1752326,-0.83816683,1
-0.552125,0.48127416,1.1968026,0.8600666,-0.44086304,2
-0.43417445,-0.49638325,-0.24556865,1.1192147,1.7428691,2
0.3058066,2.394144,-1.8060235,0.13989446,0.6305921,1
-0.5401979,-0.1111813,0.6922044,0.4263599,0.9635498,2
0.56127703,1.5524801,0.6725644,-0.7700298,-0.47674906,2
0.11076471,0.90352285,-1.53406,-0.81017846,-0.38507098,1
-0.2059975,-0.355957,1.4087785,0.34985176,0.99662787,2
0.17784838,-0.096336514,-0.6826069,-0.21155465,-0.5879227,1
-0.33950043,-0.4001562,-0.10838181,-1.4508085,-0.020237893,2
2.6695113,-0.8696909,-0.99993074,-0.68652576,0.07116544,1
-0.4793338,1.5427732,-1.6060274,-0.43740594,-0.0030175447,1
-0.11159344,2.3307474,-1.7431308,-1.1348429,-0.29882935,1
-0.74144846,-0.22312272,-0.36714676,1.6499863,-1.4034151,2
-0.743937,0.019747153,1.0281866,0.581485,0.08221038,2
-0.1735876,2.5564604,-1.5681479,0.1170628,-0.48287854,1
3.6278207,-1.6636809,-1.0495174,-1.1183518,-0.15067855,1
-0.5490295,-0.40898043,-0.102516055,1.2681332,-0.25665644,2
3.540662,-1.4244165,-0.6243143,-0.91725194,0.043629415,1
-0.7651576,-0.90796506,-0.25642714,0.9542326,1.6680199,2
-0.8670997,-1.2527282,-0.43482777,0.016730186,-0.6726581,1
-0.8330072,-0.9724209,0.19287279,1.5772943,-1.6486651,2
-0.45105776,-0.11887389,0.8256384,-1.3223118,-0.31071874,1
-0.027026325,1.3839122,0.71624243,-1.2991645,-0.33799338,1
-0.07830265,-0.3486226,1.6609926,-1.7086558,-0.08162665,2
-1.0052053,-0.33662945,1.4489919,-1.5243211,-0.2814937,1
2.5774717,-0.4217,-0.25457487,0.011776447,-0.28498682,1
-0.1108741,0.5622062,1.4217536,0.539518,-0.5001533,2
-0.39122534,-0.41837677,2.1362665,-1.4796606,0.79306585,2
-0.29250416,0.25926065,1.3393582,-1.2444203,0.07816602,1
-0.2963366,-1.0362058,0.93090457,0.566691,-1.442647,2
-1.2205614,-0.3921721,-0.031475395,0.82763386,-1.2420979,2
-0.47749293,-0.64875555,2.0099406,-1.4664177,0.9726031,2
-1.3169622,-0.3245233,0.725685,-1.5144835,-1.0354089,2
-0.728831,0.94473624,0.3932416,-0.20841548,-0.56553185,1
-0.68231857,-0.7032855,1.9672383,-1.6038241,0.4138127,1
-0.182803,-0.53742886,1.5577725,1.0341334,1.420102,2
-0.64675844,-0.86506885,-0.71314126,-0.0039007887,-0.5301311,2
-0.69289726,-0.3076812,-0.21504517,1.6062161,0.0205677,2
-0.65233463,-0.6575391,0.1662765,2.2268221,-1.0197396,2
-0.29405066,1.1535658,-1.513445,-0.7763468,-0.023049712,1
-0.21232456,-0.42063034,-0.105521895,1.9831773,3.206555,2
0.5731299,1.7195196,-1.4340969,-0.977467,-0.47122288,2
2.7359898,-0.9914693,-0.81847847,-0.48667634,-0.259422,1
-0.97989833,-0.41721794,0.13920872,1.5266021,0.0932266,2
-0.7511977,-0.55269736,1.4530201,1.087765,-1.3632014,2
-0.27378982,0.25948468,1.0341302,0.41960257,1.2911984,2
-0.59658724,-0.9141167,-0.6246725,0.60462093,-0.28841192,2
2.8346698,-0.86570954,-0.96826774,-0.41812384,-0.09053364,1
-0.43647236,1.283394,-1.5881152,-0.75779074,-0.3600243,1
-0.63421494,0.72152746,1.5629236,-1.1933175,-0.17600824,1
-0.52254707,0.20360209,-0.19910878,1.7425276,-1.3367159,2
-0.5074602,0.15505907,1.2184551,1.4987167,0.20304899,1
-0.45324415,0.32988828,0.9784652,0.5113285,-0.36275417,1
-1.200267,-0.21642083,1.7859492,-1.5849288,-0.10233763,1
-0.70563376,-1.0778611,-0.24579772,1.9429995,-1.5164146,1
-0.42062533,-0.3512066,-0.81737816,0.560933,-0.84504163,2
-0.80482477,-0.2895053,1.3853459,-1.5812085,-1.2723188,1
2.839428,-0.60645807,-1.2369561,-0.6142473,-0.1946446,1
-0.36764237,1.187648,0.46448994,0.27457815,0.12211473,1
-1.0750586,-0.90544116,-0.11956917,-1.1005188,-0.4011842,2
-0.06260261,-0.25212437,0.71013325,-1.653397,2.0182502,2
-0.5003239,-0.34162664,-0.19057554,0.58380437,0.94245416,2
-0.6804755,0.98754585,0.109951675,0.002212435,-0.08261518,1
-0.72253174,-0.9644109,-0.8267874,0.7666925,2.094816,2
-0.8245906,-0.7654548,-0.39026392,1.5623972,-1.5392063,2
0.40415472,1.244038,0.078185484,-0.8607458,-0.3075928,2
-0.5679539,-0.1898826,1.1666185,0.40759978,-0.44329,2
-0.14131932,-0.12224912,1.4408538,0.7942935,1.6456428,2
1.1919849,0.31747884,-1.5061527,0.29048857,0.4797556,2
0.19076584,0.8898653,-0.310512,1.308021,-0.9893852,1
0.83872443,0.3222356,-0.39733598,-0.14242974,-0.46763477,1
-0.56089574,-0.78576595,0.6961596,2.5806625,-1.1188895,2
0.47600162,-0.48328075,0.29491672,0.4344582,0.37447143,2
3.1907082,-2.0088406,-1.136732,-0.8583137,-0.06414005,1
1.0121874,0.49776715,-1.5870467,-0.28871745,-0.26245958,1
-0.7010226,-0.31693554,-0.2806037,1.244792,1.0646284,2
0.21526057,1.0827225,-1.4543488,-0.779091,-0.22285426,1
-0.9692545,-0.39814922,1.5472056,-1.5973396,-0.7220012,1
-0.67361856,-0.29539216,1.5233587,-1.0871696,-0.4375279,1
-0.1762495,-0.11671129,0.6809622,0.21743985,-0.68475205,2
-0.68350124,-1.0097474,-0.19491768,1.7847092,-0.056512713,2
-0.16717014,-0.2126277,-0.09981879,1.958286,-1.3247645,2
-0.5367013,-0.31337634,0.63561565,1.1195643,-1.5309873,2
-0.37451494,-0.20375922,1.9830211,0.30637816,1.3819872,2
0.70342743,1.4658415,-1.9848018,-0.9477811,-0.054168865,1
-0.64404166,-0.40003556,0.13975161,0.81276196,1.6783403,2
3.514676,-0.8545037,-0.7447877,0.32547063,-0.5605753,1
0.12118651,1.439366,0.4250623,0.040960044,-0.87224287,2
1.7152283,-0.4100197,-0.6392554,-0.61766744,-0.4078737,1
0.24764416,2.4955616,-1.8025439,0.07990175,0.4283852,1
0.3198722,1.2989674,-1.5420574,-0.35587537,0.686884,1
1.3485612,0.11935975,-0.55332273,-0.5980371,-0.11818609,1
-0.97329783,-0.7543254,-0.5343724,-0.75751585,1.3730941,2
2.7130573,-1.0299952,-0.7458553,-0.26209027,-0.29572117,1
-0.37004155,-0.76896954,-0.9356265,0.976516,2.069024,2
-0.29175085,0.0485314,1.7407022,-1.786705,-0.77343243,2
-0.50911087,-0.82897675,1.101201,0.6923412,0.5268355,2
-0.4500076,0.040504575,1.656734,-1.3820839,-0.70524085,1
-0.7980517,0.18174082,-0.27147496,0.37841275,-0.7031554,1
-0.4688039,-0.6744588,0.24959408,0.8217741,-0.9332522,2
-0.57037115,1.8314718,-0.22904854,1.6947968,-0.9041104,1
0.42189825,-0.41488028,-1.4091023,-0.40317747,-0.20651661,1
-0.88736117,-1.1544213,-0.19272935,1.6958085,-1.798066,2
-0.3195548,0.5033307,-1.5636898,-0.66288626,-0.3380372,1
-0.06982982,2.1547136,-1.5046196,-0.8626698,-0.6734395,1
-0.7819345,-0.66079074,-0.44077003,0.13691172,-0.25153577,2
-1.2148525,-0.9085765,-0.39188796,-0.76405025,-0.8061353,2
1.9629965,0.1733292,-0.028066471,-0.8669366,0.23440711,1
-0.47187957,2.612832,-1.5219462,-0.6812132,0.0339977,1
-0.61483836,-0.42720723,1.8930054,-1.3862575,-0.7711896,2
1.826932,0.021056067,-1.0498534,-0.6358233,-0.049929194,1
-0.28059542,1.7057656,-1.5701506,-0.3928078,-0.23160699,1
-0.4055612,-0.8172319,0.6262911,0.13369331,1.0468183,2
-0.36411104,-0.15911108,-0.20530003,0.034188695,0.00031906366,1
0.7059617,1.2355044,0.58044994,-0.9715256,-0.34711766,2
-0.06366276,1.6506968,-1.665389,-0.40474057,-0.2604638,1
-0.3994983,-0.65923494,1.4991198,-1.4233129,1.0922318,2
3.632299,-0.7359488,-0.8817175,-0.5402218,-0.09680476,1
-0.162273,-0.4033493,1.5650117,-1.2268249,-0.8775638,2
2.0371764,-0.6644608,-0.38737273,-0.01653615,0.4097519,1
-0.5638133,-0.87104475,-0.117346376,0.659634,2.3312876,2
-0.89341474,-0.49534723,0.17963995,1.8668221,-1.1505435,1
1.0159291,-0.6389163,-1.1717199,-0.4453178,0.05392729,1
0.3194585,-0.32107764,-0.73022336,-0.39641115,-0.015501391,1
-0.38947234,0.79095525,-0.25884137,-0.2962417,-0.47307706,1
-0.5604656,0.09141148,1.8749598,-1.2117536,1.912961,1
0.9075969,0.6635997,-0.048096687,0.6665878,1.2961848,1
-0.2832272,-1.1934243,0.947843,0.58967793,-1.491879,2
-0.43659446,-0.62773716,1.3291763,0.14124008,1.0149304,2
-0.23229101,-0.6883546,0.10806923,1.1956288,1.3591827,1
-0.704791,-0.68365896,0.8756154,0.7191745,-0.3004309,2
-0.72406095,-0.10247611,-0.20756984,1.3705751,1.798449,2
-0.7298825,-0.07400042,0.3093207,-0.9115546,-0.54578626,1
-0.64723927,-1.0738937,-0.15504712,0.34759954,-0.0015753508,2
0.6431561,-0.37130693,1.5301051,-1.3055438,-0.66737765,2
-0.5220831,1.4984936,0.21178217,-1.0788418,0.07646084,1
-0.05072556,-0.5749512,1.0810555,-1.2277133,0.5860195,2
-0.28684857,-0.8926817,-0.027399212,1.9823614,-0.15213624,2
0.07324341,1.8402797,-0.19178912,0.18666883,-0.6964976,1
-0.64610815,-0.45027196,0.016006947,1.3390534,-1.4160808,2
-0.28094614,0.09375129,0.19511853,0.30641124,-1.2816292,2
-0.10839826,0.31886578,0.16617374,-1.4404906,-1.1957687,2
-0.31452054,1.6192472,-0.23033431,1.2402804,-1.033166,1
-0.33564198,-0.61473835,1.695981,-1.2766117,-0.5407131,1
-0.5002929,-1.0439605,0.23552069,2.1550875,-0.19658193,2
0.3920703,-0.989541,0.5932828,0.40977067,-0.35425735,2
-1.0418121,-2.190326,-1.3973039,-2.163493,-0.06787597,2
-0.44935584,-0.55879337,1.8385744,0.46718588,1.9809421,2
-0.3366783,1.4242835,0.48259345,0.28227764,0.04785213,1
0.3914904,0.18594292,-1.5185276,-0.7632545,-0.1828695,1
0.89118373,1.9097326,0.1350052,-0.16800809,-0.35843566,1
0.37794623,1.6222553,-1.3714759,0.45000035,-0.5291755,1
1.7856547,-0.32727805,-0.8252064,-0.21424335,0.0149658825,1
-0.7402531,-0.62405115,1.0721214,0.798582,-0.5678023,2
-0.44546923,0.8654283,0.63930905,0.5140708,1.6281897,2
0.061136078,-0.6412388,-0.47452563,1.7623154,-1.0146279,2
0.18745688,-0.22725521,-0.24557242,0.5341005,0.77926636,2
-0.24031682,0.92724025,0.20154212,0.06016846,0.7835081,2
-0.5323187,-1.0793355,0.78767586,1.1328661,1.108296,2
0.033375513,0.28940085,0.74132925,-0.81562763,-0.61485934,2
-0.0071395636,0.5752851,1.6553848,0.316467,-0.50578433,2
-0.783988,-0.544474,1.7080594,0.66162014,1.434854,2
-0.4347922,0.90976846,-1.3519708,-0.14299051,0.58277977,1
0.67687935,1.1416662,-1.7941177,-0.66914034,0.02606143,1
-0.47140813,-0.363127,1.0129033,-1.1685927,-0.8440564,1
-0.914402,-1.3171695,-0.43417045,1.4870317,1.8591777,2
1.0982884,-0.05601812,-1.0877123,-0.36191228,0.13350725,1
-0.3421204,1.2531505,-1.519417,-0.93417424,-0.25596112,1
0.875726,0.7867365,-0.41160434,-0.20643482,-0.24667114,1
-1.1696101,-2.9530952,-1.6510189,-1.0335071,-0.5096831,1
0.5349376,1.5355234,-1.7546002,-0.6789147,-0.7402177,1
-0.86257195,-0.39356023,0.80271006,-1.3625981,0.7773321,2
0.09308216,-0.46692526,1.2824662,0.5839545,0.58696544,2
-0.45331675,-0.22922254,1.985088,-1.5088983,-0.5209517,1
-0.6669223,-1.0832921,-0.32693362,-0.21693683,-0.90433234,2
-0.7456211,-0.31513894,0.018260933,-1.2481438,1.4664731,2
-0.4454401,-0.8273039,-0.37781584,0.85383475,-0.25494233,2
0.6984296,-0.58185256,-1.2063904,-0.5010494,-0.10461156,1
-1.3012277,-0.3793465,-1.4284416,1.450805,-1.447504,2
2.5398698,-0.2333881,-0.1268569,0.24412362,-0.19140178,1
0.18636058,2.3893845,-1.7632624,0.0658422,0.44309002,1
-0.9321132,-0.3452384,0.074699715,-0.28292888,1.5196407,2
-0.43334335,-0.2193987,0.8261473,-1.5261133,0.4534842,2
1.1672509,0.64721346,-0.10638665,-1.144143,-0.28868467,1
-0.71386427,-0.7478743,0.0049928054,0.29184312,-0.3821291,2
-0.1301118,2.2849627,0.55004334,-1.283496,-0.5660651,1
-1.1518812,-2.0995097,-2.302316,1.6273857,-0.290378,2
-0.6796792,-0.23267326,1.0342929,-1.2024455,-0.6369326,1
-0.7804514,-1.1999428,-0.5783612,-0.18892732,1.2835408,2
-0.8379648,-0.5055448,-0.03660506,2.0341408,0.05090083,1
-0.24307305,-0.15947053,0.18595183,1.1015841,0.68006694,2
0.013958599,0.9305005,-1.4500933,-0.1408746,-0.593767,1
-0.3406403,1.7702417,-1.9188076,-0.005020812,0.62311745,2
-2.0728705,-2.778003,-2.1156309,-1.7628448,-0.995721,2
-0.9170207,-0.76723593,-0.027965203,0.4864514,-0.8436266,2
-0.10486506,0.9503428,-0.37052688,1.6995703,-0.8391528,1
-0.18885112,-0.6695763,0.46377164,0.09745416,-0.71958804,2
2.7617316,-0.44700086,-0.5335268,-0.85747457,0.044864874,1
-0.7987331,-0.89429426,-0.34434462,2.1408632,-1.5540713,2
-0.42098185,-0.8057289,1.1654129,0.5348384,0.2975364,2
1.8052229,-0.58185256,-1.0968978,-0.71414346,-0.079994045,1
2.727757,-0.7270714,-0.44309926,-0.52635735,-0.45005178,1
-0.80300045,0.016938254,1.7024418,-1.4571477,-0.7636328,1
-0.68567204,-0.44420362,1.5442892,-1.5944796,0.82539713,2
-0.48255932,-0.6691484,0.66652614,-0.08119636,-0.032263145,2
-0.49742362,-0.7496744,0.32419774,1.6919413,1.9260194,2
0.8109048,0.78609705,1.2754687,-1.1454557,-0.34848553,2
-0.23219782,0.33605286,0.48690644,1.1613528,-1.0688074,2
-0.6025743,0.94157076,-0.3681938,0.011098176,-0.3130937,1
-0.4915396,-1.044523,-0.16265099,1.2327172,2.1054165,2
-0.60057247,-1.1512287,-0.35072133,-1.0173489,1.3788013,2
0.35183984,0.51129687,-1.4237401,-0.87678003,-0.40580457,1
-0.38208342,-0.55798894,0.7010838,1.583443,-1.1636223,1
-0.8222562,-0.84866667,-0.12865745,0.9309828,-0.778849,2
0.4874179,0.43287233,-0.36128592,-0.41318205,-0.7209172,1
0.22267434,2.5424063,0.013404667,0.0122850165,0.03565772,1
-0.8868515,-0.62709796,0.07222289,0.5441887,1.31214,2
0.67281765,0.9309896,1.3950447,-1.1334447,-0.3933897,2
0.13041261,1.3795159,0.21074499,0.25382638,1.1008341,2
0.41437882,0.84701896,-0.5960036,-0.13089997,-0.49379975,1
-0.8907426,0.5930431,1.1459346,-1.6075649,-0.6668005,1
-0.14080608,-0.93978155,1.2009991,0.75096905,1.7984557,2
-0.6257644,-0.98296225,0.020234838,1.506942,1.9259255,2
0.47703493,1.127166,0.30912104,1.1531209,-0.99700177,2
-0.056573056,0.09379779,0.8598167,-0.9086753,-0.39626747,2
-0.35609257,-0.22457522,-0.28485838,1.588753,-1.7413448,2
0.22581065,2.0819066,-1.3251151,-0.8591848,-0.41197285,1
-0.47644213,-0.9404089,-0.34692582,1.8650647,-1.9609313,2
-0.43468702,-0.24843816,0.13247731,1.6723609,-0.17443842,2
-0.36160192,1.5541835,0.72931314,0.19854668,-0.34684807,1
-0.41254723,0.09296167,-0.22895543,0.6366939,0.6954304,2
0.48992372,2.683205,-1.708478,0.11225679,0.3631624,1
-0.9652715,2.123872,-1.5913937,-0.8318961,-0.73097,1
-0.47630084,-0.6697101,0.40298197,2.0013475,-0.3319919,1
3.2596164,-0.8885561,-1.1244256,-0.84449685,-0.0069472864,1
-0.30228692,0.6906992,0.13981815,0.019226804,-0.4015171,1
-0.3663395,-0.037754457,1.3275622,-1.9589415,-0.96407396,1
-0.16807926,-0.41012588,0.94271934,0.76872724,2.1641288,2
-0.51040447,-0.87105834,0.043391306,0.44598874,-0.057657897,2
-0.4124514,-0.10378993,0.8501299,-1.3218589,-0.5658821,2
0.82209694,0.24733306,-0.03014031,-0.34074253,-0.25303817,1
2.3206391,-0.57961196,-0.8997663,-0.38623765,-0.14983375,1
0.23880939,-0.8771218,1.1042551,0.8611351,-0.9486268,2
-0.8227377,-0.3941519,1.5497863,-1.7606183,-0.07519991,1
-0.6891717,0.22872268,0.5143967,-1.1584561,-0.59148073,1
-0.48876035,-0.7542771,-0.078351356,1.6479737,-0.20441449,2
-0.86940044,0.0855719,0.95640856,0.3461403,-1.0557412,2
-0.13980983,0.088477634,0.3721534,1.8882952,-1.1274521,2
-0.2550136,-0.6623398,0.31692228,0.5530155,1.1302086,1
-0.53439397,-0.6703818,1.0461394,1.289315,2.2445743,2
1.3838732,-0.39385623,-0.75857097,-0.5164793,-0.15249078,1
0.45926124,0.1697278,-0.5856992,-0.5558853,0.034759097,1
-0.42453152,-0.44622064,-0.36089486,0.34273523,1.0705081,2
-0.81609964,0.0930147,0.2837442,-1.3704875,-0.34187603,1
-0.23283751,2.1205802,-0.055425018,0.38648838,-0.68838817,2
1.7463251,0.19105181,-1.1451068,-0.3672078,-0.5067445,1
-0.34835863,-0.90868974,1.030958,0.5317751,2.8066995,2
-0.34357083,2.16876,-1.4728087,-0.6505972,-0.013154745,1
-0.34726924,-1.0748776,0.28869656,0.4912427,0.39546922,2
-0.32892513,0.7227536,0.48241025,-0.85515064,-0.19612165,1
-0.49571106,-0.7317849,0.7123387,2.2268832,0.095607564,1
-0.4763812,1.118427,-0.1713115,-0.25418222,-0.30292633,1
-0.20379816,1.8293854,-0.0058467537,0.7669839,-0.7838836,2
0.017448932,0.6420721,0.79239607,0.056666598,0.61912787,2
0.34677815,1.6011947,-0.2712792,-1.2818974,0.63269544,1
-0.57184833,-0.3286965,0.37650678,1.0416486,-1.3178638,2
-0.7012503,-1.0163074,-0.8721844,-1.080306,1.0186679,2
3.0826569,-1.2172564,-0.94842976,-0.359819,-0.18061398,1
-0.49738684,-0.76387537,-0.06487028,-0.69188356,-0.11442315,2
0.67427117,0.06831764,-1.6378436,-0.5387294,-0.20434485,1
2.9938505,-0.8890803,-1.1532298,-0.34259295,-0.22066464,1
0.01679413,2.4427335,-1.3846234,-0.82587695,-0.36951372,1
-0.86595625,-0.7500838,-0.42718017,0.19468346,-0.24497879,2
-1.2971812,-1.7764148,-1.5615697,-1.4293804,1.6518964,2
-0.6395331,1.6953155,1.4455948,-1.311402,-0.43438804,2
-1.0314186,-0.2138651,1.1305833,-1.8151516,-1.4513888,1
-0.43879634,1.4563833,0.33628348,1.1461428,-0.69569826,2
0.16225852,0.4704921,0.053019553,-0.14392349,-0.42369267,2
-0.43563747,0.20009434,-0.2806157,0.016772479,1.4163182,2
1.9041859,0.28738454,0.26954573,0.3573811,-0.5692821,1
-0.5783576,-0.55565035,1.0655289,0.33852857,-0.7482931,2
-0.2097318,-0.122130044,0.44704744,0.62449217,2.8121142,2
0.496997,0.46394706,0.4678736,0.04388585,0.34696716,2
-0.98227566,-1.0301785,-0.30299634,-1.4027512,1.9320937,2
3.610662,-0.8812578,-0.96918285,-0.8770617,-0.17588061,1
-0.49503335,-0.5769441,1.5840025,0.6141811,-0.69097203,1
2.314868,-0.2856186,-0.16224657,0.7306206,-0.38228634,1
-0.3682899,-0.2775957,1.1725233,0.5104929,-1.2950054,2
0.5224241,1.32168,-0.13395263,-0.28552738,0.01633659,2
-0.0048844963,-0.29483324,0.6698838,-1.2235742,-0.6136881,2
-0.34369043,-0.49224484,0.99078864,0.19262964,-0.67483133,2
-0.7110324,-0.5109435,1.0884418,-1.7798456,-0.16193709,1
0.22644584,0.002144456,0.56690437,0.5701144,1.7896223,2
-1.693006,-2.5161679,-2.247986,-1.7642345,-1.0512904,2
0.8351743,2.0572546,-1.0638877,-0.27347973,0.49417847,1
-0.21448247,2.2019787,-0.104549944,0.8695927,-0.63205343,2
-0.32733887,0.06985288,2.0520666,-1.3301508,1.0261581,2
-0.17234647,-0.5603478,1.1128036,0.81587785,2.2409577,2
-1.1790149,-0.4454727,0.4970954,-1.6760608,-1.3407499,2
-0.877939,-0.47971994,0.058251515,1.6765432,-0.04636298,2
0.27667594,1.4646714,1.3817527,-0.005595065,-0.40819743,2
-0.48042315,-0.9348937,-2.0509238,1.7288558,-1.4385808,1
1.5704923,-0.61906695,-0.7741065,-0.2709277,-0.06392267,1
-0.2894248,0.17463683,1.1963924,-1.1758025,-0.8005146,2
-0.849024,-1.1842175,-0.032138824,2.228036,0.1912433,2
-0.6758978,-1.0192672,-0.61348104,1.6081992,-0.22293413,1
-0.29949665,-0.061997935,1.3765891,1.7676982,-0.16539223,1
-0.31362826,-0.43045938,-0.04632689,1.1781812,1.8560547,2
-0.7681585,-0.81717896,-0.50017244,1.036288,1.5592184,2
-0.58306086,-0.75217855,0.11918558,-1.2795144,0.041907623,2
0.34984207,-0.13367902,0.9530769,0.49007618,-1.224966,2
-0.74950755,-0.5525929,0.55527115,2.3016965,-0.23679611,1
-0.09767133,-0.27780205,0.418198,1.5372285,2.1249435,2
-0.37017152,-0.70147246,-0.23223403,1.0317285,2.014463,2
-0.6408993,-0.16028535,0.63345987,0.287165,0.6486813,2
-0.4956173,-0.5022756,1.2620205,0.7210984,2.1016405,2
-0.3712111,-0.70499057,0.85418564,0.70001847,2.7678638,2
-0.7243185,-0.8671797,-0.1449226,0.5887584,-0.30604535,2
-0.3440209,0.18796825,0.8911749,-0.999513,-0.37544113,2
1.1853123,0.0670346,-0.855961,-0.6064388,0.01698344,1
0.6650193,-0.7057165,0.6831359,1.2918158,-0.81487703,2
-0.6869849,-0.21994272,1.2998102,-1.3465129,-1.1352944,2
-0.3562879,-0.3284324,1.1189135,1.1048136,-0.865389,1
-1.099853,-0.7139807,0.4326204,1.1513638,0.033262223,2
-0.56427526,-0.84806997,1.4140744,0.644934,-1.3973179,2
0.7110821,-0.0037939698,-0.35709172,-0.5089973,0.026902614,1
-1.0818503,1.5574169,-0.06784668,-0.01056752,-0.22237736,1
-0.6550775,0.2934189,-0.016614497,0.22641647,0.54392177,2
0.7353539,0.7697696,1.0104908,-1.0764827,-0.5100875,2
0.100986145,-0.093915656,-0.09175842,-0.007239133,1.2677057,2
3.8600557,-1.9928515,-1.043133,-0.35695893,-0.21364781,1
1.312906,-0.2722511,-0.64032495,-0.49939263,0.071085796,1
0.7885665,-0.6982915,-0.8239492,-0.6819147,-0.13709831,1
-0.8041458,1.9932722,-1.5009959,-0.081047446,2.1547654,1
-0.5158181,-0.96122134,0.59716326,1.1902038,1.0868464,1
-0.32775903,1.6150875,0.35809755,0.8878066,-1.053365,2
0.41981095,-0.27412012,-0.032027453,0.6744848,0.94253147,2
-0.7596563,-0.41449988,0.36095646,1.6371652,-0.92868596,2
-0.677716,0.24356335,1.9504105,-1.4250996,0.8759227,2
2.5981529,-0.5294806,-0.67088896,-0.48679736,-0.06780712,1
-0.11234781,0.29937527,0.07367831,0.27000764,-1.2879161,2
0.102674484,2.6776605,-1.5738724,-0.09760419,0.40757802,1
0.006180227,-0.9564167,0.2193749,0.8786295,0.8087425,1
-0.24619535,-0.41035914,1.2314279,0.52265835,0.7620088,2
3.8954346,-1.8950633,-1.3870833,-0.43080103,-0.26328728,1
-0.3482418,0.010283306,0.18004066,-0.789012,0.7886473,1
-0.9932641,-2.053968,-1.9221566,-1.6373959,-0.68325937,2
0.9286065,0.40738037,-0.4065234,1.2883605,-0.8637625,1
-0.16963339,-0.5929148,1.4794984,0.51945746,1.9050548,2
-0.23696065,-0.4792929,-0.22014949,1.9900879,2.8041563,2
2.7821753,-2.0209258,0.45189026,0.2935326,-0.5416113,1
-0.6763192,-0.0045458884,1.1869253,-1.4526737,-0.39296165,1
0.44472083,-0.18963745,-0.94066554,-0.6228808,-0.24857399,1
1.4960549,-0.81161505,-0.8760905,-0.2976519,0.11359526,1
-0.15673552,-0.26134875,1.2553823,-1.070127,0.9187459,2
-0.43205792,1.8856723,-0.36690283,1.1685535,-1.0644938,1
-0.952982,-1.128551,-0.16295068,0.43675402,-0.34031442,2
-0.6344498,1.7269697,-1.5156376,-0.50853384,-0.6899544,1
0.21001443,0.43794262,1.5873221,-1.4338993,-0.21897501,2
0.28738043,1.372258,-1.1866953,-0.92154187,-0.38032794,1
0.78266937,-0.74991256,0.7906087,0.37662062,-0.4220214,2
-0.45741248,2.203356,-1.7519628,-0.115732715,-0.488829,1
-0.62731194,-0.6895913,0.89578515,2.257857,-0.131126,1
3.622024,0.07329016,-0.46930945,-0.16965757,-0.13441055,1
-0.4990399,-0.71107686,0.079046965,0.8465184,-1.2141082,2
3.225187,-0.97895676,0.049502134,-1.0189724,-0.40015048,1
-0.6464643,-0.32432774,-0.89691806,0.70408386,2.5416384,2
-0.42331335,0.2776343,1.0992055,0.6092725,1.8304113,2
0.12034252,0.4727203,0.94192916,0.63010037,-0.7922334,2
-0.5935383,-1.1280018,0.90864015,0.8137732,-1.2255888,2
-0.16803214,0.8392502,2.0677185,-1.3477418,-0.27582374,1
-0.11414498,0.9875254,-1.0324335,-0.95350736,0.023200572,1
0.917056,0.44819504,-0.26602936,-0.7356994,-0.35313046,1
-0.4548755,-0.51511955,1.2592287,0.8593492,2.1845896,2
0.21403974,1.2248834,0.8757012,-1.0268035,-0.48883393,1
-0.21141183,0.36089456,1.4511355,0.34319246,-1.0701782,1
-0.75919193,-0.7922934,-0.49366406,0.92554,1.3146445,1
-0.6511953,-1.352633,-0.759945,-0.7677893,-1.1548321,1
-0.39658114,-0.7097836,-0.12922543,1.1758595,-1.1179833,2
-0.7560538,0.5225582,0.70940894,0.60900825,-0.71274436,1
-0.737271,-1.078225,0.83166176,1.2205908,-1.5568181,1
0.6817138,-0.3731761,0.70915145,1.6337425,-1.1474038,2
-0.08989348,2.595426,-1.8545989,-1.1566242,-0.0644038,1
-1.0065738,-0.6815807,0.30184522,1.0454073,1.0064919,2
2.2340968,-0.81323516,-0.88226116,-0.43293288,-0.1575175,1
0.43218863,1.2370687,0.71936905,0.14409873,-0.4654577,2
2.5539758,-0.66485465,-0.8900436,-0.43028933,0.08605203,1
-0.4138012,-0.84938765,0.9800066,0.6365654,-1.3971368,2
-1.233925,-0.31589642,0.6023644,-1.3132569,-1.033462,2
-0.669657,1.3920782,0.23370564,0.33205023,-0.85017693,1
-0.12866333,1.1897087,1.4192175,-1.0190041,-0.63879377,1
1.9779991,0.49790615,-0.30198753,-1.0641586,-0.053205684,1
2.4007843,-0.9987976,-1.1522434,-1.0062771,-0.16200894,1
-0.45135808,-0.845852,1.234375,1.1069868,2.1420293,2
-0.0029013455,-0.6477879,1.2441818,0.84833723,-1.1596439,2
-0.08200692,0.5074452,0.062989384,0.74442166,-1.0480037,2
-0.34512872,2.114106,0.1281665,0.3274321,-0.10313154,1
-0.17088719,1.7736906,-1.3508434,-0.62080824,-0.21636835,1
0.28773004,0.03286147,0.9208966,0.5417869,1.0295525,2
1.7058471,0.30004013,-0.7607929,-0.18405211,-0.24958086,1
0.2549333,-0.17542839,-1.188592,-0.37600654,-0.28210476,1
-0.92685527,-1.2319738,-0.9561939,0.12822157,-1.056289,2
-0.055219114,-0.6042658,1.349752,0.37849528,1.0597011,2
3.1974847,-0.8343606,-1.4319775,-0.062121004,0.06258696,1
-0.3761705,-0.09612121,0.0071326643,0.69469285,-0.94726527,2
0.09117782,-0.11684554,-0.58942187,-1.6078906,1.4157555,2
-0.09222558,-0.583148,1.665054,1.3001376,1.6110938,2
0.08842502,1.0619389,-0.11392642,0.2514393,0.8739126,2
-1.1577219,-1.7438705,-1.7456235,0.6177122,-1.384928,1
-0.50074625,-0.66801363,0.04371842,0.75049293,-1.1564248,2
-0.7107556,-0.72379553,1.0494123,0.65858877,1.7071583,1
-0.7059465,-0.209546,-0.14589237,1.6496285,-1.2106822,2
-0.7519151,-0.06133601,0.42446294,-1.5496734,-0.68169224,1
0.34943858,-0.43815523,0.7003948,0.47885677,2.0308824,2
1.247498,-0.90874296,-0.81905115,-0.55612004,-0.40241575,1
-0.85080934,-0.5629911,1.038975,0.7603478,0.6011735,2
-0.35768822,1.1157513,0.6257541,0.02440533,1.3664453,2
2.95616,-0.9379006,0.39953193,-1.063729,0.5174628,1
0.6432626,2.0128047,-1.4752475,-0.49902958,1.1228368,1
-1.3787646,1.2470351,-1.5833468,-0.961646,-0.12916552,1
1.1369852,-0.020908264,-0.46455008,-0.04827109,-0.48347452,1
-0.4917207,-0.98313296,-0.35755754,1.7665755,-1.5498364,1
-0.2748052,2.089642,-1.5394421,-0.075252905,-0.43020332,1
-0.7226845,-0.28223008,-0.26856443,0.8031215,0.22498982,2
-0.65092576,-0.25310028,-0.044792753,0.981108,-0.24354139,2
1.177717,-0.37882006,0.4295391,0.7962526,0.46548304,1
-0.68667793,-0.8923051,0.2719363,0.6777552,-0.20866063,2
-0.8334893,-0.5987078,-0.4491986,0.010437056,1.5678707,2
2.6288488,-1.0324568,-0.95375276,-0.3961146,-0.19967452,1
-0.27753577,-0.7806003,0.7499328,0.6378267,-0.87617236,2
-0.1722799,1.0547607,-0.4678315,-0.29439253,-0.70861095,1
-1.2823693,-0.033495158,-2.1183403,1.2143059,0.014414653,2
-0.76952606,0.10093719,-0.20719175,1.7025293,-1.0596952,2
0.3277254,1.352979,0.7036297,-0.7568355,-0.028437555,2
-0.6819155,-1.0191901,-0.07558059,1.1379042,-1.0062664,1
2.479475,-1.8760815,-1.281815,-0.96597314,0.2821572,1
-0.752121,-0.53985125,-0.9733469,-0.08145803,1.2877557,2
0.65810996,0.6068449,-1.6452732,-0.6588741,0.057318933,1
-0.2344745,1.3857778,-0.34427282,-0.22351994,0.8427948,2
-0.5390757,1.7367857,-0.23174733,1.5547936,-0.9294273,1
-0.72521067,0.115620315,2.1053305,-1.4626598,-0.8555919,1
-0.44594097,-0.47131163,0.22290018,1.6525712,-1.085204,1
0.112840615,1.3130879,-1.2681526,-0.49870837,0.33517992,1
-0.49232817,0.58883417,0.96403,-1.297861,-0.2704526,1
-0.7852163,-0.7629648,0.5102259,1.2903835,-0.049159452,2
-0.90312445,-0.7107128,0.19691646,1.4230645,-0.1728261,2
-0.65458155,-1.1827626,-0.5259305,-0.5034292,-0.5401182,1
-0.49471098,-0.69983315,-0.20514739,1.6422497,0.22910519,2
-0.47412673,1.4825209,0.3116941,0.920083,-0.9084256,2
-0.55056906,-0.3576115,1.4658116,-1.4027017,-0.6288429,1
0.5657948,-2.6327424,-1.6280538,1.1707222,-1.0869066,1
-0.43657482,-0.33156782,-0.14070307,1.5181884,1.6418706,2
-0.5011995,-1.138258,-0.18759078,1.709672,1.760051,2
-0.913451,-1.9988637,-1.4503515,0.59248376,2.8284986,1
-0.5522123,-0.3254395,-0.11751618,1.1347054,0.057689056,2
0.22445561,-0.93466014,1.5816262,-1.2319825,-0.8814239,2
-1.8556968,-2.8826747,-1.6130924,-0.36278638,1.0641689,1
-0.6112056,-2.5957618,0.2509653,-1.1339927,0.4422506,2
0.6722203,0.09955453,-0.7314194,-0.56101537,-0.54367346,1
1.9566674,-0.5724968,-0.76397765,-0.468857,-0.30344543,1
-0.3986603,-0.20076856,-0.41720968,-1.0523434,1.5079706,2
0.029161707,1.7583145,-0.02853176,0.99600124,-0.76805586,2
-0.739823,-0.79668325,1.086715,1.0016245,2.6087444,2
-0.7066065,0.30893433,0.70055634,-0.13118431,-0.69920754,2
-0.26410207,2.2672622,-1.1786689,-0.6686634,0.3875915,1
0.21713491,1.6237655,0.07033087,0.08399433,-0.34887943,2
0.0287951,1.5920465,0.12551303,0.17474861,1.143621,2
1.5289885,-0.7046905,-1.100808,-0.1918644,-0.1038079,1
-0.063226104,-0.8574009,1.3880544,-1.581781,-0.8355556,2
-0.24257864,2.1022038,0.22590138,0.25437286,-0.39650312,2
-0.57799757,1.5797857,-1.3446053,-0.7653418,-0.116276115,1
-0.71062183,0.38382745,1.2902591,-1.0980216,-1.0701985,1
-0.62414014,-1.0558387,-0.70603263,-1.042693,1.1002785,2
1.221287,0.9163565,-0.35403636,0.6108569,-0.65363693,1
-0.70675385,-0.5822074,0.23907503,0.94560766,-1.739649,2
-0.17693779,-0.70152473,0.754934,0.02182591,1.0983181,2
-0.2184371,-0.1894267,1.2672052,0.32836545,2.0684164,2
-1.0038791,-0.9531439,-0.1623227,1.2832268,1.5524981,2
-0.6797488,-0.9009843,-0.37635422,-1.2827113,0.16819991,1
-0.5347781,-0.1660555,-0.24234037,0.39202958,-0.25537288,2
-0.64928293,-1.1117774,-1.1552339,-0.6973412,1.2488021,2
-0.35918254,-0.037453998,-0.055979934,0.5100967,-1.0577704,2
2.8118978,-0.9208182,-0.5322721,-0.5428107,0.044449758,1
-0.9955804,-0.94687283,-0.15186116,-1.4016864,-0.43655515,2
2.762393,-0.82708746,-1.221122,-0.34630522,0.09537416,1
-0.7289891,0.93851566,-0.24883962,-0.09286882,-0.0591112,1
0.43503308,-0.6297819,-0.023459375,0.7479627,0.36038518,2
-0.32499415,1.404779,-1.2890664,-0.7292519,-0.28958058,1
-0.0293428,1.4281554,-1.4135096,-0.63993824,-0.2050634,1
-0.06359898,1.0947367,0.90805286,-0.015924782,1.4283891,2
0.3092108,-0.07159178,0.8553716,-1.3313419,0.9178042,2
-0.41168672,-0.07969411,1.9484656,-1.4494327,-1.0715488,2
1.3534896,-0.97769606,-1.0686257,-0.44744802,-0.3526194,1
-1.3576498,-0.20817606,1.134347,-1.3994195,-0.71991795,1
-0.48030135,2.8269567,-1.3908957,-0.0028024465,0.83445925,1
-0.3023637,-0.5342467,-0.10433335,1.5987049,-1.3153452,1
0.07968667,0.2744767,0.62161195,-0.050988138,1.6802181,2
0.33098567,0.9763304,-1.3913914,1.4629989,-0.90813714,1
0.023591086,1.8725023,0.7330862,0.21941373,0.5730296,2
-0.38025197,-0.925692,-0.13886529,0.5340929,1.4479305,2
-0.5266825,-1.2781549,-0.64507633,1.831189,-1.3913891,1
-0.7539768,-0.9642036,-0.35493365,1.7402103,-0.17203152,1
-0.0055057257,-1.1669257,1.2102679,0.63539785,-0.23682514,2
-0.5874655,-0.35432553,-0.121650696,1.8432648,-0.35877752,2
-0.76692975,-0.64086795,0.10094522,0.45174438,1.995585,2
1.043621,-0.7445315,-0.61527866,-0.6143015,-0.058484763,1
-0.4077056,-0.7045894,1.4946319,0.49341992,1.3298788,2
-0.05624765,1.3402163,0.37843132,1.2075694,-1.2544603,2
0.65345955,0.18242335,0.9499692,-1.334617,-0.6215337,2
-0.5057199,-1.1291815,-0.7294893,0.76740825,1.7310461,2
-0.6576436,-0.9042786,-0.7323357,-0.037745625,-0.12913752,2
-0.16468492,0.1380524,1.3124236,-1.7244338,-0.554507,2
-0.83876574,-0.47094393,1.8013067,0.43367913,0.5175859,2
-0.6330579,-0.92664224,-0.14362267,-0.29241318,-0.29751843,1
-0.3695199,-0.8631913,1.0111164,0.38366523,2.2064106,2
2.0891607,0.43639058,-0.5154638,-0.8877377,-0.23540965,1
-0.6032113,-0.5701992,0.29358846,0.4441952,-0.35636204,2
-0.34614938,-0.16997142,-0.029818434,1.0231882,-0.12021989,2
-0.6313156,-1.1242151,-0.13546754,-0.5916246,-0.9462077,1
0.5631417,1.0343678,-1.5422201,-0.13932593,1.4371203,1
-1.0249217,-0.7274795,0.49959356,1.8038349,-0.5110511,1
-0.6188665,-0.47557625,-0.3350289,1.9174777,-1.8631392,2
-0.5115475,-0.62646747,1.7030431,-1.5900009,-1.1590124,1
-0.49034584,-0.19133753,1.6530586,0.69866854,1.8814827,2
-0.82837296,-0.9913386,-0.11997453,0.7036178,-0.46137702,2
-0.6844994,-0.0110384375,0.1766519,-1.4220543,-0.21783704,1
2.9835184,-0.44252363,-1.0328603,-0.47640085,-0.1299701,1
-0.61618733,-0.8471496,0.6419366,1.31329,-1.6763011,2
-0.24598122,-0.9938123,1.1765375,0.70075524,1.0819588,2
-1.0609334,-1.0014265,-1.8972485,-1.9512422,0.029686838,2
-0.4191968,-0.87730163,-0.5845295,0.73806745,1.8588961,1
-0.85104805,-0.9328021,-0.2797707,1.5272948,-0.19378215,1
-0.7049418,0.28978425,1.0172656,-1.5370336,-0.54537976,1
-0.022339612,-0.14797631,1.2729193,-1.3959564,-0.72075725,2
0.25182104,1.8294652,0.8825142,-1.2891235,-0.4113564,1
0.5029326,1.422998,-1.6200757,1.2512583,-0.9811595,1
0.20790212,1.2055416,-1.4891651,-0.8509691,-0.17454952,1
-0.6635983,-0.85788167,-2.1574252,1.4960707,-0.6656106,1
-0.29185325,-0.6219901,0.3079741,1.8052425,-0.8915987,2
-0.4298486,-0.42388195,-0.4318398,2.0505228,-1.8596205,2
0.37168726,-0.26675358,-1.4876655,-0.33094323,0.06624237,1
0.066298306,-0.8036789,0.8425294,2.0024097,-1.2320244,2
3.1042376,-0.8032759,-0.59373724,-0.33372346,-0.29864168,1
-0.00015439093,2.4898195,-1.5735488,0.2634688,-0.5049801,1
-0.35953113,0.67330956,-1.4924518,-0.15296659,-0.58857083,1
0.09278424,-0.12613797,1.5417745,-1.1972868,-0.5525694,2
-0.76488245,-0.9421713,-0.7843579,1.7164977,1.550021,1
-0.09706214,-0.5726229,1.2896802,0.28802207,0.7257034,2
-0.47983456,-0.35801482,0.28461355,2.0283828,-0.5036479,2
2.1982174,-0.97439384,-0.65732014,-0.4964493,-0.35954684,1
-0.7146534,-0.68548334,0.90588117,-1.6620295,3.4319222,2
-0.83883417,0.66244626,1.0774225,0.86261284,-0.5631536,2
0.17202011,1.1011132,-1.6158295,-0.07978135,-0.273366,1
1.6724495,0.5131892,-1.131941,-0.6429829,0.09762744,1
-1.148707,-0.767784,0.5380269,1.4404825,-0.12548259,2
0.17860681,-0.43090978,-2.0020072,-2.1005192,-1.5446818,2
-0.5225487,0.32859161,0.7922858,0.27558053,1.5905192,1
0.6867634,-0.4143869,2.295988,-1.5402223,-0.72347796,2
-0.8291289,-0.7781123,-0.56734306,0.505398,-0.22186343,2
-0.9325746,0.6928609,1.563233,-1.6293582,-0.84586155,1
-0.6424254,-1.1956857,-0.28998107,0.6761549,2.8166122,1
-0.040780857,2.2430744,-1.3351144,-0.18769771,-0.56335753,1
-0.51844746,-0.19405414,1.9451,-1.722772,0.19579993,1
-0.66885304,-0.20200506,-0.20131487,1.5821073,-1.7828679,2
-0.5541,-0.9299247,0.3982218,0.42292333,1.4870583,2
2.6310978,-0.8648415,-1.0330006,-0.6417646,-0.099897414,1
0.26572916,-0.6747108,0.39824486,1.4014245,2.288924,2
-0.5033418,0.23242308,1.6301311,-1.2540908,-0.5873706,2
-0.020251796,1.1482595,-1.1713684,-0.20400219,-0.030127697,1
-0.12630565,-0.09707084,0.62580884,0.3337917,2.1552274,2
-0.17767301,-0.39005923,0.2561456,0.91646504,-0.95105135,2
-0.33722952,0.3692292,1.5601192,-0.9500628,-0.8566377,2
2.1022234,-1.1116499,-0.44952115,-0.4015294,-0.051858794,1
-0.194998,1.2537196,0.23959348,0.9854303,-0.77231944,2
0.37298483,-1.1693755,0.15989304,1.330314,1.8825048,2
-0.30059415,-0.5033459,1.276758,1.009626,2.398048,2
-0.12912527,-0.81036115,1.2920434,-1.3216628,-0.21275717,2
-0.8315942,-0.21558642,0.9623309,1.231093,1.2279838,2
-0.29618943,-1.1074744,1.8586062,0.83670443,0.75581574,2
-0.35653102,-0.71362823,1.3083962,0.56016713,2.4402864,2
-0.35651556,-0.23501377,0.011546541,-1.2871025,0.0048447847,2
0.20104647,-0.41789877,-0.76766914,-0.09739667,-0.3379014,1
-0.18587652,1.6511989,0.9238257,0.0333858,-0.44627368,2
-0.44607064,-0.8362455,-0.07518161,1.8307214,-0.54305345,2
0.72088337,0.27440602,0.4407253,0.8528756,-1.129393,2
-0.63704056,-0.8915197,-0.27440155,-1.2218025,0.18696617,1
-0.12034923,-0.59801614,0.5961885,0.07142662,0.7070437,2
0.15224308,0.1872398,1.5493819,-1.3321157,-0.85802937,2
0.9753314,0.3356779,-1.1906765,-0.71315634,-0.26555136,1
-0.07021719,-0.079976976,1.1694459,-1.015446,-0.3793579,1
-0.34039518,0.65857685,0.7828101,0.19714014,-0.29089624,1
-0.4698726,-0.5391448,2.0243282,0.88369644,0.70177203,2
-0.83017784,-0.56649506,0.30450043,0.66123563,1.188184,2
-0.44654882,-0.5029112,-0.2755539,1.0081297,-0.1949926,2
1.0119551,0.6194073,-0.55329406,-0.16112374,0.06915301,1
-0.40679526,-1.017987,-0.20167999,1.5719566,-0.042451307,2
0.19114943,2.2207456,-0.17299572,-1.0186372,-0.24367562,1
0.6518287,-0.17665689,-0.10877955,0.018013626,0.07755278,2
-0.16114283,-2.8360615,0.65964884,-1.3998629,-0.64877903,2
-0.93225586,-1.3541787,-0.49705514,1.101608,2.5571513,1
0.53813446,1.3959743,0.4302623,-0.0016241595,-0.36334068,2
-0.8551346,-0.60862726,0.13695374,0.71686244,-0.13901249,2
-0.6447044,-0.40479156,-0.007889383,0.55823183,-0.21882027,2
2.8438604,0.14082554,-0.32489252,-0.07867785,0.1902464,1
-0.60576415,-0.04928603,0.8893299,-1.2908313,-0.44841596,1
-0.47670478,-0.12093997,1.2946894,-1.2889398,-0.14781812,1
0.08199412,2.1552386,-1.4312466,-0.40402144,-0.597775,1
0.11896372,1.6548197,0.63922304,0.08110823,0.049589038,2
-0.5041436,-0.51881117,0.0005021319,1.6518747,2.8165746,2
-0.5843802,-0.66826046,0.23223685,1.9724667,-1.2503563,2
-0.305642,-0.92257994,1.4917465,0.6393933,-0.96700174,2
0.7600451,1.422528,0.5410417,-1.0958394,-0.31681252,2
0.24657051,-0.49694434,1.1131094,1.0156306,0.9766718,2
-0.78290653,-0.68996656,0.3753806,-1.9875454,3.5404952,2
1.6981671,-0.79525435,-1.0048028,0.019938856,-0.33410388,1
-0.6308492,-0.7772366,1.6906987,-1.3792369,0.36760998,1
-0.73631996,-0.5609814,-0.19362807,1.9842165,-0.32784897,2
1.7914209,1.5028667,-1.5635381,-0.10756942,-0.512431,1
-0.5039496,0.66389334,0.15535249,-0.43248528,-0.1889671,1
-0.8191951,-1.0389438,-0.7573782,-1.061231,0.017768443,2
-0.03715378,-0.47601426,1.1209315,1.1140038,1.6834177,2
-0.89526844,0.17447865,-0.2986529,0.6159772,-0.15906887,2
-0.9795968,-1.0320312,-0.19459814,0.30139005,-0.7298138,1
2.4494042,-0.58532226,-0.99787414,-0.5732918,-0.50103796,1
-0.46481875,0.03870731,0.82729006,0.15745024,-0.9960471,2
-0.42760047,-0.46280557,0.24933103,0.7239203,-0.33957508,2
-0.8772263,-0.8092201,-0.19438452,-1.5613405,2.6243465,1
-0.40546334,2.733513,-1.5132574,-0.10003835,1.1438241,1
-0.223155,-0.54590476,1.4820316,0.92745507,1.922907,2
-0.25163168,0.56048363,0.024116242,1.2582072,-1.0684279,2
-1.0848635,-2.363634,-1.8290229,-2.036709,-0.250279,2
-0.87809473,-0.27141055,-0.3056847,0.7633152,-0.110620715,2
-0.54534733,-0.612474,-0.19832051,0.6598031,-0.24437511,2
-0.70850676,0.6737075,0.028817236,0.08058971,-0.73593605,1
-0.3315291,1.312907,0.36454937,-0.270756,1.3322024,1
-0.33488625,0.18125948,1.245934,-1.4013278,-1.2409736,2
-0.46090245,-0.676342,0.9362588,0.20353124,0.78213906,2
2.8868608,-0.3781629,-0.6427994,-0.66558707,0.9412114,1
-0.041213483,1.4676638,-1.455138,-0.73602444,-0.11963083,1
-0.5078498,0.20779645,1.5205351,-1.5375493,-0.49551666,1
-0.44509894,-0.85691196,1.0429746,0.7172219,-0.87086743,2
-0.2987123,-0.35719767,0.8449564,0.4832567,-1.2417848,2
-0.34850252,1.325855,0.92228967,0.1748264,-0.50252986,1
2.9689531,-1.7288069,0.51805073,-0.050939806,-0.6456672,1
-0.38970694,-0.40261537,0.43515855,0.81489974,-0.81134504,2
-0.32631487,-0.707222,1.2367359,0.994243,-1.1246023,2
-0.65012383,0.1655408,1.3333069,-1.3248346,-0.64256406,1
-0.56775534,-0.62367445,1.3874216,-1.5255437,0.010956019,1
-0.3085568,0.78543776,-0.09414831,-0.3847716,-0.20795807,1
-0.57543194,-1.0378538,-0.51518553,0.05604835,-0.2740425,2
-0.30853432,-0.782224,1.9805887,0.58044374,1.1188692,2
0.28347695,0.64925295,1.7029045,-1.116774,-0.3215804,2
-0.20170109,1.5281832,0.19552752,0.11708981,-0.74461925,2
0.5092352,-0.05226222,0.6361737,-1.8614748,2.1874418,2
0.2685424,1.8413535,-1.7027184,-0.72035915,-0.38260275,1
-0.7301053,-0.94097626,-0.13760726,0.4810152,2.761007,2
0.07617228,-0.93824875,0.7971336,0.4284764,0.6787517,2
-0.6430554,-0.26736107,1.889375,-1.7083225,0.6706734,1
1.3027838,0.7569027,-1.3972249,-0.74030244,-0.4471861,1
-0.20484939,1.6812991,-1.2743032,-0.97854507,1.448125,1
-0.011412159,1.7252239,-1.7690725,-0.84910905,-0.3186408,1
-0.9289212,-0.7739129,-0.3780154,0.50444794,-0.12309898,2
1.357616,-0.81434,1.4611145,-1.1002882,-0.5389738,1
-0.579825,-0.4922069,1.9728621,-1.6647092,0.69352055,1
0.34331727,-0.4483552,-1.0334883,-0.5018069,-0.44601333,1
1.1483464,0.24213365,-1.2105539,-0.5693274,-0.051160812,1
-0.24169824,2.3410044,-1.7866737,0.5619305,-0.8391389,2
-0.6301921,-0.6364253,-0.9597006,0.47445497,-0.3155655,2
-0.7577004,-0.3847318,0.34982938,-1.3376787,-0.52314854,1
3.5446436,-1.2313709,-0.8795296,-0.5458777,-0.0933007,1
0.24557167,-0.057321705,0.8969383,0.54230344,-1.4704139,2
-0.76930773,-0.735232,-0.41899666,1.0478878,-0.23857245,2
0.025706112,-0.25193608,1.2704444,0.0928569,1.7740115,2
-0.27503976,0.8438595,0.36117506,0.019084647,0.14863577,1
0.7022445,-0.17548364,1.7383457,-1.2316452,-0.6530613,1
0.029141337,-0.0041814744,0.61323094,-1.2275587,-1.2464797,2
0.7029347,0.57055426,-0.15263665,-0.3296114,-0.40754098,1
1.6521035,-0.36445975,-0.9442347,-0.71559966,-0.109801516,1
-0.44628403,0.5891229,0.9883702,1.1509778,-0.7110093,2
-0.66086,-0.7305053,0.47099134,-0.3332848,1.9665668,2
-0.1290547,-0.6851617,1.4118174,0.78945225,-1.1051257,2
2.5935724,-0.8591143,-0.589763,-0.41888744,-0.228757,1
-1.211723,-0.6691669,-0.14088939,1.3208725,-1.7361503,2
-0.7058266,-0.7707248,-0.004817851,2.1410515,-1.7657511,2
-0.71432376,-0.68902373,0.114646316,1.48007,-0.015051231,2
-0.6311413,-0.33733034,1.772329,-1.2534513,0.843693,2
2.0364532,-0.8194572,-0.8968073,-0.8079775,-0.04195568,1
0.8108666,-0.5279039,2.085183,-1.2477926,-0.47878185,2
0.5247748,0.8161081,-1.6878772,-0.34359598,0.28548735,1
-0.31526458,-0.59750754,1.6237332,1.2576118,2.2246366,2
-0.86981404,1.0477313,0.06881158,-1.1501166,-0.4874801,1
2.3655624,-0.95790046,-0.7007305,-0.27100188,-0.0859289,1
0.688047,0.91497594,1.2278589,-1.3265018,-0.60776997,2
-0.32999077,2.1087818,-0.40853602,0.11186215,0.93955475,2
0.30447042,1.1691579,-0.40886837,1.3289844,-0.3862613,1
-0.35556906,-1.0908777,0.94595057,0.64842236,-1.1363314,2
-0.3297274,2.3328252,-1.746587,-0.24382782,1.0371685,1
1.3451731,-0.8193739,-0.61503446,-0.28722045,-0.311268,1
-0.84463024,-0.33599582,0.7580033,1.695931,-1.0968989,2
0.66743094,1.337745,-1.5024624,-0.31584838,1.3080556,1
0.7649881,0.58780223,-1.2523521,-0.47545385,1.8688108,1
0.6870197,-0.15805471,-1.8049618,-1.4672438,-0.8454436,1
0.041002125,0.4427377,-0.44965577,-0.01237233,-0.19194418,2
2.1000447,-1.1095883,-0.8033637,1.5887725,-0.989146,1
-0.38596052,0.25087014,0.95146847,0.31125832,-1.2872258,2
2.4230618,-0.9683312,-0.84608984,-0.44005123,-0.16932426,1
0.13053258,0.12974587,0.65096664,-1.2721388,-0.5590491,2
-0.2771692,0.586382,0.8206192,-1.1499691,-0.8066622,2
0.41838467,-0.337314,-0.4386914,-0.36837876,-0.01400739,1
-0.5075393,1.5943117,-1.5184612,-0.36430994,-0.29342875,1
2.253147,-0.032589518,0.014751017,0.16426103,-0.24347472,1
0.41345012,0.8350887,-1.3081114,-0.7969004,-0.6169697,1
-0.002341047,-0.49513647,0.96965545,0.29291046,0.6096578,1
-0.6211038,0.25469434,1.6027832,-1.072202,-0.18101406,1
-0.094239905,-0.022016,1.011944,-1.0848593,-0.7719007,2
-0.07019085,-0.60648054,1.3529282,-1.5836594,-0.21116856,2
-0.80647254,-0.83985305,-2.0635037,1.6076261,-0.2676664,1
-0.7998247,-0.41761908,0.37549633,1.6428031,-1.8292965,2
-0.17361164,0.055629775,1.4375222,-1.4987054,-0.30827755,1
-0.63518786,-0.5514785,2.0045648,-1.6256729,0.5258882,2
0.5509338,-0.6673028,-1.0313184,-0.41288674,-0.41995957,1
-0.18183896,2.1714363,0.22119668,0.027390584,-0.72106725,1
-0.76072407,-0.9199325,-0.03496904,1.3012193,-0.30766392,2
-0.64089817,0.8602914,-0.09455755,0.46312684,-0.7990212,1
-0.6486024,1.1873558,-1.4929537,-0.37737703,-0.3093068,1
0.34732887,0.24514648,0.70210433,-1.3101057,-0.6902195,2
-0.3488999,-0.29659742,0.7693168,-1.1055151,0.34480566,1
-0.1959729,1.2243081,1.1811891,0.116092056,-0.6463111,1
-0.6236263,-0.8108428,1.0898818,0.4652332,2.0611897,2
-0.5016053,0.40192544,0.4079215,1.6268483,-0.23167452,2
-0.08758202,-0.84740704,-0.61720806,0.56427807,-1.2302291,2
1.4483438,0.6595749,-0.33675843,0.6282355,-0.7540901,1
-0.39642063,-0.2642652,0.13964838,-1.8261129,-1.9202459,2
-0.8406247,-0.44695202,1.2931724,-1.7147948,-0.75998086,1
0.6796057,1.6514564,0.08243424,-1.2092099,0.015928686,2
-0.59836614,-0.06654626,0.88836896,-1.1564307,0.07106958,2
-0.17357653,2.1982603,-0.11279937,-0.27805102,0.13952294,1
-0.7179368,-0.7347747,0.30409062,0.9684665,-1.1811974,1
-0.21985838,-2.6687396,0.40831733,-1.4319985,-0.07243485,1
-1.5327905,1.0948102,0.17252637,-0.8095191,-0.17220074,1
-0.90879315,-0.761804,-0.5171647,-0.9817544,-0.23223922,1
-1.1963382,-0.84772336,0.018850528,0.14106664,-0.25463152,1
0.3700448,1.4999777,0.04581578,0.8888929,0.6473603,1
0.6804108,1.8006037,-1.323547,-0.7098471,0.14017989,1
2.3775783,-0.72846305,-1.1580133,-0.70534605,0.14198035,1
-0.8769318,-0.50184107,0.0014519095,1.8149011,1.7600887,2
0.07921332,-0.6000209,0.5375508,1.244035,2.3559368,2
-0.23260225,0.9344542,-1.8506567,-0.71427304,-0.5498663,1
-0.034265034,-0.001772698,1.0574946,-1.4491336,-0.4855519,2
0.29872817,-0.4933173,0.63417363,0.63604635,2.2481809,2
-0.5803977,-0.32356942,0.012349156,1.454185,-1.3214104,2
1.1236612,-0.31837282,0.55795157,-0.024164438,0.78800213,2
-0.25814578,-0.525179,0.16524969,1.8968257,-1.7900965,2
-0.6713746,-1.2571819,-0.036996976,1.1059477,-0.025073186,1
1.6587315,-0.30206954,-1.1505023,-0.43019795,-0.30434173,1
-0.58241177,1.0769165,0.17242391,0.10599084,-0.7211871,2
-0.034035563,-0.31382957,1.3715875,1.1675435,-0.8962271,2
-0.2673599,-0.45787832,0.51606536,1.1507211,-0.7218726,2
-0.95028836,-1.1110625,-0.05906374,0.42505783,-0.31957608,2
0.4170162,-0.14794004,1.4218211,-1.2848219,-0.5622785,2
-0.70369613,-1.1688763,0.021741986,1.5404406,1.8659953,2
-0.1413165,-0.099364996,1.4668586,-1.4045445,-0.5074516,2
0.42771035,0.7490754,-0.4270407,0.3417309,-0.45696273,2
-0.1693779,-0.72675896,-0.49336568,0.8769383,0.64892495,2
-0.45822766,-0.36773348,0.7918807,0.9419161,2.2975478,2
0.1564297,0.26674828,0.26101398,0.31826204,1.9029787,2
-0.9309655,-0.55638266,0.45664912,1.5126421,-1.2641869,1
-0.27518788,0.7016212,0.38198432,0.42996135,1.8445499,1
-0.73808086,0.42754507,0.31111613,-1.1803645,-0.28484288,1
-0.42433786,-0.693145,0.66125256,0.96823215,2.4722207,2
0.27295226,2.2676964,-0.16227877,-0.7797996,0.30538914,1
-0.5577581,1.3142018,0.008277997,0.28496945,-0.026970401,1
-0.83614224,-0.9296975,-0.5711474,0.071825,-0.121613964,1
-0.5873025,-0.27704313,0.008404821,1.2646347,1.71441,2
2.702686,-1.0183574,-0.94986486,0.57133514,-0.41036013,1
-0.09830788,-0.71240234,2.377302,-1.0290003,0.8513981,2
0.5205649,-0.5326855,-1.1291522,-0.5035737,-0.16289449,1
0.6270115,2.175563,-1.3656449,0.649232,-0.98267865,1
-0.70863515,1.0274428,1.1522055,-1.1129618,-0.8840047,1
-0.5313004,-1.3315893,-0.37954,0.782374,1.5755762,2
-0.02001831,1.6300004,0.986416,0.071045585,-0.42912877,2
1.6118716,-0.30777586,-1.0809237,-0.55305856,0.21722633,1
-0.37925744,0.8792684,-1.3042955,-1.0703145,-0.29446548,1
0.17380331,1.0664368,-0.08945161,-0.63844895,-0.63502276,1
0.9039354,-0.078135714,-0.2810012,-0.035973027,0.5427265,2
-0.5720034,-0.33548236,0.16985331,-0.27784437,1.1471498,2
-0.7560273,-0.70236075,0.28916454,1.2559952,-0.06286095,2
-0.816898,-0.58799994,-0.36401474,1.8964953,-1.6876045,2
-0.6720099,-0.6956875,-0.4865029,-0.03996098,-0.11863199,1
-0.62312514,-0.00016307831,1.6385295,-1.5790793,2.0204945,2
-0.5304724,-0.33069724,-0.3489777,0.36933717,1.4595556,2
0.33193997,1.1966568,1.1108989,-1.4184597,-0.38385397,2
-0.35443226,-0.10943029,1.2950954,0.5821969,1.0432373,2
-0.8253616,-1.18026,0.13221191,-1.1537298,-1.6703014,2
1.5969591,-0.6814773,-0.89151,-0.19826803,-0.18215893,1
3.4322531,-1.5799661,-0.6281637,-0.5256033,-0.1495285,1
-0.22826135,0.013348143,-0.40404892,0.2278342,1.2256743,2
-0.34045827,1.1132636,0.3269844,0.07207315,-0.07550976,1
3.2403111,-0.5693623,-1.2856013,-0.37576306,-0.15556434,1
-0.41517764,-0.52786803,0.17873126,1.3168501,-1.0978454,2
0.4388607,1.6271453,-1.0873963,0.05261624,1.5839015,1
-0.33636826,-0.4148947,1.3180771,0.19961911,2.1267586,2
1.8089856,0.7545397,-1.4670599,-0.75461483,-0.25386208,1
0.7058398,-0.44670442,-1.0319505,-0.5518449,0.035169337,1
-0.71086407,-0.8378416,-0.28762588,1.6278863,-1.3632321,2
-0.06142337,1.7652074,-1.5955588,-0.93078697,0.32192162,1
-0.12945133,-0.36887637,-0.27525768,0.5046574,1.0847883,2
-0.7239944,-0.23703116,0.4345478,0.30527824,1.9013494,2
3.1040077,-1.8217113,0.59824234,0.018441038,-0.2503416,1
0.93452555,1.482795,0.0051024854,-1.0932543,-0.65489626,2
-0.15577894,-0.8702971,1.3741652,0.54122055,0.9505123,2
0.7238543,0.48040837,-0.33894098,-0.041361652,1.3025578,1
1.405424,0.44543695,-1.3769647,-0.46084422,-0.2304148,1
2.600002,-0.22561659,-0.51589704,0.17684317,0.2869537,1
-0.7444441,-0.7756099,-0.46391243,0.3937438,0.072594404,2
-0.95650434,-0.7947526,-0.09683911,0.5133792,-0.19419818,2
-0.69120747,-0.74508804,0.1488323,1.4089915,-0.1639299,2
-0.5028438,0.035179585,0.0018468946,1.1444272,-0.28771117,2
2.0937958,-0.9471443,-0.6641949,-0.57015496,-0.052523945,1
0.5256616,2.4887955,-1.4213128,-0.4536339,0.6451119,1
3.073595,-1.591937,-1.1534363,-0.6998687,-0.5112001,1
-0.47074205,0.8832972,-0.10179599,-0.062089294,0.15568732,1
-0.76619625,-1.147049,-0.44567433,0.5269649,2.5766711,2
-0.38734525,1.3424088,-1.2090225,-0.9752068,-0.24266261,1
-0.13793945,-0.32753083,1.3493004,-1.1465551,-0.54309446,2
-0.79748833,-0.9586542,0.020425856,1.6789864,-0.32953048,1
1.1138376,-0.01965423,0.66341376,0.5378474,0.6781167,1
-0.3728639,0.25604263,-0.23551995,1.0708457,-0.6909309,2
-0.96101874,-0.47741082,-0.79755116,0.10150522,1.581483,2
-0.54310364,0.100969516,0.78131765,2.1159058,-0.95835245,2
-0.98101413,-0.34824222,0.78202486,0.6092891,-0.80410653,1
-0.12387316,-0.054549098,0.90587103,-1.2763693,-0.554031,2
1.1358222,0.13134134,0.3356882,0.2308357,1.092079,2
-0.87467134,-1.0282972,-0.6706668,0.5451045,-1.0768635,2
-0.6567268,-0.6900034,1.144774,0.1688411,0.67895436,1
-0.26243556,1.9442022,-1.5598788,1.2011471,-0.71340525,2
3.1797183,-1.7346014,-1.2244997,-0.6782727,0.005751401,1
-0.34065259,1.5118392,-1.5872011,-0.2900319,1.2872826,1
-0.6331086,-0.60761046,2.0018208,0.5480371,1.1152034,2
-0.7308573,-0.23352107,2.239073,-1.8432821,-0.16163902,1
-0.70145017,-0.1962586,-1.3299079,-0.037870705,0.7365025,1
3.4808524,-1.8643767,-0.91958266,-0.71466464,-0.4825213,1
2.642635,-1.1385794,-0.9387932,-0.14715207,-0.23759082,1
0.370441,1.4005601,-0.27398676,0.3315183,0.61249536,2
1.0398548,0.59215045,-0.31275827,0.14796454,0.08280088,2
-0.8306026,-1.0334852,-0.2667247,-0.9190812,-0.708336,1
0.7804574,1.3004148,-1.6331866,0.24882405,1.507144,1
0.34833854,1.213459,1.3906182,-1.1508733,-0.36511445,2
-0.5256616,0.22859426,1.2151082,-1.0816373,-0.33473417,2
-0.22912413,-0.114505835,1.9409169,-1.3682203,-1.091875,2
-0.62469053,-0.86309874,1.1649737,0.81528,2.7812512,2
-0.7825892,-0.54163146,-0.61220783,1.4043579,-1.7644627,2
-0.8924141,-1.3178108,-0.97346616,-1.4324733,0.04312402,2
3.0605261,-1.1070781,0.3215508,-1.189534,0.3710068,1
-0.10264461,0.6220516,0.37800428,-0.16771637,-0.39612138,1
-0.14920735,0.06141623,0.2367751,0.3363089,-1.5027454,2
0.18757455,1.1320328,0.27784505,0.89492595,-1.0625544,1
-0.7462325,-0.5291932,0.558878,1.6511635,-1.3283193,1
-0.8740357,-0.89340824,1.1980271,1.2799861,2.6785197,2
-0.4016722,0.13622028,0.4760469,1.4784626,-1.1357808,2
0.48683974,1.4742773,-0.2098411,0.53357875,0.18514484,1
0.1844776,0.08770925,-0.36949858,0.2761365,1.0242453,2
-0.7397929,-0.95109373,-0.0032010637,-0.033063315,-1.4180623,2
-1.0373399,0.04117538,0.93609965,-1.5430605,-0.21350095,1
1.0545682,0.91563106,-1.2535152,-0.46866295,-0.27348733,1
-0.1407724,0.9748851,-0.22527438,-0.3195728,0.3003845,1
-0.8603961,-0.3733613,0.889544,0.79155874,-0.9420176,2
-0.42900568,-0.9218583,0.076910675,1.616135,0.2415524,2
0.027414829,1.3269951,1.1749266,-1.2911444,-0.41783607,1
-0.49387482,0.5194311,1.045873,0.16734791,-0.687769,2
0.022245586,-0.25784957,1.4132292,0.5960059,1.5158631,2
0.92287004,0.05495633,-1.3998609,-0.49999735,-0.24362686,1
-0.5279577,0.83307856,-0.046445273,1.1270982,-0.19142696,2
-0.06615932,1.2836624,-1.5752534,-1.2935839,-0.28968012,1
-0.700024,-0.45500877,-0.10472092,1.8134714,-0.19293201,2
-0.18952063,-1.0651741,-0.7486397,1.0369278,1.9363182,2
-0.5515535,-0.7319032,0.87208474,0.879437,-0.42167774,1
-0.22497517,0.42372423,-1.350881,-0.8922087,0.18527317,1
-0.9798959,-0.71121716,-0.21862645,1.2388502,-1.837991,2
-0.9073193,-0.7329336,-1.5128413,-1.6104707,-1.1978986,2
-0.38796747,1.3626248,-1.5519603,-1.1550401,-0.26666567,1
-0.30364406,-0.5482942,0.00093864463,2.210664,2.127919,2
-0.6966669,-1.1016383,-0.26291272,1.0488609,-1.9260453,2
-0.6337443,-0.86049485,0.44474828,1.4315399,-0.48956418,2
-0.7473761,-0.80118126,-0.33329043,2.0478158,-1.4057887,1
0.9544442,0.5577034,-0.45757437,0.8795036,-0.86591417,1
1.8853242,-0.36580238,-0.79860985,1.530979,-0.5938732,1
-0.70804554,-0.36534524,-0.061154276,1.7982068,-1.0961115,1
0.92136735,-0.9427774,-1.0703968,-0.5523778,-0.25183746,1
-0.12257847,1.42383,0.46203995,-1.1128342,-0.19143799,1
-0.73068136,-1.0052854,0.29388532,1.8037317,-1.5860595,1
-0.2830441,-0.9344275,1.3985893,-1.3547711,0.7681714,2
1.1944244,0.41938293,-0.12585093,-0.5689067,-0.2962151,1
-0.7509892,-1.0962547,-0.09377901,2.062587,-1.8595762,2
-0.036668926,2.0580225,-1.649637,-0.8406026,-0.60008806,1
-1.1666054,-0.943906,-2.159606,-1.5418079,-0.7601975,2
-0.88142204,-0.33381072,0.46201387,1.240907,-1.1033325,2
0.061159626,-0.14037457,1.4590052,1.8323894,-0.14153579,2
-0.36210904,-1.0541313,1.5562747,0.33232653,1.9436774,2
-0.09566548,1.7745421,0.78878635,-0.22041723,-0.55475175,1
0.5255316,-0.3876622,1.7342563,-1.7493839,-0.86475694,2
2.676312,-1.9472096,-1.0772905,-0.7076959,-0.3496244,1
-0.39891177,0.9297622,-0.46218064,-0.43912175,-0.45206293,1
-0.27753192,-0.42515272,0.9957817,-1.3038886,2.0602484,2
-0.65811604,-1.1084538,-0.7619938,-1.3234378,3.146723,2
-0.27263927,-0.93520814,-0.3338757,-0.2411079,1.5672503,2
-0.032084033,0.62231696,1.3098356,0.41573167,-0.52975154,2
-0.634238,-0.34601796,0.12557276,0.6781886,1.4787592,2
-1.3360814,-0.006147526,0.39215988,-0.21525598,-0.0005416274,1
-0.11538126,-0.7740873,0.40889207,0.270245,0.1487414,2
0.32455388,-0.5961341,0.95766175,0.9487231,1.1852366,2
-0.1451903,-0.6650268,1.4134927,0.85164857,0.9534327,2
3.8115988,-0.4077355,-0.6486313,-0.096311875,-0.27554357,1
-0.5147455,-0.46165028,1.692755,0.33955806,0.31401354,2
-0.464181,0.0474877,1.6572983,-1.5306333,-0.41371787,1
-0.66572964,-0.91444117,0.7406847,0.9812454,2.3998506,2
-0.7543409,-1.0115331,1.0878992,0.9562255,2.6346645,2
-0.47241947,-0.8390841,1.0253286,1.2245072,0.59639686,2
-0.21219802,0.45643407,-0.28592226,-0.38850027,-0.03455229,1
-0.31619057,-0.65632504,0.03056255,-1.3079939,2.0614603,2
0.050834462,2.186355,-1.6222101,0.123380035,-0.9662954,2
0.34865767,1.159639,-0.24011484,1.3427888,-0.7677706,1
0.09368482,-0.4244846,0.81144893,1.2262255,2.2007623,2
-0.25079238,1.1317217,-0.2002363,-0.46311098,-0.88445497,1
-0.5784793,1.2818516,0.08976917,0.09137675,1.0889814,1
1.541075,0.015015673,-0.5570347,-0.5878069,-0.31826532,1
0.7595432,0.7757957,-0.07253066,0.5099483,0.7702824,1
1.7298174,-0.11415496,-0.7531426,-0.5727016,0.061086684,1
1.7418083,-0.60141975,-1.1717676,-0.5327513,-0.8044952,1
0.36804888,0.1089869,1.7002451,0.17304602,0.52900285,2
-0.93927187,0.15303665,0.17042907,-0.06628367,-0.025419414,1
-1.0393264,-1.0294906,-0.10692567,1.4004856,0.8579403,2
-0.33170345,0.92386645,0.4138838,0.1738442,-0.61415595,1
-0.5004833,-0.27952492,-0.2530918,1.5562524,-0.34887266,2
-0.6933967,-0.55682564,-0.15302907,1.0623654,-1.2229452,2
-0.7338271,-0.85488594,-0.25298262,1.3095407,-1.2783285,2
-1.0737746,-2.4851828,1.4045404,-1.7017171,-0.75944567,1
0.26581034,-0.47099358,-1.2569197,-0.7830815,-0.5310533,1
0.90814584,1.9216213,-1.5972489,0.04823248,0.12969284,1
-0.9729296,-0.92791665,-1.67905,2.3290515,0.021963075,1
0.9323716,1.1257463,0.5760469,0.33001012,-0.79497653,1
-0.20159392,-0.07582096,0.60235524,-1.3169386,-0.87253135,2
-0.8141925,-1.2835749,-0.9305391,-1.2897692,1.2684405,2
-0.4664997,2.8436728,-1.8310157,-0.7515872,-0.28371733,1
-0.30037278,1.0356212,-0.17790857,-0.4572479,-0.23463508,1
-0.1609951,-1.2427568e-05,1.1792051,0.357038,1.7102954,2
0.72759354,1.0763953,0.4782548,-1.2191875,-0.24253248,2
-0.31004554,2.5762577,-1.8565215,-1.0696055,-0.2920187,1
0.41494048,-0.6788365,1.0167763,0.44713408,-0.41859752,2
-0.21205214,1.6998335,-0.23863648,-0.03904639,0.32287276,1
1.7453047,0.078422315,-0.7127784,-0.44780588,-0.113295734,1
-0.7453487,-0.5607719,-0.57110596,0.73820496,2.3735542,2
-0.61019874,-0.28123978,0.837337,-1.4999714,-0.89201486,1
-0.7070074,-0.62212694,-0.3020792,-1.5898554,-0.362934,2
-0.04628299,1.5491079,-0.112647146,-0.69081974,-0.6431545,1
-0.9257392,-0.7136311,-0.14651155,1.3191242,-0.10076054,2
3.2482936,-1.7879304,-1.2115794,-0.24641441,-0.095887214,1
-0.8066308,-1.0901295,-0.32570714,0.107521355,-0.3110227,2
-0.76097274,-0.51014924,0.4973582,0.001263611,1.7150877,2
-0.9080794,-1.142066,-0.5743192,-1.1976131,1.4762417,1
-0.72997034,-0.3976972,0.87107164,1.2125745,-0.012662604,1
0.2274029,1.6781814,0.65998673,-0.8764275,-0.51804405,2
-0.62503767,0.36776167,0.85576355,0.09383799,-0.85571975,1
2.2734618,-0.74981534,-0.45956427,-0.66936314,-0.0025366321,1
-0.5988848,-0.6028955,-0.2803721,0.4806888,-0.23143499,2
-0.14882828,1.0031046,0.013573108,-0.99338746,0.5413423,1
0.565096,1.5731671,-1.3320348,-0.005894333,-0.18069515,1
0.3828234,0.56455666,0.97410035,0.6769818,-1.1056565,2
-0.6268612,0.19154385,-0.40965074,0.48395875,-0.4713114,2
-0.8151909,-0.6585406,-0.23058745,1.511416,-1.9624834,2
-0.36797863,-0.76175654,0.49302435,2.1242762,-0.4931497,1
-0.85906386,-1.2856133,-0.015170544,-0.03358267,-0.6678072,2
-0.6882061,-1.0819825,0.071167514,0.33485484,-1.2338645,2
-0.5906719,-0.40945157,-0.1437288,1.0565778,-0.22523335,2
3.1842344,-1.8347402,-0.9090438,-0.37131107,-0.35494512,1
-0.8307185,-0.7731078,-0.10424051,0.79693747,-1.6359926,2
-0.54049367,-0.27788776,-0.0900179,0.5916128,2.0135453,2
-0.18357842,-0.36857098,0.8912329,0.78945583,0.8309021,2
-0.8726299,-0.84227127,-0.16975543,0.1018002,-1.3846446,1
-0.4191856,-0.6872297,2.3297205,-1.099886,0.69332945,2
-0.07311243,-0.14396442,0.7698153,-0.9851027,1.7226845,2
0.060033917,1.4076616,0.28330657,0.17359743,-0.30298567,1
-0.71071523,1.9407369,-1.1998711,1.0229825,-0.7867129,2
1.0740459,1.3747132,-1.4686588,-0.64960146,0.42798012,1
-0.60993195,-0.59140843,0.1986114,-0.24145684,1.2031829,2
-0.7846942,-0.56623524,-0.23860538,1.5101421,-1.2456684,1
-0.45881543,0.34929043,-0.18540959,0.522527,0.90124077,2
0.051773097,1.6092702,0.14771987,-0.03794895,0.6645772,2
0.16683768,2.0634067,-1.4479535,-0.8630473,0.27041563,1
-0.68199927,-1.0574598,-0.58643484,-0.02420513,1.4300097,1
-1.5362418,-2.6809168,-1.8794515,-1.1917948,-0.15723908,1
-1.7255765,-1.2707804,-0.9897946,-0.31636223,-0.37024224,1
0.08620851,0.8644636,-1.5618384,-0.7131353,0.36811072,1
-1.1600485,-0.21708593,0.26655692,0.8378967,0.831604,2
0.31735733,-0.5447727,0.051790968,0.770296,0.55071175,2
0.14137504,0.41994542,-0.15959373,-0.8928928,0.09793063,1
0.47497088,1.7477798,-1.7555711,0.47927424,-0.40524793,1
0.05373846,0.26791662,1.2337248,-0.95671463,-0.5210401,2
-0.16913168,0.41080675,0.3690147,-1.1081285,-0.39971176,1
0.3548547,0.014654815,-0.659021,-0.68049467,-0.33017737,1
0.726378,-0.63396835,1.5360012,-1.2465876,-0.52390605,2
-0.035868518,0.5479659,0.8943974,0.3302306,-0.62707573,1
0.3816498,0.7587854,0.16232502,-0.38668936,-0.88052106,1
-0.5611929,-0.20310754,0.868647,1.0407557,-0.25780147,2
-0.480228,-0.7857622,-0.24418934,-1.2469947,0.0029212236,2
-0.71731895,-0.9178587,0.37149394,-1.0525265,0.6768105,2
1.5159022,0.917832,-0.72967005,-0.0687243,0.7086512,1
-0.8458489,-0.5333738,0.42583716,1.5656179,-0.97010505,1
-0.73336303,-0.82715094,2.1047757,-1.6941513,0.64049,2
-0.6448776,0.36570302,0.23941408,-1.1130719,0.17109355,1
0.83532536,0.13621505,0.3899723,0.18090254,0.011800259,2
-0.53877014,0.13349365,2.4296076,-1.3828061,-0.67326534,1
-0.8988615,-0.6069783,-0.061204694,0.43014506,-0.033126503,2
-0.3361343,-0.13669491,0.5122966,-1.0519391,1.6180742,2
-0.1056559,2.1471066,-1.5141175,-0.78032947,-0.6864592,1
-0.10106662,-0.46592525,0.6990767,0.6346671,-0.96881914,2
-0.53141934,-0.70083183,1.1060423,2.2762146,-1.5912561,2
-0.48562106,0.17845428,1.1260235,0.42980796,-0.7328881,1
0.46700013,1.2643718,0.49657008,-0.9377282,-0.46590137,2
-0.33609822,0.10388045,-0.25966617,2.1732306,-1.0890226,2
-0.74498725,-0.5834183,0.8806138,0.9056474,1.2178211,2
-0.08964665,2.8829906,-1.7272524,-0.47336414,0.19345804,1
-0.68670094,0.8748585,0.79722756,0.15087041,0.5658725,1
-0.44972223,-0.44296306,0.41350788,1.7975667,-1.2178712,2
-0.4439881,0.8474883,-1.2049371,-0.67353475,-0.33694887,1
-1.265805,-0.79048693,0.13285314,0.72610545,1.3815868,2
1.1560488,0.34776855,0.08491336,-0.15903834,0.545743,1
0.913861,-0.031323586,-1.7606903,-1.5206319,-0.47028923,1
-0.74650955,-0.9959725,-0.12017852,2.1611063,-1.530937,1
-0.18224666,-0.24039344,1.3408233,-1.1780486,-1.146992,2
-0.07732667,0.50762624,1.0515763,0.018537506,-0.44062674,1
2.4940639,-0.5974043,-0.46355322,0.590028,-0.7343303,1
-0.13495684,1.2455934,-1.5623126,-0.88037354,-0.5280287,1
-0.14231661,2.3829153,0.14858471,-0.10338509,0.13220204,1
1.062414,0.42510307,-1.358088,-0.30316103,-0.23688853,1
-0.48587993,2.1388445,-1.6919562,-0.28381243,-0.107964754,1
2.5655193,-1.2142861,-0.74019593,-0.35726312,-0.33117798,1
1.1343182,0.21428642,-0.51228106,-0.4909637,-0.12232712,1
-0.5447299,-0.331652,-0.070909,1.2290726,-1.0049397,2
-0.3555026,0.10676062,0.76540554,-1.3238742,2.3735318,2
1.0115974,-0.3562517,0.815723,0.57639134,1.0517888,2
-1.1690358,-0.6818975,-0.21547523,1.3962028,-1.3865367,2
-0.6149577,-1.1846539,-0.054545484,-0.04589484,-1.4888718,2
-0.38328183,-1.1111945,-0.53810364,-1.0718433,-0.3189742,1
-0.5664505,0.9450536,-0.29787028,0.05771657,-0.14271955,1
-0.15513277,0.071273424,0.9564509,0.47975612,0.6964978,2
-0.5525534,-0.069248356,2.1270354,-1.6288062,-0.7868679,1
0.24493013,1.9511193,-1.3455962,-0.36934984,0.83738923,1
-0.33913448,0.015175559,2.00435,-1.4679344,0.8706144,2
-0.452115,-0.8476302,0.71890116,0.9355341,2.8064673,2
0.5030636,0.12764348,0.72824156,0.46831417,0.6495472,2
-0.07447911,0.6085108,-1.2808726,-0.57112384,-0.159895,1
0.050030142,-0.7418747,-0.42486972,1.5760306,1.3610775,2
0.7269204,0.08932207,0.24228749,-0.08699006,0.18759818,2
-0.1448938,1.3761424,-0.15621726,0.34047693,0.8767993,2
2.3132975,-0.88797784,-0.9255943,-0.75123405,-0.4010298,1
2.857129,-0.46076974,-0.8304808,-0.38704476,0.7000615,1
1.9898319,0.012959398,-1.0839956,-0.3545989,-0.2705886,1
0.6147535,-0.49877867,0.7216611,1.2402494,-0.78947,2
-0.55830187,-0.10551986,-0.13738593,0.52080333,-0.92056924,2
-0.8989311,-0.09854725,0.9399499,-1.0140688,-0.7048292,1
0.5988859,1.3852158,0.32691205,-0.5248952,0.049919397,2
-0.8688632,-0.36867243,1.6599629,-1.4568912,1.5162716,2
-1.3278918,-0.6888366,0.20241722,1.5107502,-1.5389134,2
-0.64626175,-0.8768846,0.5446652,-0.8546005,-0.0037640184,2
-0.3827592,1.8332146,0.45417708,0.08349022,-0.3715449,1
0.6184747,1.7110536,0.036643423,-0.56591105,-0.33009738,2
-1.0896226,-0.660088,0.3203346,0.9296923,1.2307144,2
-0.7455991,-0.5859531,0.36440736,0.08356425,-0.3760482,2
-0.6549488,-0.733877,-0.43916988,1.7325252,-1.9537392,2
1.8179177,-0.5001185,-0.73051125,-0.43803465,-0.1634279,1
0.08423773,1.6731434,-1.5815513,-0.8813744,-0.50292253,1
-0.9712074,-1.1295534,-0.490001,-0.99594057,-0.3265413,2
0.35652077,0.029326767,0.76791954,-0.9649253,-0.46631622,2
0.3467322,1.0111344,-1.33533,-0.14336734,1.7168741,1
-0.13536873,1.8513978,-1.7560425,-1.2072513,1.8494445,1
2.718954,-0.8152869,-0.6478007,-0.47254604,-0.16485356,1
0.5133442,1.2077194,-0.43395108,1.0892248,-0.61335933,1
-0.59825367,-0.96587193,-0.22393028,0.0246948,1.1031662,2
-0.67186385,1.4795672,0.8327408,0.49854657,1.2459373,1
-0.5464131,-0.6650452,0.42365098,0.781716,-1.2220292,2
-0.49138528,-0.8499914,-0.023979492,1.9919178,-2.0548043,2
-0.22734137,-0.21215653,0.2876259,1.6398258,-0.36097887,2
-0.47873384,-0.004505694,-0.23064099,0.33568722,-0.42105716,2
-0.8184078,0.06886113,0.59892374,0.22964187,-0.9182463,1
-0.9340413,-0.7219496,0.22492641,0.76431644,-0.3837061,2
0.032646284,-0.11555046,-0.28829163,0.93396544,0.8470103,2
2.370465,-0.59084105,-1.1205117,-0.8567457,0.2790307,1
0.08615335,-0.9059602,0.9074663,0.047139883,0.70972097,2
-0.6290105,0.69115305,0.75081295,1.0589778,-1.0087377,2
-0.52972966,-0.39865476,1.1180707,-1.631472,0.27878278,2
-0.7055611,-0.632299,0.22504261,1.2694105,-0.37146822,2
0.21540034,1.1551253,-1.3087608,-0.6930965,-0.03447806,1
0.06815709,2.533895,-1.364779,-0.3224191,-0.6137695,1
-0.5663845,0.16643217,1.2846878,-1.8270359,-0.82101464,1
-0.030929826,-0.028577132,0.8372005,-1.2456024,-0.6410207,2
0.5939481,-0.04567784,-0.4063601,1.5623324,-1.0067298,1
-1.5780436,1.1811919,0.3785825,-1.2063745,-0.549063,1
-0.3831341,0.20745143,1.1226692,-1.4640831,-0.71533376,1
2.5579987,-0.123945236,-1.5896988,-0.46842396,-0.09055373,1
-0.05061359,2.2311358,-1.4947234,-0.07188186,1.013563,1
-0.8376155,-0.95815986,-0.0011691153,1.8917522,-0.18465236,1
-0.25923163,0.21140231,1.6214486,-1.4198766,0.087398276,1
-0.7645971,0.28476635,0.13262618,1.656358,-0.30150998,2
-0.20550612,-0.09116542,1.0693662,-0.98753536,0.8511621,2
1.6535661,-0.77858233,-1.0445455,-0.10196343,-0.4651092,1
-0.72490364,-0.9374611,0.51657194,1.4338616,-0.8230772,1
-0.3628436,0.02846022,1.2648036,-1.1637771,-0.25945446,2
-0.87832844,0.15042028,1.1683903,0.14011863,-0.7753184,1
-0.44716975,-0.28242302,-2.0525992,1.6121945,-1.2238016,2
-1.0630834,-2.0564666,-1.9410541,-1.6209986,-0.8666038,2
-0.4822979,0.1432159,2.3617847,-1.547134,-0.22257805,1
-0.08364974,0.72096896,0.8071177,1.1449502,-0.57041526,2
-0.20664929,0.5469607,1.9065417,1.1265223,-0.8162729,2
2.3917167,-1.1511776,-0.8104587,-0.52055246,-0.27122623,1
-0.517507,2.054213,0.20184314,-1.1571522,-0.43680093,1
0.012435287,-0.576824,1.6718888,0.6948204,0.63565797,2
1.7352602,0.67014676,-0.3414958,-0.10907741,-0.21805397,1
-0.5286224,-0.68665516,0.0006248206,1.3000495,-1.5327467,1
0.36540732,-1.0430417,0.9194313,1.5305047,1.2580261,2
2.8328838,-1.1288378,-0.738635,-0.26861542,-0.4746766,1
1.7993377,-0.48055366,-1.1436267,-0.3081314,-0.21480712,1
-0.15544182,2.7813897,-1.5381323,-0.4537784,-0.58058506,1
2.8016489,-0.7011709,-1.0632823,-0.56675017,-0.3227594,1
-0.3384654,0.7380278,-0.11335397,-0.4555412,-0.28572443,1
-0.3006729,-0.64321315,1.245972,1.2330705,2.306441,2
-0.74993396,-0.31063044,1.197846,-1.0378573,-0.56379503,1
2.0696208,0.047441006,-0.21999829,-0.621909,0.026066124,1
-1.0828631,-0.6888711,0.37499195,0.19252782,0.3465763,2
0.13301703,-0.367577,0.47378862,-1.7541637,2.369553,2
0.10906376,1.2910677,-1.4410396,-0.93384683,-0.61668885,1
0.62542385,1.2236186,-1.3154652,-1.1096866,0.030869082,1
0.26129135,1.2623504,1.0101041,-0.024839781,-0.89982736,2
-0.20772812,1.8192786,-1.8419874,1.0808923,-0.7674844,1
1.0782123,1.7179255,-1.3313632,-0.77461886,0.35382196,1
-0.5378642,-0.65300417,0.2483308,0.36368397,0.12851354,2
-0.48297906,-0.044506952,0.79771364,-1.2672608,-0.741257,2
-0.41034433,0.42946938,-0.4958037,-0.17725196,-0.30340677,1
0.084408864,0.24774607,0.7453085,-1.1419233,-0.84516716,2
3.1761994,-0.64811337,-1.1908201,-0.5589904,-0.17755564,1
0.6540591,1.5285702,0.574262,-1.4235357,-0.37033945,2
0.19668224,-0.09730404,-0.4313463,0.17086048,1.0602357,2
-0.13915941,-0.48502016,1.5411607,-1.3439517,-0.29424077,2
-0.42569178,2.1697211,-1.7015663,-0.92511374,-0.5730849,1
-0.36267355,-0.8692687,-0.063564226,0.5870981,0.971178,2
0.9089184,0.026649224,0.12999806,0.08399172,2.177272,2
-0.5541091,-0.5436181,-0.16078274,2.1765916,-1.7880046,1
-0.48208734,-1.040575,0.59049743,0.9851369,3.4932437,2
3.2897396,-0.79272205,-0.2894061,0.35932517,-0.5902159,1
-0.90582645,-0.7232767,-0.78561914,0.4178324,1.597741,1
0.21869567,1.9070171,0.20037182,0.009696811,0.67758423,2
2.80363,-1.89431,-1.1059666,-0.4705013,-0.15086035,1
0.96378434,2.4211345,-1.764304,-0.70371044,-0.34857273,1
-0.07561024,0.62447876,1.0983164,0.3813631,-0.058329552,1
0.8683528,0.937176,-0.47094893,-0.06473021,0.0069128573,2
-0.7886797,-0.3755616,2.2621582,-1.535237,-0.110086665,1
3.0111005,0.21006572,-1.5712802,-0.5590786,-0.18647379,1
-0.32755637,0.9449939,0.55713236,1.5674846,-1.1639478,2
-0.46671587,-0.18434593,-0.6839048,0.2360082,0.1602251,1
-0.5886494,0.37199026,1.1379732,-1.097052,-0.8810183,1
-0.36496168,0.092765205,0.85208434,0.29249766,-0.955366,2
-0.64178467,1.2228034,0.049921278,0.062166914,-0.6355827,2
0.76264685,1.066274,-1.5293801,-0.13859096,0.11497534,1
-0.08693178,2.3859148,-1.4680994,0.03311187,-0.5831414,1
-0.42496145,-0.53245664,-0.4584947,0.8093528,-1.153083,2
-0.72109413,-0.5281352,-0.16473389,0.7982925,1.091954,2
-0.33208057,0.08934541,0.8599698,0.30430865,1.0019963,2
0.40292007,1.4161252,-1.2580221,-0.20713192,1.5935335,1
0.80578834,0.652772,-0.23555365,-0.27263516,-0.40154076,1
-0.66848224,-0.7557378,0.0033253245,1.9296278,-1.4840198,2
-0.21051753,1.5358249,1.3275192,-1.2626182,-0.3938619,2
0.04681644,0.32976168,0.7544566,0.28414726,1.1671139,2
-1.0069441,-0.9174815,-0.32253063,-1.3306662,3.3251967,1
1.637215,-0.1502001,-0.58558947,0.053999394,-0.25877687,1
0.24079752,-0.9799399,0.30269027,1.4163935,2.0941079,2
0.12928157,0.6210554,0.07920796,-1.4718747,2.6480956,1
1.1345118,1.5666666,-1.2457265,-0.31996307,0.75851107,1
-0.8551794,-1.1363502,-0.315518,0.46113828,1.4902192,2
1.2124918,0.9637881,0.7747219,-0.9687916,-0.23824398,2
-0.4211616,1.1911778,-1.6644168,-0.1602973,-0.44068483,1
-0.6303807,-0.4398763,-0.20547076,0.94537723,1.3866549,2
-0.66297066,-0.5865119,0.33278415,2.139706,-0.17502986,1
-0.24639894,-0.67922264,1.236733,1.2980781,1.8217098,2
0.3815852,-0.7661137,-1.2611645,-0.77270955,-0.4244508,1
-0.45042518,0.44106063,0.6900166,1.0717909,-0.12482642,2
0.3661573,-0.8867764,0.9973315,0.32661712,0.54977065,2
-0.107231244,-0.65346414,-2.2892318,-1.8869646,-1.5331471,2
-0.53873116,-1.0983425,-0.65491843,1.6380382,-0.28479865,2
-0.65245324,-1.1502777,-0.49100387,0.41346192,2.6282341,1
-0.60822403,-0.09738116,1.3606894,-1.5244136,1.6347002,2
-0.63528204,1.2501382,-1.5797966,-0.35299328,-0.31670272,1
0.26073647,0.122658834,-0.41743687,-0.34312305,0.09878339,1
3.0146332,-0.82910156,-1.1908485,-0.5772332,-0.5470407,1
1.2275797,0.07068507,-0.6747374,-0.13817532,-0.31238002,1
0.73815805,-0.27874348,-1.4407719,-0.483485,-0.13956507,1
2.3008718,-0.3565985,-0.16790724,0.72218245,-0.25657755,1
-0.52244246,-0.3220129,2.100721,0.6748642,-0.56920683,1
2.074794,-0.9229065,1.0605788,-1.1391381,-0.6063837,1
0.5959819,0.41181883,1.0099139,0.77433217,-0.65526575,2
-0.76670915,-0.76548827,-0.5091901,0.13792948,-0.2912682,2
0.5389426,0.89689106,-1.8507015,-0.390899,0.26430994,1
-0.39108223,-0.18837607,0.71536744,-1.0200056,-0.36315042,1
-0.54842633,1.1387452,0.35432345,0.7766926,-1.3061517,2
-0.45726073,-0.79531294,-0.2301919,0.8530116,1.4684857,2
-0.5039943,0.41269898,0.32249767,-1.1310526,-0.1997298,1
0.0017958878,0.785009,0.26253217,0.772328,-0.8808709,1
0.46641275,1.5943828,-1.6679093,-0.6022196,-0.3340574,1
-0.63522846,0.013914023,1.1530573,0.18230087,1.543319,2
-0.21098448,-0.44188267,0.7114009,0.5994048,2.0185232,2
-0.4933401,0.0061348677,0.92606103,-0.8171172,-0.5138511,1
-0.019661874,2.0431237,-1.8874114,-1.030006,-0.50184083,1
-0.9114869,-0.8118231,0.6550928,-2.0849214,-0.85120296,1
-0.26099202,3.7106915,-1.6327391,-1.0599462,-0.53111845,1
0.07801459,1.0632497,-1.5120723,-0.71479034,-0.24232593,1
1.717019,-0.14822392,-0.58843046,-0.43985146,-0.50284326,1
0.8830181,1.2879403,-1.3623052,-0.21526389,-0.023546793,1
-0.55271655,-0.29102236,1.3021309,-1.2607381,0.052530617,2
0.51994884,1.4421363,-1.4277358,-0.8972292,-0.45645294,1
1.0341796,0.43512872,-1.3648958,-0.5352021,-0.013956499,1
0.8500433,0.5291522,-1.2587826,-0.24329093,-0.4488486,1
-0.48366046,1.5093445,0.034972966,0.021668583,1.2723409,2
-0.08358477,2.1183994,-1.515511,-0.5391821,-0.36246073,1
-0.8496495,-0.86754495,-0.21950266,0.49598163,1.4250627,2
-0.7438302,-0.3086758,0.8712932,0.73028153,-0.34266043,1
-0.34278446,1.649563,-1.6996955,-1.0737615,-0.19820075,1
-1.017142,-0.516828,-0.5711342,-0.39118388,1.2244222,2
-0.408748,-1.0263491,1.6151372,-1.4730572,0.74656004,2
-0.48800108,1.8674977,-1.7252858,0.9560103,-0.91578865,2
-1.2021085,-0.5857027,0.5004132,-0.7298629,-0.38043073,2
-0.3284132,-1.1446545,0.22312067,1.5496525,-1.3559198,1
1.4320751,-0.77209324,-1.1025803,-0.6187372,-0.283661,1
3.24786,-0.94941163,-0.87040186,-0.8894202,-0.53011924,1
-0.23918343,-0.2972226,1.1689938,-1.362222,-0.9016726,2
0.06872641,0.91005105,0.2715845,0.6381625,-0.44932425,1
-0.14070201,-0.028539391,0.7942927,0.12648657,-0.35890967,1
-0.21637449,1.6730728,-0.095304795,0.3372703,-0.6711307,2
0.1003903,0.4606177,-1.319602,-0.7499314,0.09585868,1
0.7175096,0.2398445,-0.53600955,0.054738015,-1.0496272,1
-0.44089139,0.5586387,0.17267865,-0.25787568,-0.7838726,1
-0.6075659,-0.6971904,0.9278695,0.68643206,-0.6410575,2
-0.90077007,-1.1283967,-0.584215,1.0793327,2.7506378,1
-0.78991055,0.3206414,1.612716,-1.2191826,0.98920655,1
-0.11853924,0.5341563,-1.2654102,-0.5261592,-0.3921145,1
-0.73957485,-0.4401716,0.21453416,1.3480718,0.93578446,2
-0.60354537,-0.16784155,0.8263829,-1.2827677,0.58168185,2
0.889282,-0.77152324,-0.57482207,-0.31462792,-0.37830764,1
-0.79711646,-0.7184758,0.84307253,-1.6788211,2.1209464,2
0.8222268,-0.21580203,-0.03234452,-0.12643926,0.4890545,2
-0.9294307,-0.51270676,0.18208079,1.8648264,-1.2378548,2
1.9626873,-1.0932322,-0.84780246,-0.23297034,-0.56253505,1
1.191555,0.7531929,1.4922163,-0.92510796,-0.6827172,2
-0.60880566,-0.8892517,1.4543456,1.478582,-0.88090104,2
0.37193102,-0.28114024,-1.1092132,-0.6728485,-0.19709833,1
2.5132773,-1.0619426,-0.9203893,-0.38512766,-0.2507211,1
-0.0021225172,0.2798478,-1.8103572,-0.289477,-0.56368494,1
-0.009848207,0.18996002,0.07343161,0.28199336,-1.1443186,2
0.81040055,1.9262507,0.22970046,-1.2027854,-0.5205239,1
-0.09368182,-0.031799436,1.0858299,-1.4084054,2.0446858,2
-0.40316686,1.1770213,1.2353281,-1.2749703,-0.64472896,1
0.3626662,0.16545367,-1.1483504,-0.695494,-0.27653208,1
-0.47874972,0.3615659,1.3830559,-1.5998268,1.0685922,2
-0.48695526,0.1732454,1.2140076,0.85326,-0.97405523,2
-0.63316935,-0.92167467,0.64929855,0.61100495,0.77234745,1
0.4946566,0.24968804,0.98798907,-1.2059577,-0.65045476,2
-0.033627108,-0.7806036,1.4071742,-1.2005244,-0.38799596,2
-0.591386,-0.6979339,1.4388683,0.66384375,0.8742364,1
-0.5252481,0.20226899,-0.23155704,0.30358988,0.34519804,1
-0.76666343,-0.48785785,0.5614346,-0.044561088,1.9965086,2
0.1299604,0.29317343,1.2385011,1.0700828,-0.80094224,2
-0.8723612,0.32643023,2.0067623,-1.6055757,-0.18058498,1
1.3625052,0.5106417,-0.57612604,0.45475388,1.1264915,1
-0.6031192,-0.93122,-0.47280854,1.6205412,-0.96834266,1
-0.67846245,-0.41359204,1.4694543,0.7872331,-0.67539877,1
-0.65724087,-0.6697099,0.81539905,-1.6866722,3.3934226,2
-0.20095876,-0.030925378,1.4646431,-1.9446862,-0.10067927,1
-0.81958675,-0.9017419,-0.33250657,-1.8194815,2.191704,1
-0.610027,-0.82651144,0.24337745,0.26652187,-0.046885148,2
-0.54296374,-1.2638779,0.877267,1.1647558,0.6453619,1
-0.0813713,0.33315355,1.2129309,0.27775598,-0.57156605,1
-0.40919,-0.9019078,0.78330344,0.71779907,-0.8760613,2
-1.044005,-0.8749029,-1.5050173,2.2646093,0.16403283,1
-0.69736326,-0.41796046,0.18706086,0.65946573,0.47673354,2
-0.9299505,-0.7886363,0.012950264,1.3154118,0.046059832,2
-0.700392,-0.45980886,1.9500873,-1.4515156,0.35492003,2
0.6311896,0.39774206,-0.6519966,-0.32791376,-0.51859707,1
0.06801653,-0.017535686,1.6244833,0.39014757,-0.5676828,2
-0.7803048,-0.00033364445,0.8976042,0.3786725,-0.0106482655,1
0.5251531,2.4657893,-1.341229,0.23089355,0.34524012,1
2.8237176,-0.7351765,-0.8292084,-0.31949925,-0.18433091,1
-1.2831442,-0.52051455,0.11763273,0.7534655,0.8612037,2
0.5990681,-0.6626978,-0.4204888,-0.17656726,-0.29997176,1
-0.73919916,-0.74564826,-0.9755794,0.3699621,2.2591338,2
0.94821644,0.88247085,-0.19327116,-0.12898196,0.03818047,2
-0.20229337,2.2322814,-1.7075683,-0.074037105,1.0911306,1
-0.59814245,-0.98522544,-0.41175076,-1.6664263,3.5071867,1
-0.19470888,-1.3747011,0.99922734,0.5206582,-0.9586973,2
1.0304068,0.33388123,-0.5146104,-0.3611269,-0.4545278,1
-0.14306633,1.4578874,0.6648776,-0.68585503,-0.33450282,2
0.011464357,-0.16849926,0.31111723,2.2483654,-1.133509,2
-0.7618957,-0.7246606,0.48780912,1.7655314,-0.2612476,2
-0.6513866,-0.50136423,-0.30052486,0.085003376,-0.08154977,2
-0.6011503,-0.58907306,-0.09403743,1.7007883,-0.97008264,2
-0.44442844,-0.116517566,0.16761301,-0.44292155,0.7004305,1
-0.4015287,-0.7735019,0.47984445,-1.654715,2.837134,2
-0.7517371,-2.2627966,-2.0526578,-1.7772707,-0.081387654,2
0.029841647,2.3667703,-1.6574655,-1.1857873,-0.28672558,1
2.2655416,-1.0494585,-0.4733286,-0.51190865,-0.25070018,1
-0.17170711,-0.42580822,1.998074,-1.57049,-0.6766872,2
3.1667774,-0.6135682,0.25254858,-0.6017002,-0.21637434,1
-0.6305882,-0.9517408,-0.5468875,0.7983273,2.3643954,1
-0.544386,-0.21065895,1.5873858,1.1066418,1.5050828,2
-0.5619212,-0.08285886,0.6047889,0.78218716,-0.9319288,2
-0.69061947,-0.7334625,0.16608702,1.3152949,-0.9204515,1
0.6085657,1.6149056,-1.5667403,-0.45797682,1.2696897,1
-0.7240102,-0.5180038,0.3740027,1.2629576,-1.3260044,2
0.32258135,1.2537837,-1.652516,-0.43946344,-0.58410823,1
-0.57750154,-0.34194475,1.9655422,-1.5574143,-0.01518245,1
-0.40775898,1.7320645,-1.6594205,-0.42150432,-0.19374755,1
1.6720332,-0.49522617,-0.44425416,1.1615062,-0.64428633,1
0.14128834,2.218207,0.2182427,-0.7806685,-0.53527135,1
-0.6195196,1.2107284,0.7134407,0.20469849,-0.74034816,1
0.29548028,-0.78087115,0.9217421,0.9930898,0.788143,2
-0.6970902,-0.019473135,1.468,0.8529785,1.6222993,2
-0.6912393,-0.43250906,0.15000199,0.35112163,0.071651936,2
-1.1561204,-0.8528722,-0.085785724,1.6611431,-1.5244557,2
-0.42626894,-2.098645,-0.5051026,-1.0490249,-0.16641194,2
0.108599,2.0719943,0.081749424,-1.0494406,-0.41305742,1
-0.7683688,-0.8234163,1.0291557,-1.6141251,-0.96117765,2
-0.30566448,1.5668306,-0.032485843,-0.07183936,-0.81926906,1
-0.5400421,-0.58705705,-0.014933985,1.7977455,0.042609155,1
0.58780634,1.287268,-1.3895955,0.20805746,1.4274986,1
-0.5791554,-0.26798797,1.9949839,0.8307226,1.1278367,2
-0.5084811,-0.2828117,1.3915658,-1.3552525,-0.83312124,2
-0.40395814,-0.61707276,1.8801233,-1.476503,0.15784928,1
-0.66874826,-0.5291046,-0.15216033,0.92772734,2.2582915,2
0.116747946,2.5627327,-1.4587517,0.15759341,0.6891135,2
-0.6068976,-0.5511095,-0.2623122,1.2944545,0.0088071525,2
-0.2688768,-0.8589897,1.2688494,0.68834877,-0.6807586,2
-0.72701085,0.6006876,0.51417154,0.06606743,-0.5170778,1
-0.5721342,0.025851615,0.9093426,-1.6422743,-0.57693297,1
-0.8779245,-1.0480955,0.24884516,0.34803146,-0.3258509,1
-0.07318762,1.3866102,-0.19627018,-0.75397396,-0.27268478,2
-0.5697669,1.7528571,-1.8327918,-0.15472424,-0.4277997,1
-0.074856654,1.2788512,0.39822537,0.49953908,-1.2184279,2
-0.57934,-0.07578118,1.7377976,-1.2122838,-0.07035608,2
-0.6429054,-0.5810264,0.5828876,0.53780127,0.042965025,1
-0.66744554,-0.55317533,-0.28967637,1.0316362,-0.1473129,2
-0.8142719,-1.2751865,-0.13010778,1.0131632,1.0990926,2
-0.26344624,-0.40064925,1.0641073,0.7146119,2.5970118,2
-0.13238747,0.11116199,0.42210865,-0.87747097,1.7155678,2
2.9643908,-0.349159,-0.22974643,-0.26938117,-0.4160836,1
-0.25347677,0.040969465,-0.52447486,0.3254907,-1.2000749,2
0.5909873,0.115136415,-1.1908224,-0.7503365,-0.18499944,1
-0.2765135,-0.5443096,-0.011636677,1.3150116,1.5031343,2
-0.43733093,-0.5188095,-0.43080235,0.7680357,1.3743224,2
0.11804548,1.7406614,-1.7536675,-0.115494095,0.5823925,2
-1.081483,-2.1606586,-0.07403998,-1.516822,2.238625,2
1.3310951,1.2112466,-1.1974471,-0.99098474,1.2321934,1
0.27678153,1.5979159,1.0554758,0.08529897,-0.5527303,2
-0.31153518,2.2024295,-1.4833585,0.024015367,-0.43832064,1
-1.297596,-0.8204871,-0.39689708,1.0122356,-1.2009698,2
-0.3419578,0.4375019,0.9969131,0.81529164,1.8868498,2
-0.44057697,1.9663925,-1.630256,-1.1885989,-0.52276295,1
-0.7436288,-1.0050765,-0.7030637,0.34074342,-1.4547524,1
0.37044895,0.31270027,-0.2969048,-0.79107726,0.1577207,1
-0.96920174,-1.1572466,-0.16341165,-0.13063559,-0.14572056,2
2.0739493,-0.020052388,-1.4660612,-0.8773788,0.05833572,1
0.28571284,0.1947572,-0.35925072,-0.9556055,0.055521265,1
-0.60979915,-0.60149217,-0.2843914,0.50160474,-1.6639981,2
-1.1307718,-0.8714952,-0.57001007,0.27238947,-0.58531755,2
-0.6958817,-0.7264947,1.150943,1.00874,2.1144013,2
-0.77829206,-0.7580291,0.075804755,0.8863356,0.19438817,2
-0.17521042,1.1497201,0.1643314,0.10757123,0.4435566,1
-0.46973687,-0.7669436,-0.218534,1.7072824,1.9756899,2
-0.5982334,-0.89168286,-1.9519688,-1.9370589,1.1677713,2
-0.6626544,0.088920906,1.2213011,-1.4200144,-0.5484943,2
-0.79842275,-0.6759402,1.5088328,-1.4003041,0.20993452,1
0.28353196,2.3779705,-1.1675428,-0.8347753,-0.07679328,1
-0.51573074,-0.118651345,2.5927794,-1.7080302,-0.30345872,1
-0.6366357,0.3840383,1.3152002,1.0369183,-0.08630261,1
-0.63394994,-0.5832958,-0.027036399,2.1775005,-1.4048926,1
0.027592577,0.61783105,-0.42839497,-0.10254784,-0.19487393,1
1.6277243,1.5835961,-1.4546967,-0.24293797,-0.51757914,1
1.3489332,1.489394,-1.6218227,-1.2691687,0.13661845,1
0.64010364,2.4098024,-0.022844482,-0.13347659,0.15435703,1
-0.5951786,-1.3088076,-0.39904374,-1.6148046,-0.09898401,1
-0.2569293,1.7031517,-1.747503,-0.25503254,-0.07696894,1
-0.6475407,2.7744033,-2.0378501,-0.2764278,-0.48177135,1
-0.44717538,-0.38618976,2.229343,-1.2710351,0.52383983,2
0.47637242,1.3177036,-0.12709627,0.78307605,0.41358158,1
-0.40211025,1.9951382,-1.3011063,-0.89911556,-0.18996449,1
-0.3207019,-0.46126992,1.5937941,-1.1444893,-0.6977961,2
-0.269378,-0.42344046,0.59389293,0.99232525,0.58257884,2
0.70520484,1.5164431,-0.06370342,-1.0046349,0.9794163,1
-0.39818797,-0.82965535,-0.24398193,0.22990556,0.99399215,2
-0.42162699,0.51299345,1.4101651,-1.2449092,-0.46053195,1
0.5982948,-0.9923736,1.3336778,0.07822806,-0.78868663,2
-0.43239698,-1.1197238,-0.36625707,0.40305808,-0.60910296,2
0.8881246,-0.45094368,-0.5614333,-0.13259237,-0.2603598,1
-0.60598594,-0.53893536,0.0066092312,1.6666211,-0.36634302,2
-0.35296988,1.6087811,-1.4282537,-0.46363074,-0.5754866,1
3.174589,-0.9178077,0.321309,-0.774878,-0.45065242,1
1.9860085,-0.6954965,-1.4839878,-0.7981939,-0.19401066,1
0.17070962,0.279477,0.9738848,0.5334337,1.3762517,2
-0.6872251,-0.41103634,2.3046649,0.46818104,-0.87594986,2
-0.4379123,0.6851369,-0.49485195,-0.33421052,0.010421097,1
-0.443645,0.3818372,1.7477589,-1.5158899,-0.71821535,1
-0.66306555,-0.99002504,-0.16297914,1.2320238,1.690061,1
-0.28401336,1.7349966,-1.4305573,-0.9430921,-0.3275582,1
-0.010746211,-0.86582875,0.94401693,0.6627011,-1.0489392,2
-0.20674317,1.7074733,-1.607224,-1.0979985,-0.1461626,1
-0.75684667,0.39502215,-0.790181,-0.5430585,-0.111312725,1
-0.59491175,-1.1824553,-0.47487444,1.3147994,-1.2610152,2
2.635002,-1.1851509,-0.9115429,-0.38394323,-0.41561836,1
-0.50236464,-0.5799344,-0.21874395,2.1560457,-1.6689941,2
-0.5887002,-0.76996505,0.61711866,0.98462427,-0.10673824,2
2.5267942,-1.8799337,-0.60338664,-0.475958,-0.3089486,1
1.4192549,-0.803486,-0.78104514,-0.35921672,-0.41031995,1
-0.5470613,-0.894049,0.3171085,0.8632,-1.2549102,2
-0.69354683,-0.41246936,-0.21582761,2.2463183,2.4317632,2
-0.65020376,-0.31438714,0.7432681,-1.418297,-0.8562417,2
1.2344382,0.60762864,-1.3937782,-0.64815474,-0.15492156,1
-0.8678535,0.5158535,2.035807,-1.550032,-0.56319046,1
-0.49512106,-0.76727575,-0.3518633,0.388157,-0.1256189,2
-1.2162479,-0.95907813,1.1964693,0.39679086,-1.8023535,2
-0.48884463,-0.4431357,0.63199294,1.2392337,-1.5905167,2
-1.2430358,-0.31636876,1.5070913,0.7025911,-0.7858482,1
0.0037992224,1.7975482,0.1414105,-0.1567081,-0.0052204654,1
-1.2183353,-0.72508067,0.4054803,1.7511685,-1.7879894,2
2.8986065,0.30863047,-1.3613502,-0.8038099,-0.24506417,1
-0.77078897,-0.4868323,0.10905943,-0.04175119,1.752481,2
0.670336,1.3913938,-1.1839858,0.04828003,1.4598165,1
-0.7885138,0.8819603,-0.33784425,0.9816936,-0.63024557,2
-0.5000686,0.16826676,1.5759084,0.6645159,1.4467455,2
-0.37828088,-0.3142786,1.6414095,0.63407063,-0.8619152,1
-0.4115453,-0.626415,1.269085,0.46903375,-1.525181,2
-0.9001142,-0.6511561,-0.7546549,0.18561785,1.7927046,2
-0.6661142,-1.2597795,-0.65511847,0.4709402,2.660995,1
-0.47240505,-0.09602608,1.7360653,-1.2328928,-0.0004479438,1
-0.7253696,-1.0181856,-0.5635795,1.9547715,-1.587098,1
0.061116844,-0.63885546,1.3476605,-1.6737809,0.30839226,2
-0.716354,-0.41712788,0.64607245,1.6863835,-0.961339,2
2.0351176,-0.5353799,-1.1932685,-0.498281,0.08198785,1
-0.1757524,2.1839864,0.00081828237,0.17392667,0.42282307,1
-0.37896886,-0.7021074,2.34369,-1.3401769,0.412014,2
-0.47792,-0.81159604,0.771196,-2.0911567,2.5110812,2
-0.6881626,0.16705094,1.2934861,0.7197555,1.4486928,2
-0.87161386,-1.1448236,-0.7841433,0.4374693,1.3569139,1
1.4714025,-0.7728369,-0.89525187,-0.5439217,-0.23732872,1
-0.064516395,0.038233917,0.30634972,0.5463742,-0.9323845,2
-0.2834656,-0.93278223,1.0030767,0.6507814,-1.3086333,2
-0.53461075,-1.1815977,0.91484475,1.1493666,0.81738055,1
0.07889414,0.94656336,-0.2676872,-0.43415394,-0.994431,2
0.43994513,-0.95500314,1.244127,1.4016408,-1.3902094,2
-2.039418,-2.8271465,-1.9386398,0.20518783,0.99933594,1
1.1837809,2.091981,-0.12777483,-0.7918243,-0.34254244,1
0.1478318,0.21992518,0.041204534,-0.18257256,1.2991292,2
-1.0415524,-0.7174111,0.8265592,0.8935745,2.2708042,2
-0.72235215,-0.7242462,0.006299466,2.2335489,-0.39022285,2
-0.14645688,-0.11265285,-0.007670656,0.8947007,-0.7341328,2
0.37935618,-0.7721376,0.672699,1.6905198,1.0153128,2
2.9258776,-1.140659,0.10986185,-0.94490534,-0.47581276,1
-0.19734788,1.9954101,-0.119659156,0.00426922,0.939879,2
-0.6229792,-0.15905645,0.2476451,0.76090634,-0.44731736,2
-0.9239728,-0.6687605,-0.23965101,0.26285452,-1.5710998,2
0.23809338,1.738881,0.10309203,-0.2422635,0.16189528,2
-0.5129938,-0.90307695,-0.12430659,-0.034806974,0.70460695,1
-0.50490016,-0.50326794,1.6821426,0.50727,1.2606329,2
3.1154544,-0.84340066,0.44923198,-0.61055297,-0.29917833,1
-0.55738735,-0.4773887,-0.47572237,1.5100935,1.2813748,1
2.8719218,-1.3004255,-1.2559876,-0.59763813,-0.18127121,1
1.4438521,-0.89569646,-0.8746557,-0.14877234,-0.2876789,1
-0.125594,2.0133471,-1.5350697,-0.13490447,-0.4760494,1
-0.7818768,-0.5876358,-0.38152164,0.8590501,-1.0154552,2
-0.7371703,-0.4844155,-0.14755572,1.9662702,-0.119039804,2
-0.58561945,2.0819128,-1.4702739,-0.7226453,-0.46189904,1
-0.228067,1.9194735,1.0579592,-1.1430517,-0.8285277,2
-0.060840383,2.5663035,-1.8401626,-0.1873015,-0.8499074,1
-0.2914065,-0.39813253,0.7252999,0.18838282,-0.4430868,2
0.336389,-0.93391514,0.37492955,1.1793765,1.9581226,2
-0.607305,1.2446767,-1.8022658,-0.4083925,-0.50636053,1
-0.38873667,0.9828273,0.48107278,0.1960866,-0.23500624,1
-0.5812948,-0.1769036,-0.3572577,0.6163322,1.1227982,2
0.36383322,0.03226593,1.2928281,0.48935646,0.18954855,2
-0.48984867,-0.9463671,-0.46286327,0.90661037,-0.1499765,1
-0.48479208,-0.3965516,-0.19053005,0.6974968,1.1201152,2
0.12714759,0.012475807,0.20734316,-0.38365686,1.0121372,2
0.16634728,-0.42511293,0.012802914,0.4196102,-0.51069695,2
-0.70896,-0.9789337,-0.3743632,1.8534876,1.4082711,2
1.5307587,0.6231124,-0.23286091,0.7615848,-0.49445853,1
-0.45408928,-0.079425156,-0.05629712,1.837835,-1.3632593,2
-0.9158544,-1.3813769,-0.42331982,0.7332322,2.2996714,1
1.2186499,1.86743,0.55737686,-1.0462804,-0.2435788,2
-0.35122034,0.7568909,0.48143506,0.14197326,0.042397447,1
-0.8560479,-0.31464726,1.0285506,-1.7693844,1.9169786,2
-0.01872319,1.9500248,-1.2469226,-1.1414982,-0.49109265,1
-0.51141214,-0.0905939,2.7820907,-1.3908747,-0.7321705,1
-1.4342676,-0.8589319,-0.31384993,1.2949381,-0.31557795,2
3.036218,-0.38045987,-1.4601848,-0.7213288,-0.10021481,1
2.3244488,-0.046486437,-0.44902438,0.119886816,0.1440776,1
-0.507668,-0.5278599,-0.08931706,0.71980363,-0.20161623,2
-0.82638633,-0.8239772,-0.45462853,-0.21496184,0.98814076,2
3.5716987,-1.9509556,-1.4806641,-1.0918038,-0.17850295,1
-1.0045062,0.17042005,0.09246318,0.12497762,-0.4746407,1
-0.7919235,-0.68065184,-0.17448185,1.9538553,-0.3907261,2
-0.41612434,-0.007990934,-0.17672047,-0.01853542,0.5900477,1
-0.6305671,0.22104824,0.35109097,-1.2370037,-0.43209124,1
-0.88477844,-1.0803955,-0.7518097,-1.5119337,2.5391445,1
-0.64908797,-0.72444606,1.2235572,0.9702698,-1.4657456,2
-0.41656524,1.3409599,-1.2466992,-0.11062682,0.672437,1
-0.60912347,-0.47792935,0.0747554,-0.14627695,-0.13143227,1
0.11556118,0.44653535,0.49509174,-1.2553793,-0.48259422,2
-0.62021834,-0.37994474,-0.15452789,1.8629209,-1.4067371,2
-0.71174365,-0.82626164,-0.22063154,-1.1947048,0.7008665,2
-0.44706562,-0.8584041,0.30714905,2.0174737,-1.3224875,1
-0.4980488,-0.7513097,-0.22596878,-1.1299573,-0.2826611,2
0.11810176,0.12278032,0.8566682,0.07771854,0.5718319,2
-0.15336809,0.46865368,0.71159583,-0.8168517,1.8461285,2
-0.8515264,-1.1312553,0.077850915,1.0002161,0.5064627,2
-0.335625,-0.8060324,-0.26305783,2.2449527,3.1836643,2
0.27125898,-0.597618,0.20190966,-0.14424819,0.4217325,1
0.1999329,-0.72086847,1.3719895,1.7245194,-1.067203,2
-0.5842682,-1.1614292,-0.65672183,1.054416,2.2704046,2
-0.5798775,0.07078734,1.2389998,0.21514404,-0.57601726,1
-0.15659176,2.7023547,-1.9309335,0.2593645,-0.544205,1
2.765019,0.16432539,-0.35907334,-0.19923995,-0.74063206,1
-0.39514494,0.9662114,-1.695231,-0.5323833,-0.4925573,1
-0.49631494,-0.5369576,1.5497066,0.16140865,0.8794766,2
1.6093765,-0.46254566,-0.4248323,-0.24896967,-0.63068324,1
-0.5117939,0.2343463,1.350223,-1.1247226,-0.5604024,2
-0.1034712,1.7959639,-0.18973355,-0.23260653,0.792885,2
-0.44904444,0.6238878,0.55722344,-0.9988445,-0.22383577,1
0.37730065,1.5635701,0.9567035,0.14549325,-0.47356758,2
-0.47274825,-0.66756344,-0.22808895,1.8063111,2.5646312,2
1.9120901,-0.15645964,-0.68651974,-0.39944598,-0.18778205,1
-0.87851167,-0.803307,0.09619129,1.8046888,-1.3470172,1
-0.18767938,-0.20416187,1.1001002,-1.301821,0.34394372,2
0.27058744,1.3623838,-1.4913733,-0.82682014,-0.18514812,1
-0.9825043,-0.59891444,0.20451942,1.4100051,-1.7505975,1
-0.28625274,1.3163052,0.29273763,0.1657107,-0.017237693,1
-0.2216718,-0.32329535,1.5674285,-1.2581056,-0.69114435,1
-0.55408376,1.3363415,-1.5209064,-0.07114138,-0.2908956,1
-0.3889798,0.093609154,1.7720554,-1.2710187,0.54159427,1
1.6030114,-0.86768144,-1.0909816,-0.6206056,-0.31828573,1
-0.60686827,-0.5409489,-0.14746925,1.7568024,-1.4737685,1
-1.4124476,-0.2935233,0.6744698,-1.2751725,1.3916725,2
0.447674,-0.040005364,-0.49053806,-0.15719882,-0.38051528,1
0.1553287,-0.86312133,0.73001826,0.8315164,-1.0104879,2
-0.70102143,-0.61637187,0.019740365,0.21724346,1.559813,2
-0.06612843,0.023782179,0.65352494,1.2426705,-1.0773712,2
-0.5977161,-0.084895104,1.3570606,-1.8012941,-1.1666453,1
-0.2872995,-0.8979646,0.63215303,0.22529149,0.7408915,2
-0.85175055,-1.0755117,-0.84804523,-1.4924755,3.6174915,1
0.3209381,2.4934292,-1.6192013,-0.2844834,0.15479515,1
0.4232704,-0.67302096,1.1138406,0.34682214,-0.29341745,2
-0.9159875,-1.2447835,-0.37667242,0.51594573,-1.736392,1
-0.06696859,-0.5643586,0.67429435,0.9272872,-1.011309,2
0.47660118,1.9128189,-1.6368032,-0.78709143,0.49686375,1
-0.054876506,1.2170303,-1.4242547,-0.814073,-0.45759735,1
-0.7156839,-0.13294254,0.03833422,0.5127273,1.2968744,2
1.717576,-1.1038632,-1.2021954,-0.86172503,-0.05612988,1
-0.97153974,-0.58502114,-0.03934151,0.58921766,-0.09107963,2
-0.8097171,-0.46108985,-0.63940704,0.6891847,-0.4278686,2
-1.087683,-0.8803563,-0.24040957,1.9783024,-1.6544981,2
-1.0270379,-0.46046948,0.97470933,-1.8003988,-1.1057723,1
-0.4602313,-0.5401504,0.55930406,1.1794714,2.2218578,2
-0.04470606,1.7551981,0.44878998,-0.12566465,-0.44693235,1
-0.6313979,-0.9542835,-0.245345,-1.0335246,1.9647695,2
0.65426093,-0.8308433,1.0618501,0.253919,0.5170119,2
0.39068377,-0.48532635,0.84405166,1.5180739,-0.84428364,2
-0.28431243,2.1012166,-1.6638016,0.47613093,-0.8506591,1
0.05843678,-0.8763533,0.9954646,0.397542,0.5747244,2
-0.89220595,-0.8899318,-0.06386188,-2.024095,-0.2079218,2
1.086978,-0.8929944,-0.67109793,-0.28980172,-0.13081175,1
-0.23112057,1.7827365,0.18014902,0.47256196,-0.7839898,2
0.26445827,2.5410879,-1.6962024,-0.24103546,0.13093093,1
1.263005,1.3744346,-1.532046,-0.7653456,0.027321106,1
-0.75495493,-0.6999469,0.8481046,-2.1018658,-0.66831887,1
1.8557192,0.93551326,-1.3006145,0.30812797,-0.40464875,1
-0.284219,-0.43865508,0.24696743,0.67478526,-1.1038972,2
-0.6486728,0.23048434,1.1686581,2.071228,-1.2235742,2
0.5486532,1.4856427,-1.288001,-0.85335004,0.1659883,1
-0.09186044,-2.8490257,0.291816,-1.9825158,-0.68066144,2
1.2245764,1.8969101,-1.3596909,-1.0362247,0.21937951,1
-0.13498496,0.26009178,0.6840171,1.5394964,-1.0647496,2
-0.96754956,-1.1194526,-0.639663,-0.043772157,0.7563882,1
0.047971234,1.063367,-1.324898,-0.73175734,-0.15429457,1
0.8431206,0.18796486,-1.190578,-1.0209788,0.07940377,1
0.114369825,-0.54828286,1.2104149,1.3621454,0.9814589,2
-0.5001624,-0.04062091,-0.7934444,0.74176973,0.13765107,2
-0.017604858,-0.9286632,-0.8654874,1.2730378,1.8292274,2
-0.46797132,1.2683543,-1.3730971,-0.28417838,-0.39577246,1
-0.6203215,2.8225102,-1.5487657,-0.8214234,-0.5909249,1
-0.66885,-0.92253643,-0.04262801,2.112227,-1.7556956,1
0.42096955,1.2093642,-1.0885564,-0.9043871,-0.44024986,1
-0.7286264,-0.4155488,-0.41727835,0.9137185,1.3420844,2
-1.3865201,-0.65063584,0.5948844,0.81434447,-0.08733615,2
-0.9729382,-0.9071584,-0.33296233,-0.0749875,-0.69421804,2
2.3801723,0.24736166,-0.2223884,-0.42924404,0.46566623,1
-0.17665672,-0.16889584,1.3765246,-1.1097531,-0.6883258,2
-0.9068359,-0.5369224,1.7180973,0.85032815,1.3664727,2
-0.6359911,0.03421256,1.1573431,0.824381,-0.7692163,1
-0.78239083,-0.60620993,1.8885624,-1.2088808,-0.257931,1
-0.49386007,-0.046495542,1.5032947,-1.5954435,-0.62176657,1
-1.3032488,-0.7715688,0.56409496,-1.7654443,-1.2504715,2
-0.21929093,2.3103065,-1.5193188,-0.46596372,0.23511922,1
0.12994799,-0.7791889,1.2552524,-0.97716236,0.6210816,2
-0.7754219,-0.87260234,-0.25648323,1.2415235,-0.27890426,2
-0.75016695,-0.6941835,-0.34002113,-1.5288229,-0.1468426,2
-0.70376235,-0.43873763,1.551046,-1.6431271,-0.9681807,2
-0.23192753,2.1298542,-0.123008974,1.0495989,-0.44061852,2
0.41888434,0.93701565,-0.034470037,-0.6898618,-0.554919,1
0.31202218,1.7684249,-1.8100818,-0.23558143,0.76985246,1
0.395144,1.0889369,-0.4758076,0.8840543,-0.6830489,1
-0.6235608,0.13185415,-0.18402442,1.0073354,-1.4482462,2
-0.035979345,0.5716646,-1.2257144,-0.72757274,-0.14208983,1
0.6049888,1.1556404,-1.6337063,-0.51725173,-0.40495664,1
-0.6257901,-0.27002376,0.031680375,1.8127656,-0.34802637,2
0.11993791,1.2446259,-0.032106504,-0.37386888,-0.9168843,1
-0.09955929,0.51140636,0.46348783,0.13049379,1.5226336,2
-0.037712686,0.42680022,1.2783484,0.294436,1.1673377,2
-0.7866801,-0.9938166,-0.46161205,0.38697243,-0.1431838,1
-0.3044155,1.2854029,0.2149428,0.08453148,-0.44435075,1
-0.32722482,-0.31988776,0.6298127,0.058733746,-0.54739547,2
-0.6408581,-1.0610191,-0.13053554,1.0881603,-1.4276229,2
0.18982083,1.8432434,0.42597455,0.03188998,0.8093807,1
-0.3474258,-0.1252698,1.7096635,-1.2281673,-0.44442445,2
0.33265272,1.695418,-1.6840067,-0.9732913,1.0382868,1
-0.59689367,0.05104469,0.43320665,0.1966443,-0.4354583,1
0.886955,1.9720259,0.07460663,0.02839442,-0.17043796,2
0.34936464,1.9422766,-1.3007858,0.8461871,-0.6332109,1
0.75971395,1.3743769,-1.5643147,-1.1158735,0.05937369,1
-0.5658878,1.6462464,1.6786325,-1.0794692,-0.31612235,2
3.164394,-0.6033127,-1.2738423,-0.4211967,-0.39081872,1
-0.29375082,2.0464861,-1.6322247,-0.26189774,0.3314252,1
0.5916245,-0.019506544,-1.1008157,-0.76631874,-0.06389339,1
-0.71644795,0.029606149,0.49033016,0.9172024,-1.0273111,2
1.4445935,-0.71186537,-1.2644459,-0.29230088,-0.54892474,1
-0.504231,-0.7560041,-1.5983092,-2.1822948,-1.270483,2
-0.26345956,-0.97960794,0.9043434,0.4490443,3.2023256,2
-0.41029692,0.16558503,-2.2776375,-1.161011,-0.79814315,2
-0.85149765,-0.8471054,-0.5494835,0.5416699,2.317328,1
-0.6945841,-0.9105919,-0.47679657,-0.8659106,-0.7586457,1
-0.6994541,-0.5842856,0.19239779,1.4730476,-1.1416074,2
-0.61534303,0.8526694,1.8446513,-1.163235,-0.60875463,1
-0.17088419,-1.000855,0.75691926,0.72001433,1.4132321,2
-0.5543724,0.5226155,-1.3119773,-0.724911,-0.47248214,1
-0.85741943,-0.6528667,-2.5029426,-1.7030766,-0.6837928,2
-0.7945736,-0.69344395,-1.939235,-2.1159852,1.4603858,2
-0.6531415,-0.039646074,-0.23842108,0.6641076,-1.1645204,2
2.1196764,0.49985546,-1.2696078,-0.122897804,-0.26850387,1
0.047067985,-0.15959927,0.164852,-0.07455747,1.2607759,2
-0.59524673,-0.52428055,-0.17119083,0.64228714,1.740665,2
-0.46256605,1.1611696,-0.3232177,-1.1703486,-0.5716946,1
-0.8541205,-0.85283524,-0.15544151,-1.5050844,1.8868783,2
0.36623853,-0.8614819,0.90194935,0.33990815,-0.8879489,2
0.23950084,1.843722,-1.61877,-1.1550432,0.023985565,1
-0.2901129,0.79049814,0.30651647,0.21689321,-0.41348946,1
1.8441527,1.0716593,-1.524885,-0.00035475194,-0.4206907,1
-0.6474359,-0.21950181,1.8305081,-1.2647145,0.07065193,1
-0.5823905,0.121093675,0.3925442,0.22146174,-0.4384873,1
-0.735425,-0.58851373,-0.8070859,0.8664014,-0.2270239,2
-0.049403816,1.2988496,0.9385761,-1.2095338,-0.47803754,1
-0.7734737,-0.7773372,-0.25111756,-0.94401693,-1.0064212,1
0.3677369,2.305276,-0.08256474,0.11447375,0.28484154,1
-0.4164626,-0.061541438,1.7787373,-1.496305,-0.60923415,1
-0.48628557,1.1041944,1.3578876,-1.3141748,-0.41071847,1
0.05532199,0.46567342,0.5365875,-1.2656969,-0.7115184,2
-0.56813776,-0.32197446,-0.057367176,1.1316973,-1.2211671,2
-0.69992054,0.16667072,1.8782665,-1.3720713,0.6447803,1
0.63805276,0.31924444,-0.52903306,-0.8068509,0.19569618,1
-0.5785486,0.34370825,1.0076568,1.3189434,-1.2672238,2
-0.018914714,1.6570235,0.056469873,-0.0027973354,0.7420795,2
2.7111573,-0.84701604,-1.3731092,-0.3553175,-0.35817486,1
-0.6599905,-0.3934184,-0.04795146,1.1413074,-1.7699786,2
2.167294,-0.27666962,-1.6842604,-0.72409403,-0.1246653,1
-0.5773128,-0.3713994,1.2350329,-1.1240588,-0.032068044,1
-0.61928385,0.4637542,-0.33354604,-0.098328695,-0.44271535,1
-0.5325907,-0.4165918,0.1982625,0.6749497,-1.0210416,2
-0.15444438,-0.88673437,1.0093337,0.820682,2.0985518,2
0.33057624,-0.5336304,0.54163694,-1.7939909,2.6363182,2
2.8889332,-2.0513997,-1.067291,-0.4513624,-0.3541811,1
-0.9878561,-0.28667444,1.4268668,-1.5966533,-0.033517003,1
-0.25438216,0.45310378,1.2074305,-1.3534963,-0.47368562,1
-0.0985544,-0.13902903,0.44073313,0.29677027,-0.73378634,2
-0.52639437,0.7158691,0.62894416,0.087573856,0.14976995,1
0.4501684,1.1013123,0.9012828,-0.8779019,-0.43534395,2
0.5251279,0.78176457,-1.3664691,-0.142984,1.9798448,1
-0.3592094,0.25520897,0.993869,-1.4337808,0.64762956,1
1.2722356,-0.3436774,-0.7398857,-0.2990085,-0.7181368,1
0.31291625,-0.43883148,0.7156637,1.5670586,1.6557548,2
3.3832214,-1.8429388,-1.1796968,-0.255576,-0.45952088,1
-0.5212554,0.97777015,-1.1147027,-0.86236346,-0.1979708,1
-0.8361252,-1.0430306,0.30052388,1.7810978,-0.1407645,1
-0.85237825,-0.8677588,-0.30744264,1.7285662,-0.12393394,2
0.3171508,0.21629241,-0.76751125,-0.425552,0.49356073,1
-0.11953217,0.96870947,1.7368609,-1.2104138,-0.6963257,1
0.05184126,-0.80691326,0.679504,0.47502267,0.59669834,2
-0.5331739,0.34001678,0.28307274,-0.16286445,-0.48819432,1
-0.10010289,0.18976691,1.1721573,1.0034767,-0.8432355,2
0.8734576,-0.27743232,0.2571977,0.47226232,0.75920933,1
-0.6136507,-1.0036787,0.017613105,2.271041,-1.5241319,1
0.3764708,0.13392478,0.090769604,-0.3164352,0.105880685,2
2.8829908,-1.2437509,0.2201295,-0.7460939,0.5383392,1
1.4439099,-0.21751119,0.42426035,-0.0086919665,0.5498306,1
-0.2715553,1.7335165,0.7679368,0.3918205,-0.72763234,1
-0.36246705,-0.18670134,0.44891953,0.7233977,2.0265408,2
-0.22810915,-0.68748736,0.6819576,0.22976398,0.65769196,2
-0.71044254,-0.7503952,-0.09429879,0.87188005,-0.4204898,1
-0.34429142,1.3232749,-1.7391702,-0.8126722,-0.5079269,1
-0.6399388,2.850529,-1.5371871,-1.0940711,-0.5382853,1
1.4687457,0.4675867,-1.4201918,-0.708355,-0.20598504,1
-0.49330258,-0.6855942,0.9175786,0.7467219,0.73328626,1
0.18272254,2.1071272,0.3044233,0.62178636,-0.7319288,2
-0.22239879,-0.099923775,1.1454657,-1.2591827,-0.25705162,2
-0.6682718,0.14037058,0.6365793,-1.2704403,-0.27174306,1
-0.40681702,0.07349968,1.4960938,-1.2625744,0.5527718,1
-0.48810112,-0.693834,-0.26419723,2.2107537,-1.5237846,1
4.632115,-0.6077496,-1.0217141,-0.67648375,-0.25230303,1
2.0345438,-0.33994532,-0.59617543,-0.86075926,-0.36746392,1
-0.21392938,-0.5573664,1.0614395,0.16550496,-1.3700016,2
-0.35243022,-0.9457939,1.5383692,1.293312,1.9000947,2
-0.96781206,-0.730712,-1.7296509,2.020135,-0.1287201,1
-0.496392,-0.6741913,0.7266427,0.927152,2.844367,2
-0.6136271,-0.41611248,-0.25941578,0.13447419,-0.07028916,2
-0.38693362,-0.080432035,1.706175,0.63869935,-0.74913,1
-0.5042738,1.8100601,0.44188166,0.112378016,-0.03642413,1
0.7535413,-0.29714787,0.6507419,0.45694005,0.7206502,1
1.573017,-0.60827523,-1.2409811,-0.39887983,-0.16478032,1
3.3477786,-0.89162266,-1.2738112,-0.7655514,-0.12470591,1
0.047284886,1.8662958,0.14021286,0.015401214,0.748382,2
1.864867,0.05290951,-0.43463448,-0.34624484,-0.27053943,1
0.6234953,1.4040031,0.49681762,-1.2350758,-0.7874073,2
-0.97592676,-0.6547173,1.4525666,1.2463254,1.9348898,2
2.3192806,-2.0004437,-0.5860035,-0.30990243,-0.46782792,1
-0.89859694,-0.988464,-0.16514118,-0.4953973,-0.3805219,2
1.6717489,-0.47617337,-1.0122788,-0.5252118,-0.27463657,1
1.7646458,-0.8411846,-1.472483,-0.9499338,-0.20187345,1
0.2817647,1.2894977,0.15604581,-0.23669896,-0.5213914,2
-0.85142213,-0.50653064,-0.08400123,1.3649597,-0.1452271,2
-0.8699906,-1.7523301,-1.4940012,1.2748,-2.163102,2
-0.75911725,-0.45069286,-0.032591373,1.4309999,-1.1447887,1
-0.77478254,-0.92723197,-0.22982533,-1.572465,-0.13035528,1
-0.2815777,0.27339157,1.0167358,1.2199807,-0.88305426,2
1.0443339,1.0958937,0.6693487,-1.1192768,-0.1269887,2
-0.2731306,-0.30019996,0.6356174,-0.955644,1.8874556,2
-0.5850975,-0.6621912,-0.69488513,-0.12830745,0.023507982,2
-0.6609237,0.76064056,1.3474375,-1.6959136,0.100880876,1
-0.7706884,-0.7947777,0.60930645,0.2690677,-0.063269764,2
2.1371136,-1.0997725,-0.42783636,1.023994,-0.7157771,1
-0.4328882,-0.48260725,1.5583707,0.23707023,1.1550531,2
0.25139916,-0.82849526,1.1086513,0.6096766,0.48899996,2
2.92413,-1.1562155,0.52467227,-0.9749655,-0.14597669,1
1.0925344,1.1524758,-1.8229473,-0.20523639,1.1476884,1
-0.80037075,-0.94092035,0.120963186,2.0335572,-1.3150043,2
-0.5907252,-0.5288268,0.6521601,0.34730276,0.81777364,2
-0.3927307,-0.9409198,-0.59172523,-0.28115126,-0.42740512,1
-0.7047576,-0.54862165,-0.43684497,0.30815727,0.9774505,2
-0.34569559,0.4741441,0.7720758,0.24717721,-0.54597986,1
-1.0037087,-1.0107701,-0.619051,-0.9940907,1.2577367,1
2.0570638,-0.8431629,-0.6437968,-0.70021707,-0.013508126,1
-0.8294875,-0.82140136,-0.6012023,0.14461432,1.6117511,2
-0.71312344,-0.82131296,1.3640723,0.28117087,2.0651853,2
-0.87958986,-0.81376326,-0.10536234,1.6530725,2.1417723,2
-0.73210704,-0.83306813,-0.45534825,-1.029795,-1.999248,1
0.30914003,2.0631328,-1.4779811,-0.6856288,-0.473886,1
-0.15909854,-0.9610899,1.3800462,0.689613,0.5947713,2
-0.6699504,0.7137663,0.05410198,0.06287649,-0.51432,1
-0.3473549,-0.58892906,-0.17777325,0.4040475,1.6514987,2
-0.59482807,0.43865225,0.65384215,-1.047905,-0.010953262,1
-0.8180475,-0.77505267,-0.5795896,-1.2620139,1.3463709,2
-0.04036735,0.8583563,0.26857233,-0.3156935,-0.1718892,1
0.35504118,1.4409487,1.0511918,-1.1125481,-0.40119344,2
-0.91506195,-1.0974888,-0.9589324,-1.0946507,1.3805267,2
-0.5754883,-0.61927044,-0.16612044,1.8159478,-1.8182335,2
-0.78556824,0.64237607,1.4137198,-1.3639255,-0.21063372,1
-0.78659725,-0.31742495,1.5558776,-1.2831787,2.3281147,2
-0.122275524,-0.044469506,1.5545022,-1.2674394,-0.51289463,2
-0.23050784,-0.25330397,0.57913876,0.39787555,3.0205684,2
-0.48055932,1.8165797,0.29224494,0.10164386,0.9308195,2
-0.10408333,-0.42303896,1.5595088,-1.4961112,0.3836534,1
-0.16713676,0.5377624,-1.1984018,-0.93576956,-0.105703935,1
-0.48929954,0.027154174,-0.16287495,0.2609774,-1.4383203,2
-0.77849674,-0.23302832,-1.6498479,2.2696319,-1.7074882,2
-0.37049758,-0.3334335,-0.6101038,0.62114406,1.5826828,2
-0.44448295,-0.9881997,-0.2200914,0.91310245,-0.13950635,1
1.9534135,0.13111046,0.113736935,0.17749014,-0.4333944,1
-1.0455825,0.3646445,0.8217422,0.25177246,-0.9003141,1
-0.41435844,-0.42489487,0.3703554,1.6511242,-0.9824379,1
-0.3162447,0.47538164,1.1548009,0.14743058,-0.6913876,1
0.76912934,2.2511766,-1.4485154,-0.31416103,0.48966894,1
-0.48036602,0.07142104,-2.2271094,-0.84977543,0.10694709,1
-0.6404108,-1.24653,-0.36943936,1.3353461,2.9087265,2
0.62218714,0.69023454,-0.47128883,-0.34013999,-0.7528777,1
-0.6615439,-1.036322,-0.07603091,0.1574491,-1.052079,1
2.1261299,-1.087639,-0.6500566,-0.5055694,-0.16009349,1
2.0577097,-1.0691407,-0.33694077,0.7193625,-0.39900303,1
-0.1984532,-0.57362974,2.030306,-1.8030598,-0.88516337,2
0.49102002,0.3195957,-1.1471281,-0.71890444,-0.11212638,1
-0.82370216,0.30377012,1.4230654,0.63765335,1.602699,1
-1.1993634,-2.6658792,-1.5822983,-0.7795269,-0.5791611,1
-0.45498446,-0.093399286,0.6899128,0.8082193,3.189618,2
-0.53044945,0.07126796,1.8142531,-1.8909881,0.19048603,1
1.4168006,-0.44534528,0.48974672,0.17647937,0.96110207,2
-0.6073148,-0.6337484,-0.30096698,1.0358864,1.2078611,2
-0.46232706,1.505855,-1.6591458,0.88950485,-0.6396218,2
3.638206,-1.9333471,-0.82832736,-0.62954867,-0.21323556,1
-0.24272203,-0.10560112,0.5863805,-1.1884527,1.9790454,2
-1.1508455,-1.2453644,-1.3082427,0.374107,0.9564179,2
-0.96962994,-1.9393231,-1.4233983,-2.5789752,-0.34945118,2
-0.8062562,-0.87949836,0.8132202,2.4522057,-1.1492332,2
-0.52136475,-0.30044934,-1.6586918,2.1799927,-0.18878756,2
-0.7229841,0.3070812,-0.31043422,0.23719361,-0.09033425,1
-0.99132186,-0.25932747,1.6548527,-1.4502751,-0.3326211,1
0.17268531,-0.08715764,1.6530311,-1.3178996,-0.96991885,2
-0.51226664,-1.208276,0.08900651,0.45845896,1.152673,2
-0.85094786,2.1022809,-1.4669176,0.82747954,-0.88821065,2
0.86151755,0.40144882,0.5706212,-1.1333721,-0.48799247,1
-0.5902203,-0.19245714,1.1987268,-1.2167436,-1.694926,2
-0.35709947,1.7643684,0.39767313,0.7377554,-1.2572285,2
-0.7274469,-0.34300962,0.88085544,0.36245668,0.5388537,1
-0.1946947,-0.48777375,1.1560996,0.45151636,0.22015858,1
0.06213665,-0.41835785,0.26155168,2.1670947,1.9020497,2
3.003129,-0.7155152,-1.3679206,-0.6212284,-0.31101754,1
-0.44594195,-0.884018,0.17173025,1.751566,-1.6306778,1
-0.34577143,-0.6689077,1.0256565,-1.3808314,2.2503533,2
-0.66563636,-0.33732516,-0.57605785,0.025577802,-0.10280209,2
1.9531804,0.77321315,-0.7852259,0.36061925,-0.54827416,1
0.54456395,0.5692806,-1.3196127,-0.5542384,-0.18952063,1
-0.89594984,-0.5773791,0.8416544,0.66361463,-1.0221678,2
-1.1298577,-2.6664922,1.1280843,-1.289335,-0.9735863,1
-0.8284718,-1.1837443,-0.7620416,1.1073377,2.5831544,1
-0.6942111,-0.8766636,-0.84106463,1.5118258,-1.490529,2
-0.8020195,-0.9272519,-0.6139364,-1.5536989,2.1722746,1
0.23288305,1.4465832,-1.3875939,-1.0455127,-0.5366521,1
-0.50342774,-0.057612404,1.2446176,0.7860252,1.5948628,2
0.5254114,0.94660807,0.79844445,0.32718912,-0.56366813,2
-0.30265242,0.31587842,0.0336003,-1.3467813,0.37023187,1
0.36509824,2.024022,-1.4925759,-0.26991978,0.98940766,1
-0.25658104,-0.4632194,1.1440398,0.31141332,-0.11236466,2
-0.3641132,-0.012603737,0.7292518,1.4693336,-1.1771901,2
3.6348758,-0.7696936,-0.8821834,-0.6280298,-0.4198397,1
3.0609062,-0.8065779,0.7737091,-1.2806604,-0.5976805,1
-0.47903925,-0.8271714,0.7825221,0.82688975,2.2601907,2
-0.060896296,2.3620172,-1.7444755,-0.8871316,-0.75982267,1
3.4389343,-1.3847915,-0.7290767,-0.64686304,0.12494368,1
-0.15882203,-1.0405793,0.72533846,0.6766633,-0.8143236,2
-0.5252452,-0.79583496,1.0653802,-2.0279386,-0.7393935,1
0.7998863,-0.62836945,2.1030483,-1.6112347,-0.65010136,2
-0.53477186,1.50155,-1.3863657,-0.4174053,-0.3418076,1
-0.8103447,-0.8920614,0.9853351,-1.3426385,-0.25998655,2
-0.26630673,-0.15212604,1.5579011,-1.2524168,0.46670306,1
2.9951978,-1.1189146,0.11085394,-0.8649491,0.13361591,1
-0.5053186,-0.96290267,-0.34513095,1.6834707,2.2525892,2
0.35935038,1.3204262,1.0569751,-0.76750565,-0.26714915,2
-0.1605431,-0.6629604,1.1696887,-1.5735532,0.40112078,2
-0.60101473,-0.89007616,1.2036563,1.13642,2.665476,2
-0.34601438,1.3582294,0.4753563,0.10938406,0.7438523,2
-0.6579904,-0.59360754,-0.23409033,0.42842084,-0.08409795,2
-0.1593221,-0.5548951,0.07611303,2.1715505,-0.20687614,2
-0.6922654,-0.13825387,1.9542195,-1.6127329,-0.11714621,1
-0.82218814,-1.1199027,-0.11713066,0.46495488,0.9125946,2
-0.5890903,-1.076196,-0.039606176,0.51612085,1.270804,2
-0.60463095,0.8226499,0.8152563,0.28186074,-0.38863164,1
1.4154468,-0.5254629,-1.0022491,-0.38451138,-0.31851187,1
-0.3271417,-0.20100163,0.80008537,-1.1934228,-0.3902927,2
-0.53220683,0.12846792,1.7864184,0.39049783,1.445912,2
-0.91897494,-1.0023379,-0.8476418,0.78491503,-1.5245303,2
2.4668384,0.3255177,-1.234096,0.42053032,-0.58270186,1
0.10867746,1.6097101,-1.696696,0.8312618,-0.6548867,1
1.4097682,0.095469825,-0.49104285,-0.3330652,0.018683702,1
-0.18268915,-0.4392017,1.5985268,0.49832934,0.8224284,2
-1.1951404,1.7683936,-0.25701225,0.058886293,-0.1622211,1
-0.6955255,0.48409665,0.9959563,0.84074354,1.1656725,2
-0.90514606,-0.7500122,0.16577408,0.24225959,-0.94063145,2
-0.6192708,0.09774175,0.69562864,0.34036463,-1.3205997,1
-0.804287,-0.7943773,0.1077805,-1.1506524,-1.0512882,2
-0.26644826,2.5798347,-2.016344,0.1572253,-0.4824835,1
-0.929716,-0.4190237,0.3313795,1.794453,-0.187425,1
0.9581042,1.4511105,-1.3910321,-0.12487504,0.058099464,1
1.0186732,0.30304003,-0.33545864,-0.24682379,-0.09782716,1
0.2386992,-0.77116233,0.82732975,1.5986915,1.0904098,2
-0.40793592,-0.74946326,-0.5140016,1.7083308,-1.2793425,2
-0.9734872,-0.8572216,-2.260481,-1.1306398,-1.0051903,2
2.5686054,0.06015946,-0.46505612,0.4051969,-0.41784224,1
2.9856596,-1.0410864,0.7501452,-0.92833066,-0.53961766,1
0.36281288,-1.120093,0.11526826,1.2320153,1.7899499,2
-0.6935496,-0.69750476,-0.2238917,2.2554452,-1.8216797,2
0.89930904,1.7946081,-1.6905259,-1.0583746,-0.046819996,1
-0.5200298,-0.87021446,0.32424033,1.5791433,-1.2163291,1
-0.5772708,-0.51645637,0.06426579,-1.5705012,2.9095552,1
-0.71632254,0.3214652,0.5801672,-0.024646044,-0.38851088,1
2.1723938,-1.0837821,-0.7797976,-0.48051655,-0.24208674,1
-0.65968144,-1.0482664,-0.75237155,0.9617569,-1.129372,2
-0.6492077,-1.0587878,-0.10280888,1.7101351,-1.3005314,2
-0.4524173,-0.77855945,2.1671276,0.59225184,0.27542987,2
-0.51946414,-0.7364292,2.1630654,1.405909,1.4373908,2
-0.013803408,-0.25826222,1.0559325,0.8385523,-1.0425997,2
-0.5985358,-0.15753442,1.1517957,-1.5687495,-0.8994998,2
1.7756522,1.3218716,-1.6349604,-0.7634681,-0.62408084,1
0.64981955,0.018262208,-2.013318,-1.4097831,-0.76794934,1
0.4564138,0.77827317,0.89682746,-1.454067,-0.64357936,2
-0.4671366,-0.7334844,0.077157445,1.2856812,-1.4151909,2
0.52123106,2.0757194,-1.4556086,-1.3720781,-0.24152516,1
-0.59188884,2.3238676,0.06746898,-0.20993039,-0.04538575,1
-0.7059157,-1.0565506,0.96111494,0.6375978,-1.8846359,2
-0.9597332,0.26693285,-0.8915719,-0.117897205,-0.30065283,1
-0.68941253,-0.8213817,0.05119115,1.4586059,-0.16880006,2
-0.8815007,0.32275596,0.7263893,0.23268932,-0.38801876,1
-0.18603927,0.3624913,0.45580617,1.352215,-0.26857793,2
1.934773,-0.2001633,-0.805266,-0.2021966,0.12481943,1
-0.40157604,-0.35708803,0.35234785,0.52013177,3.0770354,2
-0.4530549,-0.14227724,-0.5183918,-0.116412565,0.49466145,1
-1.0915289,-0.25795928,1.3100989,0.9075768,-0.87985945,1
2.1351092,1.4514405,-1.3109715,-0.84955573,-0.3584417,1
-0.4234673,-0.35005128,0.7431976,0.8971691,2.3961174,2
-0.4511078,-0.81107914,-0.023026183,1.9684428,-1.5985732,1
1.6504011,0.6813975,-0.17271811,0.73505926,-0.99036115,1
-0.7916105,-1.0814813,0.31323576,1.6647898,-0.2032159,1
0.5102367,1.6657531,-2.0019913,-0.5243807,-0.47932345,1
0.08133262,1.2947347,-1.6052471,-0.9866645,0.070853025,1
-0.6726619,-1.0151876,-0.3377791,-1.5302794,-0.2673809,1
-0.06963578,0.12105963,1.110984,-1.3134167,-0.55037796,2
-0.44139796,-0.6943053,2.126195,-1.4859103,0.77313834,2
-0.32743484,-0.6460921,-0.34923357,0.8006617,-1.1851321,2
-0.21715485,-0.59852326,1.103744,0.057041198,-0.59576404,1
3.0283086,-0.9847541,-0.9009707,-0.44449666,-0.31975076,1
-0.20385335,-0.18638909,1.6846312,0.35637653,2.0355659,2
-0.44004035,-0.25745973,-0.21571861,-0.9245288,2.3051877,2
-0.5891749,1.4345565,0.33987662,0.019671246,0.21058938,1
0.14095305,0.10530256,-1.4542524,-0.7298989,-0.47415674,1
-0.28559345,-0.08639418,0.80208445,-1.4030597,-0.6199878,2
-0.3054042,0.11683883,0.8931992,1.193066,-0.24262926,2
-0.39885414,-0.6630709,1.0136998,0.5391865,2.7139244,2
-0.38989264,1.7934558,0.22657706,-0.22086094,-0.32966185,1
-0.23528224,0.55728257,-0.34222203,-0.28056797,0.09304516,1
0.6113568,-0.47560892,-1.4111749,-0.66204405,-0.0774104,1
0.4873786,-0.7079133,1.9684031,-1.307909,-0.42500317,2
-0.763427,-0.07028094,1.3774669,-1.7511722,-0.73273826,1
-0.6941925,-0.38261476,0.61428994,1.6978252,-1.2096771,2
0.026245208,0.4778842,0.31724173,-0.07384722,0.36239415,1
2.1887012,-0.88264835,-1.0455843,-0.89665604,0.01369445,1
3.8366916,-2.0107975,-0.89181244,-0.7246083,-0.1223806,1
-0.94788706,-0.2157552,1.9659374,0.6531777,1.1553607,2
2.8352761,-1.8477881,-0.9626428,-0.5903755,-0.014368519,1
-0.87761104,-0.45954242,-0.3238241,1.5825479,-0.44056112,2
-0.8361122,-0.59657574,-0.915435,-0.088755436,1.7793092,2
1.1212689,0.14586155,-0.3348379,0.004777789,-0.5180112,1
-0.35081318,-0.38933355,1.1367432,-1.2319356,2.1256378,2
-0.77913135,-1.2706013,-0.32227808,1.3485366,-0.027329192,1
-0.65050966,-1.4710947,-0.06261007,-1.2387631,-1.4591823,2
-0.096755475,0.11875869,1.2443062,0.58466625,-1.4895363,2
-0.3166111,-0.15012152,0.8868537,1.712811,-0.72208935,2
2.8625333,-1.7272329,-0.8945278,-0.58644295,-0.33728367,1
0.76683354,-0.35929763,0.657985,-0.88266337,-1.210105,2
2.34942,-1.7011395,-0.8505952,-0.6472933,-0.055804618,1
-0.5375203,-0.9757068,-0.9005374,0.93791145,2.362993,2
-0.47284827,-0.43814668,-0.6507588,0.68582594,-1.2261028,2
-0.30672675,2.0542853,-1.4262264,-0.59078866,0.20871143,1
0.0027699098,0.6899699,-1.3316972,-0.6528331,-0.32150596,1
-0.87565804,-0.99261487,0.11984755,1.3824018,-1.1142362,1
-0.25221843,1.1253016,-0.36850405,-0.964813,-0.53806984,2
-0.92182493,-0.084627,0.53156954,0.1347531,-0.5358059,1
-0.6700064,-0.4702111,0.12986043,2.0967672,-0.18527672,1
-0.16074689,-1.0606751,1.1721373,0.23948906,0.7265058,2
-0.99413764,-1.3586206,-0.42514867,1.6829547,-0.14019725,1
1.5212777,0.09471844,-1.1797189,-0.37999034,-0.46327192,1
-0.5367062,-0.99912786,-0.074872516,0.39252654,0.994097,2
0.4978399,0.6804829,0.06870874,1.0315078,-0.77933645,2
-0.68060654,-0.64147294,2.4466379,0.53812397,-0.85542625,2
0.25539887,0.98218834,-1.1865273,-0.95629877,-0.06442786,1
1.5502876,-0.7632211,-1.1040006,-0.5848272,-0.11893478,1
-0.5383701,-0.051473938,1.7031206,0.46452177,-0.7279712,1
-0.1373038,-0.11440481,0.5505309,-1.4779145,2.3916914,2
-0.8045827,-1.1558471,-0.3928151,1.0703626,2.8105166,2
-0.42386124,-0.7484533,0.9334121,1.2220043,0.9789864,2
0.11410573,-0.5008619,-0.017146306,0.90982234,0.71598214,2
-0.43357596,-0.41932774,1.0979679,0.81004727,-0.17162582,1
-0.05875892,-0.32869068,0.9049407,1.2965384,-1.4269352,2
0.20876212,-0.036421843,-0.5946626,-0.2881025,-0.32175902,1
-0.18732297,0.027196385,1.773229,-1.6281779,-0.7355568,2
-0.4255767,-0.8965073,-0.092659235,1.9796239,-1.2969557,2
-0.3942587,2.5092835,-1.8314867,-0.17333978,-0.2723025,1
-0.8267218,-1.0176696,0.25695997,1.716184,-1.5655969,1
-0.55775625,-1.1015815,-0.44825244,0.8785355,-0.14374042,2
-0.3990394,-0.5310651,0.1543408,0.7862931,-0.27743104,2
0.22716743,1.7544388,-0.9985132,-0.6932848,0.47034645,1
0.8529119,-0.6837164,-1.1618288,-0.66763985,0.13208874,1
-0.3837853,-0.62645316,0.041063488,0.79875815,-1.578369,2
-0.48436493,-0.812576,-0.14323199,1.6822758,1.0443261,1
-0.4732724,0.68804693,-1.161068,-0.486903,-0.027283877,1
1.1343248,0.7369023,0.64415896,-1.0600032,-0.30599684,1
-0.4784967,-0.17850617,1.2114344,-1.7754794,1.7544363,2
0.8385985,1.7233433,-1.1972578,-0.8350981,0.36222064,1
-0.1071454,2.9302359,-1.5630367,-0.251736,-0.62010515,1
-1.3251147,-0.6597853,0.058971137,1.5898379,-1.8908812,2
-0.71962905,-0.15226583,1.0184404,0.69597465,2.6487746,2
1.6912215,0.3873223,-1.3705341,-0.2426126,-0.54124177,1
-0.54105765,-0.21323183,1.726357,-1.4026805,-1.221157,2
-0.7231136,1.0484039,-1.380907,-0.3174365,-0.4238157,1
-0.5789004,-0.79061264,-0.080606,1.3249452,-0.20463344,1
0.17319734,1.3411732,-1.0619366,-0.38230336,-0.5530907,1
-0.5549805,1.121396,-0.42160964,-0.14072973,-0.12224865,1
-0.6466472,-0.97277635,-0.5903813,1.1142808,-0.35733607,2
-0.71194285,-0.39459404,0.5239209,1.625188,-0.010119066,2
0.29819342,2.0177124,-1.5628685,-0.3822935,0.7300464,1
4.2406673,-0.6046453,-0.990716,-0.6498183,-0.25035635,1
-0.4844327,0.46450686,0.62160486,-1.3561373,-0.4475789,1
-0.3441664,-0.37895405,1.1675469,-1.6741946,-0.70358694,1
-0.26971355,-0.81051904,1.3566105,-1.1623461,0.6204442,2
0.56287074,-0.21341798,-1.2864063,-0.37919828,-0.26000735,1
-0.31497186,-0.46022823,1.283677,-1.1521305,0.41647762,2
-0.18872924,-0.25770575,1.1279974,0.4311808,2.4327238,2
0.35323521,0.45127285,1.0733873,0.6569415,1.1345459,2
-1.5234675,1.3679739,0.15776548,0.19103384,-0.26998675,1
-0.5710118,0.11932254,1.4830465,-1.4674554,-0.7300605,1
0.31018898,2.2350056,-1.5583059,-1.0708206,-0.2952189,1
-0.26942784,1.0181959,0.37611452,-0.0051817745,-0.7434399,1
2.0110476,-1.0822386,-1.1012907,-0.23576388,-0.007447228,1
-0.034497637,2.1212058,-1.1872565,-0.7581877,-0.5613779,1
-0.4178937,-0.09415482,1.3636136,0.50747705,0.7945496,1
0.50840306,0.033508316,-1.3531396,-0.8099789,-0.41913965,1
1.5073797,-0.66480684,-0.46730223,-0.5687921,-0.24254496,1
-0.7051897,-0.3877618,0.014362335,0.92588586,-0.17837976,2
-1.2712342,-0.7939441,-1.7810833,-1.5830425,-0.14368586,2
0.18509439,0.022121534,-1.1804457,-0.6809437,-0.3983122,1
-0.65741795,-0.9078673,-0.24267581,1.867902,-0.9697174,1
-0.75950587,-0.9891906,0.18220448,1.1848747,-0.1715345,2
1.1725649,1.151517,-1.3855802,-0.21207552,0.052627515,1
0.6405725,0.832801,-0.17581579,0.2172569,0.94259655,1
1.40922,1.7540447,-1.6041322,-0.6796801,-0.55273426,1
-0.61348486,-0.88896316,0.22279356,1.5747805,-1.1711478,1
0.4456315,1.5574914,-1.7135968,1.0025617,-0.83208555,1
1.0169246,1.0382032,-1.394604,-0.7826415,-0.77485204,1
2.806107,-0.64771557,-0.0099518,-1.1454966,-0.22013324,1
-0.7797873,-0.5676803,-0.38786912,-0.23103791,1.1970601,2
-0.41388446,-0.5582302,1.8986633,-1.2943877,-0.37654573,1
-0.6814861,-0.6729075,0.40638563,-1.314732,-0.25214723,2
0.12696844,-0.56266916,0.34991458,0.97500706,1.8105671,2
0.2602865,0.3446701,-0.5565415,-0.8071298,-0.18349937,1
1.9248968,0.15800643,-1.6422971,-0.28892723,-0.23256281,1
-0.7155103,-0.5064667,-0.5865803,-0.12427798,-0.28825653,2
-0.44240245,-0.740312,0.1901152,1.638649,-0.22142175,2
-0.91319513,-0.880839,-0.32143202,-0.043282956,0.16752498,2
-0.5841,0.6441794,-0.39226502,-0.2886901,-0.2712369,1
-0.4397359,0.88371056,0.37574232,-0.15665098,-0.6084317,1
-0.7702087,-0.85309523,0.113755554,0.49858415,-0.4742816,2
-0.00013618171,1.4492761,-1.5162816,-0.38227874,-0.030687753,1
0.25273013,1.6150073,-0.36363822,-0.19911385,-0.7387428,1
-0.62411433,-1.0958214,-1.2156919,0.017650157,1.1979342,2
0.5573618,-0.11101988,1.723756,-1.6113546,0.20104362,2
-0.46371588,-0.37426317,-0.18431729,0.95666623,-0.006815836,2
0.103066735,0.5923383,-0.5624012,-0.48319268,-0.41684204,1
1.6519188,-1.0601506,-0.9481657,-0.4062698,-0.2830082,1
-0.22184344,0.2900368,1.3723545,0.32379627,1.3216926,2
-1.9235077,-0.55375886,-0.41395465,-0.7443033,-0.57303363,1
-0.58905584,-0.53945094,-0.44038332,0.6167234,1.5270785,2
-0.8696061,-1.060914,-0.47268212,-0.6126338,-0.91402644,1
-0.27660465,-1.0463065,0.8549206,1.4930692,1.1305106,2
0.043107793,0.37880915,1.106527,-0.073991165,-0.7375527,1
-0.7481196,-0.04931569,-0.60840106,0.6185173,1.4567205,2
3.3214803,-1.0108067,0.54635185,-0.914145,-0.23131654,1
-0.33127496,-0.09429419,0.86122024,-1.4691607,-0.7405399,2
-0.35174215,-0.8355447,0.4865956,0.8920994,-1.6272041,2
2.8252394,-0.8407274,-1.3868712,-0.84295654,-0.25097248,1
-0.38370484,-0.5711149,-0.7714428,0.41693676,1.2508677,2
-0.8214488,0.114931114,0.10852891,0.6374747,0.874195,2
-0.87846494,-0.8836925,-0.3538495,1.6148872,-0.3125858,2
-0.84740627,-0.42302528,1.4835383,-1.2999718,-0.58967614,1
1.014982,-0.39129806,-1.2340871,-0.5518757,-0.033354077,1
0.7820835,0.36678952,-0.984462,-0.8052627,-0.07684414,1
-0.5970301,-0.6187484,-0.38514516,1.4010487,-1.4511553,2
-0.69035184,1.4005153,1.4446065,-1.1746808,-0.69983727,2
-1.2112432,-0.15505257,2.2487655,-2.1913607,-0.3068887,1
1.293046,0.45021164,-0.57706654,-0.14004971,-0.7493113,1
-0.4160453,-0.7539486,-0.5257686,0.1121329,1.7321659,2
1.4004931,1.3692392,-1.5277236,-0.551265,-0.34745553,2
-0.28966135,-0.3471952,1.0891901,-1.1002073,-0.5622988,2
0.3811019,0.6339165,-0.50413543,-0.08334854,-0.5238941,1
-0.9081012,-0.22190876,1.695577,-1.4441577,-0.5951182,1
-0.7739278,-0.8075734,-0.6284947,-0.17867614,-0.10265482,1
-0.17459537,0.9511277,-1.4832526,-0.83919126,-0.46730253,1
-0.24080189,-0.67628956,1.2084125,1.60794,1.0755166,2
3.1849003,-0.64610773,-0.91081005,-0.80941004,-0.048634663,1
2.9250674,-1.300637,-0.5701444,-0.47273862,-0.40638196,1
0.21461353,1.7143891,0.056378677,0.1531656,1.3087269,2
-0.877234,-0.70462096,-0.7058879,-0.076488584,-0.36661285,2
-0.68271697,-1.3003094,0.12096651,-0.007871538,1.1879067,2
-0.31705704,0.0026627555,0.967551,0.3731072,1.2283541,2
0.40940246,1.2342114,-1.6290113,-0.70627016,0.820931,1
-0.28309232,1.334103,0.5425009,0.23149529,-0.34978867,1
-0.63826644,-0.17430025,1.0724354,-1.576303,-0.2928592,1
-0.32166335,-0.5842904,1.7509128,-1.6854125,0.79374266,2
0.12426828,2.3980718,-1.2773559,-0.92173415,-0.5392028,1
-0.43230262,0.110198595,-0.3256746,-0.15893465,0.5458759,1
1.2502394,1.0565472,-1.322229,-0.80632263,-0.5269445,1
-0.8658794,-0.5369443,0.3427508,1.5227739,0.11992915,2
-0.3841087,2.1834815,0.16344288,0.3241349,-0.53542507,2
-0.52271414,-0.7143376,0.14313053,1.7053914,-1.490787,2
-0.80235296,1.3816308,0.20853049,-0.027400056,-0.68637955,1
-0.65751153,-0.91119915,-0.2550852,1.1143274,-1.4020617,2
0.23228016,0.58959,0.027198508,1.4827852,-1.204084,2
-0.6207401,-0.78437215,0.1485019,0.20445955,1.6437931,2
-0.44784573,-0.9071911,-0.010675892,-0.7619381,0.09707768,2
0.07819031,0.42362407,-0.63798654,-0.8886809,-0.3237477,1
-0.82480544,-0.89113975,1.395426,0.5564433,-0.058536798,2
1.882734,-0.46682304,-1.0371636,-1.1071751,-0.10293331,1
-0.7263451,-0.8861571,-0.3473117,0.4221214,-0.86538595,2
-0.3190121,1.785105,-0.16620891,0.5028874,-0.59679115,2
-0.40661395,1.3030101,0.25277176,-0.29580992,-0.8940929,1
0.059306435,-0.22248285,1.3238815,0.29902974,0.2768841,1
-0.5486804,-0.021536902,0.8375937,0.86178476,-1.4532592,2
-0.44580555,0.4206317,-0.095490634,-0.99795556,-0.3784559,1
-0.7473396,-0.6717718,0.5189479,1.6604928,-1.0796528,1
-0.5952632,0.050386295,1.225177,-1.0077076,-0.2795092,2
-0.70891106,-0.7981032,0.077304125,0.8690579,-0.3140412,2
2.3544683,-0.70131385,-0.37067652,-0.2847322,-0.31682676,1
2.2181773,-1.0695556,-0.5117252,-0.69690067,-0.13208722,1
0.12834632,0.35836387,0.85658765,0.74032795,-0.547971,2
-0.20355,0.32511663,-1.7800012,-0.546452,-0.41582376,1
-0.44287828,2.317379,-1.5786469,-0.9699373,-0.3586787,1
-0.9144675,-0.5639255,0.11471124,1.4122635,-1.2223359,2
2.6633544,-1.0172652,-1.2127459,-0.49867776,0.0093168765,1
-0.16682982,1.2843914,-1.549671,-0.76572764,-0.32268986,1
-0.2828876,-0.37155455,1.2619079,-0.934086,0.7555531,2
-0.41623217,0.818338,0.8966987,0.32983133,0.2934823,1
-0.80422413,-0.69859827,0.11635364,1.0529494,-0.20763096,1
-0.32671452,-0.79061764,0.5733764,2.8102531,-1.1398331,2
0.9064529,0.006277874,-0.82348835,-0.17468846,-0.78490937,1
-0.64765024,-0.6423351,0.9729568,1.2745672,2.1199474,2
-0.36251947,-0.18473554,1.5352573,0.43713522,-0.9215999,2
-0.55188024,-0.81075203,-1.9035943,2.025406,-2.0705924,2
0.7388277,1.7058971,0.118467525,-1.2289356,-0.10652283,2
0.8391391,0.49482816,-1.5322332,-0.995461,2.0473957,1
-0.755142,0.21413316,-0.16450834,0.15933496,1.4561043,2
1.0575074,2.0792341,-1.486912,-0.22592606,0.19520403,1
0.5145929,1.2684815,-0.3316673,0.20244163,-0.77174336,1
0.082053065,1.361989,-0.48720384,-0.15644045,-0.8907114,1
-0.75585496,-0.76191235,-0.11801654,1.2543392,-1.2159986,2
-0.47528434,-0.33295083,0.7030436,-1.824233,1.7461374,2
1.2788233,1.654566,-1.3183568,-0.5373008,0.08326054,1
-0.5419658,0.8986965,0.033872828,0.2935725,-0.49140728,1
-0.26655817,2.0813193,-1.1201062,-0.9559536,-0.62580884,1
-0.60383844,1.7706853,0.46773326,0.3179754,-0.4250676,1
-0.693953,-0.2797091,0.13495857,0.8271438,1.2088102,2
-0.5636809,-0.6425696,-0.55962896,0.27912143,-0.093424805,2
-0.26607156,1.6660284,-1.2482855,-0.9071008,-0.1576179,1
-0.12187998,1.7859875,-1.2771435,-0.9924222,1.5751882,1
-0.39151663,-1.0608346,-0.015162423,0.37157637,1.0784245,2
-0.46716747,-0.8523241,0.35449383,1.8244561,-0.0628036,1
0.017583773,-0.4819059,-0.24390605,1.2544855,-1.1593906,2
-0.50213677,0.5340553,0.04321578,1.4298526,-1.3863081,2
1.3473397,1.2402194,-1.5773007,-0.64183575,-0.34090072,1
-1.8871521,-2.9248295,-1.5370395,-1.4145418,-0.012656942,2
-0.16137272,2.2418308,-1.5934584,-0.17078848,-0.41825134,1
-0.28260785,1.9034821,-1.4244813,-0.33010724,-0.4380644,1
-0.70443434,0.027138576,-0.54267895,0.05197239,-0.05103968,2
-0.5263648,1.6426173,0.10879474,0.7363206,-0.84418535,2
-0.6933871,-0.92304444,-1.9081087,1.6339645,-0.2722292,1
-0.29999512,1.9150149,-1.8776883,-1.0597315,-0.51054233,1
-0.022332113,-0.37682006,1.3280196,1.2865267,-1.9830463,2
-0.2853591,-1.0396824,-0.23583889,1.2774842,1.3355664,2
0.07798505,0.08363808,-1.4795941,-0.3858311,0.004279971,1
-0.42553234,0.25844473,1.3539236,0.75457907,-0.67187345,2
-0.8723271,-0.14974663,-0.3907569,0.80399585,0.0766889,2
0.041065138,-0.7377962,1.1781828,1.3116655,1.1086456,2
-0.2875781,1.6456904,-1.3289298,-0.022872597,1.3859234,1
-0.623678,0.7978356,0.060318932,-1.1805931,-0.06940441,1
0.15438241,-0.07159096,-0.5242732,-0.7565605,-0.23103502,1
-0.124577165,1.7761327,-1.7246249,1.2853451,-1.0581012,1
-0.8542468,-0.8088974,0.23057452,1.7119092,1.2770376,1
-0.18221347,-0.5530157,0.96999985,1.0683548,2.1760693,2
-0.08624521,-0.6170119,0.14510128,0.4745291,-0.35188732,2
-0.23471077,-1.0776392,0.72992283,0.55525005,-0.78042173,2
-1.0180433,-0.8879643,-0.20009787,0.33579087,-0.16353458,2
0.07669746,0.95376706,-1.3575258,-1.0446855,-0.515926,1
-0.15801048,2.0529745,-1.4781482,-1.0004759,0.14562158,1
-0.08930098,-0.9450669,0.78612155,0.50249285,1.0354656,2
0.013325823,-0.23757444,0.57147926,-1.7590221,2.087353,2
0.8456733,1.5608146,-0.15945764,-0.42731118,-0.54826325,2
-0.17545174,-0.9517508,1.0874573,0.79798996,2.620955,2
-0.09712075,-1.0134944,0.953439,0.3918118,0.36329463,2
-0.35525638,0.18002965,-0.061264843,0.46611854,-0.3425048,2
-0.7836393,-0.45223743,0.3371156,1.0855991,-0.056999564,2
-0.5796882,-0.561868,0.80390775,0.8359185,2.233412,2
-0.58471173,-0.39461032,-0.2316002,1.8560278,-0.43158937,2
0.9768857,-0.7871984,1.8792874,-1.2113647,-0.48297325,1
-0.024892144,0.68151736,-1.5314872,-0.90706146,-0.17126387,1
-0.04400164,-0.44759852,0.9727851,0.36068416,2.6129394,2
-0.16681777,-0.81243885,0.8657577,0.6888787,0.63351256,2
-0.6992537,-1.024005,-0.8488237,-1.473625,2.24933,1
-0.62216234,-0.9546889,0.8768698,1.6361336,3.1161385,2
0.31889376,0.7167067,-1.3430506,0.13075511,-0.7385002,1
-0.75444835,-0.7098118,-0.45059472,0.35873136,1.5646619,2
-0.36235237,1.5992477,0.8234186,0.18179387,-0.7354552,1
-0.42857742,0.098045126,1.0319175,0.16470432,0.7583134,2
0.380944,-0.5266624,1.5846633,-1.0724199,-0.63998663,2
-0.57260954,-0.935508,-0.13476287,0.29348937,1.1259557,2
-0.89731944,-0.46711823,-0.07919799,2.09134,-0.30176854,2
0.54543877,-0.52529967,1.9263647,-0.9221301,-0.4621365,2
0.43556413,-0.90529096,0.54099184,1.220292,2.1223423,2
-0.32325837,-0.5675504,-0.6670748,-1.6095306,-0.30357873,2
1.6752186,-0.92127794,-0.9815486,-0.5987113,-0.3526277,1
-0.22598612,-0.19457363,0.8801502,-1.0233256,-0.6135783,2
-0.8845223,-0.9740658,-0.37896574,-0.80462074,-0.50855094,2
0.82274795,-0.50340545,-1.2190621,-0.4431051,-0.049332023,1
-0.17643203,1.2711775,-1.583717,-0.95705914,-0.06564309,1
-0.3644574,-0.7351741,-0.24595545,0.6926641,-0.3931949,2
-0.3338828,1.0226183,-0.08919923,-0.22149687,0.10578748,1
-0.726333,-0.24945056,0.6864972,-1.0676769,-0.22634223,2
-0.6855548,0.77573293,0.49544,-0.006030608,-0.7564996,1
-0.73895085,-1.2247615,-0.59408534,0.25958353,-1.2960927,1
1.887727,0.7737715,-1.4902309,-0.46677363,-0.23743437,1
-0.5682803,-0.20486653,0.7487857,0.67561173,-1.056993,2
-0.5732795,-0.024736345,1.0003443,-1.5965303,-0.88636965,1
-0.74642575,-0.41484743,1.4922625,-1.3266262,-0.82676625,2
-0.30797097,-0.012823962,0.46209222,0.69638747,2.456078,2
-0.19877982,2.188283,0.03500466,0.44302428,-0.5442026,2
0.15165246,-0.26532602,0.57607764,0.717542,-0.42646486,2
2.0581694,-0.42746392,-1.2714468,-0.58393633,-0.09225622,1
-0.60540783,-0.8064956,0.0028694868,0.82443583,0.6747873,2
0.75042075,0.24301887,-1.3060957,-0.6511595,-0.09330511,1
-0.58390397,-0.0972164,0.14293566,-1.3126699,-0.25941473,2
1.3685669,-0.5886129,-0.564992,-0.13494635,-0.21868384,1
2.2900074,-0.39325023,-0.34094268,-0.95015454,-0.4333427,1
-0.61708885,-0.2518852,1.1086087,0.5876713,-1.0703837,2
3.0301049,-1.0026292,-1.2642521,-0.33224645,-0.48660707,1
-1.2306764,-1.8326199,-1.5231402,0.58593273,2.377131,2
-0.742541,-1.7465802,-1.5139623,1.3359425,-2.1431558,2
1.10953,0.880452,-0.6238585,-0.0047438485,0.792517,1
-0.7601392,-0.6235043,2.236792,-1.5201064,0.41978925,2
-0.60749793,-0.23121509,0.8397333,-1.2864202,0.5562267,2
3.782386,-1.7722301,-0.65420115,-0.6292404,0.0049365163,1
2.505265,-0.7903526,-0.7688491,-0.64052933,-0.2211103,1
0.42781717,-0.36263272,1.075847,1.2931292,-0.83376324,2
-0.22797512,1.8520167,0.5809917,0.01384937,-0.3868439,1
-0.7696047,-0.42607957,0.5326432,1.9202193,-1.4107176,1
-0.5597208,-1.0628661,1.0148811,0.8903739,0.57716936,2
-0.5174954,1.3290087,-1.7378218,-0.6335745,-0.19625692,1
0.58433855,0.76311046,-0.34281826,-0.13195011,0.9345932,1
-0.3890423,0.13317478,1.0248806,0.6178549,-1.066752,2
-0.016284108,1.6934036,0.23693119,0.20015818,0.69981486,2
-0.15824434,0.84864414,-0.20351125,-0.36507115,0.16979006,1
-0.65070987,-0.45269787,-0.5243312,0.23025444,-0.20185561,2
0.10493702,2.25505,-0.14633006,-1.0636477,0.15951219,1
0.06857299,2.2730396,-1.6413429,-1.1375042,0.33416456,1
-0.34803778,-0.6055366,1.1715131,0.7878494,2.0114112,2
0.082505375,-0.9098856,0.5101581,0.97211945,2.2576017,2
0.061418027,1.0030653,-0.04397901,0.26804554,0.2709796,1
-0.61833423,-0.9646246,1.0529653,0.6319306,-1.8522797,2
0.35172847,-0.2256528,-1.4416469,-0.5947895,-0.30567512,1
-0.6257387,-0.3780153,0.044270784,0.23150572,1.1099012,2
0.3609236,2.1757033,-1.738983,0.10281821,0.37348273,1
-0.76515055,-0.9802488,0.19060588,1.7157462,-1.1733766,2
1.8738724,1.1560625,-0.5449589,-0.863669,-0.5286927,1
-0.57030404,0.8592397,1.6740416,-1.404949,-0.60279083,1
2.3390102,-0.7051426,-0.6602292,0.5540971,-0.49657875,1
-0.6805919,-0.59416306,0.12758227,-1.3222533,1.8901631,2
-0.39836094,-0.594593,0.2870057,0.85542494,0.16491805,2
-0.7243442,-0.7215036,0.86519945,0.9591712,-0.96771324,2
-0.72689104,0.3605863,1.270075,0.094301,0.8279437,1
-0.19215888,0.13575067,1.4171656,1.2658763,1.791977,2
-0.86107886,-0.9522791,-0.27528304,-1.5249853,3.2051544,1
3.1462293,0.31362265,-0.99005497,-0.7884619,-0.20512651,1
0.0841954,1.7793295,0.42492518,-0.17037709,-0.36448032,1
-0.20927477,-0.40604523,0.69351196,0.47182766,0.8671186,2
-0.7096281,-0.27925897,0.7946615,-1.1017029,-0.59175766,1
-0.52745575,-1.1777248,1.337603,0.39104614,1.1181808,2
0.34343982,1.7869631,-1.5135131,-1.0391171,0.16683942,1
-0.01570034,1.5244457,0.2924157,0.1610178,-0.74257,2
2.1243975,0.19764206,-0.15056032,-0.1780013,-0.18081844,1
1.8970315,0.09275772,-1.080544,-0.2630591,-0.14828955,1
1.3709395,-0.6261992,-1.1013206,-0.5108901,-0.23947261,1
-0.4448746,0.9352206,0.36498162,0.048751976,-0.6969629,1
3.1550508,-1.5490166,-0.77157897,-0.4164369,-0.41220134,1
-0.66867626,-0.9734886,-0.55611664,1.0017385,-1.5315676,2
-0.31300813,1.1970071,-1.5453442,-0.6169867,-0.6443125,1
-0.76777077,-0.798607,-0.15776005,-2.0904963,0.012273937,2
-0.4494135,0.78449404,1.2121708,-1.4147515,-0.63455516,1
0.80971736,1.3450629,-1.4439377,-0.3388877,-0.029668592,1
2.5206192,-0.37423697,-0.6124974,-0.050922617,0.5079886,1
3.1680787,-1.6845891,-1.0778036,-0.3915289,0.052037574,1
0.5474825,0.2326449,-0.6706388,-0.5566184,-0.2270448,1
-0.42547232,-1.2872607,-0.16864231,0.94900286,1.0386788,2
-0.47990587,0.5788269,1.4560245,-1.4094234,-0.0044719577,1
-0.6244918,-0.71846265,-0.31849498,0.616829,1.7855189,1
0.20609803,-0.28967834,-0.5705486,0.654711,1.0171982,2
-1.0310395,-0.7587175,-0.69878685,0.21859136,1.5925376,2
-0.04854414,-0.8189112,0.40413162,-0.12029629,0.4024493,2
0.041196644,1.1952953,0.8176161,-1.0020155,-0.3609773,1
-0.64991826,-0.49911046,0.8357518,-2.095966,-0.6391891,1
1.171926,-0.9901526,-0.9701756,-0.6246762,-0.19689482,1
-3.4981527,-2.965016,-0.6754585,-0.40480214,0.015756473,1
-0.7008732,-0.93687713,-2.0726614,-1.684356,1.4341409,2
-0.5611122,1.8432052,-1.2486938,-0.1373324,-0.42240697,1
-0.15736355,-0.4596441,0.41120493,0.9576631,2.4892557,2
-0.5071027,-0.13379544,1.5111994,1.1172025,-0.08982685,2
-0.5006346,-0.7746139,0.34953043,1.5957608,2.7967045,2
-0.6170411,-0.9217844,-0.5605082,1.5295016,1.5990062,1
1.71032,-0.5895957,-0.59795004,0.029131234,1.652909,1
-0.21347485,2.6659715,-1.4413936,-1.0460942,-0.6124262,1
-0.24250092,1.0559769,-1.5805557,-0.8664316,-0.56158227,1
0.4650597,1.3100878,0.68977726,0.13319582,-0.26731062,1
0.24751976,1.3897859,0.3708841,-0.074567325,-0.3194274,2
-0.47745702,-1.1208599,-0.646654,1.0870416,0.9002567,2
-0.7745765,-0.66963893,0.5461832,1.9640727,-0.17391963,1
-0.6664435,-0.75329924,-0.4883449,-1.1664177,1.5827442,1
0.571894,2.0559878,-0.11598776,-0.26989695,-0.33978507,1
1.7317673,-0.24753283,-0.83444804,-0.43044323,-0.24690765,1
-0.24691951,2.134661,-1.6115701,-1.2116506,-0.5014431,1
1.6605703,0.20470975,-1.2798176,-0.15279979,0.10030753,1
0.06106861,-0.3828369,0.91938823,-0.7296591,0.21440987,2
0.24310549,0.568701,0.1337444,-0.21911797,0.9913539,1
-0.3833822,-0.8664681,0.0693047,2.25731,-2.0025418,1
-0.33135182,-0.34111923,1.6601833,-1.5077239,1.0886854,2
1.1707972,0.6345425,-0.45203912,-0.54354614,-0.046992734,1
-0.5596834,-0.41432735,0.065856814,0.9748488,-1.2824334,1
-0.1683884,-0.6516422,1.1435007,-1.575925,0.65718406,2
0.20723182,2.5905414,-1.4567815,-0.7929411,0.913879,1
-0.17611627,1.2204436,0.47406027,0.34067604,-0.64913356,1
1.1142067,-0.5570345,1.7361251,-1.492117,-0.5885769,2
1.0670456,1.0524442,-1.5295256,-0.62944674,0.09843995,1
0.3222706,1.5479821,-1.3006014,-0.6299397,-0.13357173,1
-0.89643687,-0.05941689,1.7159554,0.61788565,-0.98059714,1
-0.3616613,-0.73770046,-0.45945978,1.5475769,2.4676528,2
2.7159956,-0.43184555,-0.407332,-0.6334466,-0.34837762,1
0.082132965,1.4816673,0.49499592,0.20462066,-0.7813337,2
0.014260903,1.9851794,-1.4940166,-0.5733411,-0.6874706,1
-0.19560061,-0.81160307,1.1317227,2.2255754,-1.2601372,2
-0.5528328,-0.01390928,0.50728375,-1.0791336,-0.40403396,1
-0.8242152,-0.88409334,-0.08283685,2.1121128,-1.8536578,2
1.9517965,-0.18828733,-0.6130253,-0.8486792,-0.2752106,1
-0.37493008,-0.42482388,-0.0051466674,1.5881774,-1.1037385,2
0.8024146,0.7566782,0.7106347,-1.0351269,-0.50568914,2
-0.9039762,-0.047931142,1.4711891,0.8125651,-0.24919796,2
1.10111,0.30766174,-0.27728906,1.3920345,-0.84371686,1
3.44831,-0.70370674,-1.3145269,-0.5684829,-0.183637,1
-0.7833045,-1.2079707,0.29577732,1.0175927,-1.5248148,1
0.43598127,1.7166568,-1.313048,-0.71274,0.25324768,1
-0.20748305,0.8606281,-0.16491176,-0.04065375,0.09882487,1
-0.011371672,2.4711459,-1.650538,0.087472096,0.20981064,1
0.7013459,1.3811817,-0.46055937,-0.4332596,-0.36007023,1
2.6671484,0.4517743,-1.1472467,0.12099332,-0.68223184,1
-0.5789503,-0.3341549,0.3158639,1.8791595,-1.2773566,2
-1.1046249,-0.6266639,0.3005193,1.709552,-0.27212998,1
-0.1790582,1.6805854,-1.8651675,1.2158647,-1.0299983,2
-0.42678922,0.12949367,0.5338527,0.21475354,-1.2216591,1
-0.51230985,-0.87304103,1.3121312,0.67213315,2.1930993,2
0.9172803,0.8714161,-1.3078278,-0.34719864,-0.44255394,1
0.5534534,0.67786884,-1.3155818,-0.8013204,-0.14471054,1
2.0784588,-0.99580014,-0.42793682,-0.51168966,-0.18557356,1
-0.8286991,-0.9264565,-0.50853884,1.108457,-1.5833609,2
1.7471358,-0.48283622,-0.70654434,-0.5286519,0.07314229,1
2.2670345,-0.43047088,-0.6284598,0.7175742,-0.59662664,1
-0.80212784,-0.9529607,-0.81106496,-0.1496946,1.3976133,1
-1.0446825,-0.50183386,-0.1846092,1.379278,-1.1643808,1
-0.029129982,0.6201471,-0.23942375,0.29643273,-0.6672628,2
-0.29401296,-0.29711744,0.68825066,-1.0001063,0.38473636,2
-0.1390491,1.2798414,-1.4874725,-0.9033545,-0.1732169,1
0.96553755,1.2776706,-1.2670134,0.30797273,1.589283,1
1.0001633,1.6668394,-1.7967873,-0.782568,0.16899848,1
-0.5514314,-0.9084676,1.1051103,0.5289618,-0.47507304,2
-0.5455191,-0.9910935,0.53222454,0.7139486,0.63930845,1
-0.7183345,-1.1142797,-0.7802594,0.8710524,1.3850902,2
0.455488,0.08176203,-1.2620053,-0.6754085,-0.38762298,1
-0.84883124,-0.76686275,-0.11256164,0.09944458,0.37362137,1
-0.828786,-0.85858667,-0.4177748,1.8949738,-1.282227,2
4.1753464,-0.8191663,-1.5308547,-0.73798853,-0.32415125,1
1.8813207,1.4012151,-1.5050662,-0.7108468,-0.22676402,2
0.30534124,0.7229476,-0.49015158,-0.108012885,-0.7045297,1
-0.6862465,-0.3229705,0.3545612,1.5198866,-1.0065129,2
-0.059524342,-0.6459097,0.6140593,1.5752352,-1.54102,2
-0.61431426,-0.8176266,0.7640658,0.6529117,-0.69275314,1
-0.83198047,0.89311945,-0.37926167,-0.3128411,-0.18358561,1
1.4037912,-0.6538781,-0.59160507,-0.40229917,-0.33150935,1
-0.27066094,-0.6699203,0.402173,0.78200513,-1.2665074,2
0.6752282,0.9927629,0.07829617,-0.03631866,0.12424144,1
-0.4441809,-0.026924536,1.8731242,-1.6470428,1.6106157,2
0.44904935,1.2993715,-0.49633083,-0.16080186,-0.47073108,1
0.6062649,1.5556408,0.28680214,-0.8484668,-0.34024596,2
-0.8473623,-1.0640858,-1.4548645,0.35636318,1.4150535,2
-0.39935315,0.11295473,0.7254646,0.046905875,-0.79149234,2
-0.97054994,-1.1745098,-1.3178796,-1.1071705,-0.67545414,2
-0.32484728,2.4280167,-1.5089672,-1.0346599,-0.42074695,1
-0.3756544,0.016730249,1.8292369,-1.5339118,0.7263133,2
0.7180356,0.932948,-1.3673037,-0.91638464,-0.65729225,1
-0.049060106,-0.20277788,1.8980244,-1.3828878,-0.879792,1
-0.50612175,-0.48358315,-0.058350757,0.63694406,-0.28214255,1
1.744173,0.23313291,-1.3756524,-0.23288184,0.21862493,1
-0.18327656,1.0350716,-0.00073999166,-0.92680466,-0.89414406,1
-0.10362609,-0.6503318,1.0181333,0.51823926,-0.72683555,2
0.07749206,-0.9869923,1.0164089,1.1241128,2.514794,2
1.5317391,-0.06347601,-0.7222864,-0.61167884,-0.037744716,1
0.64272225,1.9093323,-1.3150942,0.6362805,-0.76177514,1
0.6389673,-0.51267874,1.6401354,-1.3539822,-0.7458149,2
1.0881664,0.7441616,-1.1594436,-0.8214468,-0.35202715,1
0.061506078,0.30816847,0.90655744,0.91626227,-0.75020593,2
-0.76545256,0.6150185,1.257908,0.17929694,-0.1299507,1
-0.42818752,-0.4931295,0.5830814,1.452531,-1.1101679,2
-1.023742,-1.5360153,-1.5006608,1.2063657,-2.0134735,2
-1.1761134,-0.5950105,-0.10485773,0.5195092,-0.03462583,2
-0.10159091,1.0856591,-0.19855168,0.20108303,-0.7072425,2
0.4640292,0.8290643,-0.40358353,0.14617136,-0.54453564,2
-0.9362583,-0.7918336,-0.5292028,0.6612712,0.021707803,2
3.4324818,-0.6109877,-1.0270315,-0.5948169,-0.13015398,1
-0.18908578,2.6785722,-1.677753,-1.0605987,-0.54343444,1
0.5636876,1.7541487,-0.3282566,0.71523803,-0.66800594,2
-0.5518071,-0.05845028,0.98113,-1.1534777,-0.38884023,1
-0.26367563,-0.49396747,0.19368693,0.37527868,0.9593845,2
-0.8119443,-1.0695678,-0.6016146,1.1447496,-1.5961792,2
-0.6836271,0.15408206,0.2290063,0.23698749,-0.9021878,1
0.28214386,-0.19859734,1.1893948,0.48932496,2.2336876,2
-0.66827637,-0.7102795,0.5038391,1.3450158,-1.6055683,1
-0.6593018,-0.19356294,0.29523784,0.55452824,0.27297196,2
-0.2572286,1.699911,-1.6906826,-0.21390942,-0.5352577,1
-1.0631602,-1.0844021,0.025945961,1.4463747,-2.2147477,2
-0.3221844,1.2458937,1.508426,-1.1471456,-0.65887225,1
-0.41539237,1.4662871,0.98776567,-1.163702,-0.53526694,1
-0.87137705,-0.9412702,0.6917794,0.53369826,-0.26227847,2
0.06961316,-0.82850045,1.2020335,0.43955052,-0.8417566,2
-0.7387306,-0.51586854,-0.4327442,0.45786738,1.8628477,2
-0.38902277,-0.9296774,0.45050275,2.054052,-0.37208015,2
-0.6309117,0.35371092,1.6874629,-1.5974821,0.16042607,1
0.042707596,1.1937543,-1.0330954,-0.4885535,0.005996354,1
0.7074455,-0.7936878,1.0902305,-0.067233145,-0.823485,2
1.0480052,0.44957346,-0.8216711,-0.8618038,-0.36135,1
-1.0031195,-0.2430586,1.8381717,-1.4491022,-0.07558217,1
-0.079570994,1.8678253,0.84726334,-1.1538064,-0.3602785,2
-0.7165233,-0.7321484,-0.014014989,2.0112052,-1.1273308,1
-0.044866953,-0.41365185,1.2518439,0.49629137,0.103166014,1
-0.19710082,-0.639574,-0.18639196,0.5908714,1.8552462,2
-0.71319044,-0.7712183,0.29006642,1.7325767,-1.6389825,2
-0.41964394,1.906817,0.5199763,0.3695676,-0.5903156,1
-0.557246,0.5071033,0.48264587,-1.3171129,-0.13207957,1
-0.4131183,-0.74864155,0.6388494,0.88989115,-1.4151975,1
0.5196724,-0.50270724,0.85678065,-0.03804359,-0.58257985,2
-0.20419903,2.270165,-1.5116146,-1.320503,-0.45127192,1
0.89281553,0.08940682,1.0236413,-1.1589656,-0.46861565,2
1.0806805,0.56284696,0.35869244,0.29015398,1.511345,2
0.3199856,0.3066165,-0.8377089,-0.51657486,-0.15232834,1
0.15276574,-0.1944124,-1.27369,-0.15005189,-0.55402595,1
2.1733723,-0.15909486,-0.44747508,0.47585696,-0.729408,1
-0.24095131,2.0572045,-1.2589339,-0.22275177,0.34103394,1
0.7735053,-0.43745914,0.66783667,-1.0097358,-0.74940777,2
-0.2774945,-0.29114822,0.98230994,0.83470464,1.9235244,2
2.897899,-0.5238417,-0.6614506,-0.88224274,-0.19462644,1
-0.5875675,-0.378831,-0.11424773,0.62731797,0.12376784,2
-0.4981134,-0.52521324,0.40601102,1.4247354,-0.8901491,2
0.11871219,0.94330156,0.33070293,0.0733431,0.5531137,1
1.3470681,-0.11520617,-1.2608392,-0.6937774,-0.11546219,1
2.6330235,-1.2489015,0.50329745,-0.9401377,-0.08904335,1
4.2598987,-1.481193,-1.2433372,-0.76164937,-0.38546613,1
0.24099863,1.3798683,0.22392038,0.4778681,-0.7050159,2
1.3262596,-0.43881908,0.6833439,0.46551448,0.44953513,1
-0.55209816,-0.085841715,0.098064244,-0.73788893,0.23434247,1
-0.2819645,1.7970655,-1.847831,-0.9364097,-0.7075311,1
-0.5921756,-1.0480664,0.69703275,1.1527201,0.74844736,2
1.3525033,-0.5713033,0.5125708,0.3624426,0.6368874,1
-1.0183927,-1.4059787,-1.0271971,-1.5086024,1.7595514,2
-0.8229628,-0.68636715,-0.2481036,1.2873254,2.647642,1
-0.54339623,1.0661764,0.19834773,0.32045883,-0.9007972,1
-0.7868167,-0.38026845,0.6455144,-1.3524783,2.092436,2
-0.955381,0.47582734,0.20768249,-0.17659627,-0.39860213,1
-0.72557443,-0.47692573,-0.050521374,0.47669384,1.5869722,2
0.746394,-0.7692269,0.9689302,0.0975897,-0.5147573,2
-0.96115047,0.05142875,-0.5021633,1.1284108,1.7546394,2
-0.40068793,1.0730827,0.51272464,-0.33209765,-0.6485016,1
-0.7204173,-1.0211108,1.740642,-1.8722775,0.3254115,1
2.6635387,-1.5787156,-0.8794177,-0.35461798,-0.39426607,1
-0.7942723,0.4348688,0.9034343,0.44871548,0.105895445,1
-0.5175153,-0.23606601,1.907979,0.8815368,1.1341001,2
-0.48513472,1.9124966,0.36483222,-0.001493305,-0.5834897,2
-0.67503923,-0.45644906,1.360223,-0.054246664,1.5030167,2
-0.16757627,2.0513723,-1.5186005,-1.0915667,-0.6966883,1
-0.049724508,1.3313993,0.69528955,-1.0598835,-0.48772103,2
-0.48054034,0.41189852,-0.9978981,-1.1659449,-0.25505987,1
-0.05323753,0.6072936,-0.4860772,-0.4567763,-0.18726034,1
-0.96614057,-0.7217174,-0.31911075,1.960265,-1.3287742,1
-0.9053654,-1.8892393,-2.1263218,-2.649131,-0.3082943,1
1.4811652,0.5314932,-0.95485294,-0.5040253,-0.5207384,1
2.2788084,-0.107868336,-0.6040793,-0.4927554,0.3746928,1
-0.5677711,-0.94478,-0.38887677,1.5328516,-0.09822047,2
-0.54120785,-0.63692015,-0.05830486,1.8653736,1.8699932,2
-0.5506531,-1.0793548,1.5414206,0.40616807,0.6453498,2
-0.75571394,-0.99603164,-0.46543062,0.9986771,2.7422667,2
-0.07422911,0.95454264,-1.4632305,-0.31262958,-0.23711267,1
-0.80176723,-0.60865223,0.4739338,0.763307,-1.055386,2
1.5190746,-0.26477665,-0.6949681,-0.2916777,1.3929938,1
0.051750332,2.343551,-1.2091736,0.47482562,-0.9049955,1
0.014632889,1.1772293,-1.5108576,-0.7958937,-0.6618155,1
-0.19625705,2.3391037,-1.4559599,0.50342715,-0.87716454,2
1.186377,6.964058e-05,-1.2057639,-0.5235118,-0.13623361,1
-0.671197,-1.5607194,-0.77966774,0.8457562,2.7618515,1
-0.27457047,2.1632707,0.22475453,-0.21885943,-0.067996666,1
1.6452,0.0057661682,-1.2347087,-0.52425027,-0.060631454,1
-0.49294215,0.9797989,-1.6695747,0.18308963,-0.26303148,1
-1.0947894,-1.8810111,-1.9071081,1.4190383,-1.423149,2
-0.47000855,-0.97830534,-0.36207488,1.0599743,2.6892936,2
-0.5759264,-0.5361054,1.1264038,0.3734604,0.6232995,2
-0.0032505393,0.66961503,0.84191114,0.08507911,-1.0422201,1
1.3675468,-0.027507901,-1.3331007,-0.49348688,0.027029628,1
1.8052926,-0.9819857,-0.7867728,1.7066901,-0.79978496,1
0.42509377,0.8734928,-1.3188939,-0.9542662,-0.31415904,1
-0.485139,0.734296,-0.38760906,-0.5337785,-0.09004975,1
-0.5760042,-0.14088848,0.71388817,0.92995083,1.2176869,2
-0.70375466,-0.76960874,-0.2807203,0.9714969,1.6293163,2
1.3171116,0.28743213,-0.83203614,-0.6379688,-0.30409637,1
1.1509305,0.6271116,-0.5835887,0.8396289,-0.3915697,1
-0.44853997,1.0154783,-1.6497731,-0.9009582,-0.24419037,1
-0.024972431,1.9163615,0.18744446,-1.3863631,0.034654617,1
0.9651476,-0.15202035,-0.56066847,-1.1815587,-0.11288531,1
-0.46871486,1.3571889,-1.3934627,0.029046446,-0.44855613,1
-0.52464974,-0.056309417,0.8069104,-1.4388256,-0.6040009,1
-0.40241295,-0.7084817,0.89298874,0.8619014,-0.20712596,2
-0.92270774,0.55267864,-0.16730653,-0.2660337,0.14288953,1
-0.32842165,0.090224996,1.5157329,-1.620091,-0.26477942,1
0.6895385,1.4482267,0.392236,-1.3480726,-0.5817624,2
0.37565994,-0.88498324,1.2010149,-1.254548,0.49407592,2
-0.7186121,-0.34768882,1.4282717,0.3468533,-0.76535577,1
-0.6939726,0.06565216,2.3608017,-1.8727726,-0.07537409,1
-0.7809524,-0.56225777,0.7239483,0.34926495,2.4225714,2
-0.6279222,-0.094566554,1.0869783,-1.2124492,-0.49481308,1
-0.75122476,-0.21137539,2.079011,-1.6066577,1.0909349,1
-0.41676798,1.1891496,-1.4532866,-0.78484607,-0.13734175,1
-0.25774568,-0.7275991,-0.08706972,-1.1417363,-0.21606262,1
-0.68322515,-1.2619666,0.5094051,1.2874112,-1.008424,1
0.3276559,0.7269735,-0.27789158,1.2415687,-0.9446699,2
-1.1196965,-1.6592177,-1.4446398,-1.824177,-0.22197814,2
-0.7194115,0.7284996,-0.30254185,-0.5053397,-0.17429554,1
0.59788877,-0.27999067,-1.3390015,-0.6006121,-0.40856653,1
-0.79178846,-0.26176488,1.804024,-1.8018113,-0.13089663,1
-0.6041619,-0.48988268,-0.22532088,2.2709801,-1.554271,2
-0.2444304,-0.48205408,1.0809939,-1.783925,0.38726735,2
-0.0054080486,1.4082379,-0.79881394,1.199622,-0.9356463,1
3.5068944,0.15833576,-1.2157627,-0.4967283,-0.27456996,1
-0.28723484,0.84498656,0.16861422,-0.20817716,0.018685982,1
-0.78022945,-0.6880594,-0.11040594,0.8460688,1.577299,2
0.7760103,0.38497436,0.9334871,-1.3967761,-0.47177646,2
-0.08156717,1.3047689,1.0251063,-0.0652964,-0.34036514,2
-0.4039907,0.089884296,1.7699649,-1.4477214,-1.0332073,2
-0.9259974,-0.35835284,-0.24808702,-1.4753255,1.5397187,2
0.5075955,0.7528505,-1.6623552,-1.1551919,-0.28591484,2
-0.5040018,-1.1102084,-0.17929351,1.6249963,2.0982726,2
-0.4292223,-0.3290828,0.0002078414,0.76210016,1.1979343,2
-0.9396231,-0.95355767,0.0425008,0.066943765,-1.2215863,2
-0.7859641,-0.703259,-0.06839565,1.6699145,-1.1413836,2
-0.48511937,-0.75219977,1.2717102,1.3015368,1.626288,1
-0.42304415,0.34892398,0.08014356,-0.06444414,0.25017396,2
-0.6277851,0.6084938,0.31417227,-1.2139279,0.02891703,1
0.7484049,1.3646129,0.26700696,0.39508146,-0.34697875,1
-0.46660456,-1.0314951,-0.24627815,0.13341118,-0.046673477,1
-0.37444484,-0.9051827,0.8906803,0.3754135,-1.2238207,2
0.7533638,1.3675559,-0.32545844,-0.8870732,1.2451009,1
-0.3498007,-0.7833273,1.5566628,-1.6342835,1.1415068,2
-0.369585,-0.93775606,0.20550907,1.8379184,-1.5012543,2
-0.72756094,-0.6641852,1.3482995,-1.586766,-1.6065834,2
0.3111065,0.91773725,-1.264617,-0.060310334,-0.971208,1
-0.9634898,1.359328,-0.09966694,0.25858408,0.05879806,1
-0.35148653,-0.6645643,-0.75869256,1.0819759,-1.1429043,2
-0.80009043,-0.74378115,1.1065291,0.5500891,-0.7369617,1
0.29246333,-0.19121619,-1.2124729,-0.85489994,-0.37396613,1
0.94775486,-0.25572705,0.31475097,0.8217119,0.65335476,1
0.4791858,0.6641278,-0.30269882,0.06566535,-0.710607,1
-0.47896606,1.0130962,-1.501879,-0.7158053,-0.30879614,1
-0.5974688,0.8153353,-0.34219143,1.1994536,0.18517537,2
0.6347035,1.3556298,-1.4462175,-0.92105377,0.42752612,1
0.53514606,0.83378816,0.9592185,0.3931671,-0.5455212,2
-0.677776,-0.030353844,-0.46091777,-0.27379608,0.94977826,1
0.6964472,1.5958407,-1.8273653,-0.1801985,1.0742116,1
0.5570365,-0.8165594,0.8708015,0.57729256,2.2360485,2
0.32101682,1.7655103,-1.4978671,-1.0705271,0.9302027,1
-0.37966195,-0.027451724,-0.16168372,1.6535861,-1.3077366,2
-0.17735839,1.9535186,-1.8863908,-1.1136106,-0.14915036,1
-0.9999737,-0.79054356,-0.21972328,2.0248928,-1.257349,2
-0.7652791,-0.541408,1.3905032,0.5767056,-0.16488592,2
-0.4625621,-0.067856684,-0.0040178597,1.3806847,1.6781385,2
0.06321171,-0.30509084,1.0961082,-1.3884225,1.060384,2
-0.39252728,1.3722756,0.28681824,0.234887,-0.44846696,2
-0.006103657,2.0949435,0.14667925,-0.7542608,0.02012939,1
-0.6337406,-0.28505084,1.1487635,0.5673338,-0.9822174,2
-0.5123285,1.3269014,-1.530627,-1.2012212,-0.36739674,1
1.0583506,0.7099851,-0.42059964,-0.33825707,-0.22213715,1
-0.0017350223,1.0511941,-1.6889974,-0.96778125,-0.3327672,1
0.35814598,0.84105647,0.22687824,0.3030697,0.9480999,1
1.276184,-0.2824236,0.3386027,1.1853851,-0.98200125,1
-0.4731057,-0.122110225,0.735155,0.38534456,1.1723907,2
-0.3091265,0.008729577,1.3846393,-1.3917767,-0.50879943,1
-0.11750416,1.5305631,0.46860284,-0.20820515,-0.3482994,1
1.2925632,0.88191855,-1.3489931,-0.044137478,1.3574066,1
-0.8812998,-1.0448432,-1.0834897,0.13971275,1.2704846,2
0.48611516,1.8697724,-1.6464592,-0.61892813,-0.260419,1
-0.6486568,-0.71062225,-0.2373369,1.5632262,-0.32501817,2
1.0559887,0.312349,-0.7955929,-0.41904727,0.24598546,1
-1.9140573,-3.1995578,-1.884915,-1.1935245,-0.38638806,2
-0.50089693,-0.45321953,-0.68733996,0.24838999,2.108122,2
2.4448087,-0.7350334,-0.66319096,0.61460584,-0.34124583,1
-0.34586746,-0.3097013,-0.40928525,0.11837095,1.492229,2
2.8201265,0.4213271,-1.3124508,-0.33430755,0.14704292,1
3.609193,-1.7382425,-0.5472887,-0.28359157,-0.18708338,1
-0.6652912,-0.70285916,0.19672205,0.68201846,-0.31131738,2
-0.99701643,-1.8476837,-1.5010707,1.5418544,-1.0780424,2
0.07603581,1.3040332,-1.0501493,-0.57003415,-0.7527486,1
0.50264406,0.15711772,1.4031646,-0.9594865,-0.39035112,2
-0.29421526,-0.7909795,1.4516137,0.27574053,0.8941108,2
-0.37119153,-0.06921175,1.6866794,-1.549932,-0.97215825,1
-0.6600811,-0.07530951,1.6776185,-1.8579725,-0.73714083,1
-0.15677461,-0.5479908,-0.19060048,0.35108072,1.1983852,2
-0.6494293,-0.73945254,-0.48288104,1.1796933,0.9454658,2
-0.7232253,-0.68968606,0.4070834,1.3327593,-0.09857191,2
-0.97866225,0.16675358,1.1979392,-1.8020631,-1.0030485,1
-0.48237547,-0.731399,-0.5209231,1.0518906,-1.6934999,2
0.90477276,0.9003831,-1.3257375,-0.9418079,-0.3556298,1
-0.39179718,-0.18796389,1.6198714,-1.5183545,-0.7437107,1
-0.39820483,0.08941516,1.7647743,-1.4643905,1.0846391,1
-0.52262306,-1.0100873,0.99539745,0.16207427,0.372985,2
-0.4926738,0.10738279,0.50009644,0.15229389,-0.9251425,2
-0.07452738,2.075737,0.41392407,0.30483243,-0.901772,2
-0.6440116,-0.63704896,0.5832249,0.30817044,1.924429,2
-0.730661,-0.6129658,-0.36042002,0.71360433,1.6046076,2
-0.4759205,-0.8144684,-0.80488336,-0.07593942,0.78564185,1
-0.24559876,-0.36489958,-0.086982384,0.75676787,-1.5957457,2
-0.7117131,1.7375137,-1.5262389,-0.1867511,-0.14215367,1
-0.4405203,-0.69117725,-0.2497917,0.35096088,-0.14916454,2
2.6006963,-1.3920863,-1.2256957,-0.7574637,-0.33868164,1
0.08760319,1.1913003,-1.6858766,-0.67512536,-0.22788438,1
-0.1565826,-0.3833414,2.31316,-1.518515,0.5834664,2
-0.5758452,0.24731658,-2.127739,-0.82795376,0.032312244,1
-0.13492532,1.6783398,0.7027387,0.46499783,-0.15288138,1
-0.3457458,1.5483298,0.29435766,0.4683197,-0.4941532,2
0.4201942,1.3974861,-1.2269106,-0.5617059,1.627646,1
-0.62463844,-0.6194052,-0.49457216,0.6137762,1.3102113,2
0.0038138628,-0.8769242,1.2148672,0.84964025,0.67918336,2
-0.72182727,-0.54869825,-0.23937675,0.39831874,-1.706701,2
-0.40056983,-0.016720027,1.8791009,0.5242371,1.7578031,2
1.935969,0.7883422,0.23902452,-0.81664854,0.04610938,1
-0.37735608,-0.6265023,1.8429552,-1.6142297,1.1544563,2
-0.0015395526,2.1132698,0.10412353,0.036006562,-0.48154584,1
-0.61688966,0.45112365,1.4316124,0.1669355,0.79890597,1
-0.65345997,-0.23913893,2.0965092,-1.9701309,0.7154198,2
-0.67691994,1.8829689,-1.3489642,0.015902497,1.6496902,1
0.21373084,0.5153048,-1.5737138,-1.1553007,-0.80879104,2
-1.996248,-3.0269184,-1.3561239,-0.3462944,1.0111027,1
-0.72217464,-0.36989233,0.5661796,0.049428545,1.7678457,2
0.72526157,0.6950333,-1.6806915,-0.91603035,-0.30110276,2
-0.52941924,-0.19991659,-0.20846559,2.2875533,-0.022242874,2
0.40782458,0.7016209,-1.1954434,-0.33171782,-0.8695809,1
-0.6385256,0.16323675,0.64205664,-1.1147346,-0.33802694,1
-0.5756975,-0.4770383,1.8373117,-1.5123976,-1.0525512,2
0.10776238,-0.011906356,0.33261967,-1.5208176,2.5713108,2
-0.47779974,0.24949488,-0.1768215,0.3529345,0.16000593,2
0.24791336,-0.5082349,-0.9585415,-0.61465585,-0.059652604,1
-0.5951031,0.19601531,0.8474913,0.4218442,-0.78432935,1
-0.73487246,-1.0726742,-0.429219,-0.20914316,-0.3679108,1
-1.042365,-0.73954463,0.23725717,1.4141916,-0.9295634,2
0.52704465,0.4274946,0.7643827,0.42171282,0.666224,2
0.0029485524,-0.35150716,-1.196588,-0.6802379,-0.61434203,1
-0.37259775,-1.1964108,0.72560734,0.60568774,-1.1121837,2
-0.74408376,-0.37370813,0.62310785,-1.1858872,-0.70874125,2
-0.16620676,1.1031839,-1.6266243,-0.5031153,-0.40519094,1
0.023938015,2.3372424,-1.3698063,-0.5180259,1.164232,1
2.3201332,-0.617594,-1.3381169,-0.37221977,-0.37777877,1
-0.7957233,-0.8411621,0.65767103,1.6046,-0.18806186,1
-0.7100303,-0.7580837,0.024883507,1.0233178,1.0337884,2
1.8299907,0.2683212,-0.5374563,0.08495958,-0.61953336,1
-0.9465945,-1.0511718,-0.20833606,0.24031252,-0.22596297,2
-0.45025003,-0.28274223,-0.17893682,1.5377282,-1.3967577,2
-0.63255835,1.1347191,-1.5519159,-0.84430563,-0.5950841,1
0.2800085,2.577608,-1.7235774,0.0020425245,0.21672148,1
-0.3814062,-0.110977605,0.21915202,-1.5457824,-1.9565905,2
-0.5937948,0.36321667,1.0241292,-1.1467359,-0.2762029,1
1.7377948,0.90704787,-1.4336475,-0.3363374,0.9847239,1
2.071848,-0.8493924,-1.0056981,-1.0264012,0.023731962,1
-0.33178985,1.4525952,0.6019785,-0.026067987,-0.5680609,1
-0.4269752,-0.7628564,1.7659175,-1.6015272,1.309692,2
3.9937766,-0.46086258,-0.70161927,-0.1950266,-0.36104658,1
-0.5198351,-0.74230623,-0.11942297,1.5518321,-1.0384736,1
-0.8223471,-0.9373764,0.46538648,0.59314644,-0.49522084,2
-0.18457383,-0.122452185,0.27922285,2.01223,-1.4125417,2
-0.82601744,-0.8364227,-0.9746238,-0.2521591,1.3315421,2
-0.846881,-0.6553459,0.20912659,1.6017967,-0.3024217,2
-0.2972933,-0.53821373,-0.59627414,0.23214409,-0.052027263,2
2.0921404,-0.6495737,-1.0777781,-1.0329878,-0.30900353,1
-0.659655,1.0339589,0.5541498,-0.06576255,-0.6687022,1
-0.29474133,-1.2115186,-0.20369086,1.3000941,1.3730897,2
-0.52355385,-0.6964394,-0.15385064,1.5815623,-1.4268501,1
0.38883832,-0.3097331,1.2046196,1.6337976,-1.0196098,2
-0.82885885,-0.81482184,-0.5466198,0.8956854,1.0124584,2
-0.7870718,-0.5040448,1.2286522,0.5225039,0.59684056,2
-0.7177912,0.22150677,1.3395916,0.21325882,-1.0318971,1
2.0512705,-0.6346172,-1.3598349,-0.6882887,-0.7463634,1
-0.5660765,-0.085727006,-0.18798141,1.4228144,-1.4622483,2
-0.49403578,-0.59231377,2.4506273,-1.604994,0.36287424,2
2.7874582,-1.135072,-0.605227,-0.4989641,-0.012973547,1
-0.29661936,1.1254494,1.7559023,-1.46558,-0.97100216,1
-0.75013,-0.7190323,-0.78681004,0.5770206,0.094500825,2
2.1150243,-0.5096171,-0.9304256,-0.5159525,-0.25308165,1
-0.77664363,-0.7897849,-0.5050889,1.0787505,-1.0868943,2
-0.44179103,-0.8439232,-0.09496031,1.1329498,-1.2427837,2
1.0651865,0.26266235,-1.389864,-0.6247326,-0.13605154,1
2.3088377,0.0054097325,0.4857828,-1.004183,-0.3444197,1
-0.583046,-0.48758182,0.13779454,1.6903608,-1.2990171,2
-0.63610715,-0.6868463,0.23819453,0.50021094,-0.42413276,2
-0.8808867,-0.74559784,0.060813516,-0.45336783,-0.1620652,2
-0.8747761,-0.9669725,-0.89194095,0.20031855,1.3544986,1
-0.53904814,0.93191284,0.35578632,0.15113962,-0.5885622,1
2.163179,-0.7463916,-1.065633,-0.7973318,-0.16292192,1
-0.8917227,-0.75397855,-0.083966926,1.5009817,-1.3368112,2
0.42040944,1.4442527,-1.5597188,-0.3192688,2.0627072,1
1.0886089,0.111702055,-0.67807144,-0.35434708,-0.17752329,1
-0.11652364,1.9369081,0.058489665,-1.0243497,0.07087621,1
0.4145813,1.7963737,0.0051455274,-0.021312997,-0.5642071,2
-0.8952814,-0.053629227,0.8757196,-1.2728829,-0.23957694,1
3.3455756,-0.86195415,-1.1717166,-0.8054619,-0.11104514,1
1.3186696,0.29529908,-1.0104827,-0.34948277,0.21327189,1
-0.5092268,1.8534222,0.96205175,-1.3246251,-0.33749586,1
-0.9453751,-1.9362509,-2.1699078,-2.2252846,-0.05420465,1
-0.639017,0.49910593,0.80762917,-1.0832504,-0.791881,1
-0.118108004,0.863418,0.84614176,0.0986584,-0.8750553,1
-0.28932142,2.299379,-1.6437241,-0.71597534,-0.6609099,1
-0.038815618,-0.22600812,-1.3517978,-0.53679794,-0.34072378,1
2.6938612,-1.9019742,-0.90111196,-0.63695115,-0.06605464,1
-0.5909769,-0.5417407,-0.20707494,0.23607394,-0.13214499,2
-0.6371866,-0.71401024,1.7160841,-1.6204274,0.69438773,1
-0.90469277,-0.73876023,-0.47990444,0.3038254,-0.32912087,1
-0.24608786,-0.37559047,1.4466867,0.37681106,1.0235802,2
-0.03173098,0.4995478,-1.423933,-0.51315343,-0.58661026,1
-0.03671494,1.0473781,-1.5255198,-0.83014166,-0.48847604,1
-0.15739173,0.572878,0.36762744,0.67195636,1.4150715,2
-0.55682606,-0.57933235,-0.13600461,1.0376871,-0.14443162,1
0.16802642,0.06410664,0.9149816,0.4942129,1.2598262,2
-0.21542329,0.9998167,-0.5417812,-1.0468789,-0.5211893,1
-0.8194674,0.87291825,1.1625102,0.7162477,-1.144692,1
1.7581075,1.4454353,-1.3256431,-0.34000194,0.9478437,1
-0.9351287,-0.28855208,-0.5397219,0.20484145,1.0661019,2
-0.8128151,-0.72889245,0.09609747,-0.20979917,1.5115316,2
-0.69383764,-0.61733866,-0.58300835,0.5328774,-0.33141065,2
-0.61885786,-0.5005236,1.7875172,-1.434523,-0.79116875,2
-0.24392271,1.0223626,0.38211516,1.1378512,-0.38816264,2
-0.9503566,-1.1255217,0.021445448,2.002032,-1.5018796,2
-0.57049936,0.03530951,1.0936714,1.6422606,-0.19502449,2
-0.65930253,-0.20965871,-0.5747251,-0.112479635,-0.31225237,1
-0.4007854,-0.25899956,1.5044496,-1.7434893,-0.5990149,1
-0.63259774,0.0149903,0.8802129,-1.203454,-1.112994,1
-0.70873904,-0.9915488,0.7594289,0.7200706,0.6321277,1
0.21476564,2.1864035,-1.4867156,0.0131344125,0.05157143,1
-1.1340712,-0.55667424,-0.7381841,0.54354006,-0.17671996,2
1.7111866,1.6107793,-1.4907147,-0.38850358,-0.1186644,1
-1.1164424,-0.4772736,0.8803575,0.42944393,1.8633561,2
-0.72794473,-0.40199763,-0.3178575,0.76246244,-0.25654253,2
-0.7375355,-0.6644981,1.0316441,0.5162334,-0.1942535,1
-0.49970138,1.869505,-1.5252081,0.010673597,-0.27176195,1
-0.06390484,1.1206721,0.3389634,-0.1698556,-0.8040397,1
-0.7559061,-0.9029386,0.08073119,0.6161367,-0.32268512,2
-0.08117345,-0.34974533,1.2229145,-1.4242074,-0.40587932,2
-0.24313833,0.5512811,0.99557287,1.6338872,-1.0300015,2
-0.9122666,-0.65306216,-1.2463794,0.106213555,-0.11322054,2
-0.23958948,-0.718542,1.2688118,0.70192426,-0.41778967,2
-0.25948188,-0.3713481,1.3905587,0.621618,-0.11194287,2
-0.06334072,1.117068,0.22505969,0.56799614,-0.77632505,1
-0.34318537,0.77422667,1.534332,-1.1739867,-0.28914952,1
-0.65667784,-0.6886866,-0.25585705,0.97441584,1.0985264,2
-0.7343582,0.07914213,0.6654526,-0.88214695,-0.3130471,1
-0.12524435,0.27848813,1.7699614,-1.460536,-0.7766571,2
-0.8936412,-0.97277254,-0.5701674,-1.5166967,-0.15486406,1
-0.4574575,-0.7344552,-2.2923672,1.3664799,-1.440791,2
-0.5500414,0.7682218,-0.3406486,-0.682711,-0.2875729,1
-0.50872666,-0.616001,-0.08832763,0.71166575,2.062415,2
-0.4289713,-0.3920959,-0.40643498,0.6715502,1.7023913,2
-0.3849331,-0.09771662,-0.2073515,2.4826384,-1.3845333,2
-0.22666632,-0.84134614,0.7251809,1.7357007,-1.4791552,2
-0.11634885,2.1093948,-1.6778781,0.19796821,-0.4245364,1
-0.80945885,-0.28428128,-0.074879825,1.627498,-1.3255569,1
0.3862262,1.9866747,-1.4782647,-0.77065796,-0.4013143,1
1.5526406,-0.7749339,1.8588319,-1.3117092,-0.13324857,1
-0.22012931,-0.8358648,0.86362886,0.3337403,0.84698206,2
2.4671402,-0.47598976,-0.893612,-0.25666028,0.09943065,1
-1.0692445,-0.8756667,-0.14967698,1.5317558,-1.4773595,2
-0.4654962,-0.023598574,0.43517852,1.38933,-0.716944,2
-0.8085589,-1.0317523,-0.46005604,1.8613255,-0.98296607,2
-0.90568453,0.37088233,0.52373916,-0.08697751,-0.28050947,1
-0.6124275,0.9970039,-1.4315773,-0.4337311,-0.32204518,1
1.7225127,-1.0183562,-0.6736795,-0.7348641,-0.21792412,1
-0.3877447,-0.88665605,0.5774741,1.4974376,-0.95909035,1
-0.29644042,1.4230515,0.32778817,0.17748109,-0.49331614,1
-0.76643026,-0.15876172,0.8457629,0.2866622,0.3042305,2
-0.1734582,-0.097030535,0.95717037,-0.19714062,-0.7379393,2
1.8247511,1.2675259,-1.044318,-0.95267236,-0.15323348,1
-0.37699303,-0.57071537,0.71756965,0.34823394,-0.22908044,2
-0.82378805,-0.55084956,-0.58670545,0.97988176,2.1597662,2
-0.66575307,-0.66431653,0.033774212,2.1780465,-1.7358332,2
-0.016115129,0.045826644,1.3915651,1.61219,-0.8170919,2
-0.512254,-0.5598674,1.2771232,-1.450523,1.9629432,2
0.19928753,-0.10901323,0.36852235,1.0400722,1.934,2
-0.37578374,0.965455,0.42020482,0.09506468,-0.32347688,1
0.87252545,1.8673011,-0.34747618,-0.7504433,-0.644269,1
-0.9059675,0.8034968,-0.34917462,-0.0863187,-0.18522984,1
-0.13793027,-0.7766754,-0.07503226,1.0578498,-0.1512772,2
0.06480568,1.708506,-1.6110184,-0.18147895,1.7883978,1
-0.5879177,1.115774,-1.5075719,0.052908763,-0.011573881,1
-1.0920688,-1.8918059,-1.6207918,-1.3502362,-0.16217762,2
-1.32567,-0.76685965,0.6533922,1.8135933,-1.9135256,2
3.5724208,-1.7876282,-0.5916004,-0.380789,0.057789464,1
0.20860247,1.7924397,0.4617014,-1.2231131,-0.478286,1
-0.64047116,-0.1519869,1.6600578,-1.4400704,-0.11427735,1
-0.4176976,-0.026406944,-0.14333215,2.2897136,-0.004776284,2
-0.5804101,-0.9973274,-0.5994749,2.1757367,-1.6730902,1
-0.872575,-0.9198669,0.5530001,0.4142561,2.0204315,2
-0.57400185,-0.5897996,-0.70004445,0.881199,-0.23675297,2
-0.04624659,1.7951235,0.36820453,0.34715122,-0.25153208,1
-0.280024,-0.78146416,0.8038683,1.5898135,-0.8743069,1
1.9186679,-0.66480196,-0.5486505,-0.85075366,-0.13301626,1
-0.5755845,-0.10455157,0.20170397,0.49843773,-0.37306646,2
-0.028929621,0.8677395,0.07771005,1.3773713,-1.1365951,2
0.046583578,-1.1925888,1.6577237,-1.8507214,-0.85461247,2
-0.06573224,1.4146936,1.082941,-0.069447845,-0.3316552,2
-1.2698249,-1.9452935,-1.666595,0.61414057,1.6177046,1
-0.39593387,-0.11112618,-0.8042089,1.7256923,0.059665322,2
0.16828918,-0.17589909,-0.23659062,1.295045,0.6198922,2
-0.7469527,-0.9062887,-0.85153574,0.4958741,-0.2224882,2
0.35620123,-0.624515,0.8843217,0.12579514,-0.40482885,2
-2.0267148,-0.5504229,-0.5236585,-0.7346469,-0.19489181,1
0.13585106,-0.67302424,0.81080484,0.22864236,0.94780993,1
-0.44249302,-0.1918214,-0.18967792,1.3013451,1.978396,2
-0.45251137,-0.4353295,0.17345968,0.3563579,1.1883496,2
-0.27353293,-0.2804514,1.0870001,-1.2687554,-0.6272945,2
-0.62179697,-0.269808,1.6374092,-1.4600177,1.9393779,2
1.4706547,-0.47629538,-0.78920263,-0.45536575,-0.5975764,1
-0.45036244,-0.8216798,0.6861676,2.0198305,-0.24667373,1
-0.5437547,-0.7921432,-0.032180455,0.6510503,-0.29252052,2
-0.23228928,2.1320179,-1.7491564,-1.137136,0.0454238,1
-0.11305612,-0.80842495,0.5918648,-0.0089017,0.5271561,2
0.3251262,1.6465608,0.9056283,-0.98298293,-0.5869839,1
2.0572004,-0.32341862,-0.5252879,-1.1412826,-0.0050997213,1
-0.23318283,-0.8832275,1.4886171,0.87143296,1.6511937,2
-0.31116486,-0.89320076,1.8145754,0.42722362,0.7994636,2
2.7288692,-0.5643605,-1.0031292,-0.5510057,-0.13459772,1
-0.6157571,-1.1243303,-0.6060478,0.90685236,1.8992808,1
-0.7161999,0.6106031,0.5203168,-0.1704737,-0.7614466,2
-0.38948718,2.490491,-1.7660912,-0.66996247,-0.56399506,1
-0.7996205,-0.3977982,0.8050789,1.6653277,0.16791122,1
1.1096106,1.2351549,-0.34175473,0.7702231,-0.6208019,1
-0.10418837,1.5658569,1.1600997,0.15212506,-0.80119467,1
-0.25264302,-0.71266484,1.866579,0.48047972,0.7020476,2
0.30219546,-1.194962,0.6507866,0.6072697,0.49854454,2
0.39130276,-0.32780245,0.104234196,0.8931201,0.71279055,2
2.3472803,-0.9996976,-1.2007868,-1.1323777,0.068434305,1
2.5741951,-0.94134074,0.98136663,-0.9491433,-0.22281398,1
-0.7364742,-0.8806914,-0.12124494,0.57918656,2.4823077,2
-0.3523372,0.58781916,0.7932875,1.0798204,-0.90375644,2
2.1509867,0.81428766,-1.2406801,0.057856858,-0.67636305,1
-0.84965855,-0.65803564,-0.06366518,-0.9496695,1.9390798,2
-0.75846195,-0.83863634,-0.11437712,0.25610182,-0.22590367,2
-0.5714624,0.00785628,0.6940065,0.32163846,0.6762939,2
0.55614585,0.08087438,-0.09147984,-0.11859854,0.56554866,1
-0.8164351,-0.8211178,0.6099277,1.2265552,-1.2941658,1
0.9840355,0.5666793,-0.53326374,-0.090128824,0.44320178,1
-0.1823539,-0.53944975,0.104981504,1.0698975,-0.6626855,2
0.6069828,1.4160401,-0.21848696,-1.2340784,1.0576344,1
1.29847,1.396798,-1.2441882,-0.8345029,-0.6967492,1
0.7467855,0.2169874,-0.1259216,-0.6663609,-0.10868487,1
-0.7082443,0.63405395,0.09944454,-0.021856168,-0.24765162,1
-0.4330197,-0.17323922,1.1707568,-1.4451768,1.6655807,2
3.919468,-1.674942,-0.5416108,-0.107886404,-0.4553935,1
0.06038794,2.265286,-1.5910832,-1.0637802,-0.2060304,1
-1.0045335,-0.647029,0.17643844,0.7562905,-1.760064,2
-0.69450194,-1.1039381,-0.39617455,0.20097016,0.4385602,2
-0.5553174,-0.46505088,1.3648325,-1.6105931,-0.36855942,1
-0.49912542,0.6493702,0.037129886,-1.0838987,0.20178364,1
-0.6853794,-0.65826714,-0.32475036,0.9292916,0.7961926,2
-0.2659293,-0.7271158,1.2822471,0.6873614,0.9081982,2
-0.510016,-0.57964003,0.75730354,2.591416,-1.3323383,2
-0.3931667,0.033195272,-0.51431334,-1.6381412,-0.05689793,2
0.20543358,0.31804293,-1.1816243,-0.6953471,-0.34950978,1
0.07488308,2.7027729,-1.530028,0.43012577,0.3741491,2
-0.43308896,-0.27929857,0.9450733,-0.8635143,-0.4146645,2
-0.47667152,0.17187971,2.0154138,-1.2554405,-0.42364025,1
0.40777105,0.9429022,-0.3968708,1.3675331,-0.71248186,1
0.57898885,0.63201874,-0.051817827,0.060950235,0.24173194,1
-0.5312273,0.25291526,1.855925,0.6843989,-0.89577615,1
1.9062823,0.49196848,-1.0252907,-0.6444864,-0.06833562,1
-0.59998906,-0.040334806,-0.20249642,1.2721318,1.0217991,2
-0.44050917,1.9787483,-1.4352375,0.9431289,-0.92640674,2
0.3055358,-0.388868,0.69696796,0.7918931,0.7070744,2
1.8095145,-0.9422466,-1.3478953,-0.6168648,-0.26529452,1
-0.32636124,-1.2266312,-0.26725298,1.1164737,1.3528244,2
-0.82328993,-0.70756936,-1.5756204,-1.8489727,-0.91971916,2
-0.3497529,1.2267205,0.61415935,0.18913063,-0.5772556,1
-0.6664022,-0.7152392,1.4359008,0.6490282,-0.8537709,1
-0.28408885,-1.1735681,1.3657354,2.1553743,-1.1357646,2
0.9709623,0.90861714,-1.0907712,-0.9687684,-0.43942502,1
-0.17696466,0.88269746,0.24450527,-1.0975606,-0.6558917,2
0.1719752,-0.57281655,0.31487513,-0.01485024,0.4748267,2
-0.23504221,0.67118216,-0.14704517,-0.2711683,-0.10624774,1
2.8563347,-0.24741471,-0.27116382,0.0260095,0.27461854,1
0.42067033,0.42613187,-0.34927723,-0.45667505,-0.6000746,1
2.94385,-0.7939658,-0.6885372,-0.98119986,-0.054359008,1
-0.050960094,0.04777679,0.6134218,-1.070191,-0.72521526,2
-0.87635577,-0.44682112,0.6936597,1.1209882,-1.0376956,2
0.37646115,1.040373,0.5484767,1.0041713,-0.532566,2
-0.3326008,-1.2358911,-0.15654358,1.1432155,1.3222334,2
-0.84721017,-0.7224073,-0.2949345,1.8087354,-1.8167932,2
0.35862172,-0.1455429,-1.1980969,-0.59724146,-0.32462034,1
-0.32767546,0.08682963,1.1501341,0.5994491,1.6810427,2
-0.9212702,-0.7143704,-0.25281668,0.15016219,-0.89505637,2
-0.5680647,-0.119495615,-0.6718439,0.8188285,-0.2781426,2
-0.70949244,-1.562814,-1.3553443,-0.05335531,-1.5359858,2
-0.44798675,-0.90781087,-0.3946526,0.56383324,-0.69634223,2
-0.41447502,0.18177767,-0.77191997,-0.27581298,-0.3567065,1
1.1183423,-0.9323602,-0.91213274,-0.24839827,-0.32667086,1
-0.44551265,1.4622163,-1.6685097,-1.2359908,1.566852,1
-0.5779833,-0.42078367,0.24663173,0.6052599,0.22790956,2
-0.8048842,-1.1020536,-0.8103101,-0.071390696,-1.0027227,1
-0.4907432,0.0034778565,1.1705638,-1.2687541,0.38135463,1
-0.9788184,-0.54182124,-0.53218555,0.20759141,-0.23042515,2
-0.534386,-0.77700734,-0.7085053,0.5906807,-1.0026417,2
-0.82709765,-0.660369,0.03356351,-1.41188,1.9052225,2
0.010560952,0.22499312,0.1694966,0.022841088,0.51835173,1
-0.4732418,-0.12874947,-0.23434196,-0.019564956,0.5005611,1
-0.34360707,0.9916533,-0.17124254,-0.8970752,-0.3287296,1
0.43738276,0.77058405,-0.17298873,-0.98460853,-0.3864077,2
-0.7459878,-0.53887165,0.08589178,1.8660975,-0.1311252,1
-0.4937876,-0.4405766,0.69355154,-1.6441705,-0.76485586,1
0.080317914,-0.6930972,1.009835,0.45550677,-0.3715661,2
-0.45457712,-0.72778726,0.89691126,0.4795294,-1.1428201,2
-0.31767642,-0.09674749,2.178272,-1.9923649,1.1554822,2
0.17602426,1.9469944,-1.3113652,-0.91215914,-0.012065113,1
0.03731408,-0.39801517,0.9655249,0.53975934,2.0840685,2
-0.1554958,1.2770305,0.3070317,0.13778454,-0.13299936,1
-0.51540804,-0.48892978,0.87460876,1.3159275,-1.0042436,2
-0.3525222,-0.20595884,0.15810694,2.112116,1.4093885,2
-0.68073815,0.04985732,1.0323884,-1.645022,-0.5884327,1
2.6733644,-0.22392777,0.16331579,-0.109658375,-0.6722718,1
0.671365,1.4126507,0.09838535,-1.2579192,-0.15878128,2
0.39107293,-0.67153007,1.2426323,0.6379743,1.1909119,2
2.840775,-0.42864853,0.02270703,-0.31587347,-0.20263927,1
-0.6144009,-0.72884643,-0.028761826,1.5280297,-0.28692842,2
-0.72839534,-0.5949165,-0.6241291,-0.21486555,1.991114,2
-0.56689703,-1.3441172,-0.3218696,1.4989047,-0.044547975,1
-0.55963767,2.3583136,-1.6056008,-0.98329735,-0.913118,1
-0.2959817,-0.73951125,1.2138306,0.29189634,0.4626487,2
0.065516114,-0.32210562,-1.0631466,-0.18103161,-0.06344497,1
-0.5815184,0.04051256,0.3918569,0.38433537,-0.2845154,2
0.21182477,0.5805664,-1.7667357,-0.99644154,0.13368656,1
0.27690846,-0.1469521,1.2601701,-1.5163958,0.9139087,2
-0.45633942,-0.03473857,1.9558852,0.69658625,1.7172868,2
0.056903034,1.8127887,-0.45482945,0.33943504,0.6389576,2
-0.6863405,-0.261711,1.292366,-1.5086459,-0.48366565,1
0.9473367,-0.13011827,-1.1822927,-0.59818494,-0.36537248,1
-1.4267865,-1.287417,-1.2727909,-0.12427652,1.1439627,2
0.033976078,0.06444849,0.6209862,-1.147118,0.80956185,2
-0.42689663,-0.5486511,-0.43374518,0.48163572,-0.009605944,2
-0.54337156,1.7186999,0.24214447,0.46109134,-0.15273774,1
1.4377557,-0.37765914,-0.021601811,1.2800281,-0.8301424,1
0.062471915,0.80076504,-0.08011013,0.111070774,0.24248545,2
-0.4105852,0.09693133,0.8705393,0.88894725,1.418921,2
3.4759803,0.21135382,-1.1270642,-0.87149745,-0.39625004,1
-0.6341274,1.444025,-1.7629943,-0.3786071,-0.1990202,1
-0.529334,-0.8656295,1.0762104,0.48255244,1.0616323,1
-0.25049117,-0.8664435,0.8820439,0.70521045,2.826684,2
-0.7860676,-0.92973834,-0.181945,0.760136,-0.12634788,2
-0.7952093,-0.6741031,-0.058800206,0.2877822,-0.26130608,2
0.033179387,0.17072111,0.8515971,0.25459254,1.9348487,2
0.628307,1.4483302,-0.3238572,-0.1459374,-0.23857298,2
-0.09983297,-1.1704868,0.96898675,0.39275962,0.34114134,2
1.4067557,-0.69774,-1.3204492,-0.796644,-0.25455523,1
-0.6954952,-1.0858661,-0.16386954,1.7249681,-0.9750823,2
0.45922127,1.6154822,-1.605148,-0.41802335,0.65604436,1
-0.44626245,-0.0014968514,0.08212307,2.2175553,-0.9681165,2
-0.6626117,-0.876975,-0.019680202,0.3852073,-0.33461648,2
1.8782694,0.6263763,-1.3768461,-0.6233814,-0.07336381,1
1.4089366,-0.019251999,-1.1374971,-0.4152794,0.04524649,1
-0.9946275,-0.77064586,-0.3074669,-1.0741144,1.5278369,2
0.5613084,0.3774071,1.0225189,-1.4335836,-0.37951234,2
-0.14996937,-0.15025067,0.77490896,-1.2991412,-0.3993253,2
3.4191208,-0.9058083,-0.33548808,-0.4707761,-0.18907468,1
-0.08973971,0.06373009,1.7737695,-1.2501836,0.8529374,1
0.002934128,-0.8050693,1.0236197,0.07898697,0.7900219,2
0.6225694,1.163707,-1.2418969,-0.6368958,0.19455633,1
-0.0023075882,0.9842772,0.22009996,0.57784677,-0.91775453,1
-0.35362244,-0.59170604,0.6714966,0.44527704,0.41510168,2
-1.1902637,3.903111,-1.8200052,-0.98843855,-0.40094477,1
-0.34139577,0.83004385,1.2569928,-1.0741912,-0.25967455,1
-0.2817139,-0.28049225,0.062278934,1.8915634,-1.3243592,2
0.022282451,-0.9821241,0.3506951,0.9828337,2.2749972,2
-0.5779183,3.216824,-2.013039,-0.77301776,-0.41056818,1
-0.8945047,0.83417594,0.41163462,-1.082317,-0.20714116,1
1.7461536,-1.1991115,-1.1293458,-0.753507,-0.3251797,1
0.05581075,1.9469072,-1.9654855,-0.22224954,-0.4997251,1
2.117928,-0.3958137,-0.53552216,-0.72497725,-0.11517887,1
0.59861016,0.8166332,-0.5707987,0.14506908,0.80563647,1
1.205707,0.9092846,-0.2693701,0.44646847,0.9866364,1
-0.5468228,1.1369112,0.32304966,1.0980635,-0.84507066,2
-0.08355363,-3.0146809,0.9551422,-1.7592378,-0.5200651,2
-0.6130938,1.4743176,0.16873911,0.2508196,0.9612714,2
-0.5728629,-0.45679194,-0.44244188,0.8574443,2.0886288,2
1.5522115,0.9338139,-1.3434472,-0.6627441,-0.25285676,1
-0.43802762,0.091119826,0.82563764,0.9601354,-0.6028957,2
1.2137804,1.4002763,0.13927352,-1.2353077,-0.54545176,2
-0.17613521,0.10005769,0.77168584,-1.5420431,-0.46071345,2
0.53883356,0.0981939,-0.55474037,-1.029417,-0.085523814,1
-0.8164678,0.3414579,0.32501253,0.16493931,-0.67644167,1
-0.5586587,-0.32831,-0.6379778,1.0737398,-1.2013894,2
-0.16906986,0.27893168,-1.3748362,-0.5753349,-0.4313546,1
-0.46486247,1.3189449,0.030827522,0.52476,-0.7501196,2
-1.2151958,-0.5870742,0.013878886,1.1887915,-0.28768682,2
-0.83603656,-0.46523488,0.52204275,2.2323406,-1.7697281,2
-0.38994765,1.0553204,1.8208225,-1.28138,-0.4052821,1
0.14783892,-0.20378509,1.0137594,0.5806372,2.0437918,2
1.8825694,-0.37441874,-0.7440624,-0.5307471,-0.24998976,1
-1.2359899,-0.5652104,0.09272659,0.9647815,1.0891626,2
-0.72621804,0.12201908,0.45714343,-0.12199645,-0.4446027,1
2.1534414,-0.23368227,-0.67892414,-0.6818704,-0.36169052,1
-0.63418865,-0.6354929,0.43748096,0.28863263,0.938271,2
-0.36041436,-0.18317217,0.8236687,0.7297159,2.819251,2
-0.62081826,-0.8209694,-0.14604536,1.9417592,-1.3593713,1
-0.5246246,-0.58323705,-0.024621706,1.9961298,-1.6725518,2
0.73977244,1.4587017,-1.2575604,-0.39411515,0.9005345,1
-0.5496634,-0.48622793,0.02242502,1.4671371,-2.0891593,2
-0.060305048,1.3407577,0.004039265,0.02033525,0.6056564,2
-1.0002153,-0.8902251,-1.6495671,0.46600553,1.0893592,2
0.68437046,2.1318014,-0.12366312,-0.31421095,0.038939416,1
-0.55847484,0.019942135,1.538351,-1.1554482,0.020126507,2
-0.003906645,-0.41653758,1.5717773,-1.4128921,-0.43471813,2
0.0052478164,2.2051196,0.29004014,0.17760709,0.6981197,2
0.8694461,1.4246017,-1.5354216,-0.67563564,0.052722663,1
-0.5050139,-0.59680164,-0.45727754,0.76059824,0.9857626,2
-0.409813,0.78040445,-0.089024715,0.5387538,-0.71520805,1
-0.3837403,-0.2309075,-0.01680541,1.4538088,2.0449998,2
-0.6372384,-0.7891653,-0.082034394,2.3439462,-1.3776948,1
2.8003085,-0.6268285,-1.0160264,-0.6512703,0.09287953,1
-0.33108777,-0.4711914,0.31956095,1.8062328,-0.0167709,2
-0.53246176,-0.14859244,1.3632314,0.8099756,-0.58992785,2
-0.616714,-0.6080535,0.82265633,0.6588181,-1.047124,2
0.33143723,0.1264678,0.7440788,0.3530961,1.0086827,2
-0.4802335,-0.14806922,0.8193804,0.15800034,-0.4370531,2
1.9242672,-0.8191674,-0.8039211,-0.40007538,-0.10809514,1
3.1715748,-1.8471704,-1.0274537,-0.5854667,-0.55392677,1
0.22350362,1.0102358,0.3658803,0.14079863,0.88225305,2
1.6826392,-0.7501569,-0.8171175,-0.6406249,-0.13611941,1
-0.36666217,-0.78121054,1.0290328,1.024208,-0.8925452,1
-0.9820455,-0.8732387,0.33087534,-0.030923545,1.7728057,2
0.012279138,-1.0449471,0.9306989,-1.2163059,0.5903773,2
-0.2660963,1.3408527,0.6862509,0.03854386,-0.44671246,1
-0.39929247,0.16735908,0.7680463,0.37699386,-0.6693468,2
-0.73008937,-0.7252468,0.0019471869,0.5888735,-0.21659057,2
-0.6895159,0.5834016,0.81634766,0.9548505,-0.63900363,2
-0.70968413,-1.2632567,-0.72261757,1.1796225,2.5737748,1
-0.41003782,-0.50672716,-0.38238534,1.6503636,-1.8783486,2
0.7982787,-0.72923434,-0.7910902,-1.0011804,-0.26368007,1
-0.72646874,-0.9816253,1.1253276,0.29297727,-0.723357,2
-0.38338,0.09512583,1.4899042,1.0766612,-1.0667418,2
-0.5511005,0.32428104,0.57469404,-0.24498008,-0.021878421,1
-0.95370394,-1.1919403,-0.905691,-1.167709,1.374201,2
-1.0362319,-0.44795948,1.1152505,-0.57098114,-0.16786094,1
-0.67725956,-0.60219777,-0.27073312,1.0354593,2.7480283,2
-0.5793408,-0.4057344,1.5336876,-1.287337,-0.80278134,1
-0.4181073,1.5675435,1.0362663,-0.9495799,-0.4774375,2
-0.6278598,-0.6866244,-0.10773598,0.6543807,-0.81387204,2
-0.35761145,-0.22608313,0.044553354,0.6984927,1.5036082,2
-0.7825893,-0.72803783,-0.61599964,-0.033871137,-0.16569076,1
0.36425912,0.08350369,-0.37177408,-0.019487713,0.90298605,2
-0.69221246,-0.84315836,0.26997116,2.3434982,-1.3189564,2
-0.9443125,-0.45962462,-0.11845944,2.1335685,-1.4782361,2
2.963365,-0.48277128,0.3026587,-0.79062223,-0.34148046,1
0.0040135086,-0.47041497,0.37675762,1.3878994,2.490526,2
0.8387201,1.0289956,-0.025284722,-0.35740313,-0.32424128,2
-0.034041584,-0.7490074,1.4306941,0.5054795,0.8318948,2
-0.8863304,-0.52492785,-0.4403501,0.21636862,-0.112677164,2
-0.3728487,-0.62291676,-0.044839643,1.9211155,3.0106328,2
-0.7346303,-0.5588147,-0.18745506,1.236388,-1.3251886,2
0.7070991,1.322518,1.0473737,-1.0847101,-0.06525147,2
-0.41757196,-0.6161354,-0.25421873,1.763902,-0.06011784,2
-0.70501155,-0.55602473,0.3468218,0.7947002,-1.075453,2
0.13202174,1.5829759,-0.2380842,0.642768,0.6372162,2
-0.8836675,-0.6614754,-0.4536512,1.2362422,-2.0472956,2
1.5659349,-0.012709931,-1.0913658,-0.34302115,-0.24080414,1
-0.50133187,1.9627733,-1.7008529,1.1292151,-0.68072045,2
-0.42397082,-0.4019472,1.9658723,-1.601772,0.64408207,2
-0.0916436,-0.02360496,-0.5508189,0.017372936,-0.41463763,1
-0.16608031,1.0360782,1.369338,-1.4607769,-0.4322312,1
0.0050777867,0.38405257,-0.2723952,-0.43621692,0.04322882,1
-1.0647014,-0.9727348,-0.15881257,1.517452,-1.6984254,2
-0.6972684,1.4058876,-1.4655173,-0.1433152,-0.1906966,1
-0.42955047,1.0733672,0.16758016,1.2221729,-0.12106559,2
-0.26963347,-0.61204106,1.5149177,0.40600002,1.7523216,2
-0.2600616,0.046919003,1.3769424,0.42761347,1.413398,2
-0.08636357,1.7556347,0.06449254,0.16292715,-0.7563826,1
-0.1509031,2.4709938,-1.6560714,-0.10754803,1.0987531,1
-0.5427191,1.2252135,-1.5711882,-0.7890376,-0.33917758,1
3.8186765,-1.6832067,-1.2219372,-0.5741657,-0.23515365,1
3.1138167,-0.44949502,0.48119617,-0.9930465,-0.32332325,1
-0.33232698,0.78379166,-0.13236788,-0.86072135,-0.5717968,1
1.0934377,-0.2665081,0.5415445,0.8988837,-1.2153338,2
-0.17220293,0.31992483,1.2522297,0.71650577,-1.2841549,2
3.109325,-1.164532,-0.78503186,-0.9513875,-0.052545942,1
-0.40269014,-0.9471332,1.3052989,0.54914033,-0.63839656,2
-0.99273694,-0.31581908,1.1266422,-1.6114783,-1.4095677,2
-0.2858078,2.8751616,-1.4457135,0.33393127,-0.28990042,1
-0.4093636,0.04610318,2.040093,-1.1842229,-0.7708137,1
-1.2320113,-1.8934147,-1.6477659,1.3148273,-1.191837,2
-0.35411516,-0.09836276,1.8460008,-1.5244321,-0.68684036,1
0.7624633,1.5855278,0.33086425,-1.0639619,-0.7026441,2
3.5716197,-0.31969398,-1.1929628,-0.51304436,-0.20267735,1
-0.4978925,-0.57091826,-0.087857194,1.4779495,0.9449694,1
-0.19963358,2.425796,-1.5295184,0.2728884,0.2332305,2
1.6118314,-0.37593755,-1.1733946,-0.1013034,0.20393515,1
1.3297027,-0.108315036,-1.2038996,-0.9192287,0.18216377,1
-0.7015868,-1.0912105,-0.14001411,0.49105775,1.2804652,2
1.5522588,1.6753596,-1.3008404,-0.78084534,-0.3730317,2
-0.43815023,-0.59829926,1.1763294,0.66812223,2.373478,2
1.4233235,-1.2398785,-1.2141123,-0.4750901,-0.13541101,1
0.74777335,1.8683792,-0.17679565,-0.46967307,-0.49931082,1
3.0684912,-0.651781,-0.88536143,-0.17092523,0.097629994,1
0.044383578,0.23492965,0.5217154,0.8362685,2.1152601,2
-0.27962112,-0.5330194,1.169694,0.68546677,0.010679051,2
-0.38623682,-1.1152073,1.0958482,2.3386781,-1.3860049,2
-0.103728145,2.0129523,-1.6631241,-0.23827237,-0.24121612,1
-0.45062268,-0.37466532,1.9256448,-1.527644,-0.9786936,1
-0.6687592,0.081220716,1.3936607,-1.3052496,1.0060779,1
-0.4153971,0.21331443,0.9337399,-1.0286484,1.8857424,2
-0.33463818,0.0013666004,1.5003481,-1.2639871,-0.17408341,2
-0.61879116,0.5083402,-0.25198227,-0.33033437,0.08489592,1
-0.40677026,-0.008112565,0.34078753,-0.99386805,0.08354552,1
-0.5542566,-0.6497395,-0.62325996,0.40921408,1.3335623,1
0.6332554,0.43913355,-0.73660207,-0.18109132,-0.11785705,1
-1.2236608,-1.9326109,-1.8904217,-2.156245,-1.6443092,2
-1.1524543,-2.7577727,-3.0606382,-2.516125,-0.3712661,1
-0.2907937,-0.87376136,0.79973817,1.0980585,0.83603024,1
-0.68831986,-0.6240048,0.31009525,1.4106174,-0.062458567,1
-0.6285248,0.4337722,0.7585031,0.0023211166,0.33078474,1
-0.7947001,-0.91177016,-0.7041615,1.0101593,2.0208218,2
-0.4580801,0.04177492,1.1954254,-1.0920764,-1.212727,2
-0.85200274,-0.9937551,-0.10781193,-0.63130635,-0.08172839,2
-0.3278373,0.4599384,1.0395787,-1.0144295,-0.6788824,1
-1.2697157,-0.6950537,0.2231906,0.98765194,-1.0007463,2
3.2605152,-0.6347815,-1.1775718,-0.88606304,-0.38984776,1
-0.077878915,1.9763253,-1.6047311,-0.11431571,0.5862918,2
-0.10818881,1.0853959,-0.16456246,-0.52061236,-0.54704314,2
-0.46184444,-0.26338238,1.2191623,-1.4097996,-0.67849183,1
-0.6109523,-0.099195,1.9357696,-1.4422004,-0.14798926,1
-0.21837467,-0.06784588,1.09544,0.10770999,1.1292803,2
-0.30439153,-0.16641098,0.85225177,-1.2580324,2.2803576,2
-0.97898954,-1.1690253,0.349255,2.1354342,0.08122186,1
-0.9470568,-0.7754446,-0.6342521,-1.4512273,-0.3003178,1
-0.6139895,-0.4232818,-0.25814077,1.3183318,-1.2901953,2
1.151424,0.8515394,-0.542748,1.2440239,-0.9226829,1
-0.6359068,-0.19533545,-2.2115872,1.6526994,-0.21536878,2
-0.6010147,-0.1721922,1.5907727,0.5554093,-0.3684481,1
1.660975,-0.5233568,-0.79857713,-0.40037516,0.070964746,1
-0.7586738,0.11468941,1.2382063,-1.5324779,-0.3130861,1
-0.6472962,-0.6083693,-0.3967964,0.57669157,-0.1934813,2
-0.59746146,-1.34369,-0.567513,0.950419,2.5630136,2
-0.6240639,-0.869777,-0.39449283,0.2685035,1.6982023,2
-0.41951427,1.5141162,-0.2411578,0.19261317,1.3559123,2
0.039793655,-0.4610231,1.2946934,-1.238444,0.48404053,2
0.79081553,1.9804678,-1.503347,-0.28510445,0.3589544,1
0.036864743,0.69021875,-0.95208746,-0.36908832,0.027881019,1
0.031101167,-0.3591943,1.3108407,-1.2545981,0.9597981,2
0.6424856,-0.16747978,0.4073015,0.750979,0.8226197,1
1.9599047,-0.028264597,-0.59274733,0.016339093,-0.70386934,1
-0.55299604,-0.8354106,0.4433468,1.3509183,-0.9001194,2
-0.43279374,1.5733978,-0.1394335,0.48839355,0.3450787,1
-0.54376686,-0.7719401,-0.60279393,1.2077794,-0.30590302,1
0.1637548,1.00788,-0.37520266,-0.27906016,-0.40142262,1
3.5425467,-1.806332,-0.80518746,-0.81235665,-0.24173857,1
0.34395462,0.8978269,-0.027809508,0.55558765,2.1531906,2
-0.3027019,1.4435058,-1.4569428,-0.41909054,-0.42918575,1
-0.8178479,-0.8164836,-0.27488476,1.4328856,-0.93256766,2
-0.43789312,-0.5795199,1.4230807,0.22557014,2.036666,2
0.8662097,0.26133257,1.068327,-1.3348294,-0.6141095,2
-0.25817943,-0.13112786,1.2587812,0.6691338,1.2298238,2
-0.5663275,-0.7045015,-2.0299172,1.426282,-1.3719008,2
2.4688046,-0.80476695,-0.38321432,-0.15420976,0.52685595,1
-0.8155141,-0.77456087,-0.12881166,-1.109567,-0.6967887,2
1.4577587,-0.1357142,-0.69315535,-0.7071811,-0.4919846,1
0.87083775,0.5049068,-0.69916147,-0.8120593,0.024282452,1
-0.71598786,-0.8257697,-0.3733785,-1.9586163,2.1627715,1
-0.8220134,-0.37763807,0.6529473,1.5102693,0.0023455769,1
-0.3319067,0.7752373,0.03476888,-0.42983964,-0.67686474,1
-0.72912383,-0.78172183,-0.45929605,1.7777421,-1.4290938,1
-0.59095806,-0.6966833,1.2948971,0.80191183,1.8647813,2
-0.3088874,-0.49316686,-0.23838392,1.607614,-1.7679379,2
-0.75866663,-0.09374509,-0.50496584,0.29321462,-0.15587123,2
2.8926463,-1.0196246,-1.8655972,-0.0045378264,-0.50001305,1
-0.33801657,-0.1516295,1.3783302,0.8686955,-0.8373575,1
-0.57564545,-0.090262115,1.0920751,-1.4427768,-0.17635857,1
-0.62912136,-0.5030826,-0.2534936,0.6493074,0.034451798,2
1.3319702,0.9751662,-1.3900157,-0.8673393,0.9934697,1
0.48584032,-0.56225175,-1.2646705,-0.5890643,-0.48574677,1
1.9776541,-0.7541533,-0.8957981,-0.5188019,-0.26843297,1
3.3758404,-2.0934944,-1.2986597,-0.6363876,-0.3872459,1
-0.08646597,0.47619206,0.48492903,-1.2163097,1.8185698,2
-0.6140009,-1.0139321,-0.5575509,0.49299937,-0.20596327,2
2.7938519,-1.1113087,-0.49901992,-0.30378512,-0.1609905,1
-0.44401765,1.6004299,0.41911882,0.090125486,0.04130104,1
1.3956368,0.44713828,-0.6145145,-0.013832584,-0.18884024,2
-0.73184025,0.19508114,0.67010427,0.8269067,0.103749916,2
-0.70345026,-0.85110164,-0.2825746,1.4054297,2.2007005,2
1.6011294,-0.48951334,-0.6907691,-0.34150195,-0.44303825,1
2.9728155,-1.2847815,-1.9425713,-0.09523271,-0.7972469,1
-0.1927725,-0.09675238,0.46729642,-1.325061,2.4304388,2
-0.05160815,2.3178477,-1.4401381,-0.9344797,-0.4566002,1
-0.5755875,-0.35039085,-0.27883878,2.2496135,-1.5942072,1
-1.2822255,-0.70667624,-2.0247433,1.3959252,-0.19524193,2
0.36355743,1.374255,0.297409,-0.48893657,-0.32157868,1
-0.3251524,1.7096686,0.09882885,0.0974766,-0.14900759,1
-0.6526921,-0.34725642,2.1388724,-1.5088376,0.8254784,1
1.9641744,-0.66051483,-1.0460325,-0.5939335,-0.055020094,1
-0.2863153,0.0041721687,0.44338083,-0.015447766,-0.3378777,1
-0.5185812,-0.54733604,-0.32259822,0.4049305,-1.351314,2
-0.62639743,-0.3347157,1.0055565,1.0511445,1.8951262,2
3.0966089,-0.79387224,-0.11570886,-0.878511,-0.44846395,1
0.8586411,-0.40762767,1.6691575,-1.5177014,-0.5173793,2
-0.66533643,-1.1011051,-0.40132496,1.9063476,-1.3461552,2
1.3358084,-0.72195536,-1.0614947,-0.33264232,-0.1906571,1
3.1586742,-1.9288236,-0.91453487,-0.40639973,0.14157131,1
-0.7183571,-1.0566124,-0.49540892,-1.6083473,3.4431567,1
0.5927538,1.5756528,-1.1760944,-0.86383563,0.32508293,1
-0.90195894,-0.76123554,1.4943745,-1.493892,0.32789534,1
0.56345,0.88356096,0.41085353,1.1674894,-0.4811162,2
-0.8196985,-1.1525959,-0.860162,-1.2146862,-1.5862921,1
3.014546,-0.89832944,0.5132908,-1.141496,-0.28847057,1
-0.31832814,1.6324425,-1.6502179,-0.74013215,-0.25220406,1
1.8088762,-0.26808318,-1.2120813,-0.43153712,-0.106737524,1
-0.17753655,-0.3580436,1.609093,-1.8481108,0.69165015,2
0.6112124,0.9000096,0.4780373,0.48941395,-0.56716317,1
0.013232511,1.354975,0.55956477,0.37971005,-0.9337151,2
-0.5285593,-0.55374056,-0.013565168,1.0873847,-0.9911836,2
-0.77789694,-1.0119679,-0.5752572,-0.8145766,-0.511283,1
-0.5157623,0.94498944,1.4470949,-1.23363,-0.61684763,1
-0.66718733,-0.6988379,-0.46626624,-0.974424,0.036043182,1
0.18035722,-0.045973465,1.238313,-1.4950825,0.6043017,2
-0.5020857,-0.15074536,-0.2851222,0.71064276,-0.20843206,2
-0.9734082,-1.6501644,-0.24655202,-1.4234118,-0.02487123,2
-0.62103784,-0.46375588,-0.06982412,1.7923487,-1.955251,2
2.2321725,-1.4072266,-1.0173212,-0.50291187,-0.4798689,1
-0.392457,-0.6727119,0.11247552,1.4307588,-0.11945349,2
1.0575628,0.5822288,-0.4485823,-0.0020407438,-0.6178739,1
-0.14372653,0.275704,0.51336515,0.38808814,2.1042173,2
1.6683551,1.3701323,-1.264512,-0.15877794,0.99742043,1
1.9503889,0.16484508,-0.51653326,0.046644077,-0.46756333,1
-0.50250995,0.5773772,0.0118192285,0.18489458,-0.24422537,1
-0.49827605,-0.7217497,1.601147,0.20067425,0.53966707,2
0.32636786,0.47542822,-0.41972026,-0.42136973,-0.7529186,1
-0.38531202,1.7586833,0.4973684,0.085380614,-0.019348472,1
2.3737874,-0.04155895,-1.1021985,-0.5099798,-0.18813528,1
0.18503764,-0.28109118,0.0021111518,0.4643336,-0.34854662,2
-0.29880416,-0.9291911,1.0144567,0.2037847,-0.74795115,2
-0.6577919,2.5455136,-1.6454988,-0.27822185,-0.63746727,1
0.14800489,0.72982967,-0.39772364,1.0025959,-0.8112053,1
-0.45217416,-0.3255981,1.5581424,-1.3630786,-0.5629981,1
-0.83556247,-0.5816885,-0.21118048,1.8464787,1.2095675,1
-0.7730344,0.21288769,1.0027434,-1.1897577,-0.59249514,1
-0.4171103,0.056830697,0.83609897,0.95237166,1.3469518,2
-0.59929127,-0.9590589,-2.4596624,-1.3250475,-0.3891271,2
-0.2628867,-0.5777518,-0.5164326,1.2168413,-0.8181811,2
-0.25274533,-0.36598068,0.6818826,0.9288601,2.0122254,2
-0.13522556,-0.5117391,0.5405316,-1.0502181,0.49367148,2
-0.26472786,0.53665185,0.9762796,0.41344345,1.7146155,1
2.056148,0.012456298,-1.2556062,-0.29607695,0.15109052,1
1.2079728,1.503006,-1.7643079,-0.8237133,-0.21395394,2
0.10533256,0.10838105,1.0501556,-1.7679267,0.9117296,2
-0.21888702,-0.79824704,1.0100286,0.9964347,1.2444348,2
-0.24948058,-1.2264478,-0.2474916,-1.2397236,-0.2722632,1
-0.37772852,1.0261184,0.7093628,0.20515847,-0.6116386,1
-0.37674057,-1.0466896,-0.45344305,0.50871223,2.8476353,1
-1.1353581,-1.9826505,-2.008188,-2.0014496,-1.5881709,2
1.2645043,1.4482098,-1.6009264,-0.5453327,-0.22666588,1
-0.48816508,0.33992025,1.5138104,-1.0372496,0.7402153,1
-0.53069675,-0.9378005,-0.016442329,0.63107824,0.61258197,2
-0.69604623,-0.26718026,-0.19195299,1.5890085,0.01799883,2
0.54662895,-0.90277994,-0.6014484,-0.22611372,-0.47089761,1
0.21841475,-0.12496169,-0.9104147,-0.123265,-0.33873835,1
0.05703661,0.15675122,1.526625,0.613529,1.452183,2
-0.24297655,-0.90973574,-0.038318224,0.8779588,1.2941897,2
-0.8465954,-0.18823531,-0.21263297,1.68361,-1.5323778,2
-0.7249069,0.40387723,-1.3635632,-0.94844884,-0.016709086,1
1.235329,0.15696071,-0.022727937,-1.0042117,-0.53723466,1
2.8060157,-0.6090081,0.6545513,-1.1293724,-0.13866048,1
0.0510668,0.5144404,0.30839512,-1.2481886,-0.61291325,2
-0.8103387,-0.9449861,0.4002811,1.4698254,-1.0301672,2
-0.6822465,-0.0037838817,-0.28294942,1.2675871,-1.0980473,2
0.75316024,1.6281773,0.6917002,-1.0668387,0.2555919,2
0.7169477,2.0455303,-0.017800786,-0.97375166,-0.6557088,1
2.0595977,-0.1513542,-0.6539296,-0.54369015,-0.3484935,1
-0.49253264,-0.40660018,0.16211903,0.6284871,1.2801223,2
-0.318667,-0.4545587,1.6168655,0.71373653,1.5976682,2
-0.9085968,-0.7218294,-0.33817932,-2.0677025,-0.17989957,1
-0.17291176,1.6026847,-1.354232,-0.954252,-0.32899857,1
-0.10254526,-0.38280612,-0.37031272,1.5321394,-1.5926299,2
-0.6913342,-0.99504805,-0.63527507,-1.5685357,2.2759166,1
2.6110091,-0.54510164,-1.1052438,-0.76325333,-0.20227702,1
0.17069502,0.16381092,0.7347421,-1.1942067,-0.45933887,2
-0.08234668,-0.5489661,0.44464582,-1.1690271,-0.1010424,2
-0.27092505,-0.57178366,-0.29060388,0.9468068,-0.22912061,2
-0.31220484,-0.56931657,-0.43555698,0.92716193,-0.11718261,2
-0.3410201,-0.44550738,-0.7189134,0.9026652,-1.1546993,2
-0.61871374,0.32766348,0.3732844,-0.029274076,-0.19546013,1
-0.534391,1.9556291,-1.3649747,-0.23692286,-0.03261713,1
3.1756175,-1.9130309,-0.6437831,-0.61957145,-0.62203944,1
-0.654646,-0.3486159,1.9139951,0.800262,1.9962553,2
-0.55521524,0.32159746,1.1362544,0.6432495,1.8856335,2
-1.0612652,0.06376054,0.5718212,-0.027899578,-0.66010374,1
0.780434,-0.14781871,-0.048468076,0.2639264,0.40102744,2
1.9422166,0.46341228,-0.2066067,-1.127497,-0.19936672,1
-0.5710848,-0.7305142,-0.4168565,1.2286205,3.095236,1
0.38325363,1.9449143,-0.05282238,-1.2804487,-0.6032207,2
-1.1902052,0.2812472,1.0280795,0.29796353,-0.090194575,1
0.37028724,0.07823926,-1.0231044,-0.8015397,-0.28567988,1
3.0594182,-1.0958492,0.55249065,-0.8868487,-0.33077747,1
-0.73624665,0.1063667,1.3119241,-1.6244316,-1.0809779,1
-0.46392632,-0.2210254,0.8915495,1.0443873,-0.64994425,1
-0.45287913,-0.26160938,-0.5699396,1.5808935,-1.2532412,2
-0.16258092,-0.3474428,0.9899771,0.14505589,-0.47077197,2
-0.1717982,0.6045064,2.0025432,-1.2401178,0.2759086,2
0.99381083,2.1564934,-1.4655491,-0.31171927,0.2110324,1
-1.1068844,-1.8477381,-0.26197398,-1.3829974,-0.22601917,2
-0.7870953,-0.87327385,-0.58008146,1.4661803,1.2859744,2
-0.054819804,1.656859,0.49801952,-0.2761725,-0.5372133,1
-0.28152624,-0.69600695,1.1947522,1.4433182,0.9626241,2
-0.21724777,1.1294457,-1.4381138,-0.91662973,-0.6446049,1
1.2946867,1.2970359,-1.4398463,-0.8284587,-0.37341505,1
-1.0828596,-2.3410628,-1.774146,-0.9674743,-0.47877604,1
-0.5275619,0.87391555,-0.17070611,-0.25644726,-0.24731722,1
-0.10511999,1.9092002,0.3838606,-0.12349911,0.1369882,1
1.1612909,-0.79623145,-0.77674365,-0.73608685,-0.0815319,1
0.0033744983,1.554234,0.91995037,-0.9942467,-0.7613752,1
0.45274425,1.7157015,-1.5304844,-0.8952936,0.050563816,1
-0.46752834,-0.39586434,1.2002361,-1.6740025,-0.101790205,1
0.3505588,2.0839083,-1.5614747,-0.9810011,-0.21529672,1
-0.7167519,-0.67111444,-0.23578218,1.4646904,-1.7610583,2
-0.68979156,0.03940478,1.6437964,-1.4237962,0.111273125,1
-0.5678158,-0.014684737,0.71329904,0.91893137,-1.0082422,2
-0.7084891,-1.0943377,-0.27091894,2.1123493,-0.30348217,2
-0.71780074,-0.3545252,0.9037843,0.25612324,0.74470794,2
1.7377577,-0.6306607,-1.2181139,-0.22537944,-0.24099867,1
0.5673841,-0.03557563,1.2032186,0.5512215,0.32498038,2
-0.697763,-1.0748678,0.34735835,0.24935898,1.4429901,2
0.5587354,1.2967718,-0.2445005,0.20496094,-0.42155853,2
-0.6694619,-0.21589868,0.2870173,-1.0857936,-0.5830985,1
-0.80635136,-0.9387152,0.16599448,1.4517093,-1.4951389,1
0.38840207,-1.0025641,0.7682959,0.2574818,-0.3816464,2
-0.47091234,0.1866666,0.81246406,-1.2254568,-0.07830192,1
2.7221563,-0.7932327,-1.0944133,-0.7228216,0.13174433,1
-0.7633524,-1.3562495,-1.1475829,0.114173464,-1.5945383,2
-0.79823315,-0.3676619,-0.6505156,1.0285969,1.5256556,2
1.9843435,-0.67898685,-1.0545839,-0.46934748,-0.14509788,1
-0.9539218,-2.1010118,-1.7524543,-1.6641053,-0.05994703,2
1.1639881,0.25407705,-0.5452405,-0.32142565,0.21683592,1
-0.49339324,-0.6805039,0.12746873,1.3235669,-1.1678731,1
-0.22720411,2.5086226,-1.5830626,-1.1129961,0.097499415,1
-0.73631,-0.43224597,1.1237983,-1.7875206,1.9969064,2
-0.52511036,0.1574601,0.2908432,-1.327312,-0.3077829,1
-0.5947468,-1.1562259,-0.33484858,1.0248274,2.8166685,2
-0.0030305013,1.6031253,0.13868956,-0.15012246,-0.21855503,1
0.3988115,1.6399622,-1.339201,-0.77344984,-0.29383767,1
-0.22104257,-0.88935006,1.7398151,0.19881706,-0.7411773,2
-0.20812866,0.6675761,1.4369912,0.103400886,-0.40800473,2
-0.7188121,-0.7053156,0.5193635,1.6194109,-1.1691474,1
0.010744877,2.1409533,0.13339579,-0.85524374,-0.20904629,1
1.9867244,-0.35403538,-0.5441482,-0.28816068,-0.37184918,1
0.1255321,-0.37433413,0.23160726,-1.1687598,-0.47304624,1
-0.15809315,-0.86905175,0.88781404,0.49293292,1.5716006,2
-0.59409297,-0.6079356,1.1871676,0.43832338,-0.9114844,1
0.051968694,2.401332,-1.5531032,0.67105705,-0.8540085,2
-0.0027808696,1.1580803,-0.1444794,-0.89271194,-0.46156114,1
-0.7052933,-0.48996973,0.6169169,0.5954734,-0.6698142,2
0.30649048,1.1651477,-0.2407037,0.24994704,-1.1348819,1
-0.80820984,-0.7258387,-0.4092381,0.7402827,0.57215714,2
0.034165926,-0.11252162,1.1489134,-1.3981833,1.4518235,2
-0.2921153,-0.30338156,1.1401225,0.1749233,1.6850153,2
0.18592982,-0.60161465,-0.27867323,1.7711906,-0.84443486,2
-0.9744339,-0.42070448,0.64957273,-1.335033,-0.473565,1
-0.6627966,-0.5314053,-0.6093402,2.1026518,-0.3646969,2
-0.3387279,2.0820632,-1.7368286,0.3594988,1.0925589,2
-0.33233315,-0.029595196,1.8495363,-1.2884985,-0.6082955,2
-0.14708158,0.29602653,0.3421057,0.7062349,1.4805069,2
-0.4267887,-0.5991935,1.8563066,1.3114704,-1.2228949,2
-0.8793664,-0.4308755,1.3792396,0.53066987,1.8818848,2
-0.63169456,-0.3340649,1.5144802,-1.5361747,-1.4248116,2
0.019741673,-0.16107772,1.4656435,0.18561003,1.7063308,2
0.8208967,1.7056333,0.3327063,-0.8491721,-0.026962847,2
-0.8198992,-0.37075412,0.037699897,-1.2855451,-0.31602293,2
-0.67529285,0.8615308,0.8104516,1.3355982,-1.0244081,2
-0.5351771,-0.34229586,-0.2691091,1.4731823,-1.6265768,2
-0.48825228,2.1793196,-1.2989182,1.0669078,-0.93024147,2
-0.880456,-0.60822004,-0.11396205,-1.3147655,-0.1397216,2
-0.19565351,-0.27269638,1.5983529,-1.3658779,-0.3439108,1
-0.4363601,-0.7889064,0.08252944,0.2586743,0.21693029,2
-1.1945834,-2.247543,0.14721072,-1.4048483,-0.9076015,2
0.19705778,-0.6727479,1.336661,1.9160577,-0.75840175,2
3.0779135,-1.0078863,-1.1210555,-0.38317338,-0.31264904,1
-0.22179952,1.44273,-0.33055222,0.26309472,1.4657238,2
-0.65257883,0.1867475,1.5837259,-0.99374115,-0.018084541,1
-0.38882235,1.585447,-0.660452,1.3593647,-1.0386219,1
-0.26684287,1.4718813,-1.3170693,-1.0149662,-0.51300514,1
0.6939762,-0.28874317,1.1699725,0.3822683,-0.49060348,2
2.9734924,-0.74361676,-0.6116001,-0.430795,-0.109932795,1
2.3980813,-0.57166994,-0.93546504,-0.56578696,-0.25588506,1
-0.4136157,-0.72032934,-0.23417878,-1.2153367,0.11138262,1
-0.6128095,0.42234862,-0.07572659,-0.19394776,-0.39147413,1
0.4285202,-0.23063487,1.3334414,-1.2195717,1.0852646,2
-0.3361813,0.41039786,1.3481373,0.3725757,-0.73993754,2
-0.5024532,0.5556903,-1.7102367,-0.6577722,-0.31678322,1
-0.5300593,-0.8023395,-0.2894378,-1.2214327,-0.16421261,2
3.1045635,-1.8678213,-0.69810086,-0.59889495,-0.5483047,1
0.38739705,0.36415708,0.16515827,0.7344826,1.8725724,2
2.02078,-0.46032244,-1.3054763,-0.82397527,0.15883298,1
-0.0717642,2.3479502,-1.5341101,-0.6182576,-0.27845255,1
-0.6730128,-0.5673958,-0.06583168,-0.08596005,-0.7476213,2
-0.54398876,-0.66999346,1.1721739,0.46967378,2.2121425,2
0.08733852,1.8808364,-1.5986818,-0.7674301,-0.2823384,1
3.4573946,-1.9298455,-1.0047491,-0.62504786,-0.36837786,1
-0.9510628,0.23405635,-0.8679626,-0.19384384,0.8280011,1
-0.67265075,-0.52515095,0.15527952,1.4583946,-1.1750913,2
-0.9012811,-1.077343,0.06842904,0.77172685,-0.20227045,2
0.018086433,-0.7900227,0.84738964,-0.018893093,1.0715761,2
-0.5134995,-0.3957711,0.81680864,0.62218523,0.16519783,2
2.2109108,-1.3219392,-0.38654548,0.7376133,-1.0093108,1
-0.24787179,-0.49840772,0.00083324313,2.1159298,3.2096558,2
2.3796897,-1.002949,-0.6800417,-0.46387452,-0.11562496,1
-0.8590972,-0.31269014,0.71374583,0.5764704,-1.1093931,2
-0.5437818,0.26802832,0.1469632,0.3838999,0.45901695,2
0.072594695,0.01840622,0.47515213,-2.0163863,2.2498028,2
0.18273613,0.46706554,0.2774906,1.6213791,-1.2125148,2
1.1183935,0.53069043,-1.1759901,-0.3919855,-0.113096505,1
3.2606454,-1.5700651,-0.9521296,-0.77451277,-0.35769036,1
1.0523548,1.3553338,-1.3047506,-0.63096523,0.03354904,1
-0.7868384,-0.76736635,0.22559786,1.919144,-0.26239425,1
0.18723676,2.2710066,-1.2932816,0.16718148,0.5930032,1
1.1672825,-0.032939635,-1.1282512,-0.54656976,-0.21767497,1
-0.51735216,0.36053878,0.7492695,-1.541822,-0.46250832,1
0.2936344,1.4240781,-1.428126,0.43046492,-0.69757587,2
-0.16402134,-0.6007186,1.3705872,0.3789146,0.86081684,2
0.7141863,1.3523989,-1.3291798,-0.5572047,0.2028979,1
-0.6284697,0.022694446,1.483473,-1.3571293,-1.1915238,2
0.8467644,-0.69125706,0.9611611,0.48072836,0.5392816,2
-0.8852807,-1.1035417,-0.34733307,1.9237487,-1.433754,1
-0.72037756,-0.96699274,-0.4096164,1.6715134,-1.759074,1
0.6542957,-0.65251714,-1.0896679,-0.56030095,-0.09442179,1
-1.1020585,-0.50842315,-1.5051491,2.1135507,-0.19053434,2
-0.47342774,0.2462841,1.4326398,-1.2166709,-0.5968653,2
0.16643572,0.7533659,-0.36739525,-0.124990955,-0.6925318,1
-0.93366784,-0.4751523,-0.2824586,1.7945803,0.029848427,2
2.172345,-0.92040795,-0.8890997,-0.7144038,-0.35397667,1
0.6668364,-0.21859027,-1.1611902,-0.8861191,-0.49378628,1
-1.0731189,-1.1051469,-0.18074849,-0.0049497783,-0.03047596,2
0.63501626,-0.9354168,1.0811903,0.20685083,-0.661895,2
1.4928261,0.28403437,-0.55804443,-0.04085531,-0.43266997,1
-0.5287952,-0.7727751,-0.18037736,0.7529346,-0.089784175,2
-0.8608905,-1.704886,-1.3691753,1.1641707,-2.0785334,2
-0.1850388,-0.62659407,1.4671063,0.29943055,0.22960034,1
-0.48324406,1.9005942,-0.038242254,-1.1330723,-0.267632,1
-0.79326004,-0.57855093,-0.5423475,0.44150174,-0.4363237,2
-0.37536886,-0.8318383,0.80082333,0.1781819,0.8304659,2
-0.43548754,-0.41111726,-0.1375064,2.0100462,3.0554953,2
-0.43082398,-0.5824742,1.1081061,0.9622003,-0.85596853,2
0.9682221,0.27812093,-0.10689932,0.97280973,-0.99762595,1
-1.1430346,0.043501258,0.88353026,-0.8206017,-0.4777718,1
-0.1183801,-0.06971711,-1.6160904,-0.94314295,-0.52315277,1
-0.39582247,-0.79585266,0.85703874,0.8110831,2.509617,2
-1.1036197,1.3708351,-1.5265089,-1.1410129,0.04544905,1
-0.2589864,1.8532372,-1.3503139,-0.27331287,-0.48131236,1
2.475119,-0.64137524,-0.80782735,-0.60038364,-0.37359676,1
-0.24262188,-0.47864583,1.5085542,0.59194946,1.706615,2
-0.6635673,0.3850212,0.47150922,1.5732003,-0.10144696,2
-0.47374016,-0.4350206,0.69919044,-1.038355,-0.40741995,2
3.2926702,-1.1165677,0.70674044,-0.8054061,-0.436084,1
-0.15524487,0.30013245,-1.6592382,-0.70180595,-0.5242267,1
-0.54688895,-0.114604086,1.5221392,0.7790299,1.3555222,2
0.56294197,1.8907498,-1.4273081,-0.98506045,-0.05031416,1
-0.39101642,-0.7541281,0.57107544,3.0423658,-1.2993878,2
3.3729448,-0.098382,-0.52821267,-0.20286933,-0.015463838,1
-0.9435363,-0.5096111,-0.6568202,0.42946237,1.6185682,2
1.2786006,0.59291375,-0.32240853,0.48919362,1.2968973,1
-0.5795944,0.03274998,1.7883296,-1.5375323,-0.5440747,1
-0.49673265,1.0928543,0.7438204,0.42634934,-0.13770351,1
0.02253662,0.51255685,0.40970665,-1.1827332,-0.6598809,2
-2.9790876,-3.0967171,-0.6364878,-0.31345913,0.079028025,1
0.14831641,1.3003864,-1.643278,-0.6591539,-0.5259243,1
-0.26634502,-0.69861144,1.6697313,-1.6906527,0.8105585,2
-0.80688894,-0.44156447,-0.5225725,1.3654618,1.6660601,2
-0.1587689,-0.7040092,0.625669,0.5554079,0.5295618,2
-0.49798003,0.5353242,0.7000496,0.1631002,-0.4094051,1
-0.59977216,-0.57867974,1.5781156,0.9871514,2.731928,2
0.1953586,1.697495,-0.1708129,-1.2927237,-0.4632969,1
0.12503526,1.5539325,-0.17506382,-0.33854574,-0.1892445,1
1.3442137,1.2610083,-1.6679797,-0.8565977,-0.5156968,1
0.56199604,-0.5007472,-1.0345235,-0.28927252,0.028503671,1
-0.47063166,0.3825829,1.6292931,-1.4164176,-0.9990193,2
-0.21445999,-1.1090734,0.8246036,0.15601835,0.6450885,2
-0.75647545,-0.38053215,1.952858,-1.6247168,-0.6702203,2
0.020711377,0.16805626,-1.153271,-0.85379064,-0.37914392,1
0.6881495,1.0470452,-1.5262815,0.048437737,1.3978121,1
0.73906606,0.028743833,-1.191173,-0.91297257,-0.16227166,1
-0.9267145,-1.8443276,-0.052696094,-1.2437881,-0.40402216,2
-1.1834652,-0.9623136,-0.2434965,-1.886814,3.197648,2
0.3356519,-0.12089389,-1.1288279,-0.4398796,-0.16535118,1
-0.53570664,-1.2177331,0.004610449,0.91776484,1.9736073,2
0.33590364,-0.8098753,0.8724593,1.2928398,2.1196253,2
-0.12362622,-0.018454373,0.8643488,0.25143734,0.48993695,1
-0.5412183,-0.4364218,0.29922247,0.98145634,-1.3232328,2
0.55431646,1.3816435,-1.5569277,-0.8955977,-0.339304,2
-0.8194423,-0.26980147,1.4937273,0.40233156,2.1629455,2
-0.12041336,-0.7389128,1.0506531,0.18458709,0.5725604,2
-0.66355294,0.055669397,0.076541245,0.639319,0.98166364,2
-0.12906195,0.08373284,0.8047425,1.4220579,-1.0174742,2
-0.80931413,-0.4232206,0.9545066,0.7854085,0.57502395,1
0.58567256,-0.5141781,2.2370777,-1.3158224,-0.30851242,2
-0.6492637,-0.9192327,-0.53282964,1.7364725,1.658605,1
0.19863844,0.1146061,0.28799167,-1.1328483,-1.2118955,2
-0.6868936,-0.9051198,-0.22817445,1.1103156,-0.100412786,1
-0.81061965,-1.1405632,-0.27172053,1.6871164,1.9995952,2
-0.8480837,-0.7068475,-1.7132416,-1.9236282,1.1264279,2
-0.42564008,-0.071230665,0.52052397,-1.4340729,-0.6025331,2
0.044610098,-0.11805946,0.32155526,0.6371337,2.6005135,2
-0.28584647,-0.33422202,1.191327,1.1927662,-0.92899644,2
-0.886677,-0.12732999,1.5508606,-1.257048,-0.2174124,1
-0.41521558,-0.6587192,0.89916337,0.4960718,1.748665,1
-1.034652,-1.1517438,-0.8852334,-0.15717328,1.2750185,1
1.0691895,0.5784658,-0.22201587,-0.7921199,-0.280138,1
-0.45610705,-0.6599552,1.1479203,0.4464764,-1.2149423,2
1.1626929,1.8861722,-1.147246,-0.863621,0.057675928,1
2.6352699,-0.3853327,-1.4733863,-0.53661287,-0.19635558,1
3.9633458,-1.6587226,-1.0322558,-0.67277044,-0.6116611,1
0.21205752,0.94455385,0.32406747,-0.124421954,-0.2385474,1
-0.6061943,-0.53214186,0.97850287,1.5716401,-1.2024142,2
-0.80512464,-0.36818224,-0.6626672,0.021503925,0.15427755,2
2.8880022,-0.9998435,-0.29408285,-0.4879117,-0.084998146,1
0.021693178,1.6374667,1.0201776,0.030398116,-0.29505187,2
0.5664747,0.082579106,0.33301,0.7857575,-1.0844028,2
-0.15681201,1.4435877,0.001423873,1.0577539,-0.60605645,2
0.41846797,-0.26723307,0.43340403,0.7455852,0.7256372,2
0.17389365,0.013941152,0.8570033,-1.1636766,-0.7098684,2
-0.9724679,-1.0747192,-0.7409016,0.49214715,2.346849,1
-0.8192279,-0.9596447,-0.69841874,0.28123552,-1.9219997,1
-0.3910824,2.796908,-1.4202976,-0.22711213,0.99533653,1
-0.6147168,-0.23172429,-0.035960812,1.1110364,-0.13698497,2
-0.8236257,0.2586999,1.0934458,-1.1974081,-0.65190214,1
0.07389672,1.5426042,-1.646432,-0.7365321,-0.47649306,1
-1.0465268,-0.9196421,-0.5848193,0.4214051,-0.32778546,2
-0.9663124,-1.0554899,-0.49783272,-1.1166198,1.5084343,2
0.2334388,-0.3810172,-1.0910242,-0.66935384,-0.25343943,1
-1.3806946,-0.178613,0.83883446,-1.2728026,1.3470156,2
-0.65652007,-0.120244145,2.1068418,-1.5134387,-0.32795125,1
0.284687,0.57872754,-0.0570452,-1.1792978,2.2279735,1
1.5904753,0.7804412,-0.83003765,-0.30635995,-0.28572384,1
-0.25464207,-0.11155887,2.071333,-1.4430344,-0.41892704,1
-0.48090047,-0.088897556,0.5169593,0.9359542,-0.306211,2
3.1236775,-0.9789332,0.64383364,-0.9191318,-0.31950384,1
3.020162,-0.79644877,0.3486603,-1.0754875,-0.43743306,1
-1.0360188,0.13245167,1.8701404,-1.5254927,-0.81772673,1
2.3585842,-0.8483448,-0.66099244,-0.37497434,-0.5045234,1
-1.1799424,-1.933482,-1.6884459,-2.460198,0.23314063,2
-0.53924465,-0.9354125,0.3104234,1.0267748,-1.4076828,2
-0.8497949,-0.9578353,-0.06322187,0.8899901,-0.4515487,2
3.6830614,-0.8130894,-1.1826073,-0.35439572,-0.36244288,1
-0.2539911,0.038246572,0.228386,0.32069436,-0.32693553,2
-1.0827563,0.060998872,0.42314377,-0.73719126,-0.17626323,1
-0.59449655,-1.2442192,-0.45607162,-1.1627911,1.4065993,2
-0.028415993,-0.1740087,0.65495497,-0.8277172,-0.66772974,2
-0.27893347,0.18770733,-0.23517577,0.01643467,0.46386492,1
-0.500895,-0.6809532,-0.8402765,-0.0880623,-0.2711158,2
-0.7167329,-0.7388755,-0.13713643,1.8172585,-0.014091492,1
0.07486105,-0.61541516,1.7045039,0.5139268,-0.8170074,2
-0.56826025,-0.81807315,0.7482487,1.2797257,2.2399673,2
-0.51757824,-0.014013857,-0.21279132,-0.23144597,-0.2605419,1
-0.80673254,-0.8197939,-0.3302418,-0.6439747,-0.2394132,2
-0.34149724,-0.6221806,1.5164623,1.1176779,1.9134629,2
0.10104373,2.3063753,-1.8036674,-1.1778322,-0.11497128,1
0.7319324,0.30510658,1.0021636,-1.1606189,-0.6206562,2
-0.30758452,-0.63136876,-0.5502348,0.8060014,1.9459279,2
3.441641,-0.95323396,0.027246483,-0.79022956,-0.40723392,1
-0.4265306,0.02986408,-0.09114394,0.7169324,-1.1052228,2
-0.9820044,-0.87266505,-0.27032554,-1.5424135,1.7402966,2
-0.051582575,0.94817686,-0.23563604,-0.27682385,-0.9906182,2
-0.06485489,1.2733879,0.86200035,-0.8925042,-0.4043442,1
-0.49808925,-1.0100125,0.46855125,1.1695671,3.2946072,2
0.5379716,1.8798107,-1.6358898,0.6281741,-0.50214,1
-0.615402,-0.49582875,-0.12755764,1.3787344,-2.1748831,2
3.1139905,-1.5224824,-0.956602,-0.7036988,-0.42318466,1
-0.59408855,-1.0289606,-0.12463984,1.786593,2.1921356,2
-0.5027285,0.3190106,0.5281897,0.8682335,-1.2160876,2
-0.3329699,-0.64575326,-0.43011212,1.7351676,-0.015014172,2
0.5450139,0.83646965,-0.4611191,0.18694527,1.443637,1
-0.8159239,-0.21436599,-1.215392,0.18562442,-0.37511498,1
-0.7353272,-0.80946594,-0.0495001,0.92370415,2.28122,2
-0.38285565,-0.12518479,-0.26010203,0.09741099,-0.21322887,2
-0.7941288,-1.0442389,-0.21661946,1.372118,-1.6616653,2
0.98956144,0.77038145,0.047446392,0.18983594,1.5664954,2
-0.29781282,0.00826928,-2.1385431,-1.3556838,-0.74221337,2
-0.32698166,1.4379609,-1.7418561,-1.1117458,-0.4585048,2
-0.3194117,2.4479442,-1.668603,-0.9180585,-0.13417539,1
-0.8328712,-1.1010886,-0.49447525,0.9671408,2.516115,2
-0.563889,-0.7650566,0.7897917,0.09137139,0.8349353,2
0.07684763,1.5130142,-0.11253956,-0.49293262,-0.29737455,1
0.10328146,-0.46490648,0.8592184,0.97099024,0.7596018,2
-0.5334738,1.7196834,0.28671855,0.77657354,-1.0694958,2
1.6043915,-0.13806553,0.24348803,1.2311543,-0.6977484,1
-0.13065058,0.19121446,1.7020799,-1.4673852,-0.4631917,2
-0.72749275,-0.100467235,0.22595137,0.8272406,0.37465578,2
1.8332971,-0.3286482,-0.09268201,-0.91816264,0.15371588,1
-0.8718509,-0.7847514,-0.53316456,0.4334002,1.6184461,2
1.8854538,1.0623816,-1.2675766,-0.7569584,-0.21064267,1
-1.0146406,-0.7271936,0.31407726,1.3512304,-1.85204,1
0.15351263,-0.15478407,0.5208189,0.64846414,-0.4269005,2
-0.25305772,0.04209648,-0.032939177,-0.02499621,-0.41320023,1
-1.1081088,-1.8962519,-1.5826175,-2.0550258,-1.8705082,2
-0.5339741,-0.8492797,1.4111484,1.4582609,-0.71670055,2
-0.11646861,1.160875,-1.3666133,-0.74231607,-0.3293307,1
-0.247795,-0.90202004,1.5858953,0.32508513,0.8411081,2
-0.38926464,1.0661981,0.37508404,0.3009385,1.8986356,2
0.8119017,1.2561908,-0.26899686,0.035829067,-0.21835516,2
-0.1429981,-0.44935578,1.6870496,-1.7664742,0.8814337,2
-1.227906,-2.9995697,-1.3068106,-0.9322912,-0.3411948,1
-0.92867494,0.25977194,0.73172164,-1.3472899,-0.5353527,1
-0.3420353,0.0068370355,1.3928632,0.45253173,-0.7187017,1
-0.76613295,-0.66195595,-0.3502014,0.78826207,-0.38508874,2
2.6614134,0.064343564,-1.2989082,-0.65042096,0.15596782,1
-0.71490455,0.23643607,0.6158225,0.14233194,-0.8018487,1
-1.3426706,-0.77142984,-0.15011598,0.6466989,-1.8979893,2
-0.50256777,0.50914514,-0.09315111,-0.68748206,-0.4248195,1
0.16254228,1.87383,0.41545257,-0.32229882,-0.41259214,1
1.9182254,-1.276161,-0.8557801,-0.5187916,-0.31317002,1
-0.79717183,-1.6854509,-1.494507,1.5792586,-1.2070544,2
-0.47109574,-0.3423776,-0.4946535,0.5707066,1.05975,2
-0.3182151,-0.6766146,1.0247746,1.1074849,2.356778,2
-0.44592926,-0.9526416,0.37525028,0.2809662,2.0280952,1
-0.15261245,0.6225245,0.5610262,-1.390704,-0.49381843,1
-0.6924435,-0.1310434,1.8667862,0.7351935,1.9615197,2
0.041882575,1.9327273,-0.017782398,-0.32357422,-0.21624196,1
-1.1408494,0.0067442507,1.0756619,-1.5535579,-0.9553808,1
0.4838926,1.9590654,0.2978624,-0.9684789,-0.62513506,2
-0.89780724,-1.0089083,-0.21646136,1.3098598,-0.23934811,2
-0.58859223,-0.61854255,0.8568611,1.9776822,-0.1293794,1
-0.42793557,-0.08701577,1.101203,-1.4448577,-0.7050566,1
0.4316535,0.39144823,0.499916,1.0997329,-0.8802778,2
2.3927088,-0.08661567,-1.3296709,-0.35739297,0.20029026,1
-1.1575018,-0.4273568,0.6980068,0.80634636,1.2553011,2
-0.8145445,-0.7697018,-0.37429136,0.65787995,1.0013638,2
-0.4052446,1.9242486,0.14032574,-0.97228265,-0.2817018,1
-0.32498005,1.4318159,-1.4993254,-0.98605305,-0.26396537,1
-0.41040176,-0.72212774,-0.21146117,-1.2137349,2.8591712,1
-0.44598034,-0.2578636,1.0103989,1.3462545,1.3948497,2
-0.30679974,0.91793716,0.31449687,0.21482472,-0.6679433,1
-0.750326,-1.116428,-0.9352688,-1.2850875,1.2535973,2
0.6615504,0.90243083,-1.4358672,-0.16097753,-0.89428824,1
-1.0082335,-0.81840163,-0.7140223,0.5409213,-0.12233102,2
-0.2759869,-0.42414618,1.3532995,1.2566873,1.2203952,2
2.049754,0.9173661,-0.5174646,0.5491067,-0.39797193,1
-0.7590858,-0.9396907,-0.66086483,0.5511009,2.4815042,1
-0.33385676,-0.7505006,0.96258557,0.9273665,-1.0897645,2
3.1063075,-0.9656758,-0.695933,-0.41743135,0.013331544,1
0.9740542,0.9086743,-1.7099472,-0.9431758,1.1229686,1
-0.7313971,0.14081892,1.467175,-1.4646716,-0.5373237,1
-0.77404326,-0.86466515,0.62328225,0.68768036,-1.1230032,2
0.12434515,2.496726,-1.759801,-0.024273,0.47141075,1
-0.32664648,-0.9400625,0.8032583,0.41655177,-0.8117179,2
-0.61480135,-0.741499,0.656236,-1.2896223,3.0123975,2
-0.33590546,0.42216828,0.30594495,0.03204602,-0.44808677,1
2.988556,-0.102669686,-0.86266553,0.06955608,0.71742797,1
1.6891328,0.27274913,-0.648965,-0.6215004,-0.26859045,1
-0.5952505,-0.544669,0.22011732,1.3766562,-0.5237368,2
-0.536765,0.06561136,0.62603307,0.15583181,-0.7233473,1
-1.2464861,-1.7449645,-0.5554162,-1.1821358,-0.2263731,2
0.3536882,0.36914223,-1.6707242,-0.9039409,-0.42766517,1
2.411328,-0.6027182,-1.0529577,0.40062273,-0.73670477,1
-0.32949722,1.1780144,-1.4247596,-0.33258402,-0.35399944,1
-0.06620379,1.0593435,-0.5700519,-0.9771557,-0.24449234,1
-0.70296144,-1.1492043,-0.9373162,-1.4889884,-0.15908381,1
0.277303,-0.440337,-0.9052366,-0.47843966,0.18591557,1
-0.3256407,-1.0452664,-0.17607903,1.437678,1.6882739,2
-0.22702098,1.6011457,-1.7699529,-0.24370728,0.37943986,1
-0.6103328,-0.77548176,1.0361564,0.14106423,0.08329721,2
-0.21228756,2.4318748,-1.3281574,-0.7557309,-0.20829216,1
-0.24492772,1.968954,-2.1109345,-0.8180848,-0.048672944,1
-0.51001024,-0.6748116,0.89328396,2.2680297,-0.5446188,1
-0.01949124,1.9809581,-1.8227293,-0.8343999,-0.6072861,1
-0.78010195,-0.7407514,-0.0036633164,1.4186549,-1.6368339,2
-0.62384677,-0.39399135,-0.04105404,1.808971,2.3634033,2
-0.31506255,-0.032409154,1.280178,-1.4554145,-0.15144621,1
-0.12971988,-0.7247969,0.95993376,1.0294044,1.9839764,2
-0.642281,1.4898564,0.10128571,0.79423594,-0.8463101,2
0.058490932,1.9781076,0.8715167,0.24875149,-0.6135857,1
-0.3213625,2.0281792,-0.3049877,0.6581931,0.9617101,2
0.605574,-0.21186656,-1.1825315,-0.8986439,-0.33158576,1
-0.7200189,-0.25792843,1.3883266,-1.5075289,-0.84615916,1
-0.6486563,1.3149637,0.5443277,-1.0506675,-0.21434543,1
0.45579314,0.627903,0.62602174,0.43338865,1.034535,2
0.7369413,-1.0380123,-0.75400263,-0.11973703,-0.10490325,1
-0.59991944,1.542213,-1.5232546,-0.1445154,-0.22519313,1
-0.46062595,0.34169778,1.9536171,-1.3464737,-0.051826134,1
3.1253817,-1.2160165,0.44282508,-0.93732363,-0.0791775,1
-0.10758779,1.9546652,-1.7067119,-0.7368403,1.8261024,1
0.19759607,0.20390847,0.9473233,0.65617824,1.29544,2
-1.2254417,-0.7479028,-0.06290282,1.0612911,-1.6612401,2
1.7095654,-0.60552347,-0.80867815,-0.6087271,-0.24246252,1
0.17985192,0.45100603,0.655271,0.23930971,0.7679549,2
-1.0465211,-2.292248,-1.8769526,-1.4786807,0.111343816,2
3.130272,-1.0161997,-0.89947134,-0.9851257,-0.12245603,1
-1.2806848,-1.09234,-2.0459368,-1.8854156,-0.30149654,2
3.5412054,-2.1263237,-0.75821966,-0.58548594,0.15587911,1
-0.33962446,0.4618469,1.3394232,-1.4325427,-0.17444952,1
-0.78460896,-0.5111223,-1.8218544,2.5977452,-0.18218438,1
-0.25691602,-0.12109223,1.2601022,-1.3409363,-0.46513733,1
2.2261271,-1.7758949,-0.7727427,-0.32815048,-0.3034211,1
-0.62389946,-0.09429677,2.315836,-1.1748449,-0.6972783,2
-0.61471915,-0.59245783,0.12739922,1.3725748,-0.76472044,2
0.3404643,0.13482514,1.2815775,0.28075033,0.5120826,2
-0.3929921,-0.89160234,1.2613722,-1.2612857,-0.03757207,2
0.24331017,0.4103619,-0.5060552,0.05434347,-0.13915862,2
0.0055974983,-0.08649103,0.389203,0.69573855,2.7232296,2
0.43956482,0.0037839413,1.3015014,-1.3660758,-0.64491534,2
-0.6984517,-0.37568,-0.26249886,1.6416259,1.6294128,2
-0.7143392,-0.2827013,-0.34522814,0.084380895,1.8843067,2
0.5840279,0.2468,0.5135577,0.7972892,-1.0595645,2
-0.6060922,-0.43387198,2.2959013,-1.68594,2.3121336,2
0.5793165,1.206173,0.5266688,-0.90818334,-0.30350116,2
-0.08141598,-0.9258641,0.9444444,1.4463177,2.0624266,2
-0.6445253,-0.08997764,0.87460244,0.78118795,1.7269218,2
0.13698223,1.1717741,-1.7011935,-0.79017425,-0.5805286,1
-0.81660354,-1.2534422,-0.18839365,1.41622,1.4192073,2
-0.7275181,0.050404117,1.2559863,-1.3380812,-0.25109783,1
-0.3940028,-0.3706504,0.4541836,0.40311703,0.6954051,2
0.2681188,-0.9313631,0.117194414,1.0600835,1.2626609,2
-0.2101149,-0.90181714,1.2007153,0.5360656,1.8926448,2
-0.6226254,0.77589375,0.28331608,-0.13522534,0.3016354,1
0.19024815,2.491384,-1.6749059,-1.1626549,-0.28642648,1
0.51628405,1.0979404,-1.3793012,-0.9506942,-0.3967041,1
-0.11397893,2.333642,0.018079836,-0.099493034,0.5922346,1
-1.0544451,-1.0750161,-0.77489007,-0.049423948,0.8611866,2
-0.55550456,-0.12150991,1.8622805,-1.3924301,-0.5137791,2
-0.06780648,1.8983108,-1.6447533,-0.250183,-0.5013218,1
0.009873748,-0.4273245,1.1266557,-1.3567648,0.9315467,2
-0.5055899,-0.7492645,0.8921176,1.9009445,0.031939715,2
0.15225157,0.4487195,-1.6711833,-0.95531124,-0.102437645,1
-0.39891538,-2.2223506,1.1221731,-1.6315829,1.0809261,2
-0.390533,0.41439173,0.86331266,0.22429028,-0.83682173,1
0.085676156,2.7594233,-1.3243939,-1.1461,0.6834919,1
-0.43731654,0.06719734,1.9577632,-1.7251782,-0.6427076,2
-0.40117198,-0.902752,0.9098475,2.67997,-1.0366851,2
0.3017726,0.34388232,1.0937235,-1.3368818,0.55041534,2
-0.69618165,-0.79390544,0.74655735,1.3559954,2.4774163,2
-0.45284018,-0.7148127,1.2611558,0.9198215,0.97846013,2
-0.5867168,-0.72384,0.6638501,1.7686539,-0.18696147,1
-0.5987208,-0.13210337,0.6384175,0.59206367,-1.310492,2
-0.88525933,-0.6569479,-0.123393424,1.4742619,-1.4672692,2
-0.5613632,-0.93347746,-0.6331633,1.2727036,0.9118095,2
-0.94609475,-0.542658,0.08571541,0.6573746,-1.426904,2
-0.6342796,-0.41811663,-1.4880238,2.1227248,-0.05475849,2
-0.7825421,-0.22970872,-1.8983539,2.2708416,-1.8671113,2
-0.11632566,-0.32780707,1.0990592,0.32569763,-0.5217619,1
-0.524316,-0.15795057,1.7922313,0.5891071,0.46284834,2
-0.4364315,-0.57794136,0.7780684,1.1935732,2.382161,2
-0.45044878,2.273958,-1.616055,0.9160176,-0.8634408,2
-0.29764867,-0.56366366,0.9798288,0.98577785,1.9999266,2
-0.63888705,-0.84666044,-0.5827537,0.043730482,-0.25999564,2
-0.41715237,-0.17173095,1.3565973,0.84199184,0.7139455,1
0.9618258,0.15268214,-0.5415307,-0.1128111,-0.21227673,1
-1.0735179,-0.676288,-0.21141309,-1.8383175,-0.015397027,2
-0.06783292,2.3455255,-2.0312543,-1.1011105,-0.54207325,1
-0.50824124,0.18916745,2.1614726,-1.6768961,-0.72313,1
-0.5316777,0.20306137,1.1020257,0.83246684,-0.72278607,2
-0.6582421,1.9001391,-1.3804166,-0.36202124,-0.11895008,1
-0.13297018,1.4860729,0.55006105,0.43129626,-0.7617071,2
-0.7736021,-0.9016663,-0.32909867,1.9044048,1.5237926,2
1.9149637,0.2512743,-0.474145,-0.10467301,-0.13840678,1
-0.3948616,1.1185552,-1.8040304,-0.19712767,-0.19999689,1
-0.04864174,-0.15093577,0.3898368,-0.00802584,1.8124117,2
-0.44358414,-0.66814166,-0.096714385,-1.3345325,3.422252,1
-0.80566186,-0.88677895,-0.2988611,0.9596784,1.2563729,2
0.028217476,-0.20357692,1.2556188,-1.1050541,0.9753009,2
-1.1203141,-0.7357565,-0.17187211,0.16527537,1.4109544,2
-0.0569617,0.44837824,0.10120322,0.7454631,1.9122844,2
-0.37882325,1.2193447,-1.3735539,-0.9394548,-0.25550354,1
0.021931991,0.98799497,-1.4332807,-0.6234616,-0.77884257,1
0.3459913,0.74178433,0.13697386,1.6177372,-1.1000698,2
0.622981,1.1534556,-1.2973797,-0.18131718,-0.03843554,1
2.8801816,-1.1484256,-2.1323864,0.20533143,-0.7222192,1
-0.19239534,-0.7091784,0.50867575,1.4554532,-0.8966013,1
-0.4494357,1.4319137,0.4609506,1.1785743,-0.50977457,2
-0.6032981,-0.037973255,0.9906192,0.6602487,1.389699,2
-0.67848194,-0.32273388,0.081758305,1.4759899,0.86712,2
-0.7543659,-0.029403813,1.5717777,-1.5246134,-0.10101548,1
-0.69228524,-1.2247427,-0.6485779,1.4596969,1.6037399,2
-0.63681763,-0.9824019,-0.6153252,0.71258724,-0.39076278,1
-0.6660454,-0.6745238,0.13703483,1.130796,-0.9194547,2
-0.9909861,-0.7188316,0.50579023,0.80975556,0.59177077,2
2.9393387,-0.50679195,0.8299978,-1.2132585,-0.33497137,1
-0.7156062,-0.37092507,0.099998094,1.2256327,1.4334369,2
2.3295224,0.2990517,-0.5194785,-0.37059867,-0.35326037,1
-0.6502354,-0.2796264,1.6755956,-1.5513494,-0.6878953,1
3.28419,-1.7740513,-0.7686256,-0.7610839,-0.47652107,1
0.103550136,1.0139978,-0.47375748,-0.32304823,-0.7269013,1
-1.7615017,-2.550863,-2.1107879,-1.6497523,-1.3636062,2
-0.42814076,-0.9395772,-0.17934015,1.1394725,-0.23775823,2
-0.54139125,0.048567086,0.25137776,0.10181183,-0.5271585,1
-0.97972,-0.5486666,1.3944576,-1.1118164,0.41444597,1
2.1562696,-0.9314695,-0.65307456,-0.1622177,-0.26343042,1
-0.6558362,-0.5991133,0.212164,1.30083,-0.37463605,2
-1.273015,-0.5459966,0.020142654,0.8997498,1.4285821,2
-0.68439364,-0.80867696,-0.810925,0.44189802,-0.15871418,2
-0.32916695,-0.23494786,0.35047778,1.3367655,2.1125114,2
0.3271946,1.573523,-1.5032997,0.08664447,0.65450346,1
-1.3116969,-2.105654,-1.6578889,-1.6648705,-0.8505347,2
0.20402472,-0.41053832,1.2893987,1.3771024,-0.7083638,2
-0.83146805,-0.48344156,-0.23601857,-0.07087831,0.3995247,1
-0.955205,-1.0560882,-0.61623096,-1.792822,2.522757,2
-0.67390954,0.060828228,0.79999685,-0.16559222,-0.63224876,2
-0.18459816,2.292565,-1.4758866,-1.1222094,-0.44408995,1
0.3647332,0.3340191,-0.49592727,-0.07753332,-0.13216755,2
2.0166736,-0.2029379,-0.33009624,0.74131674,-0.7284411,1
-1.1625541,-0.84970605,-1.4886705,-1.9922596,-0.33577543,2
-0.40928817,-0.7325845,-0.12660527,1.8168025,2.1828213,2
-0.47261217,-0.41393352,0.070608646,0.8954831,0.24885836,2
-0.3054176,0.87559175,0.42598563,-0.19569655,-0.64887244,1
-0.5807419,-1.0271223,-0.24460417,1.5522143,-0.15493138,2
-0.12189539,1.0767947,-1.3079363,-0.6980765,-0.90797323,1
2.9067655,-0.5980013,0.67661524,-0.80705816,-0.33931288,1
-0.7440952,-0.89233005,-0.6039169,0.7367023,2.9201722,2
2.9643245,-0.07785654,-1.35502,-0.593853,-0.6959161,1
-0.36949623,-0.11778731,1.1296539,0.84222996,1.5702443,2
0.35137182,0.27132598,0.35575116,-0.0639275,1.7972494,2
0.019985542,1.4887345,0.54263574,0.43750536,-0.28362924,1
-0.68639565,0.55510485,1.7926819,-1.4886919,-0.54370505,1
-0.8602023,-0.23620653,0.049313277,0.27015933,-0.8832474,2
-0.3915861,-0.22328329,1.6318482,-1.4275396,0.37804875,1
1.7307557,-0.3594449,-1.1433614,-0.62796646,0.13147053,1
1.0558792,-0.517156,-1.1027015,-0.85596126,0.018183053,1
0.11998977,1.8842549,-0.19553763,-0.32242346,-0.21095315,1
-0.8208719,-1.2025683,-0.18185338,-0.05365953,1.0597687,2
-0.01318264,0.21100934,0.5641571,-1.0609969,0.9262914,2
-0.49194604,-0.5374026,-0.23257592,-1.2271141,2.2798965,2
-0.54492784,-0.46004453,1.2324758,0.6477824,-0.92987806,1
-0.79256785,-0.694935,-0.52263284,0.8303544,-0.102340154,2
-0.3153053,-0.6584557,0.7168137,1.1930977,2.7487211,2
-1.4053152,1.6063282,-0.104078084,0.06889884,-0.37393415,1
3.4722695,-1.9326632,-0.62929046,-0.34857875,-0.24824177,1
0.25450507,-0.023106813,0.37586832,-0.03614106,1.8755231,2
-0.42827016,0.026578039,0.7035251,0.55226827,0.6471052,2
-0.8390939,-0.46238703,-0.19590127,1.0303591,1.5488578,2
-0.30089754,-0.39464396,0.49255568,0.95472157,-0.892828,2
-0.5618322,-0.852114,1.4286531,0.98840165,0.6218245,2
0.70797163,1.114954,-1.6656816,-0.45905948,0.14545065,1
-0.62097704,-0.82999754,-0.22706904,1.2452605,1.2876827,2
2.3681633,-0.3506454,-0.5198654,-0.13479893,0.984486,1
-0.7531804,-0.5139084,-0.3862498,1.9522827,-1.6482239,1
-0.15274769,1.3661846,0.09435283,-1.0503463,-0.7120954,2
-0.9239298,-0.43599552,0.47393492,0.6909823,-0.8427994,2
0.34394246,1.8973141,-0.32391298,0.5562235,-0.3744223,2
-0.33263484,-3.048152,-2.1622245,-0.9922648,-0.48067847,1
1.8121173,-0.42018574,-0.96873367,-0.44993764,-0.018716753,1
0.067682676,-0.21190412,0.94278646,1.1757152,-1.9107065,2
0.33859864,1.1547767,-0.54436266,1.0943218,-0.58168465,1
-0.8812894,-1.1292039,-0.6269426,-0.9924242,-0.23710684,1
4.392751,-0.6199441,-1.2765898,-0.672558,-0.31248662,1
3.7110667,-0.29690334,-0.880906,-0.055313848,-0.19553173,1
-0.5765713,-0.82660085,-0.1758425,2.1010723,-0.21024947,1
1.6187838,-0.36122438,-0.8596924,-0.3177778,0.047941927,1
2.5065637,0.070154056,-0.64992726,0.42979658,-0.44618258,1
-0.07091449,-0.68160117,0.71214116,1.3640461,2.0263047,2
-0.45035106,-0.44320598,1.4503368,0.56470996,-0.7222271,1
-0.3327703,-0.27369425,1.2398603,-1.4035147,-1.0592642,2
-0.65948623,-0.37738726,-0.08350818,2.211856,-0.2152105,2
-0.16292386,2.3470678,-0.254665,0.044686265,-0.31364322,1
-1.4570485,-1.5227222,-1.3741105,1.0264677,0.0466886,2
0.21350522,-1.1441983,1.0886656,0.37359115,0.3259754,2
-1.3396302,-2.0768976,-2.44292,-1.736896,-1.0384694,2
0.6116116,1.9288955,-1.4757684,-0.8702347,-0.6681157,1
-0.5593519,0.391508,0.9936223,-1.1462462,-0.41564095,1
-0.8968963,-1.0721494,-0.7241599,0.95177525,1.9683399,1
-0.28037655,0.21617198,1.6156718,-1.325246,-0.3936454,1
-0.050990656,-0.19995585,1.2610307,0.61904144,1.5525033,2
-1.0181174,-0.7945155,-0.03505039,0.17883366,-0.39284796,2
-0.71761227,-0.9203404,-0.5278229,1.1059109,-2.0126915,2
-0.34075886,0.049970876,1.891602,-1.6349589,-0.17254497,1
0.95945007,-0.6502414,-0.5972688,-0.12503186,-0.75550526,1
-0.8418951,1.1133801,1.3004967,-1.1568688,-0.671395,1
0.79603535,-0.29022142,0.5599197,1.4267718,-0.9224094,2
-0.7129915,-0.45427933,-0.034099884,-1.1789571,1.9120501,2
0.3492834,-1.0826603,0.7445437,0.38030514,0.39797562,2
3.7681198,-1.7466173,-0.94857967,-0.44675642,-0.27509412,1
-0.0920243,-0.6362357,0.60364693,-1.215623,0.55554575,2
-0.52476215,0.74774814,1.103576,0.12465574,-0.68612593,1
-0.06013404,-0.16951093,1.9269896,-1.3091928,-0.56252044,2
-0.8327434,-0.5617216,-0.006731972,1.4799389,-1.5446463,1
0.64866453,1.2431005,0.7913146,-1.1130834,-0.58214086,2
0.16242418,-0.48696527,1.8260523,-1.5493301,-0.6444186,2
-0.2779751,0.2528093,1.9381298,-1.4933333,0.89007896,2
-0.49790832,2.5600276,-1.5219837,0.343399,-0.49324936,1
0.83819467,1.2303009,-1.5271934,-0.96301293,0.1596758,1
-0.19183084,1.7435527,-0.009766649,-1.1369469,-0.35755822,1
-0.6766037,-0.61596394,-0.15920198,0.84662384,-0.8154781,2
-0.77363944,-0.44611076,0.52246857,0.8917453,-0.95982194,2
0.114569604,0.2895913,1.3819809,1.0950124,-0.8953238,2
-0.44504738,-0.3058216,-0.06694783,2.1943095,-1.2401783,2
-0.14772774,-0.078276806,0.6202968,0.46289116,-0.9721318,2
-0.41752708,-0.08448363,-0.16041014,0.67846596,1.721164,2
0.32345587,-0.32106072,-0.7566137,-0.4567395,-0.43500414,1
0.20603442,1.3554243,-1.6832106,-0.7768903,-0.34558332,1
-1.1435221,-2.4567142,-2.3692987,-1.2340682,-0.7060844,1
-0.71633273,-0.38104945,0.558901,0.17853585,1.9283087,2
-0.408323,0.13146164,1.6430109,-1.4015607,-0.24770507,1
-0.29082465,-0.64149827,1.3888435,0.97142476,2.5851207,2
0.44027692,2.6426451,-1.6875356,-0.8387898,0.069164105,1
2.7968714,-0.6417855,-0.7059002,-1.0273662,-0.009480625,1
-0.6754775,-0.44687518,-0.4557262,0.9149574,-0.28838277,2
-0.00024142116,-0.18122515,1.5149633,1.0930336,1.2701306,2
0.066768825,1.5753393,-0.22378421,-0.57923514,-0.18083146,1
-0.24200508,1.0154164,-1.5312428,-0.99090177,-0.59451497,2
2.2641575,-0.7440016,-0.9827716,-0.47285864,-0.2638875,1
3.74357,-1.951468,-1.1394243,-0.6296514,-0.09440701,1
2.4167507,-0.06704663,-0.6809769,-0.75911576,-0.2334432,1
0.6457544,0.43489254,1.104189,0.2587862,-0.43511164,2
2.8979778,-1.8982714,-1.1939511,-0.6687256,-0.30970016,1
-0.3994728,-0.043391556,-0.25880408,1.4030411,1.6150839,2
0.51890117,0.753001,0.58347917,0.40934837,-0.4327575,2
-0.8631659,-0.84030974,-0.5160029,-0.022618996,-1.4802333,1
-0.84036374,-0.924292,0.3093562,2.1570764,-0.3436516,1
-0.78307986,0.598303,1.0640709,0.19238663,-0.6555755,1
0.51544476,1.2712334,0.7211948,-1.1404325,-0.37177923,2
-0.42191592,0.7298313,1.929098,-1.21354,-0.76991874,1
1.3679435,-0.6500334,-1.1121727,-0.58058107,-0.33394894,1
3.505521,-1.9819471,-1.2236229,-0.67652214,-0.34518594,1
-0.2703865,1.6940829,-1.754725,-0.050177924,0.68791795,2
-0.40272945,0.46269408,1.844162,-1.431642,-0.94903123,2
-0.34761637,-0.5360701,2.0261962,0.89470273,1.3064601,2
-0.23664397,-0.08950968,1.9556191,0.5592469,-0.62459624,2
-0.40286672,-0.9310924,-0.26476434,-1.3008968,0.0146609545,2
0.44527897,-0.28410593,1.0211539,1.0360297,1.9881823,2
-0.29133663,-0.6000828,-0.61515075,0.72640646,1.2844709,2
0.7126024,0.44349042,-0.3356758,-0.61488426,-0.46209717,1
1.9550716,-0.13099101,-1.1179824,-0.57854974,-0.2718949,1
-0.6942759,-0.8568628,-0.063476734,1.8676401,-1.0686245,2
-0.12405389,0.031837363,0.7775482,-1.1939772,0.95843136,2
-0.40336508,0.30107167,0.1324097,-1.4846836,0.23100659,1
-0.7239378,-0.9584875,-0.7645183,0.39963323,-0.09069095,2
-0.5868591,-0.83115804,1.0418088,1.8783277,-0.042174608,1
-0.58266467,0.614363,0.0931857,1.573832,-1.0071932,1
-0.9403409,-1.1446241,-0.78964126,0.4123828,2.367896,1
2.8778322,-0.5177315,-1.15275,-0.46867043,-0.1379962,1
-0.48007232,0.49859133,-0.3241754,-0.4075752,0.33825707,1
0.17851631,0.29484984,-1.3247484,-0.6319243,-0.085808635,1
-0.69126785,-0.24497545,0.9678349,0.53071785,-0.27007213,1
-0.8748869,-0.53744334,-0.1150986,-1.8091635,-0.2053839,2
-0.7704995,-1.5707836,-0.77482074,0.26822618,-1.3094127,2
-0.7324303,-0.0045877695,2.1529841,0.6289927,0.9888854,2
-0.6108247,-0.44151628,0.61213696,1.0796517,2.8831847,2
-0.5937575,-1.1872019,-0.26487353,1.881383,-1.0525987,1
-0.7460195,-0.7451283,-0.43878055,0.53569186,-0.34409642,1
-0.5404495,-0.2576897,1.2145987,-1.2374104,-0.3832119,2
-0.64816064,-0.048865452,1.2263362,-1.5449042,-1.0992073,1
-0.7445252,1.0066639,0.29862544,0.55332303,1.8979414,2
-0.66693896,0.94068885,1.3407282,-1.3800682,-0.455409,1
1.5997472,1.345005,-1.7240946,-0.84389603,-0.4516167,1
-0.50944483,0.081026465,0.6804231,1.0150799,-0.6903714,2
-0.76019037,-0.70305,0.10208982,1.6581012,-1.2822624,2
-0.76861507,-1.1830435,-0.39005163,1.9318616,-1.4989792,1
-0.7366249,-1.1384838,1.19747,0.59247655,-1.3174576,2
-0.43582276,1.6485906,0.38666546,0.3504783,-0.71759474,2
-0.2622503,2.199447,-1.5262401,-0.31479475,-0.495709,1
-0.84641266,-0.58042324,-0.2824666,1.3245641,1.6230624,2
3.0045667,-0.47078037,-0.6555516,-0.6769628,-0.27874315,1
-0.60306334,-0.6399562,-0.106551506,1.8641881,-1.3764488,1
2.7944703,-1.7075713,-0.64719665,-0.08776654,-0.04440874,1
-0.29025757,-0.5496157,0.8941091,1.3616592,0.92936534,2
-0.36032307,0.06622118,0.80366695,0.96159434,0.93051475,2
-1.0102112,-0.88141775,-0.34652817,1.5051407,-1.1567177,2
-1.4771855,-0.8314969,-0.124394715,1.4939052,-1.9602149,2
-0.6405549,0.1322501,1.5668855,-1.6281667,-0.81199193,1
-0.6636589,-0.8558724,-0.39006972,1.3348105,-1.994597,2
-0.5000722,1.6095709,-1.7792865,-0.25416413,-0.43247375,1
-0.65406865,-0.46325153,1.7054873,-1.5704999,-0.89133734,1
-0.3892824,0.23729543,1.5163349,-1.4895761,-0.021616101,1
-0.5132985,-0.39844006,1.4316633,-1.5937846,-0.21940705,1
-1.7749506,-2.446054,-1.9777596,-1.9990573,-0.88269794,2
-0.4427776,-0.98930156,0.88941836,1.6266607,-1.0382022,1
-0.56979567,0.13959756,0.5722172,-1.1779131,-0.2913307,1
-0.64492023,-0.93068135,0.032781616,2.546845,-0.1066119,2
-0.38036603,-0.7140476,-0.846539,1.1326454,1.9324577,2
0.53410774,0.74309766,0.3902232,-1.5674523,1.1118771,2
-0.6918496,-0.9640003,0.08363627,2.531348,-1.4952023,1
1.3915279,0.45709145,-0.8132527,1.2683725,-0.7440958,1
0.7202364,1.0911919,0.44528434,-0.99043775,-0.17139417,2
-1.3625857,-0.35889766,0.039255567,1.046785,-0.017997503,2
0.54939204,0.41692325,-1.4518245,-0.36096078,-0.089925855,1
0.122784115,0.96912676,-0.37714726,-0.4971081,-0.66521746,1
0.48039073,-0.85988694,1.1942265,0.086788744,-0.64586645,2
-1.0115783,-0.5441989,-0.57867503,-0.14145498,1.258666,2
-0.010495126,0.9522873,0.626114,0.3362928,1.417245,2
-1.1810713,-0.25084847,-1.3324901,1.1833308,-1.2671663,2
0.79582924,1.3406653,-1.3226242,-0.3423847,0.21179913,1
-0.5431111,-0.9207107,-0.12708509,0.22549993,1.1428081,2
0.7301612,0.64392436,-1.2806969,-0.5725293,-0.23435974,1
-0.71773213,-0.9505975,0.19812131,-1.2818379,-1.1249295,2
-0.43299913,-0.10791339,1.3251936,0.22078998,1.2310092,2
-1.2379935,-0.89319247,-1.5006604,-1.5364703,-0.11140444,2
-0.18278962,-0.04960574,0.38926622,0.7906188,2.522622,2
-0.31721196,0.6527084,-0.10926469,-0.24743916,-0.26090077,1
-0.5500154,-0.74227196,0.2589741,-1.364624,2.703433,1
-0.3644269,1.9434803,-1.9265348,0.06824382,-0.46538553,1
0.6194736,1.4784863,-1.4613409,-0.94860387,-0.34576753,1
-0.49963373,0.2905026,0.68968683,0.31425405,-0.49284846,1
-0.64761275,-0.64996845,1.5857692,-1.6102741,2.389343,2
-0.19931722,1.6697575,-0.14308889,-0.65284395,-0.2707602,1
-0.726452,-0.20945194,1.6083578,-1.3951051,-1.4025679,1
-0.7539681,-0.42907575,-0.4428311,0.63685095,-0.060869984,2
2.6859443,-0.9880428,0.3543384,-0.81137276,0.5972123,1
-0.9255395,-0.79625595,-0.86855936,-0.04176327,1.3186637,1
-0.44690177,0.53240746,1.2932916,-1.0260222,-0.16980594,1
-0.9320284,-0.6087525,2.20813,0.60868555,0.66814774,2
-1.2624124,-0.43270487,1.0386771,-1.7558357,-0.8680613,1
-1.030894,0.34203374,0.2895986,0.4751443,-0.50011545,1
0.1830061,0.8740306,0.3428669,0.26727366,1.0553236,2
-0.90778923,-0.905394,-0.5474465,-0.10715852,-0.5874031,2
0.14172348,-0.1370532,1.6239258,1.0532724,-0.6573042,2
-0.24213535,2.3253107,-1.6073794,-0.2713998,-0.0015194267,1
-1.0551805,-1.0847776,-0.73957956,-1.1795423,1.1844902,2
-0.30415016,1.3176744,-1.7094141,-0.65284884,-0.243673,1
-0.51341003,-0.011149779,1.6612935,-1.6344874,-0.51192904,1
-0.17931272,-1.1272674,-0.5818154,1.3589356,2.0870514,2
-0.36646432,-0.7096542,-0.35427237,1.007326,-1.4867811,2
-0.5169292,1.038863,1.5538756,-1.1226349,-0.6719724,1
-0.9493409,0.7633058,1.697119,-1.7393816,-0.59421414,1
0.72631025,0.8069637,-1.4474527,-0.8488658,-0.049780928,1
-0.61361337,-1.1622523,-0.48354465,0.8050258,2.5784886,1
-0.31426546,-0.34335566,-0.672631,0.5860724,1.5884116,2
-0.5324421,0.460551,0.9211804,-1.0110302,0.022495717,1
-0.013899699,-0.16959976,0.87689495,1.1170288,2.1596744,2
3.45093,-1.9484937,-1.0360397,-0.40717685,-0.35000423,1
0.033913463,0.5498497,1.2687346,0.20865473,-0.33771035,2
-0.5681916,-0.37907678,0.73138875,0.2518647,0.6539994,2
-0.37368464,1.2756923,-1.7201219,-0.59509975,-0.3618517,1
-0.7665425,-0.9731082,-0.043871954,2.1375675,-1.1565423,2
-0.69966084,-0.58641577,-0.6281539,0.22981738,-0.40732795,2
-0.41623977,-0.89264846,-0.70074683,0.048598364,1.043033,2
-0.802871,-0.0049954653,1.3522992,-1.7448525,-0.07777174,1
0.48713022,0.72800547,0.97555727,-1.5049804,-0.5232118,2
-0.48507386,-0.5834195,1.4461498,0.79250777,2.155484,2
-0.04071486,0.017989852,1.4410028,0.6822752,1.2111707,2
-0.70779085,-1.0535606,0.053545564,1.0437895,1.4864208,1
0.9572174,0.5797024,-0.56925726,1.4894314,-0.67480445,1
-0.24300836,-0.34021187,0.3158093,0.7778057,-0.5517662,2
0.18976846,-0.34180093,1.5291562,1.2614084,-0.08315315,2
-0.5253946,-0.5790678,1.0739342,0.88833135,2.3329742,2
-0.77645445,1.9714938,-1.5847573,-0.86017936,-0.34548116,1
-0.047478598,-0.80654705,1.1774638,1.0182911,1.078861,2
2.274357,-0.4536901,-1.0482743,-0.8215613,-0.26060694,1
0.37596267,-0.47765994,1.4165289,1.8258362,-0.7368189,2
-0.28459162,0.22485569,1.7355518,-1.5226097,-0.8204713,2
-0.16544944,1.2952757,0.08878204,1.0170202,-0.87233907,2
-0.49197093,-0.7411131,0.6021803,1.0065148,0.84483296,2
-0.11003208,0.2193395,-1.515106,-0.8868105,-0.40911245,2
0.408865,-0.9077633,1.0332005,1.3929055,-1.284324,2
-0.5829813,-0.900694,-0.25969514,0.47779673,-0.04026121,2
-0.66076493,-0.86458087,0.07849296,1.2475806,7.4207783e-06,1
1.0280353,-0.26246575,0.8545032,0.7227198,0.96269596,2
-0.6849311,-1.3360479,-0.28733605,0.26894885,2.3662596,1
0.24693781,-0.72496897,1.1362193,1.071232,-1.118707,2
0.37579694,0.55823004,0.7436546,-1.2434599,-0.36784294,2
-0.7255899,0.09910738,1.5568217,-1.2625346,1.4980189,1
-0.29526713,3.1664674,-1.714527,-0.95907223,-0.5475967,1
-0.71705043,-0.8124452,-0.42099214,1.4372424,-1.4904435,1
-0.59418017,-0.80898523,-0.29667646,1.1441342,1.880607,2
-0.60957265,0.52579683,2.5283556,-1.5859427,-0.75671786,1
-0.3849377,-0.4795312,0.48504418,0.3913073,-0.20526385,2
-0.28139633,1.3188396,-1.6722813,-0.16916859,-0.20943102,1
-0.34146002,-0.63581496,1.9574873,0.6955525,1.9959412,2
-0.50758183,-0.049717635,0.28832078,-0.08495511,0.28703088,1
-0.9279558,-1.3183059,-0.044553638,-0.58983624,-0.7206081,1
-0.70931154,-0.8146173,0.2737472,1.8796356,-1.5673015,1
-1.0153322,-0.62049437,-0.61059946,1.2175035,-1.7076163,1
1.8844409,0.29523867,-0.48999622,-0.6479667,-0.29024136,1
0.19693863,0.8063079,1.6224197,-1.1830502,-0.19977975,2
-0.58677185,-0.72547686,-0.26843795,1.5154121,1.5090678,2
-0.7760757,-0.8882013,-0.47846514,-0.15120286,-0.6813034,2
-0.6563596,0.063346416,-2.0829566,-1.3981708,0.40597123,1
-0.22531383,2.2368517,-1.6952616,-0.09589831,-0.15474324,1
3.1217759,-0.67111146,0.39131087,-1.1335516,-0.3658146,1
-0.7690997,-0.52245086,-0.45151243,1.7131191,-1.3425308,2
-0.90751743,0.017652594,0.3726946,-1.1480381,-0.2955336,1
1.2424119,1.2930236,-1.1619561,-0.9431708,-0.041105658,1
-0.5996994,-0.96751,-0.39031303,-1.1232762,-0.00996685,1
0.44925433,-1.0044663,0.4291917,1.3993367,1.955914,2
-0.005892515,2.1038384,-1.4475962,-0.6602398,-0.45442644,1
0.036577225,-0.761961,1.7297082,-1.6014444,0.8396562,2
-0.51382077,1.336938,-1.426443,-0.76512015,-0.5412566,1
0.25621378,-0.77507156,0.6958504,0.682583,0.43483227,2
-0.41528344,-0.73217624,1.6685499,0.897007,0.6906371,2
0.75239706,-0.8012612,-0.7502278,-0.52267027,-0.18026668,1
-0.5568263,-0.72737837,0.07068601,0.9221148,1.0786428,2
-0.16413522,-0.79868567,-0.54769975,0.64594305,1.1037536,1
-0.45583802,-0.5212222,0.46899554,0.8591946,-1.4620659,2
2.4063075,-1.0597774,-0.78275883,-0.02606085,-0.26445112,1
-0.5024789,1.8397441,0.078711614,-0.9928974,-0.63074243,1
-0.35988986,-0.6932612,0.5832815,1.1893435,-1.8341074,2
3.047491,-1.7986035,-0.65721005,-0.45822573,-0.162338,1
-0.22251964,0.06305957,0.76165885,0.3353016,2.3332343,2
-1.0816227,-1.0785561,0.32730383,1.7755181,0.0037919134,1
-0.9878504,-1.1216321,-0.6490632,0.028480615,-0.50747454,1
-0.7445024,-0.7644185,-0.24107936,-0.7820573,-0.11477247,2
-0.3466811,-0.5723289,-0.3285057,0.62903315,1.871829,2
-0.7758628,-0.078131914,0.19810152,-0.1827015,-1.015493,1
1.2026522,0.11897554,-0.84601,-0.3830828,-0.08078935,1
0.10419673,2.1789773,0.32836822,-0.042406328,0.31048864,1
-0.55095804,1.9948429,1.0977054,-1.0368527,-0.5273394,2
-0.6745648,-0.76509285,-0.20351394,1.3157529,-0.2948039,1
0.21430713,0.683766,1.0472641,0.6621455,-0.71276224,2
-0.74912536,-0.8059672,-0.6095975,-0.17026018,-0.060098313,2
-0.61958146,-1.147451,-0.020842075,0.7033869,2.4599276,1
0.254817,-2.5899618,-1.1233013,-2.377982,-1.2847242,1
-0.41387132,-0.99105394,-0.62512445,0.75288606,-0.27153447,2
0.21894833,0.29655915,0.034569982,0.6483555,2.0339012,2
-0.38614482,-0.6543426,0.5662466,0.46909901,-0.91166353,2
0.28051916,1.1731677,0.9817399,0.3157861,-0.48358336,2
-0.57553846,-0.42487088,0.1473372,0.28244022,0.08006723,2
-0.6783345,-0.15681738,-0.2631581,0.96507263,1.2104144,2
-0.48911554,-0.607399,-0.1391023,0.23207669,1.2206767,2
-0.050520808,2.133558,-2.0483272,1.1103232,-1.0583594,1
-0.708882,-1.2853283,-0.41724822,0.8076093,-0.866722,2
0.7171168,0.055182032,-1.1811558,-0.55473936,-0.12755144,1
-0.2948128,0.8471338,-1.2382802,-0.96027964,-0.64154536,1
0.0445154,1.0231394,-1.3262933,-0.12838069,-0.6310412,2
-0.44564036,-0.27004352,0.85272354,-1.3480234,0.5190201,2
-0.62841094,-0.9060291,-0.507159,1.4215566,-0.27271408,1
0.100678846,1.1704789,-0.085669845,0.087195955,0.46338868,2
-0.42122978,-0.24214476,0.75587195,-0.9689361,1.1556892,2
0.21729095,0.25355646,-0.5153455,-0.5181953,-0.14877427,1
-0.74087024,-0.8144692,-0.15682599,1.1073418,-0.07483207,1
0.62431437,1.9923034,-0.3274451,0.3624751,-0.39728507,2
-0.9618908,-0.63473094,-2.397357,1.2937198,-0.057629913,1
1.7252643,-0.06070081,-1.2684135,-0.5775068,-0.47947627,1
2.189285,-0.02583398,-1.3875897,-0.2681089,-0.21233872,1
-0.8304361,-0.47532558,0.7572783,0.34112102,-0.87347627,2
-0.7777703,0.106364086,0.7492901,0.83497596,1.9115484,2
-0.2948911,0.29789025,-0.16035086,0.66339827,-1.1221012,2
-1.0994642,-0.69139683,-1.8872559,1.6312276,-1.6772683,2
-0.0464483,-0.19235754,0.8558619,0.7117828,-1.1553555,2
0.35283852,1.8306684,0.6002384,-0.81542784,-0.57780415,2
-0.6526904,-0.48688203,-0.53347456,0.72609043,-0.04197462,2
-0.6568626,-0.5607126,0.1740794,0.27118385,-0.17818157,2
0.6177114,-0.8232968,0.9908206,0.50931704,0.9310361,2
0.5726404,-0.20103519,-1.4738665,-0.87599194,-0.21809049,1
-0.38507333,-0.95927906,0.54541177,1.1860088,0.94123685,2
-0.61664295,-0.7455363,0.98292965,0.23326582,0.60944605,1
0.031778637,0.7451927,-1.4932272,-0.66807497,-0.22261225,1
-0.69581914,-0.8754793,-0.16955478,1.0407374,1.4589473,2
-0.38419765,-1.0736597,-0.7326298,0.01631046,-0.13963172,1
0.27895963,0.80287224,-0.9529917,-0.79866827,-0.35322878,1
0.07224864,-0.39932543,1.4282151,-1.2387084,0.2526369,2
-0.7918116,-1.0238911,-0.07257232,1.8924768,-0.4075954,1
-1.8570842,-0.6882164,-0.5342438,-0.62719166,-0.5423796,1
-0.97474146,-0.50002104,-0.5132122,-0.023660023,-0.107899494,2
0.524953,1.7598875,-1.4164901,-0.925975,-0.084329724,1
-0.5579894,-0.99073553,-0.5532859,2.161491,-1.578292,1
1.107862,0.21085395,0.837604,0.2742253,1.1934402,2
-0.53634393,0.47025505,1.4637246,-1.2426568,0.020384789,1
-0.58591056,-0.66632056,-1.8219178,-2.3263757,1.6062231,2
-0.22064196,-0.92187864,0.64041334,-1.3176632,0.5594086,2
-0.89250803,-0.44695425,-0.091815114,1.1411887,-1.6921413,2
0.40714484,2.581011,-1.6587238,0.12648895,0.28183818,1
0.07938236,-0.8958522,0.63853765,0.18025869,0.99229956,2
-0.7287305,-0.44354898,0.7597294,0.1084129,-0.2520064,2
-2.1703093,0.45692798,-1.0715861,-0.6821708,-0.35002616,1
-0.38540012,0.17554094,0.8713679,2.222228,-1.1510626,2
0.17172474,0.45906293,0.19853087,-0.62968814,-0.37411907,1
0.59831417,0.8549307,0.48648936,-1.0402038,-0.22518723,2
-0.33623022,2.3412647,-1.4156804,-0.8595694,-0.35226417,1
-0.49294272,-1.1056919,-0.46649423,1.5970222,1.4806935,1
0.36153913,-0.36129868,1.1272281,0.20684768,-0.80284125,2
-0.6896199,0.22949731,1.6415465,-1.6515663,-0.40481508,1
-0.49697053,-0.8627135,1.0223616,1.2002491,1.827498,2
-0.57166576,-0.7312898,-0.19552529,1.315848,-0.046953797,1
-0.6001861,-0.36673278,-0.06550056,0.3032411,1.9884406,2
1.2622334,1.3775232,-1.4574866,-0.58533335,0.10270619,1
-1.0659742,-0.7246401,0.36587274,0.42868462,1.4135461,2
-0.06569937,1.0952008,-0.24176031,-1.0509149,-0.48766798,2
0.70269644,0.43390942,-1.1489363,-0.61720437,-0.023887299,1
1.6964072,0.09634822,-0.85934526,-0.45681405,-0.27957013,1
-0.6013448,-1.0150687,-0.7056284,-1.2078289,2.2007003,1
-0.39395434,-1.1771532,-0.027776986,0.9783862,1.2517265,2
-0.9934108,-0.88418186,-0.21170066,1.4337329,-2.0861447,2
1.2655032,1.360459,-1.4134561,-0.29479903,0.18022634,1
0.6972711,-0.4240482,1.011514,0.31121755,-0.46023786,2
0.7146441,0.5525174,1.4313265,-1.0680182,-0.18698679,2
0.23187083,-0.3491242,0.59352654,0.35787904,-1.9501976,2
-0.5367332,-0.5599812,0.6255102,0.60781866,0.7644663,2
0.4352729,0.48466265,-0.47360417,-0.18928383,0.22030184,1
-0.011881165,1.2206819,0.99940604,-1.3380454,-0.6036223,2
-0.6970318,1.4118016,-1.2980852,-0.75344425,-0.4588762,1
-0.7811534,-1.0503267,-1.0047266,-0.009881292,-0.93732595,1
-0.47929436,2.082608,-0.34489974,0.044124916,-0.0284653,1
0.020167813,0.23631477,-0.10029768,-0.18125553,1.075125,2
0.36423966,0.08777867,-0.5667782,0.8119389,0.675226,2
-0.1752592,1.1523798,0.18919444,-0.06361657,-0.70865524,2
-0.6501573,-0.9457874,0.76164114,1.0426215,0.75802916,2
-0.35787907,-0.30768347,1.9473077,-1.4347749,-0.18973562,1
-0.1692461,2.1398547,-1.5115509,-0.17187987,-0.51036745,1
-0.4569496,-0.88612884,-0.49266547,0.90653056,2.4968166,2
2.7311354,-0.080175065,-0.19527543,0.0147018805,0.10430145,1
-0.36753199,3.2567854,-1.728528,-1.0028538,-0.27430075,1
-0.5385605,-0.5001829,0.6977446,1.3606946,-1.2188306,1
-0.81839013,-0.5072556,0.44516614,1.0264282,-0.41919923,1
-0.42133012,-0.10041724,0.16277376,-1.0395508,1.3410156,2
-0.26781455,0.3220954,0.1906206,-0.05814424,-0.34962684,1
-0.41010368,1.0993538,-0.39743838,-1.3371025,-0.524274,1
-0.53045255,2.1819208,-1.7473488,-0.36138675,1.5283009,1
-0.8726953,-1.1643567,-0.5410856,0.14423417,1.6254901,1
-0.7762319,0.0906803,-0.44243926,1.3142066,-1.687106,2
-0.55096465,0.27957797,-0.40846244,-0.38522366,-0.093918934,1
-0.56182224,-0.7879524,-0.43678233,0.7232095,-0.21853435,2
-0.2135125,1.1797861,-1.4669166,-0.8550767,-0.7306292,1
-1.1606983,-0.45211875,-0.63976085,-0.10045508,-0.45176503,2
-0.89625204,-0.46933672,0.3555478,1.0736513,-1.1931341,2
-0.22156432,1.6652241,-1.4506708,-0.0652494,1.2893615,1
0.027729772,1.625912,0.13816944,1.0324018,-0.49192834,2
-0.6932596,-0.16696335,1.6225638,0.61268705,1.6223896,2
0.22208092,0.71620667,0.9331244,-1.5125719,-0.6095984,2
-0.71231174,0.5475548,1.2284924,0.58050895,1.0142375,1
-0.8019227,-0.70697063,-0.19194038,-0.32706302,1.1959206,2
-0.7241116,0.15912932,0.7374253,2.3107712,-1.2875587,2
0.58552325,0.90035254,-1.6233796,-0.66829765,-0.24060974,1
-0.77674294,-0.14963323,-0.6376349,-0.024645746,-0.14300767,2
0.06533604,1.1946532,-1.6201754,-0.72255236,-0.4161571,1
1.4529418,1.5282441,-1.5791205,-0.45072,0.4353456,1
-0.5945254,-0.8113854,0.73043835,1.3978745,2.5935192,2
-0.13786808,-0.028535753,0.56516445,0.80006367,1.0266737,2
-1.282999,-1.5374554,-1.7296622,0.67725235,-0.48913473,2
0.7481576,-0.036378115,-1.4371138,-0.6497959,-0.061705,1
-0.7211868,-1.0477892,-0.17551625,0.7802945,1.3950944,2
-1.2229122,-2.546487,-1.1932266,-0.97667706,-0.24207324,1
-0.7931961,-0.15170123,-0.19039303,0.8029245,1.8298161,2
0.41088077,-0.6831657,0.8677325,-0.11960004,-1.0072091,2
-0.9562732,-1.6551305,-0.34464717,-1.0209922,-0.00043679774,2
-0.29694164,1.9729779,-0.243116,-0.015956864,0.00035183132,1
-0.6080646,1.6856079,-1.4984512,0.048743963,-0.2066416,1
-0.7007454,-0.44157147,-0.2627863,0.96105933,-0.2263662,2
-0.38897246,-0.16805468,0.77651745,0.57883835,1.611676,2
2.9886844,0.31179953,-1.4723071,-0.18541342,-0.33207783,1
0.47864717,-0.07635351,-1.2370421,-0.57612896,-0.31432125,1
-0.7637379,-0.42940244,1.5135323,-1.8146338,-0.3057867,1
-0.35297167,0.3393507,0.7011819,0.9000459,-0.8755061,2
0.6846266,-0.6044003,0.97478586,1.0487416,-1.0811013,2
0.7660285,0.17187634,1.328392,-1.0434266,-0.24482894,1
0.34754092,-0.309493,0.8992096,0.9070251,1.7555306,2
-0.41111162,0.49045387,-1.4101062,-1.026942,-0.05117868,1
-0.5466578,-0.2487698,1.5049227,0.8578806,-1.1579782,1
0.9231586,0.5701455,-0.25675297,-0.19031005,-0.5505168,1
-0.52551216,-1.1797981,-0.31856686,0.61254156,-0.089090854,1
0.64038485,0.49060905,-1.5273477,-0.6187563,-0.010013379,1
-0.6677603,-0.21661834,1.946327,0.9357804,1.0861056,2
-0.7620095,-0.19080539,1.0727528,-1.7878542,-1.5082145,1
0.9380497,0.9067806,-0.24500987,-0.13896155,0.9011877,1
-0.19547111,1.4968035,-1.6578679,-0.25774774,0.40224338,1
-0.8164367,-0.20777132,-0.1529941,1.7581357,-1.4270906,1
2.8428993,-0.26316512,-0.28664827,0.13903502,0.15663159,1
1.7536601,-0.67332613,-1.0971918,-0.57870847,-0.07287919,1
0.107591204,1.9482962,-1.5050718,-0.35783964,-0.5843626,1
-0.7435602,0.015322849,1.8931264,-1.263675,-0.11652146,1
-1.1794658,-2.3697267,-1.6221184,-1.4329484,-0.011220187,1
-0.98780155,-0.8430348,0.23688884,-1.1697193,-0.580263,2
-0.5969844,-0.8966529,-0.17728007,0.9129786,-1.3224736,2
-0.39135307,-0.60255736,-0.4136127,0.8602062,1.7135072,2
-0.55378604,-0.45736393,1.1194973,1.4373397,-0.4104859,1
-0.2557996,1.5472838,-0.072849154,-0.054261133,1.1345478,2
-0.4526896,-3.124347,-2.39781,-1.1493175,-0.7339796,1
-0.73706216,-0.2604267,1.559733,-1.5121917,-0.80771273,1
-0.82970405,-0.28505573,-0.2806814,0.9549983,-0.0459159,2
-0.16997884,0.287046,1.1443937,1.7218027,-0.8600523,2
1.6690292,-0.00072045624,-0.41254812,-0.3028366,-0.28408474,1
-0.13051893,1.5525723,0.27893755,1.056736,-0.69610894,2
0.8558974,1.1922368,-1.7535071,-1.0024759,-0.33605665,1
-0.76617473,-0.95119053,0.23577064,1.7161201,-1.1794862,1
0.65950227,0.9290382,-1.201653,-1.0480865,0.021730285,1
-0.25631657,-0.6634253,1.0070543,0.7999687,-0.914866,2
0.00233379,-0.3548985,0.976283,-1.4252993,-0.43345025,2
0.29011592,0.894607,0.34129447,-0.13587895,0.21353021,2
0.20429474,-0.19566803,-1.542848,-0.9617024,-0.509424,1
2.214513,0.56646985,-1.3638202,-0.39321765,-0.27258486,1
-1.2417594,-0.56840503,-0.56725997,0.13857253,-1.5009866,1
-0.17800656,1.1755829,-0.16617092,-0.8076429,-0.37881187,1
1.5942094,-0.6886748,-0.95390546,-0.26231122,-0.4677644,1
0.35606027,0.31730807,0.0692175,-1.1100138,1.4508628,2
-0.1292817,0.34877723,1.6024158,-1.3095948,-0.38684264,2
3.2163827,-0.9196463,-1.3778672,-0.22579637,-0.43730643,1
-0.04065299,1.9900532,0.2527327,0.15662262,-0.5690104,1
-0.6188638,-0.75511265,1.142038,-1.5252854,0.71353316,2
-0.58503544,-0.25431418,0.9955713,0.89773995,1.5744684,2
-1.1757028,0.121289924,0.5414447,0.1244884,-0.55404556,1
-0.5037708,0.46064383,-0.13526784,0.255971,-0.34733117,1
-0.24955747,1.1592989,1.045964,-0.09599683,-0.8480485,1
0.6756667,1.9435965,-1.2920151,0.11158365,-0.5722793,1
-0.7650651,-0.66091216,0.03570656,2.2285933,-0.29934558,2
-0.5379097,-0.5934821,-0.12518647,-1.3334385,2.7426205,1
-0.7172965,1.5071436,-0.18379278,0.6959559,-0.82633054,2
-0.5191628,-0.5051458,0.15992804,0.91738176,-0.13323882,2
-0.28726688,-0.31921864,0.48615474,-1.4341223,-1.9077654,2
-0.29530457,1.1559587,-1.2396443,-0.923177,-0.50325656,1
3.0526996,-1.7738922,-1.3916807,-0.21384874,0.037424386,1
-0.07615632,1.8636333,0.22681062,0.20296876,-0.713981,2
-0.0066789687,-0.5575373,0.7511362,0.57568085,-1.2147013,2
-0.7881478,-1.1245359,-0.4186023,1.1675047,1.3708808,1
2.8246584,-0.28921616,0.38479882,-0.9978973,-0.2382361,1
-0.8001674,-1.2314911,-0.53217095,1.4569536,1.469854,1
1.3438809,-0.21392354,-0.15514494,1.6057785,-0.9227993,1
0.4801899,1.2671587,0.8372065,-1.0531642,-0.20531552,2
0.380597,1.317416,-1.5543863,-1.0353926,1.1054186,1
0.060809836,-0.629467,0.36301342,-0.016307326,-0.40748525,2
-0.8636799,-0.8889893,-0.6556892,1.1262345,2.4920232,1
-0.6699737,-0.9317916,-0.44644374,1.6868553,-1.2208333,1
3.5123882,-0.41799992,-0.5590517,0.45999554,-0.26445296,1
-0.8902813,1.1085569,0.32345355,-1.4338579,0.027481064,1
-0.64963114,-0.874118,0.026443776,2.1921864,-1.369329,1
-0.6050761,-0.23724282,2.3336053,-1.2630143,-0.6148975,2
1.5966138,-0.10346627,-0.7133357,-0.41857475,0.24880797,1
-0.9718042,-1.1217675,-0.06226968,1.1969982,-1.2151117,2
-0.5642456,-0.7240742,1.3470163,-1.6869105,-1.5767022,2
0.09498775,1.5331905,0.23171544,0.90315837,-0.7395519,2
-0.7417423,-1.2336891,-0.3261651,2.0154884,-0.21741354,1
-0.5023828,-0.869702,-0.32406837,0.9422609,-1.1048251,2
0.2011327,1.0123397,0.5551746,0.132715,0.80514675,2
-0.90227044,-0.43749532,-0.225894,0.929237,-0.8274214,2
-0.16785271,1.1358348,0.13752247,-0.017253958,-0.9849251,2
-0.05105634,1.1378635,-0.18414323,-0.12019054,-0.89173365,2
-0.6946577,-0.34619296,1.0484481,-1.621728,-1.0379338,1
0.59824187,0.3354584,1.03468,-1.0536802,-0.40049374,2
-0.6609452,1.0109553,-0.843251,-0.2773663,-0.24210972,1
-0.5189842,1.0683224,-0.009527594,-0.21766731,-0.29208425,1
-0.48970684,-0.77190745,0.13001738,-1.3747176,-1.248453,2
2.9519758,-1.8162363,-1.3477598,-0.2917745,-0.24863255,1
-0.5546342,1.0718064,-1.6536447,-0.9894357,-0.2278713,1
-0.27881283,1.3529127,0.11056823,0.0821882,0.6386883,1
-1.8209016,-0.7809133,-0.71844864,-0.5390749,-0.24708432,1
-0.37422985,-0.19212699,-0.1731409,2.1432872,-1.1900655,2
-0.15427381,2.586936,-1.671542,0.43774045,-0.2335493,1
-0.59738576,-0.39879474,1.9630513,-1.2355194,-0.80060565,1
-0.6593728,-1.1810087,0.030559167,-0.6251948,-0.13581392,2
-0.780722,-0.92096084,0.069670714,-1.1168804,0.49099258,2
0.62148505,-0.5008417,2.0881412,-1.2779125,-0.47236976,2
-0.740622,-1.1137766,-0.320117,0.85059047,-0.6961188,2
-0.5744194,-0.73332363,1.5712657,0.8785932,0.5031194,1
3.311029,-1.6017518,-0.4059006,-0.4065888,-0.43665364,1
1.0960726,0.67872417,-0.56860197,1.1395669,-0.7554111,1
-1.3711307,1.3164289,0.0635607,-1.3338132,-0.37611943,1
0.15215409,-1.0352439,0.7729278,-1.4029943,0.5116991,2
-0.7897656,-0.34516782,1.2281055,1.0256668,1.5457357,2
-0.41789848,1.3171393,-0.12504461,-0.16925971,-1.1314281,2
-0.52266115,-0.73015237,0.7934594,1.7242136,-0.38633853,1
-0.6301182,-0.9527016,-0.5211786,1.6111844,2.324388,2
0.46011227,0.4596031,-0.6270219,-0.47617885,-0.46585262,1
-0.4390082,-0.8837295,0.89737314,0.91332436,1.9600778,2
-0.1497782,-0.64444995,-0.07159129,0.7175207,0.9373574,1
-0.048763394,-0.69477344,0.6315435,1.5986273,-0.80877733,1
0.15102641,1.6051952,0.54597104,-1.131603,-0.44201523,1
-0.5156673,-0.00048451126,-0.30831194,0.85838187,-1.4422181,2
-0.74203503,-0.6210642,0.18561894,-0.9224229,0.49797475,2
-0.56450003,-0.09831807,-0.5949693,0.5869985,0.96341425,2
-0.5391416,0.19067983,1.9111453,-1.056242,-0.5902234,1
-0.32224697,1.666726,0.09011686,-0.39839152,-0.38534883,1
0.3152962,1.092056,0.95242316,-1.122293,-0.51451874,2
-0.6705826,-0.46438417,-2.0292704,1.7111567,-1.217222,2
-0.8019735,0.31302932,1.767269,-1.6745849,-0.9969152,1
-0.5427668,-0.076900214,1.4609604,-1.3200375,-1.3565025,2
3.2255707,-1.3152769,-1.333586,-1.0596313,-0.4702586,1
1.8063266,0.4104674,-0.7107876,-0.39089766,-0.1264211,1
-0.6428659,-0.87518823,-0.14032227,-1.355113,-0.2873176,2
-0.6242543,-0.43513003,1.6556942,-1.4565226,-0.7670328,1
-0.39719003,-1.0711,-0.042133927,0.87319946,1.2157837,2
1.7468828,1.9018168,-1.5224571,-0.31615704,0.2285135,1
-0.6728937,-0.6388132,0.04170856,1.7000905,-0.08012067,2
1.7649474,0.76013625,0.07391922,-0.8113055,0.017131291,1
-0.6652617,-0.47187287,0.059873037,2.0982568,-1.6360903,2
0.42453837,0.73740715,-1.1017154,-0.1470034,-0.31453836,1
0.03767799,1.4010785,-1.8350254,-0.8250172,2.1069882,1
0.3719969,0.41812932,-1.3866212,-0.7474452,-0.17580485,1
-0.55882955,0.3021059,-0.58759415,-0.42762884,-0.0240146,1
-0.77929395,1.4025269,-0.14197987,1.7642741,-0.8674677,1
-0.39837912,1.3358134,-1.5416721,-0.18200614,-0.029205922,1
-0.66398835,-0.6083233,1.6070393,0.78276205,1.5774668,2
-0.16539729,-0.81599814,-0.42574507,1.1005306,1.2991257,2
-0.041450813,1.830302,-0.04297611,-0.12103163,-0.50285006,1
-0.71418685,-1.0065991,1.1680987,0.33691418,1.430353,1
-0.6082371,-0.70656383,-0.7026782,0.016570598,-0.030177742,2
-0.45764336,-0.24681842,-0.0831053,0.77281964,-0.8591535,2
-0.22043075,-0.05957353,1.2715075,1.0673403,-0.90592784,2
-0.8221314,-1.0282272,-0.50659937,0.4109348,2.6349354,1
-0.546297,-0.7673806,0.009042315,2.0365274,-1.4501922,2
3.3004246,-1.6134169,-1.3012968,-0.33150363,-0.53757834,1
2.3531888,-0.0618743,-0.80604976,-0.17292872,0.3343826,1
-0.090502694,0.70031124,-0.19314975,-0.5675474,0.26857927,1
-1.3275906,-0.86682653,-0.27643466,1.532339,-1.9460313,2
-0.67223364,-0.339607,-0.3945549,1.1603365,-0.22837064,2
1.6638553,0.65007997,-0.9640758,-0.97568023,0.0073294416,1
0.3205359,-0.5833389,-1.2370431,-0.69460136,-0.21612242,1
-0.76170874,0.3435257,1.212851,-1.118649,-0.3228211,2
-0.64985806,-0.9195435,-0.14362603,0.93828434,-1.2600756,2
-1.1093769,-0.13801163,1.4569012,-1.3538891,-0.45263204,1
0.73134387,-0.7099394,1.0282682,0.2659213,-0.38217774,2
-0.7995623,-0.07102605,1.7884371,-1.6651435,0.26346362,1
-0.030229285,1.25968,1.1661644,0.013196096,-0.43867546,2
-0.3165774,-0.55102605,1.3794546,0.04089716,0.7582149,2
-0.94381416,-0.98040706,-0.101773426,1.672314,-1.3874173,1
-0.4758428,-0.7155642,1.116721,2.3369727,-0.07495185,1
-0.8951717,-0.90949404,0.027110979,1.5118926,-1.73784,2
-0.5426559,3.4745975,-1.7826359,-1.1633689,-0.44665453,1
2.8411212,-1.7263526,-0.5291846,-0.502972,-0.3782859,1
-0.59117955,-0.6147572,0.25961167,-1.1486098,-0.6059357,2
-0.57393575,-0.60585856,0.038172692,1.238824,-1.5050302,2
-0.80765784,-0.34700894,0.9876078,-1.4499965,-0.60408664,1
2.7714925,-1.4646064,-1.1769506,-0.642058,0.08218089,1
-0.9251823,-0.44780487,0.6163074,1.1810534,1.358192,2
1.6817411,1.0456,-0.15654084,-0.88832134,-0.14815181,1
0.33073694,1.4750384,-1.3155867,0.084068865,-0.4100527,1
-2.2151487,-0.15299447,-1.4970756,-0.83159435,-0.23739018,1
-0.8231812,-0.2879299,1.0121307,0.80553746,-0.15399069,1
-0.22057423,2.6142304,-1.457166,-0.10099452,1.2864044,1
-0.2807982,-0.95586646,0.46604598,1.9662645,-0.13234448,2
0.23196521,-1.2080063,0.98772025,0.34494543,0.40793717,2
-0.60570395,1.2522175,-0.2824377,0.20433976,-0.04464136,1
-0.42602757,-0.34906426,-0.02054903,2.1734912,-1.4643085,2
0.84964335,0.39097953,-0.20723231,-0.57115495,0.34050715,1
-0.7197748,-0.50156665,2.0794744,-1.3734667,-0.48926714,1
1.3895168,-0.7305784,-1.2804753,-0.26683086,-0.55217195,1
-0.092933916,2.3241425,-0.18567541,-0.095760465,0.044020288,1
-0.3060629,-0.31996584,0.75628287,0.19415598,-0.7354682,2
-0.5514022,2.2681515,-1.7320262,-0.5861925,-0.43167695,1
0.26631236,1.3342487,-1.3922842,-0.2152007,-0.64833266,1
2.2438643,-0.96156836,-0.5842438,-0.4591908,-0.41620895,1
-0.19987443,-0.6009826,0.29004148,0.9354357,2.8347704,2
0.08083165,0.87205553,-1.5997708,-0.4132375,-0.01189968,1
0.0922073,1.42042,0.6368319,0.048496332,0.81806874,2
-0.4551803,-0.6876417,-0.38074055,0.6882593,1.9476672,2
-0.7020875,-0.44247717,-0.15774024,1.0573989,1.760342,2
3.5215828,0.1107387,-0.73273116,-0.23869026,-0.1721423,1
-0.6013422,-0.5482863,0.5685695,1.5041131,-1.209579,2
-0.0015892982,2.9909878,-1.4836245,0.29287165,0.734645,2
1.2644019,0.78525925,-0.057804793,-0.45828846,0.41176414,1
-0.9735154,-0.76418465,-0.6985711,-0.4235982,-0.10039423,1
-0.59112597,-1.2370093,-0.22523615,0.66926163,-0.2647878,1
-0.61614025,-1.0275669,-0.10624239,2.0735774,-0.49845088,1
2.6861043,-0.8155206,0.45515037,-0.8239995,-0.50125664,1
-0.39052677,-0.47947323,0.8173742,-1.1299533,1.3559682,2
-0.79777414,-0.63365144,0.092482485,2.016375,-1.5381216,2
-0.58021986,1.611872,-1.855931,-0.2824693,-0.14890723,1
2.4034088,-0.74245095,-0.6758237,-0.6157907,-0.079128444,1
2.1827419,0.5182322,-0.36349118,-0.5832202,0.24163128,1
-0.6552457,-1.0565859,0.9994266,1.0481818,2.786187,2
-0.21936762,-1.0697912,0.31287965,1.8643708,-0.009591386,2
0.45812386,-0.34935686,-0.75704163,-0.7987536,0.021994859,1
-0.4318739,-0.6843724,-0.4049787,-0.4235589,0.6913189,2
-0.17511705,-0.86671734,0.17671533,1.5620072,0.12580495,2
-1.5661713,-0.3428082,1.253752,-1.3444571,-0.8652121,1
-0.79941094,-0.4333455,-0.10257764,0.51225024,-0.9945266,2
-0.16518605,1.9078413,-0.29347757,0.034379285,-0.16676915,1
-0.56585866,0.41248822,1.8023797,-1.4160994,-0.5380999,1
1.5173943,-0.14573272,-0.80841136,-0.54022646,-0.37915617,1
-0.45192605,-0.683579,0.012243956,1.0386257,-0.8615901,2
0.45215285,0.10021417,-1.4056796,-0.8964432,-0.21551628,1
-0.6356664,-0.49913,-0.11116251,1.1878148,-0.37999588,2
-0.3795197,1.7220169,1.0089519,0.27480406,-0.65659446,1
0.99938947,0.7154106,1.2099043,-0.99106663,-0.55413866,2
-0.2557547,1.08243,0.010063633,-0.067680955,-0.026336238,1
-0.3792522,0.16828908,1.6949576,-1.3482147,-0.23578529,1
-0.18518707,1.743313,-0.03176648,-0.914353,-0.49499613,1
-0.31875187,1.6125965,0.12520826,-0.06601849,-0.45830885,1
0.88563573,1.9782808,-1.3036761,-0.17226362,0.06577076,1
-0.7579281,-0.82072914,-0.5204879,-1.3674002,0.025785029,2
3.3342686,-2.0588896,-0.90867317,-0.5561403,-0.12094261,1
1.171262,-0.48940083,-0.8183739,-0.6612534,-0.22769299,1
0.6226774,0.47885782,-1.088349,-0.5337432,0.2419355,1
-0.34104288,1.7563697,0.28480145,0.16903335,1.3871049,1
-0.8504713,-1.171736,-0.47988787,-1.3716284,-0.30850464,1
-0.5924473,-1.1908157,-0.5208768,-0.059670273,-1.1349671,2
1.9227821,0.4228245,-0.3331336,-0.3721906,-0.49573955,1
-0.11827947,0.29509276,0.9362319,1.6829284,-0.7412676,2
-1.0721785,-0.60338986,-0.19971254,2.0031602,-1.3129045,1
-0.16045196,1.3238751,0.56363034,-1.2169826,-0.69135225,1
-0.6353408,-0.40659627,-0.28894195,1.9896003,-0.28881165,2
-0.9659027,-1.2518625,-1.1194236,-0.097044334,1.1789846,2
-0.6947132,-0.94536805,-0.01928357,1.2198746,1.2855349,1
1.2974746,1.1926714,-0.1125212,0.6664325,-0.8265331,1
-0.08889571,1.1816437,0.93515825,0.020746358,-0.5076116,2
-0.7289735,-0.8734473,-0.5275279,-0.1847518,1.4508675,2
1.6360149,1.1515951,-1.4692055,-0.9758589,-0.2546478,1
0.2388758,0.19343527,-0.88429904,-0.90517926,0.028988872,1
-0.6679348,-0.30731663,1.4288768,-1.7435478,-0.03761305,1
0.12277136,1.358849,0.3638357,0.23485981,1.0764955,2
0.09049401,2.6423116,-1.4742497,0.45687836,-0.62102234,2
-0.51829314,-0.3157167,0.3300986,0.7200865,2.6399295,2
2.0687983,0.39337525,-0.22404103,0.079159215,-0.36728874,1
-0.3870135,-0.7521259,0.53768784,1.0102601,-1.1936868,2
-0.15918878,1.3099334,-1.9370438,-0.794537,0.20803252,1
0.80160946,0.4999256,-1.7531738,-0.4823448,-0.18530917,1
1.1708758,-0.009366348,-0.4121085,-0.93797976,0.07710696,1
0.42070252,-0.5701068,-0.5658283,-0.22309543,-0.038789257,1
0.51889604,0.6349397,1.3055029,-1.1616614,-0.40605685,2
2.2415247,-0.15409161,-1.4705441,-0.57300097,0.16183035,1
0.18223521,1.9454145,0.5471612,0.069620065,-0.46551046,2
-0.45207214,0.2913155,1.3051132,0.89037806,1.5001135,2
0.11648108,0.2670685,0.08722336,-0.23671338,0.93020326,2
3.4695785,0.7773073,-1.0957162,-0.8162036,-0.06336489,1
-0.5948845,-0.6352067,-1.5780854,2.4242232,-0.09151815,1
-0.08328605,-0.47821122,1.2378054,-1.733362,-0.60101986,2
-0.8364896,0.93011284,-0.3197829,-0.09147984,-0.035422474,1
-0.42856166,-1.1327088,1.2306275,-1.0513064,0.081047505,1
1.3569621,0.9084395,-0.47597122,0.6339693,-0.6907873,1
0.90718126,0.49287245,1.3735545,-1.3493241,-0.25645,1
0.29256877,-0.050923076,1.6395657,0.04860425,0.3936028,2
0.3227787,-0.35774913,-0.3886845,0.57426524,0.9950466,2
-0.31195128,-0.47866628,0.013086483,0.77107525,1.4180264,2
3.4848614,-1.7292745,-1.1664416,-0.48327148,-0.2846246,1
-0.4334566,-0.68086004,0.16930568,0.288805,2.283047,2
0.877759,1.2370925,-1.4845853,-0.5069183,-0.026379608,1
-0.50343406,-0.9667708,-0.3115425,1.2855856,1.3789265,2
3.2069457,-0.24293545,-1.010767,-0.69013906,0.08391571,1
-0.27897146,0.35587564,0.8731884,1.6331182,-0.08862096,2
-0.59611183,-1.0027646,-1.0691401,0.51407206,1.665743,2
-0.7304921,-0.9450731,-0.35797977,0.12932761,0.022837251,2
1.1257741,0.45133886,-1.3777478,-0.6417878,-0.21186118,1
-0.79766357,1.0463392,-0.28190285,0.17659739,-0.081743196,1
0.13413444,-0.022961725,1.1105957,0.0464807,-0.3519514,1
-0.50748134,-0.96501464,-0.6139692,1.0936573,1.6794429,2
-1.1967047,-0.071642436,1.1210115,-1.408678,-1.0281687,1
-0.32330734,-0.13322239,0.4463833,-1.8347666,-1.7140851,2
-0.5760305,-0.1749135,0.81762105,0.6002117,-0.67714834,2
1.056168,0.41919526,1.3509526,-1.2494171,-0.42007548,2
-0.30912852,-0.72770476,0.7376882,1.7006356,-1.1448965,2
-0.7012932,-0.8064526,-0.37907523,0.24983113,-0.07924981,2
-0.77577305,0.40044534,1.276309,0.73414075,-1.1006123,2
2.188366,-0.06433255,0.62382436,-1.027953,-0.3747144,1
-0.12543888,-0.015977517,1.1645021,-1.1897957,0.7584907,2
-0.66437954,-1.0306878,-0.3179003,1.589743,2.233813,2
3.3625271,-0.56556356,-1.282006,-0.818461,-0.19016075,1
-0.7352419,-0.6001097,0.7498292,-0.80148715,-0.30971,2
-0.4031727,0.18785775,0.80032486,1.431006,-0.68005896,2
-0.6414979,-0.3320844,0.39457208,1.6939563,-0.20868196,1
-1.1173748,-0.894742,-1.865288,-1.680253,-0.18938933,2
-0.48547474,-0.60458785,0.5500253,1.0905441,-0.08367712,2
-0.6396437,-1.0257442,-0.78317225,0.58835113,2.0224452,1
-0.30097502,-0.46706134,-0.24497063,0.93779206,1.1776992,2
0.36998397,-0.50569725,1.3369284,0.93570143,-0.949661,2
1.9218333,-0.84542775,-1.0543015,-0.2765954,-0.0032850802,1
-0.3562333,0.04398729,2.167358,1.1000038,-0.6930208,1
-0.05239415,-0.43826604,0.39907008,0.7038726,3.3049045,2
-0.64328146,0.30628398,0.44934544,-1.2315291,-0.19837219,1
0.024522603,1.9854783,-1.2956158,-0.79400647,-0.20805545,1
-0.84556335,-1.094343,-0.74206656,0.91197425,1.9372543,1
-0.8681485,-1.0969168,-0.36287424,1.4468207,-1.9594074,2
-0.3897792,1.7436864,-0.10601331,0.53990364,1.0977893,2
-0.45661357,-0.5100138,2.0138845,1.2180643,-0.83771163,1
-0.99814993,0.2808407,1.0159556,-1.2338785,-0.60389143,1
-0.80999213,-0.5281734,0.0022550113,-1.003395,1.5685555,2
-1.0411518,-1.9310697,-2.1415784,-1.2432978,1.445735,2
-0.5550695,-0.5369646,0.6629452,0.7827463,-0.76849353,1
-1.0484457,-1.7863111,-1.3691732,-1.5340648,-0.12685683,2
0.32503605,-0.54094875,-1.1854811,-0.44484922,0.07097174,1
0.23844843,-0.027455263,0.8151345,0.45588574,-0.53747624,1
-0.34523407,0.23502861,0.46375176,1.3011487,-1.3071736,2
-0.6945348,-1.0451463,-0.28261888,2.0129247,-1.1173404,1
-0.4154782,-0.7179509,1.7507273,-1.5045487,0.81696135,2
-0.66528076,-0.66833186,-0.07974014,-1.146451,1.2312701,2
1.722563,0.6860524,0.11217219,-0.9814816,0.25652394,1
2.1398048,-1.1342971,-0.7284839,-0.20938592,-0.5008056,1
-0.34040564,0.4184028,1.3427523,0.092465624,-0.6290737,2
-0.60591984,-0.17633247,1.386743,-1.2929763,-0.6262537,1
4.6804957,-0.57710683,-0.83725667,-0.8736849,-0.3893475,1
0.8258891,0.10493842,-1.2494344,-0.61858994,0.001707226,1
-0.63876987,-0.54839575,-0.59100825,-0.07988772,1.471734,2
-0.2487067,2.6671975,-1.6298965,-0.9090241,0.6687854,1
2.8856788,-0.9112619,-1.2214468,-0.378199,-0.3578683,1
-0.46755663,-0.15951276,0.07325652,0.49299365,-0.3885981,2
0.75411594,0.81434417,-0.5141306,0.3301268,0.5152586,1
1.2052225,0.9694744,0.04517375,-0.09534451,-0.20081015,2
0.042920128,-0.059319653,1.2364562,0.84531856,1.729691,2
-0.6779092,-0.379701,0.74032664,0.08005094,-0.32582277,2
0.10177629,2.0380929,0.10909745,0.24909261,0.6055307,2
3.8810766,-1.7812063,-0.7263918,-0.93264365,0.016210414,1
0.09096704,1.3913422,-1.3556659,-0.049318135,-0.08391027,1
-0.22069845,-0.2201379,1.4247003,0.6146114,-1.1351084,1
0.87197036,-0.16191052,-1.2512957,-0.38711247,0.098421484,1
-0.016275212,-0.15763816,0.83058727,-0.9674397,1.9039836,2
-0.77098197,-1.3607546,-0.08667003,-1.3628048,-1.295466,2
0.4511788,2.0372157,-1.5935452,-0.33191234,0.64380836,1
-0.4114143,0.101073384,1.551835,0.47985125,1.7765803,2
-0.36128014,-0.8476442,0.040437177,2.040843,-0.29425794,1
2.945009,-1.5024395,-0.78825885,-0.48476154,-0.40211257,1
0.19235024,-0.28677875,0.75750625,0.3536523,2.1609879,2
-0.5729169,-0.7372315,-0.45499316,1.8077104,-1.6954648,2
0.11854355,-0.59833485,1.3024293,-1.2758089,0.34138703,2
-0.4982099,-0.45481923,1.5754284,0.29558682,1.8862692,2
-0.45126113,-1.0078561,-0.15488559,2.0855467,-1.35166,1
0.7718886,0.8848695,0.943123,-1.0392026,-0.54666257,2
-0.24708423,-0.2339415,1.8875747,-1.5605351,1.0137464,2
-0.66758186,-0.52933145,0.8092935,1.4606491,-1.2126824,1
0.1869016,0.22448198,-0.07892543,-0.19457313,1.9886549,2
-0.4141843,-0.72737,1.473118,0.3417536,1.2306843,2
1.8371078,-0.3194073,-0.6257796,0.050625533,0.013870567,1
-0.5241179,1.9346701,-1.5594791,-0.19985472,1.2958467,1
-0.16543156,2.2530403,-0.15028238,-1.2074461,-0.17697549,1
-0.25359723,1.342815,-1.7154098,-0.5812532,-0.47340208,1
4.151723,-0.69345826,-1.3557801,-0.8083166,-0.025074556,1
-0.60757357,-0.63479775,0.32907394,1.9565789,-1.3355482,2
3.6567674,-1.6007267,-0.7849127,-0.42850614,-0.2002804,1
-0.40343326,-0.54326314,1.7009867,0.5835711,0.47548366,1
-0.38071883,1.1693842,1.5608838,-1.5164069,-0.819094,1
1.89334,0.7483523,-1.3204488,-0.53959024,0.082343504,1
1.1525766,0.4745326,-0.33777398,1.2989169,-0.68328035,1
1.1401798,0.47342306,-0.10136823,0.22479014,1.2210025,1
-0.8498737,-0.77940524,-0.59494364,1.8172375,-0.84520644,1
0.28762895,-0.03591481,1.2897416,0.34166676,0.30271295,1
-0.1375995,-0.9158412,0.69634545,0.03858739,0.039098322,2
-0.67958313,-0.62877697,1.0124818,0.37056425,-0.034974694,1
-0.48171383,-0.3794533,1.2035435,-1.5139456,-0.674842,2
0.8034738,0.9737584,1.0934051,0.1423902,-0.47879297,2
-0.3182111,2.234579,-0.23359951,0.82715213,-0.882169,2
-0.47443315,-0.31311566,-0.16953798,0.76804835,1.6012888,2
-0.666231,-0.2574469,0.021634873,2.1325004,-0.78757775,1
-0.57369554,-0.6105902,0.0844587,0.7097329,-0.24388199,2
-0.53389704,-0.5429605,-0.20871186,2.0965636,3.210958,2
-0.3304115,1.3462753,-1.579496,-0.8582524,-0.19443087,1
-0.83584577,-0.33529794,-0.17340238,0.80646557,-0.41536525,2
-0.8456259,-0.38928077,-0.6041634,0.4679639,1.7075164,2
-0.34548616,-0.15791014,0.5865146,1.3479167,-1.1008496,2
-0.64995235,-0.8754622,-0.68450093,-1.3596761,-0.021861732,2
-0.5328376,-0.62952256,-0.48612544,-1.4837401,1.6111164,2
-0.2964386,-0.74320716,0.98912036,0.70894367,-0.27505288,2
-0.28844213,-0.6156331,0.45100343,1.6861615,-0.9204406,1
0.23805545,-0.23483503,-1.19047,-0.62141013,0.05357552,1
-0.4587114,1.1638689,-1.5414791,-0.5509343,-0.32363492,1
-0.4450851,0.90389836,-0.036903024,-0.28962025,-0.012333859,1
-0.5699021,-1.2739356,-0.32059216,0.9711712,1.7359337,1
-1.093197,-0.8186391,-0.3521409,1.2812518,-1.7752215,2
-0.58638173,-0.17794865,2.0424807,0.63449615,-0.77101487,1
0.2965929,2.107993,-1.5038443,0.040493358,0.495476,1
0.30608177,0.69956875,-0.08156667,-0.2139806,0.7834471,2
-0.4420988,-0.87620485,-0.7499261,-0.7837547,0.954409,2
-0.42794234,-0.20102167,1.2076036,-1.1617595,-0.5957153,1
-1.2176509,-0.77279913,0.07410745,1.5572566,-0.41402617,2
-1.0919152,-0.45160955,0.32740477,0.70157814,-0.26638597,2
-0.042111397,1.9884169,0.11947185,-1.1219921,0.075085536,1
-0.059903592,1.4091823,-1.5692586,-0.74539244,0.07624853,1
0.29410204,-0.59766126,1.0102676,1.3311206,0.66097224,2
1.5157235,-0.79966956,-1.1722872,-0.29567862,-0.36556274,1
0.88854694,1.8133016,0.07613352,-1.1676564,-0.4517896,2
-0.3256747,-0.7441466,0.963824,0.091405205,0.63869244,2
-1.0541301,-0.95363694,0.023178618,1.921536,-1.624066,2
-0.003387481,1.160313,-0.04523729,0.24433815,0.93327916,2
-0.32949245,-0.49860418,0.99764585,0.6853918,0.7216892,2
-1.083745,-0.8270048,0.04666014,-1.1058091,-0.6014028,2
1.07387,-0.38904163,-0.5118088,-0.5914248,-0.3406835,1
-0.9378828,-0.9018047,-0.9128306,0.80492103,1.4364069,1
0.06223812,-1.0508693,0.98807794,0.517199,0.4626854,2
-0.29192904,-0.68145096,0.9914849,1.2300079,0.83056766,2
-0.40290728,1.0121053,0.27104533,0.44440085,-0.86784494,1
-0.2042044,0.56224835,-0.026416212,-1.0279971,-0.4691664,1
-1.0484642,-0.8390518,-0.05669419,0.2509685,1.0441134,2
-0.3990159,1.5729942,0.492902,0.37573114,-0.8900018,2
-0.38369882,-1.1184903,-0.375659,0.718519,-1.2993394,2
0.13556057,1.5851729,-0.07279337,-0.8330215,-0.25670376,1
-0.65123355,-0.7414714,0.38985783,2.2048466,-1.4393553,2
-0.71007335,-0.69457924,0.23916009,0.5823732,-0.9969095,2
-0.71218944,0.053598747,0.8750921,-1.4241387,-0.50415504,1
-0.703025,-0.0315291,1.483161,0.72720224,-0.7872505,1
-0.24509059,2.0867238,-1.8608869,0.57651824,-0.73068273,1
-0.32762122,0.7791719,-1.4560922,-0.79069674,-0.42010576,1
-0.013760939,-1.0418682,-0.17922962,1.322263,-1.468482,2
-0.6306674,-0.8126346,0.14053649,1.6169412,0.13339122,1
-0.7686002,-0.8191217,0.08379398,-1.2482163,0.6445113,2
-0.5469895,-0.13255036,1.8036374,-1.3102584,-0.65182966,1
0.95481443,1.1138567,-1.2668282,-0.1478861,1.2283933,1
-0.36597696,-0.84824324,0.33095863,0.6766331,1.2217671,1
-0.3246194,2.5307374,-0.10512875,-0.7373525,-0.22763044,1
-0.6211258,-0.515348,-0.42738047,-0.11105104,0.873319,2
-0.7215694,-0.80174536,-0.42179814,1.3195335,-1.5202546,1
-0.7761343,-0.21760395,0.67493194,1.8772323,-0.33144954,1
-0.50940025,1.3004787,1.2822881,0.2570711,-0.35528225,1
-0.6418326,1.9885705,-1.9490978,-0.3390645,-0.30580097,1
-0.53693247,-0.64237833,-0.33492976,1.6721109,1.7931614,2
0.47026303,0.13674718,1.5828964,-1.3524766,-0.706414,2
1.7754824,0.33449224,-0.47906807,-0.20654823,-0.29862708,1
0.01333335,1.8815397,-1.4981964,-0.12608325,-0.3810479,1
-0.14138055,1.6752627,0.947213,0.16479829,-0.87652373,2
-1.5434936,-2.311873,0.35122693,-1.3596224,-1.0883362,1
-0.7181649,1.2832463,0.21678618,-0.086227834,1.5333335,2
-0.5956303,0.1436132,0.21894059,0.29150194,-0.21727332,2
-0.5671781,2.212403,-1.3848059,1.0179319,-0.680897,1
-0.38619676,-0.43191352,0.4309018,1.2697717,-0.9061658,1
-0.92341995,-0.6677143,-0.41819268,1.9707631,1.4226457,2
3.0366833,-2.2314107,0.6368776,-0.18433751,-0.6360195,1
-0.28684825,-0.56536406,-0.26264623,0.7917064,1.0872389,2
-0.1146077,0.0026361495,1.0299976,0.6436039,1.001361,2
3.0437882,-0.7416382,0.053776406,-0.6789139,-0.23464179,1
1.0635108,1.7436931,-1.1718144,-0.8587585,-0.50104594,1
-0.51536006,-0.4733884,0.5898833,1.4102646,-1.7531478,2
-0.96202856,-0.9248869,-0.23945437,-0.22970492,0.57653636,1
-0.22872694,0.63906455,1.0942805,0.26227975,-0.6543667,1
2.2953699,0.070154674,-0.62975854,0.14945632,-0.6312792,1
-0.9663042,-1.1103251,-0.012780521,0.017230302,-0.2362093,2
0.12946944,0.4906065,-0.58964306,-0.6249118,-0.05193334,1
-0.89546615,-0.859998,-0.007135559,2.14082,-1.4511579,1
-1.3858103,-1.6715069,-1.5708671,0.49791735,2.4265356,2
-0.6064301,-0.7148895,0.51821226,1.9899058,-0.68292814,1
-0.61832666,1.1375959,-1.2857566,-0.5776673,-0.6600888,1
-0.44643298,0.60827345,-0.31122223,-0.35138607,-0.20268972,1
2.2277992,-0.8294926,-0.6647724,-0.6059574,-0.2654952,1
0.4871034,0.15367454,0.16976388,-0.09471855,0.06144643,2
-0.6124563,0.020254895,2.419949,1.0619057,-0.7350034,1
-0.08029381,1.1621914,-1.4353254,-0.23360777,-0.15830413,1
2.388794,-0.053245246,-1.2766273,-0.63374233,0.035971716,1
-0.8711968,-0.81181765,-0.30731112,1.243085,-1.3870624,2
-0.6595709,-0.33496314,-0.024322554,1.504833,-0.308542,2
-0.0752855,-1.2131476,0.77531797,-1.3124496,0.5035221,2
0.34141693,0.37056315,-0.18927,0.65404457,-1.3346642,2
-0.042357534,0.05931151,-0.9640688,-0.68550944,-0.13147989,1
-0.9574691,-0.10625233,1.0547103,-1.4617524,-0.363553,1
-0.7831528,-1.6486491,-0.50703895,0.011958301,-0.12957053,1
-0.42492393,1.1024977,-1.3991748,-1.1600609,0.04438269,1
-0.41038767,-0.041853845,2.0508845,-1.0508041,-0.6264895,1
-0.6060494,1.2218156,0.026910495,0.021392971,-0.7217667,2
-0.3743006,2.0487378,-0.27432066,1.1727369,-0.56981707,2
-0.58382547,-0.4333943,-0.10190874,2.0395775,-1.9649546,2
1.5507247,-0.6325431,-0.8463088,-0.34767878,-0.3080234,1
-0.19371533,-0.59682554,1.3386148,0.50187033,1.879652,2
0.44658774,0.5308137,1.6902018,-1.1052462,-0.16661298,2
0.49448675,1.5937957,-1.4618641,-0.99119836,-0.446388,1
-0.45481613,-0.20121887,0.9906112,0.6536511,1.6046414,2
-0.6433276,0.33234662,2.0239515,-1.7055604,-0.79956144,1
-1.1765797,-0.49087223,0.22413313,1.2641182,-1.0886561,2
-0.27041277,1.9329826,-1.1615206,-0.32629347,-0.15882322,1
1.6039655,-1.0884054,-1.2990457,-0.3625384,-0.11986694,1
0.11647722,1.8007156,-1.2735822,-0.6155025,-0.4155252,1
-0.2331118,0.00390853,1.3074112,1.6178374,-0.5077421,2
-0.6342469,0.51874655,1.1453137,-1.2340473,-0.6960006,1
-0.7535007,-0.3137796,2.2216353,1.1783074,0.9163996,2
0.26062953,1.2073631,0.63462234,-1.2955792,-0.39143127,2
-0.4096884,0.9367982,-0.3640516,-0.83804154,-0.75936353,2
0.50535357,0.8159981,0.8866632,-1.3287919,-0.5018227,2
-0.8320954,-0.8531753,-0.37016004,0.33852836,-0.512278,2
-0.5475031,-0.72747344,0.6289164,0.3625537,0.86317587,2
-0.6147609,-0.6054592,-0.85066694,-0.26814717,1.1898267,2
-0.21481454,-0.14698173,0.3766578,-1.1993544,-1.1621423,2
-0.7368846,-0.8026524,-0.3624066,-0.22059758,-0.47383326,1
-0.2763468,2.8851938,-1.6707795,-0.80213124,-0.11805916,1
-0.2595,0.18920186,0.94716036,0.83991635,1.2645694,2
-0.7216821,-0.7440726,0.1747553,2.3885744,-0.2784898,2
-0.62443775,-1.3175141,-0.9696676,-0.18066275,1.1217327,2
0.3729728,-0.7500866,0.88214046,0.6242107,-0.4818745,2
-0.03277369,2.4898946,-1.4648939,-0.17937806,1.0856992,1
0.19015382,0.618571,0.41267192,0.9392256,-0.7178724,2
-0.21594368,1.4128051,-1.4247544,-0.8456654,-0.28890973,1
-0.48891762,-0.18593565,0.9044615,0.7584989,-0.17808518,2
-0.20655009,0.41054335,1.5660481,0.764097,-1.0888352,2
-0.47126156,2.122909,-1.5943905,-0.9541806,-0.45180222,1
-0.004969299,0.84498733,-1.2911671,-0.6367384,-0.5773984,1
3.2101586,-1.0748038,0.40323615,-0.95755696,-0.29876757,1
1.3118646,0.8204205,-1.2714047,-0.84949845,-0.1583298,1
-0.22210251,-0.8117968,0.9892858,2.3340912,-1.192026,2
-0.502431,1.0093129,0.55707234,0.4548022,1.3820972,2
0.36103523,0.48952612,-1.2099608,-0.70352626,-0.1699881,1
-1.0116038,-0.8714437,-0.53322846,0.34334666,-0.30036318,1
1.5310317,0.24420777,-1.0618179,-0.23956427,-0.1354979,1
1.1001759,1.2612506,-1.6244714,-0.38029346,-0.3256814,1
0.758422,0.07098524,1.2189541,-0.035212398,0.49616808,2
-0.38719493,0.8494346,-1.5237652,-0.82542497,-0.17551738,1
-0.76138204,-0.9312837,-0.19186236,2.0370097,-0.1163985,2
2.564455,-0.41170657,-0.86657196,-0.44282237,0.8843974,1
-0.6070532,-0.31938678,-0.36868614,0.963769,-1.1742812,1
3.1372263,-0.9545603,-0.6251306,-0.3498213,-0.36679858,1
-0.10829483,0.4695581,-1.624481,-0.83936757,0.3119189,1
2.708708,-1.3943565,-0.71891576,-0.30735248,-0.42529166,1
-0.02632283,1.7607944,-1.38021,-0.31088904,-0.69043577,1
-0.35545838,1.7166187,0.20489186,-1.4751277,2.1942446,1
-0.7351787,-0.40643913,1.3738198,0.63513505,0.35245487,2
-0.5886834,0.27667463,1.8308525,-1.5316465,0.16999638,2
-0.38652015,1.7088763,-1.4758804,-0.2160987,-0.4630236,1
-0.48999193,-0.6351282,1.4133829,-1.2055181,0.9323163,2
-0.57802063,-0.13909014,1.6126966,-1.4400511,-0.8153763,1
-0.7044323,-0.25335005,1.206885,0.43981147,-0.5012977,1
2.2963746,-0.5729033,-1.24943,-0.8330009,-0.32752186,1
-0.06221325,0.98013866,1.0488639,-1.3354189,-0.42112604,2
-0.09078296,-0.18863362,1.2494702,0.89910746,0.851324,2
0.85815775,-0.47640902,0.16799507,1.1477116,-0.651976,1
-0.51688486,1.2684013,-1.6720462,-0.8567422,-0.31437787,1
0.2527758,0.30759537,0.25507888,-0.10428346,1.8049375,2
-0.6157942,-0.3582257,1.9800025,-1.425949,-0.6822867,1
-0.7792882,-0.508342,-0.5907122,-0.14368422,0.7576009,2
0.005307324,1.679236,-1.5906606,-0.16648565,0.69350845,2
1.3702111,0.8037181,-0.12534614,0.6568364,-0.58387417,1
-0.11250718,-1.2919288,1.457943,0.5371293,0.6965842,2
-0.7135678,0.42640567,-0.14854288,-0.39529032,-0.24329904,1
0.4241165,1.8369133,-0.1837415,0.24722442,-0.8333844,2
-0.42532212,-0.83347213,0.29023546,1.2086641,-0.4081228,2
-0.20181212,-0.20755932,0.65459436,-1.1438708,1.6654968,2
-0.59466183,-0.49255812,-0.3440719,-1.0323141,2.2547374,2
-0.45958865,0.035616048,1.6727448,-1.6939912,0.36374894,1
2.1556685,-0.5288863,-0.63661706,-0.7113537,-0.28286004,1
-0.035290204,0.106933266,-0.56323296,-0.5281404,-0.6889395,1
0.8000061,1.6853037,-1.5620997,-0.44122952,0.089010775,1
1.1490366,1.7922436,-1.413396,-1.0347176,0.09496875,1
-0.6114109,-0.6839942,-0.002608046,0.48526222,-0.06279503,2
-0.088638544,-0.9700247,1.710584,1.1084956,1.2733598,2
-0.33303875,2.4656904,-1.6478895,-0.17856967,0.29292214,1
1.7223524,-0.72025824,-1.2230207,-0.314143,-0.50484616,1
0.10027376,-0.8714871,1.2633554,-1.401209,0.7768787,2
-0.5417951,-0.077299744,-0.09984657,1.3268757,-0.22385013,2
-1.003508,-0.6105771,-0.18611293,-1.881494,-0.5165051,1
3.043644,-1.1595621,-0.6194343,-0.49281254,-0.2162577,1
-0.19921783,-0.8016727,0.90109575,0.8403363,1.6341113,2
-0.55278903,-0.7339532,-0.2106521,1.5995717,2.522624,2
1.0037758,0.16812831,-0.6661712,-0.49309173,-0.70415133,1
-0.059758633,1.4735205,0.32128796,0.1397352,-0.39817297,1
-0.9575764,-1.0845754,0.10790008,-0.71718967,-0.7153238,2
-0.7055161,-0.10417646,1.4607078,-1.7163554,2.0321794,2
-0.37441865,2.1652474,-1.4561445,-0.8602345,-0.3457988,1
2.293396,-1.7410456,-0.99618995,-0.5294081,-0.12447289,1
-0.61926985,-0.37490588,0.03414189,0.84927875,0.5155825,2
-0.70078206,-1.2552247,-0.58557427,1.9186275,-1.3064773,1
-0.31501287,-0.19955096,0.15786707,-0.68256664,-0.38155478,1
0.70684475,0.21003799,1.0150096,-1.1475617,-0.17435,2
1.7868404,0.19027087,-0.49666157,-0.39573193,-0.50733435,1
-0.5686887,1.3930554,-0.031525448,-0.16408305,0.057986245,1
0.03605841,0.104552194,0.6704914,0.31094995,1.6734705,2
0.629736,0.7779151,-0.33951515,1.4096324,-0.6493735,2
1.907232,0.7135907,-1.588887,-0.8845714,0.006652713,1
-0.15569109,0.5259899,-0.049899116,-0.44117838,-0.29817942,1
-0.14263712,0.09061505,-1.8064992,-1.1575612,-0.7784726,2
-0.04504279,0.42423588,-0.506761,-0.19601342,-0.31294703,1
-0.53636336,-0.5478478,1.2376875,0.35344183,0.6581363,2
-0.2774654,0.53442925,-0.0840692,-0.3429833,-0.13012971,1
-0.8835907,-0.72783136,0.8230083,1.6943178,-1.4888783,2
2.220614,-1.5701753,-0.9370836,-0.5749545,-0.54557824,1
0.7288492,0.79778737,-0.16865444,0.44614875,0.996319,1
2.041049,-1.0790782,-1.0970722,-0.6102363,-0.3015997,1
-0.5449462,1.2034208,-0.37873495,-0.10519806,1.2316818,1
-0.3258993,2.0240316,-1.8484855,-0.3814165,-0.05542296,1
-0.27470338,-0.11891907,1.4469516,0.5485633,1.7367324,2
-0.84160244,-0.50417084,0.30587435,0.6193774,-0.6568395,2
-0.5018916,-0.3435359,-0.261558,2.5457761,-0.17007226,2
-0.8759324,-1.111603,-0.2208843,1.1835928,2.6967714,2
-0.78764325,-0.9570427,0.55589855,2.003323,-1.3686968,1
0.7750571,-0.23962322,0.81880397,0.24252251,-0.84153664,2
-0.93729085,-1.078913,0.2033002,0.42177024,0.78488666,2
-0.7925,-0.31470603,-0.26189792,1.1302469,-0.06992828,2
-0.46300566,-0.15101698,1.5795189,1.0757979,0.71707857,1
2.455099,0.25379038,-1.1481478,-0.31132537,0.11656886,1
-0.97255427,-1.0754193,-0.23697422,-0.72484845,0.20327984,2
-0.3802632,0.25241387,1.823421,-1.5194616,0.42302263,2
-0.23342302,-0.30038023,1.5545185,0.52826923,1.7075284,2
-0.9206945,-1.2866137,-0.2531163,1.4764228,-0.1646614,1
2.6902127,0.07919888,-0.38351467,0.28580856,-0.19414774,1
-0.21729122,0.6705311,0.8221722,0.54785955,1.3134423,2
-0.8061134,-0.13737378,1.4008749,-1.43017,-1.214944,1
-0.6121182,0.09939762,1.292245,-1.4773967,-0.42105523,2
-0.7901693,-0.7754589,0.2740593,0.6561113,-1.2063154,2
3.24391,-0.75689983,-0.4259164,0.34137982,-0.8472506,1
-1.3118424,-2.497339,-2.9940467,-2.580946,-0.48969525,1
-0.02844751,1.0025879,-1.5582255,-0.69044673,-0.45809048,1
-0.5678945,-0.6870982,-0.1856438,1.163045,-0.23787166,2
-0.87943786,-0.61174834,0.5086763,0.64283144,-0.7955659,2
-0.46989274,0.12053644,1.8472289,-1.467628,-0.7413585,1
-0.70326996,-0.8200123,-0.025327519,0.9996771,-1.4575547,2
1.0348195,1.1064191,-0.27318338,0.9332434,-0.7255871,1
-0.40599042,-0.6347188,0.5697856,0.32846507,2.8148067,2
-0.48242563,-0.01029928,1.0553527,-1.1358774,-0.49381867,1
3.197564,-1.3804522,0.37327108,-1.1031297,-0.17002186,1
0.29970926,1.4112012,0.39600015,0.46350294,-0.47406793,1
-0.329046,0.18852204,0.99525744,1.1217148,1.5933198,2
2.7772608,-1.8506764,-0.9290169,-0.6647405,-0.1832938,1
-0.91395855,-1.1645857,-0.80198556,-0.3869187,1.3476415,2
-0.83104545,-0.97543997,-0.66443014,-1.3663715,2.9086585,2
-0.35413232,1.4635553,0.15548581,-1.5316541,2.0121958,1
0.067518115,2.2745001,-1.4646276,-0.29536214,-0.74579555,1
1.3894758,-1.149692,-0.95770085,-0.7627455,-0.33075356,1
-0.5363594,-0.47723645,0.2198359,0.45607683,1.2603658,2
-0.6910918,-0.97204417,-0.6236477,0.04291013,-0.82347494,2
-1.1074864,1.2307117,-0.060516246,0.03038476,-0.027762473,1
-0.42054144,-0.38666934,1.4372604,-1.3441447,-0.87723386,1
-0.4933107,-0.59185606,-0.036757648,-1.1995492,3.105213,1
1.623387,-0.54420304,-0.71228164,-0.5222501,-0.769573,1
1.1102209,-0.5230325,-0.63934827,-0.005047351,0.050655745,1
-0.5459062,-1.0323281,-0.23691961,1.4596132,1.5083222,2
-0.26831636,-0.26729104,0.2709345,0.5505995,2.4629002,2
-0.27579406,-0.67604893,1.2105637,0.79382575,2.1685395,2
-0.63873327,0.63598365,0.029872235,0.24810843,-0.637005,1
-1.0577224,-0.5855775,0.24568452,1.452133,-0.06766181,2
-0.54116356,-0.54470223,-0.46312973,-1.501607,-0.016710952,2
0.22142914,0.77871656,0.39521426,-0.17303465,0.1604173,1
-0.7594139,-0.98791754,0.2751715,1.6392759,-0.8870998,2
-0.44159755,-0.65423906,-1.1620978,1.0687711,1.3708247,2
1.0928278,0.22384377,-1.9235414,0.07510781,-1.0411764,2
-0.10096239,2.467906,-1.3948886,0.43954384,-0.5821152,1
-0.2149381,-0.7768283,-0.19995092,1.8554565,-1.0279545,2
1.980094,-0.9612544,-0.94582105,-0.23523906,0.070127204,1
-0.5367135,-0.9969048,-0.6352707,1.6774518,1.2905012,1
-0.3794411,-0.42813772,-0.53516024,0.49222937,1.359325,2
-0.69266576,-0.28542936,1.1637578,0.8668628,1.4609395,2
1.567241,-0.47976062,1.8601904,-1.1033504,-0.22900514,1
-0.88488615,-0.50114304,-0.061424203,1.4650772,-0.06164342,2
-1.0826883,-0.6961998,0.13244954,1.5544229,-1.2054353,2
-0.80138963,0.2951368,1.1871593,0.2812627,1.6852708,2
-0.62181497,-0.95615184,0.33721837,0.9437396,1.0711184,1
-0.33580533,-0.4396592,-0.40133938,0.51411915,1.4389175,1
0.19627017,0.9461328,0.9149794,0.36001012,-0.43604228,2
-0.32535982,-0.6350465,-0.09298208,1.8468925,0.021833465,2
-0.27116477,0.98743916,-1.4051481,-0.70292157,-0.33715445,1
0.11222951,-0.439588,0.65983033,2.0364697,-0.23383412,2
-0.60780406,-0.4575147,-0.1386013,1.7752846,-1.3942393,2
-0.6001313,2.5084767,0.23555228,0.53794,-0.79737186,2
0.7500549,1.548193,-0.18078488,0.2264252,-0.5190088,1
-0.6038867,-1.3102274,-0.2812497,1.5124626,2.4346392,2
-0.48952177,-0.82675564,-0.18024656,0.3977054,-0.24772862,2
-0.49808562,-0.008904606,1.2462957,-1.366476,-0.48298776,1
-0.6064898,-0.11527416,0.8223974,-0.9914067,-0.6698173,2
-0.9031345,-1.015162,-0.27345994,0.32868302,-0.15967011,2
-0.8444792,-0.4694119,0.21238357,0.399927,0.09758563,2
-0.25778833,-0.07543187,1.2909346,-1.0526085,-0.48791608,2
-0.7843767,-1.0117595,-0.43095052,-0.10787855,-0.12945777,1
-0.6188047,2.0732899,-1.5341802,-0.44261342,0.22230461,1
-0.70127916,0.29574835,0.3879332,0.39276922,-0.059343196,1
-0.75582904,-0.9361993,-0.6294675,0.20325267,2.2126238,2
1.1647086,0.6279371,-0.4514503,-0.19989584,0.24608009,1
0.23471986,0.018973336,1.5743036,1.4550425,-0.5637308,2
-0.90122557,-0.41065404,0.03299848,1.7711658,0.21412008,2
-0.41249433,0.23704705,1.2778032,0.92901003,-0.8032539,2
2.1496813,-1.7689943,-0.70269346,-0.5024354,-0.63321626,1
-0.5752536,-0.6096574,-0.4160496,1.6967262,1.650088,2
-1.0477197,-0.67056006,-0.13838553,1.2617073,-0.30150905,1
-0.9149381,-0.6309366,-0.48204964,1.6555314,-1.3020386,1
0.7211518,0.43000984,0.9569888,-1.1056585,-0.42188507,2
-0.37030804,0.10431877,0.87965214,-1.2885909,1.1984555,2
-0.88229966,-0.95362335,0.09958224,1.3016715,-1.4567754,2
-0.70342666,1.1187564,0.2302309,-1.1635789,-0.34848332,1
0.6724806,0.84742993,-0.35007355,-1.4215086,1.772491,1
-0.68825155,-0.9181559,0.7345432,0.577386,0.8688481,1
-0.43064877,0.07393101,1.4796854,-1.4108765,0.5360462,1
2.9624338,-0.3656569,-1.1911207,-0.73984134,-0.42442423,1
-1.1184776,-1.1488597,-0.37627515,0.7321805,-0.2516475,2
-0.59120286,-0.2962328,0.13088554,-1.008473,-0.11724612,2
0.83729416,-0.108072236,-0.18133251,0.09804334,0.10215178,2
-0.41023427,0.057152867,0.7522291,0.30949974,1.1274235,2
0.28311247,2.1170626,-1.5173758,-0.9965031,0.22849327,1
-0.69675004,0.82713497,-0.5927317,-0.14521998,0.11398747,1
-0.7328123,0.13514659,1.4474254,-1.5914619,-0.03717448,1
-0.2990909,0.6580256,-1.4609342,-0.9271534,-0.43648875,1
-0.47942647,-1.0739678,-0.41059887,-1.8224062,2.202506,1
2.5865717,-0.6319767,0.51517487,-1.0048956,-0.36774296,1
-0.5788996,-0.73957705,-0.30236527,0.810417,-0.3651602,1
-0.9823022,-0.34040147,0.8322346,-1.7406268,-0.44594136,1
0.061427385,0.79435396,-1.6378717,-1.1410488,-0.57650787,1
-0.83533365,-0.83937097,-0.5264447,0.9069413,3.1945114,1
-0.15668459,0.98325807,-0.17014155,-0.4371242,0.23528495,1
-0.6676717,-0.71149725,-0.27344337,-1.1496292,-0.3102515,2
0.5836712,-0.27658838,0.35861912,0.790156,0.8576032,1
-0.18214099,0.068630874,-1.2428998,-0.6581973,-0.6445611,1
-0.8017857,-0.73314196,0.8359101,0.85977674,-1.109471,1
-0.6600007,-0.970469,-0.6275443,1.5714054,-0.25255919,2
-0.36648288,1.2401974,0.7161861,0.5105024,-0.4224307,1
1.8338307,-0.6209123,-1.144107,-0.29230374,0.098346606,1
1.7607977,-0.5959963,-0.8031052,-0.5404562,-0.43492535,1
-2.1703827,-2.82196,-1.7715509,0.08671026,1.3599709,1
-0.2466045,-0.53002954,1.3803781,0.37026328,1.8360758,2
-0.5490478,-1.1421101,1.930438,0.51945645,1.2647359,2
0.41427362,0.8518933,0.5306862,0.29385903,1.0624106,2
-0.21494617,2.3151317,-1.9094002,-0.33213016,-0.44525316,1
0.5678549,1.8510491,-0.12169797,-0.48635978,-0.513104,1
-1.0252533,-1.1294975,-0.3476221,0.42860872,-0.25276348,1
-1.0987008,-1.173528,-0.4469812,1.0043025,1.7535483,1
-0.18254057,-0.24813522,0.48406506,0.1962212,2.757486,2
-0.15379967,0.009862602,1.1180508,0.23170686,1.0532067,2
0.08807397,0.89567006,-0.09821814,-0.9751661,-0.6316636,1
-0.7071308,-0.78388554,-0.0078213215,0.8423968,1.9801391,2
0.30901635,1.6420914,0.15336995,-0.90765136,-0.48017415,2
1.5627254,-0.585001,0.4746838,0.121490896,0.5062829,1
1.9589801,-0.22359326,-0.45676118,-0.603953,-0.6254474,1
-0.5978871,-0.8134771,-0.5066431,-0.91752225,-0.9946323,1
2.8843925,-1.7681754,-1.0056853,-0.40279865,-0.2516307,1
0.4076569,1.1089451,0.7118852,0.28956664,-0.43629885,1
2.0264978,0.030894876,-0.6038569,-0.30878508,0.21155491,1
-0.8633249,-1.0322596,-0.94849825,-0.3954476,1.1163679,1
-0.91417617,-0.66397905,-0.2025609,1.1429515,-1.0271518,1
-1.0923017,-0.7498604,-0.26325405,0.6895638,-1.0180036,2
-0.50616014,-0.4027201,-0.032872632,1.5501585,-1.6284989,2
-0.41211933,-0.9392772,-0.31232336,1.4252625,2.4767625,2
-0.4159591,-0.13437888,2.1130772,-1.3906293,0.9500497,2
-0.3546667,0.15503606,0.18034637,-0.7776253,0.36469668,1
-0.65689814,0.39621064,0.30301344,-0.025173858,0.056460485,1
0.40228307,0.92477775,-1.6659638,-0.8991972,-0.72935694,1
0.4446199,0.66811335,1.680953,-1.0663401,-0.5014077,2
-0.51327336,-0.84224486,-0.86301875,-0.0551584,1.2009538,2
0.66905034,-0.23269919,-0.030856524,0.10032425,2.4901576,2
3.381371,0.31440073,-1.1410778,-0.45863393,-0.16883357,1
-0.1366308,-0.09942998,1.2114608,0.8402989,1.4186527,2
-0.55515087,1.4141908,0.44291034,0.17689314,0.25391564,1
-0.9042476,-0.8977447,-0.47328418,1.3613465,1.111004,2
-0.30328542,2.1632931,-1.7018614,-0.040658403,0.8701327,2
-0.022568107,-0.5183494,0.35238266,0.2117669,0.5682184,2
0.24788374,1.5329598,-1.5807325,-0.61440796,0.38580638,1
-0.3952786,-0.09200701,1.5639032,-1.2804003,-1.0875959,2
3.0304039,-0.83236516,-0.67475206,-0.269397,-0.00600034,1
0.86391723,1.2341994,-1.7656493,-0.738187,-0.3168274,1
-0.73126507,-0.7150054,0.8521099,0.6796578,2.407657,2
-0.30746093,-0.8719479,1.1466081,1.1327164,2.0963697,2
-1.2211872,-0.675184,-2.1592152,-1.4700801,-0.95364684,2
-0.6740473,-1.0795196,-0.37200177,1.5307411,-0.21719056,1
-0.1993128,-0.506897,1.8924935,-1.490615,0.8158111,2
-0.7347757,0.0950472,0.8868053,0.26809746,-0.13691346,1
1.4691086,-1.026517,-0.73007417,-0.39275584,-0.58015704,1
-0.7914245,2.7291656,-1.4754217,-0.8682069,-0.27487066,1
-0.5729523,0.3202697,0.09822056,1.5331706,-0.8653275,2
-0.52027965,1.5440819,0.37455183,0.23398313,0.3207042,1
0.019981014,-0.635033,0.086232424,0.030881193,0.47599012,2
-0.5996858,-0.39175627,1.929381,-1.0257499,0.4413033,1
0.2760872,-0.3702557,-1.2726918,-0.7258352,-0.18661691,1
2.123234,-1.8984768,-1.3358563,-0.6151312,-0.37021044,1
0.13786723,-0.9688314,-0.032883003,1.7453439,-1.0200258,2
-0.46504912,0.13838372,1.8693933,-1.6704526,-0.68118435,1
-0.25149578,2.0584652,0.16359985,-0.16607785,-0.034539953,1
2.6845424,-0.6144223,-0.82377017,-0.5841556,0.02377861,1
-0.4057072,1.4021608,0.9619449,-1.0375304,-0.2106236,2
-0.57769895,0.5842899,1.4120235,-1.1506044,-0.20159106,1
-0.61729956,-0.5922055,0.5825108,-0.67828465,-0.1325303,2
-0.8572933,-1.9626915,-1.6891452,-1.573643,1.7856282,2
-0.007955104,-0.026174963,0.73524654,0.5064898,1.7785177,2
1.5527515,-0.65746284,-1.1030589,-0.74863154,0.109207764,1
-0.59824514,1.0990665,-0.45867682,-0.4525661,-0.030725881,1
-0.35704362,-0.72530794,-0.33963215,0.9648993,2.6701357,2
0.5903493,-0.51164603,-1.3017726,-0.85764873,-0.07767153,1
-0.43794435,-0.33791763,1.3444636,0.5031396,1.8929307,2
-0.15209532,0.8910067,0.0034742057,-1.2532951,-0.20964138,1
-0.67636424,0.6141573,0.27806324,0.33052316,-0.6477772,1
-0.013530031,-1.2109704,0.665519,0.3809814,0.66575336,2
1.2216955,0.40420115,0.92878056,-1.1445495,-0.2767529,2
-0.6861974,-0.4061578,0.6564326,0.4703346,-0.8480166,2
-0.768366,-0.88205636,0.4576248,0.6148098,-1.0694116,2
-0.3536677,-0.41900432,0.5641008,1.3907307,-1.301439,2
0.7312037,1.4655595,-1.380746,-0.35217014,0.032030586,1
-0.43163508,1.8881817,-1.347333,0.6540547,-0.6620245,2
-0.49904943,0.78928626,-0.2892905,-1.0744574,-0.6166549,1
-0.60995966,-0.53444076,1.2559533,0.14736745,1.8933605,2
2.1417627,-1.3494447,-0.18754563,-0.750975,-0.2695015,1
-0.013393283,0.018645838,0.22243936,2.1886318,-1.2218875,2
1.5696397,0.32369688,-0.5092799,-0.11949101,-0.25112146,1
0.31708503,1.0703111,0.5375707,0.16769898,1.2197748,1
-1.9294468,-2.795801,-1.6495706,-0.24575368,1.3304195,1
-0.6137199,-0.40230215,0.15402982,0.6529821,0.014076591,2
-0.30918467,0.4939157,-0.116485156,-0.3145501,0.22924441,2
-0.55065644,0.7546325,0.11609814,-0.07801004,-0.7529605,2
-0.9122449,-0.9934218,-0.20482731,0.22701132,-0.19218276,2
-0.6229028,1.9905561,-0.07207985,0.4830237,-0.85902166,2
1.8982096,-1.0903744,-0.98473704,-0.61723566,-0.29353404,1
-0.48788074,-1.026659,-0.40997604,-0.6518842,-0.44359004,1
-0.4108921,-0.16323659,0.8369708,-1.1939751,-0.5991647,1
0.28050533,1.8234589,-0.036300253,0.3831326,0.62676954,1
-0.08600068,-0.8535395,0.34892622,1.5046258,-0.87884873,1
3.4621222,-0.67937666,-0.71629006,0.26780754,-0.5435143,1
-0.0215763,0.27643204,0.5663249,-0.98927844,1.671063,2
-0.13633144,0.1187602,0.30546576,2.1612887,-1.3605125,2
-0.31444824,1.5795834,0.27091116,0.968178,-0.5389736,2
-0.6410423,0.5676828,0.7635878,0.59194285,-0.96968305,1
-0.37309566,1.8841963,0.5953023,0.16762874,-0.27125043,1
0.49585575,1.1950524,0.76977164,-1.1125427,-0.23931572,2
2.8031855,-1.2978196,-0.768925,-0.21547383,-0.4824364,1
1.1500645,1.2886877,-1.6931283,-0.4393515,0.18963316,1
-0.1835719,1.8118635,-1.7198362,0.33338094,0.73621607,1
0.9015151,0.34164572,-1.3027198,-0.9287904,0.18540816,1
0.5187354,-0.23338734,-0.87841904,-0.41631773,0.17307544,1
-0.19647852,-0.7025849,1.044473,1.2798043,2.6087809,2
0.8133216,0.5265828,-0.44705066,-0.13598959,-0.5023457,1
-0.6154203,-0.12592974,1.0275694,0.6853744,2.085914,2
-0.81974274,-0.6601496,-0.12963265,1.9819938,-0.23984109,1
0.056316495,0.92640865,0.31583098,-0.91413856,-0.8606494,2
1.0137651,0.47719347,-1.4307476,0.036557734,1.3430023,1
-0.31327772,0.13737792,1.8133721,-1.5720853,-0.78644574,1
2.0010657,-1.5314548,-0.6300243,-0.106194526,-0.16707921,1
-0.45906794,-0.55146605,-0.10658094,0.104905665,1.709359,2
-0.46847022,-0.03533441,0.18924282,1.7978066,2.166786,2
2.7711318,-0.529048,-1.1171958,-0.5443975,0.055432905,1
-0.35820216,-0.45310414,0.9419948,0.82512814,0.82242453,2
-0.50227743,-0.9399447,-0.42011777,-0.6915906,2.0431576,2
-0.6533088,-0.51945966,1.2007865,0.87861615,-0.11212839,2
-0.86024964,-1.3453985,-0.015922794,0.16158801,-1.2239094,2
2.5252714,-0.7132763,-0.63589734,-0.29874542,0.8633305,1
0.5925434,1.0599611,0.5642188,-0.9002704,-0.5977461,2
-0.12810269,0.47368044,-1.7165245,-0.68871087,-0.47008952,1
-0.8495296,1.4354678,-0.13031888,1.4236931,-1.2323006,1
-0.7665797,-0.56056166,0.13459949,0.29832822,1.4534544,2
-0.6643053,-0.5561555,1.4791384,0.62016964,-0.6339513,1
-0.88537717,-0.6285789,0.35264087,-0.017428473,1.9447246,2
-0.25273976,-0.49799883,1.013881,0.79867524,-1.1138743,2
1.4275112,-0.91650397,-1.0331194,-0.50910175,-0.53332776,1
-0.8717681,-0.3463695,1.4454013,0.59098804,-0.7333435,1
-0.7671428,0.0992174,1.4078866,-1.5290855,1.0018873,1
-0.19908795,0.18733343,1.0469182,1.154165,-0.8717613,2
-0.20210052,0.28595287,1.276084,0.989044,-1.3110452,2
-0.6807323,-0.63299936,1.5298284,-1.3750029,1.8536373,2
0.28555763,-0.61042285,0.7354604,0.15183894,-0.8662205,2
2.617877,-0.7379794,-0.6821087,-0.5394955,0.10541023,1
1.9090923,0.03235191,0.17869885,0.08044254,-0.6564918,1
-0.5211113,-0.33592036,-0.074254304,1.1231385,-0.08232557,2
-0.41715443,-0.4492936,0.25239646,1.6625631,-1.471766,1
-0.26171887,1.1367135,0.040603083,0.0016084723,1.5636978,1
3.5693774,-0.8680471,-0.68443465,0.26587236,-0.7503834,1
0.5533117,1.1373823,-0.41410145,0.14383927,0.62301844,1
-0.7165488,-0.85523325,-0.29951552,0.8468204,2.8965187,2
-0.73642796,0.39128348,1.4427127,0.39614305,-0.23906,1
-0.7234204,-0.8973393,1.1902857,0.50146395,0.62871754,2
0.6831998,0.6728698,-1.2134224,-0.784456,2.5603802,1
-0.7292995,-1.3155828,-1.292598,0.038202077,0.9186168,2
0.18993035,0.45780724,-0.41827157,0.037768714,-0.72450143,2
-0.57368046,-1.6278452,-0.9398477,-0.8281896,1.2351356,2
0.5997577,-0.52644724,-0.3752076,-0.46388444,-0.89364505,1
0.023664072,-0.25859427,1.103664,-1.5702307,0.996372,2
-0.53332675,-0.7215138,-0.24968052,-0.41107768,1.2585938,2
-0.9381889,-0.37050122,-0.37733445,0.39388636,2.1248708,2
1.543758,-0.40928963,-0.6987618,-0.3311576,-0.41463584,1
2.7402458,-0.90316856,-0.7862758,-0.17949027,-0.5983281,1
-0.40135723,2.1034267,-1.414113,-1.1871808,-0.22077677,1
-0.19267859,-0.5739275,1.2454078,-1.6856532,1.6932509,2
-0.71856797,0.45116848,0.6311018,0.41687316,-0.8676668,2
-0.6116912,-0.3056952,0.3594816,1.0117188,1.1468883,2
-0.6105939,-0.6895522,-0.14471221,0.32732415,-0.24822333,2
-0.12211951,-0.54747903,0.68207514,1.6031287,-1.6364669,2
0.27732864,2.0839276,0.17052393,-0.7526624,-0.510333,2
2.51914,-0.2842818,-0.6703591,-0.7398824,-0.32466403,1
1.4159515,1.8122895,-1.5481913,-0.84937614,0.30234897,1
-1.0139484,-0.5502543,-0.32705617,-1.1776383,2.0785158,2
-0.21100453,2.3843772,-1.6917793,-0.72756094,-0.17320013,1
-0.6604189,-1.0217595,-0.69845104,1.0736008,1.6153561,2
-0.10355145,1.6416682,0.41530824,0.5789329,-0.31914172,2
0.058127288,2.4398246,0.34623012,0.20214604,0.48111475,2
-0.2996237,0.23350447,1.0116335,0.5495596,0.90556526,2
0.23482718,-0.28538242,1.2433871,-1.5509751,1.7381091,2
-0.93415046,-0.66746306,-0.27034342,0.82397336,1.3513694,2
2.7913852,-1.772031,-0.9298509,-0.30640054,-0.14960563,1
1.4681896,1.4587588,-1.3205752,-0.39045158,0.7377443,1
-0.5941817,-0.55264735,1.8627684,-1.4699817,2.80858,2
2.0526097,-1.334203,-0.93481696,-0.33388415,0.07392958,1
-0.84268177,-0.5407589,-0.43501174,1.0014484,-0.08098212,2
-0.6923423,-0.53966665,-0.1666617,1.2613782,-0.10141502,2
-0.77260435,-0.69224364,0.29100594,0.6982805,-1.1624179,2
0.32846144,1.120384,0.58166194,0.22522847,-0.42244625,2
0.42668784,1.3419363,-1.3909812,-0.35090202,1.0294898,1
-0.3440003,0.94156176,1.7137231,-1.5354217,-0.1109438,1
0.4084947,1.8965492,-1.3329676,-0.6882331,-0.57402605,1
0.7235397,1.4197893,0.86873746,-1.2609891,-0.52922,2
-0.57247233,0.09900372,-0.037240863,0.7177185,0.9837618,2
-0.37403265,2.0090375,0.2412594,0.14705087,-0.33537436,1
-0.041433856,-0.7584661,0.1434645,1.3379191,-0.93514216,2
-0.28536907,1.1183456,-1.6352859,-0.17662641,-0.39755976,1
-0.6704093,-0.7148061,1.859417,0.8116969,1.1128701,2
-0.65642774,-0.020407762,1.4122783,-1.4489272,-0.68832505,1
-0.7201977,-0.23317403,1.8407063,-1.800871,1.9409238,2
-0.8340715,0.7671136,0.8513345,0.21848267,-0.48453346,1
-0.17012183,-0.42298126,-0.5879974,1.5151739,-1.2238175,2
0.6809392,-0.035223484,-1.4215733,-0.75882626,-0.6645037,1
-1.031207,-1.673074,-0.25653958,-1.5818762,-0.2186076,2
-0.3086878,-0.7574105,0.86987597,1.2625265,2.0056427,2
-0.3869424,0.67077625,0.76510376,0.76470524,-1.1068543,1
-0.010900706,-0.7557547,-0.24481422,1.1991353,-1.2417842,2
0.44136474,2.253249,-1.6801625,-0.9557642,0.19357392,1
0.9482812,-0.908077,-0.70008224,-0.58122563,-0.33338186,1
-0.3507088,1.0457028,-1.2964247,-0.535007,-0.47251758,1
-0.024087727,-0.37802392,0.14688766,0.6864488,0.57952046,2
0.7413269,2.0325892,-1.6979532,-0.13224897,0.19090155,1
1.3172278,1.8034347,-1.8937254,-0.48625273,-0.5314958,1
2.7148478,-1.56789,-0.78325534,-0.37395197,-0.19682463,1
1.1043012,1.4715759,-1.371144,-0.63772255,0.18274236,1
0.654666,1.5795941,-1.6237581,-0.6624924,0.5474769,1
-0.66580707,-0.8001616,-0.36749518,1.3453512,1.6154593,2
-0.71248156,-0.6222968,-0.10095917,1.714216,-0.785753,2
-0.7476307,-0.44293278,0.6571734,1.0758674,-1.4856635,2
-0.21096724,-1.0418701,1.1065292,2.1418555,-1.448954,2
-0.49040812,-0.12082386,1.2360094,-1.3268956,2.1148508,2
-0.16201943,-0.10660794,1.2014279,-1.4459236,-0.49933162,2
-0.33318233,-0.7879826,1.4644145,0.5168462,0.7240539,2
-0.017332822,-0.6142163,0.67859226,1.2335409,-1.1440605,2
0.54463845,0.67401403,0.9832176,-0.089626655,-0.6871106,2
0.52533287,1.103486,-1.5168253,-0.9383268,-0.16455674,1
-0.43992046,1.2236115,0.2993983,0.5525942,-0.25223976,1
0.33624265,-0.19768915,-0.52005523,-0.57241005,-0.087870486,1
-0.32268065,-1.020119,1.3575163,1.9650204,-1.1316624,2
1.5929385,0.39127445,0.0011428073,-0.21841994,-0.61061406,1
-0.8785609,-0.8025942,-0.5579294,0.601766,1.7847048,1
0.10709214,-0.5052873,1.0393999,1.9486408,-1.1234123,2
-0.24678949,1.6811125,0.33165854,-0.13589402,-0.5195743,1
-0.3026159,-0.20439169,1.5290722,0.3004228,0.5552706,2
-0.667095,-1.240967,-0.9185909,-0.4874522,0.9137965,2
-0.17752713,1.261055,0.5144635,0.29022747,-0.14384168,2
-0.35957032,-1.1177328,0.82513475,0.8956486,-0.93226665,2
-0.4492045,-0.65990704,-0.16264868,1.772388,-0.42421532,2
0.20005725,0.99364626,-1.4419749,-0.313209,-0.6140059,1
-0.27042717,-0.32403544,0.8562055,0.7625711,-1.12343,2
-0.5008774,-0.903147,-0.383998,0.84939396,2.8602417,2
-0.5360668,-0.2051865,1.4139447,-1.4117175,-1.3751472,2
-0.78679556,0.20013188,0.5214493,-1.1659681,-0.4472616,1
-0.5100711,-0.5705448,1.8635049,-1.4746077,-0.7795682,2
-0.85480547,-0.58932114,0.13078418,1.782174,0.14514814,1
-0.29299024,2.0442326,0.10322138,-0.06121513,-0.6000539,1
-0.30551714,0.98496246,0.731218,0.20330098,0.0005197227,1
-0.6071477,0.1725924,-0.0009479299,-0.10265075,-0.24410519,1
1.0427526,2.144383,-1.5537523,-0.43867922,0.03248547,1
0.6589655,0.79080206,-1.4333739,-0.77030313,0.02307687,1
0.16833857,1.9338841,-1.253764,-0.9984313,1.3247552,1
0.7951993,0.7871946,0.76266575,-1.0921139,-0.15656778,2
0.026551455,-0.16383818,1.3498702,0.3044895,-0.8169641,2
0.030797713,2.0438278,-1.4767214,-0.9634337,-0.07067016,1
-0.61096734,-0.4571554,0.6196379,0.82102895,-0.8425327,2
-0.27832854,2.2482939,-1.4940213,-0.11169155,1.2355605,1
0.7645976,1.6401975,-0.034112304,0.22177468,-0.6019143,2
-0.19498277,0.24529555,0.85853946,-1.204199,-0.64789283,1
-0.6770299,-0.33971643,-0.1596536,1.736483,-1.2268,1
2.9248788,-1.1078095,-0.8780916,-0.56262225,0.11393471,1
-0.3642904,0.2232643,1.2247165,2.228635,-1.2031848,2
1.4714872,1.0143272,-1.2755586,-0.7232202,-0.49461788,1
2.7954473,-0.8794382,-1.1069249,-0.58087415,-0.2790172,1
0.18877994,1.2610614,0.80774957,-1.0973916,-0.8499774,2
0.8596591,-0.58062863,0.5003857,0.636461,0.9383228,1
0.11397998,1.3056127,0.5435686,-1.135014,-0.37131852,1
-0.5418087,-0.36550814,1.5978916,-1.2322457,-1.1029497,2
-0.5370307,-0.10389587,0.48578542,2.3497047,1.4793699,2
3.264415,-0.8425748,-0.97027,-0.46107972,-0.49595308,1
0.4406843,0.9733062,0.26930928,0.26485473,0.8719373,1
-0.6470962,-0.5865865,-0.28559968,-1.228379,-0.19322273,1
-0.47481388,-0.4111677,0.24923605,-0.8753287,-0.15874295,2
-0.78601193,0.082019895,1.8827116,-1.6112802,-0.33850193,1
-0.5556547,-0.6894586,1.370279,0.53881544,2.424058,2
-0.55764556,-0.5595214,1.0511225,0.3629471,0.6095336,1
-1.2342763,-0.7554353,-0.034439705,0.7673951,1.5399965,2
-0.21888916,1.2712129,0.31865534,0.5569107,-0.6796379,2
3.1137772,-1.6229464,-0.6809355,-0.4359293,-0.13004665,1
-0.5841686,-0.45843327,0.14468896,0.82093716,-0.973802,2
-0.30848506,-0.9744276,0.8843171,0.867416,1.7784208,1
-0.08188437,1.4704558,0.86131895,-0.9339869,-0.3125462,1
-0.64931166,0.17607208,1.1914752,-1.4090449,1.9125929,2
0.09877537,-0.9742663,1.1242596,0.19931972,0.38253927,2
0.32271937,0.18803082,-0.58762884,-0.7515835,-0.124042645,1
0.26839036,-0.58263993,1.3140084,1.1599935,-1.3187732,2
-0.78656936,0.45999992,1.0020238,0.3053009,0.37037152,1
-0.70291543,-0.80765307,-0.59203404,1.2526625,-1.2475438,2
-0.52322054,-0.117240615,1.9730252,-1.7459207,-0.8628344,2
-0.5733752,-0.89066255,0.29909304,1.4435716,-1.2709821,2
0.09915741,0.30521667,0.010835826,-0.31882167,1.1750475,2
-0.67086583,-0.6784671,-0.25668725,1.311108,-0.0012127608,2
-0.7456796,1.4087979,-0.0759387,0.030148564,0.41074252,1
-0.1995013,-0.98875886,1.1393604,-1.4850328,0.32213968,2
0.38456845,0.24246265,-0.08702457,0.7213027,1.8365611,2
0.30400845,2.5132947,-1.520523,-1.251523,0.28837746,1
-0.4222256,-1.0058852,-0.016813723,0.7689326,1.9467221,1
-0.07376224,1.1464448,-0.1270627,-0.21899915,0.673247,2
3.7284145,-1.0252101,-0.36562413,-0.47454897,1.0388792,1
0.083252825,2.3932784,-1.2701093,-0.048983477,0.2686216,1
2.4259965,-0.5711844,-0.64939576,-0.83555484,-0.33683416,1
-0.06235756,-1.0587455,0.5256955,0.5982294,-0.8491608,2
2.5614662,-1.7239567,-0.72277606,-0.49954993,-0.32942882,1
-0.49012965,-1.0094146,0.5671977,0.09019925,0.5567075,2
-0.78721184,-1.3136909,-0.82650566,0.15721461,1.5899347,1
0.20346966,1.2515367,0.98433185,-0.020697288,-0.5327078,2
-0.6099163,1.5372014,-1.6777844,-0.52623284,-0.31412622,1
1.0890036,-0.04531078,-1.1372631,-0.49691433,-0.14650042,1
-0.68682814,-0.7230715,-0.520053,0.017210543,-0.07292615,1
-0.34129086,-0.58748174,0.5647987,0.8068936,2.9003913,2
-0.5008879,0.25120154,0.94837934,1.0685511,-1.3207786,2
-0.991192,-0.63290554,0.78650707,0.39478016,0.99417686,2
-0.9157609,-0.044915706,0.36062744,-1.3649466,-0.5575524,1
-0.28211206,0.64071304,-0.3293515,-0.4422685,0.08528753,1
0.20947832,1.9241368,0.4495741,-0.23720442,0.4352774,1
-0.815534,-0.81238264,-0.9063355,0.8113828,-0.45173168,2
2.2843072,-0.30664968,-1.2947254,-0.620854,-0.0938987,1
-0.5215311,-0.3779081,-0.2711522,0.4946785,-1.4577482,2
0.044536315,-0.08409038,0.79513025,-0.86321497,-0.5956047,2
-0.8290938,-0.7036135,0.37168574,0.21495453,-0.25861079,2
-0.56494707,-0.2438359,-0.19044085,-1.2274989,0.17527123,2
0.8619598,0.5503248,-1.4102207,-0.62123275,-0.17589757,1
-0.9835651,-0.89586693,-0.6738565,0.663732,2.2185023,1
-1.0149757,-0.07232769,-0.13102096,1.4434257,-2.1058123,2
-0.6484876,-0.11631209,0.050606713,1.0756758,1.0390445,2
-1.3605287,-1.9390312,-1.812724,-1.3443017,-0.1024128,2
0.12408542,-0.4998858,1.2504117,-1.3322902,0.5827943,2
2.8217633,-1.7166102,-1.0533521,-0.35484785,0.054716285,1
0.20681348,0.78490454,-1.7544713,-0.70102024,-0.21307772,1
-0.18596284,-0.60799146,1.7215129,0.42259476,0.8002492,2
0.55798995,0.5025223,-1.0653582,-0.8556437,0.12517172,1
-0.6155269,-0.5159254,0.13996518,0.5556363,1.1227379,2
-0.340184,1.4186786,-1.2717576,-0.23288831,-0.53910977,1
1.8141377,-0.39127102,-0.74930054,-0.9239767,-0.20056053,1
-0.43279028,-0.91912353,-0.062480636,0.71429557,0.7609443,2
0.59175116,1.1049864,0.7849617,0.59170735,-0.4002121,2
3.3057308,-1.1428341,0.19679734,-1.0015376,-0.32064444,1
-0.4735832,-0.7704118,0.61611223,0.9258902,-0.37384778,1
1.4723655,-0.7255488,-0.8147743,-0.560497,0.016730364,1
-0.51071423,-0.5743109,0.3709693,0.97050047,-1.3309833,2
-0.5649298,-0.8368334,1.0515769,0.37718225,-1.243231,1
0.43480083,2.0379827,-1.4405456,-0.73652625,-0.71383107,1
-0.76960224,-0.16900411,1.370584,-1.2796822,0.03336467,1
0.81089365,0.5340947,-0.5221206,1.2821316,-0.8003035,1
0.1666892,2.4149778,-1.0188649,-0.82398564,-0.20960777,1
-0.32077086,-0.1943421,0.8310042,-0.8921985,-0.7511129,2
-0.20385286,2.4970894,-1.7852626,-0.7085674,-0.53585887,1
2.450596,-0.15283014,-1.005766,-0.56920373,-0.54204124,1
-0.15353134,0.14616795,0.20747375,0.74377143,-0.8017391,2
-0.10389142,1.4446597,0.93330055,0.13815868,-0.4368987,2
1.3415096,-0.81199336,-1.2971977,-0.4197303,-0.14822681,1
3.8049664,-0.47871742,-0.70472,-0.16764459,-0.4673495,1
0.5391577,1.7363986,-1.6988456,-1.0813338,-0.11026275,1
-0.38226432,-0.70675707,-0.6759627,0.40140104,-0.35561034,2
0.16403526,-0.8267736,0.41660798,0.2828058,0.5586193,2
-0.52492386,-1.0158242,-0.69183,-1.6132472,2.750388,1
-0.31411505,-0.8906698,0.8133411,0.8467014,0.43336096,2
0.18470304,1.3395503,0.65590376,-1.0447507,-0.28497922,2
1.7228551,-0.77276534,-0.77130514,-0.44951254,0.12249917,1
-0.9126092,-0.5583158,-0.20213342,1.6882507,1.4239168,2
-0.61608154,0.15719114,-0.043837033,-0.320254,0.33799392,1
0.27547804,1.3321038,-1.3775605,-0.63517576,-0.21882235,2
2.0964046,-0.6757595,-1.0734966,-0.5948707,-0.12822548,1
-0.5568431,0.06447655,1.9052392,-1.5948548,1.1195682,1
-0.8375465,-1.243816,-1.1646168,-1.2947732,-0.96642005,2
-0.91369087,-0.63125014,-0.09123589,1.0315281,-0.9477291,2
0.3765324,0.6366383,-1.2069341,-0.22908594,-0.56551385,1
2.035797,1.1037958,-0.22531064,-1.0525408,0.011108689,1
-0.92621654,-1.280623,-0.20226929,1.2791653,-0.069844164,1
-0.67305505,-0.4213826,-1.8206699,1.9779291,-1.6364801,2
-0.088997185,1.3885449,0.44868374,-0.091352925,0.036807954,1
2.2849216,0.01471661,-1.507893,-0.57827693,0.3596413,1
-0.742855,0.3392627,1.1866384,0.544474,0.048554048,1
-1.1006405,-0.77273035,-0.74906075,-0.0040919706,1.559146,2
-0.77666706,-0.74929994,0.16485456,0.3121344,0.060653612,2
1.0428921,0.28422105,-0.27337256,-0.08949329,-0.61797774,1
0.16104485,1.4986434,-0.13589224,0.63496184,-0.9940384,2
-0.43287724,0.9369978,0.5277295,-0.29400575,-0.7905452,1
-0.51463544,0.25317866,-0.33963218,-0.068880245,0.29550228,1
1.1801226,1.3897103,-1.4048848,-0.29914898,-0.04053262,1
-0.43459344,-0.27949837,0.01607211,0.6751901,1.2636032,2
-0.46525332,-0.68889153,0.5658488,0.22303401,0.880365,2
3.406144,-0.8412551,-1.0855935,-0.26342297,-0.54917717,1
-0.62276953,-0.8523899,0.012988597,-1.2241226,2.627442,1
0.7744411,0.037349522,1.2579862,-1.2501718,-0.5423397,2
1.3148233,1.3125321,-1.2663348,-0.3581678,0.026255295,1
0.41416654,1.3064677,-1.3579631,-0.49761122,-0.019830048,1
-0.30940908,0.06597245,1.7640172,0.8537699,-1.1390619,2
-0.80703735,-0.16756292,1.6448901,-1.2572116,-0.9023512,1
-0.13749164,0.18239322,1.4263029,-1.5916384,-0.5284905,2
-0.8198069,-0.46394658,0.5212774,0.4507588,-0.7455345,2
0.3226434,-0.5495188,0.71113074,1.1332965,2.0436766,2
-0.09988773,-0.36224753,0.71575713,0.23874281,-0.5952175,2
0.9479228,-0.70547885,-0.82759005,-0.6313671,-0.17164145,1
-0.15486309,-0.32370812,2.3532906,-1.4556031,-0.98215604,1
-0.30088994,-0.40366346,1.2043222,0.1689597,0.92714393,2
-0.5496209,-0.8098242,-0.2272321,1.3078789,1.6102326,2
0.4731586,1.4411061,-0.24104315,-1.2202615,0.9899497,1
-1.0334613,-2.696507,1.5005825,-1.730046,-0.9487799,1
-0.12896672,-0.35343477,-0.07829611,1.7119856,-1.3753631,2
-0.09811767,-1.027146,1.0302274,-0.949666,0.6379869,2
-0.025716305,0.11113818,1.0728897,-1.0735418,-0.5606203,2
-0.7233663,-0.4864232,0.98348165,-1.3950057,-1.0383155,1
-0.090023935,2.1789632,0.8507873,-1.0338181,-0.5294864,1
-0.4092245,-0.7591017,2.0612874,0.33650875,1.0334529,2
-1.0355989,-0.74196166,-0.81450367,0.20535344,2.059924,2
0.29441112,1.5959518,-1.6389105,-0.37060514,-0.46869767,1
0.19836876,-0.9503433,0.6873942,0.3462959,-0.3892572,2
-1.0366157,-1.0506006,-0.21940984,1.8453109,-1.3543484,1
-0.9406583,-0.5778917,-0.40423065,0.27989632,0.095257595,2
-0.8095957,-0.9928806,-0.5027702,-0.8538212,1.0259202,2
-0.4147709,1.1953703,-0.15889059,-0.22357935,-0.33268094,1
-0.6216274,0.7972239,-0.36063427,-0.2771219,0.20225881,1
0.66811967,-0.5342541,1.1811935,0.99737763,0.97152114,2
-0.5755423,0.91031766,1.022532,0.36772478,-0.42617437,1
0.802276,-0.22417107,0.09549804,0.097969666,0.10495831,2
-0.15010351,-0.46948743,1.4378453,0.45347863,0.5019258,2
-0.18996237,-0.33938882,0.72851276,1.5257581,-1.0958139,1
-0.76302826,-1.1032333,-0.78082323,-0.34271938,1.3153731,2
2.1123888,1.0170803,-1.4314368,0.26018757,-0.77520776,1
-0.9183161,1.5088899,-0.23534684,1.3879149,-0.95377266,1
-0.3708142,-0.47121665,0.53779745,0.607704,1.8649211,2
-0.2182633,1.7870209,0.28301105,-0.16012637,-0.4217769,1
-0.5854558,-0.3182774,-0.23234642,1.2737257,1.6264317,2
-0.4022152,1.9279902,-1.8424734,1.1749254,-0.8328175,2
-0.4985463,2.864225,-1.7510144,0.50859755,-0.58161396,1
-0.564067,0.42322335,1.2024839,-1.1300697,0.011327535,1
-0.70315945,-0.06981031,1.9091482,-1.5248467,-0.016028643,1
3.1328177,-0.7092803,-0.93090916,-0.35310495,-0.021617323,1
-0.5054705,-0.55410653,-0.20373943,-0.7935348,1.4709291,2
-0.2282551,-0.034041952,0.0025902987,0.8493856,-1.2490387,2
0.75529605,0.8707042,0.017466635,-1.0535393,1.4731854,1
2.6534967,-0.6845194,-0.24134037,0.759138,-0.59972733,1
-1.0378225,1.0777776,0.06638299,2.2083783,-1.2064202,1
0.54023623,0.30011436,-1.3202108,-0.715047,0.08926533,1
-0.6920908,-0.5474485,0.13356692,1.5751392,-1.207475,2
-0.5958991,-0.32106525,-0.14492455,0.82766646,-0.3311574,2
-0.60826874,0.7174783,-0.52690864,-0.114295796,-0.53616,1
1.520863,1.0847294,-1.2132999,-0.88112307,-0.399561,1
3.0672708,-0.97427297,-0.7569164,-0.6594185,0.13699104,1
-0.47871315,-0.5497385,0.9995053,1.264372,2.5250196,2
-0.7309918,-0.3787648,0.14071807,2.2284844,-0.4563067,2
3.3405924,-0.91820186,-0.504093,-0.11252858,-0.54144406,1
0.48689896,0.27462077,0.38538226,-0.3449014,-0.0123511255,2
-0.55517036,-0.35697842,0.5111961,1.6426756,-1.1963731,2
0.9467238,0.3272272,-1.4860855,-0.40076685,0.019224105,1
0.29586512,1.5856788,-1.4581527,-0.2816482,0.73475134,1
-0.66279066,-0.96641785,-0.29640275,-1.1725866,1.528597,2
-0.84001976,-0.93483555,-0.33003715,1.3969293,-1.2391609,2
-0.45825714,2.0560315,0.0894877,0.66534805,-0.6252239,2
-0.8399842,-1.2328942,-0.20927563,-0.6703217,0.08465563,1
-0.36219692,0.9191716,1.6069578,-1.4336767,-0.75113446,1
0.3143993,1.0350711,-1.5895102,-0.29267886,-0.7845512,1
-0.60811967,-0.01635477,1.889128,-1.259486,0.5355996,1
-0.24194027,0.21038279,-0.49191138,-0.054849744,-0.3935937,1
0.16590284,0.74113876,-0.8609717,-0.24417943,-0.87187785,1
3.058449,-0.5547936,-0.5713066,-1.1314565,-0.5194868,1
0.15143438,0.11024794,1.02518,0.8386178,2.178622,2
-0.32910234,-0.7798379,-0.26809758,1.3302833,1.6644654,2
-0.5799508,-0.004481852,1.168749,0.38438615,-0.61979014,1
-0.46771565,-0.54897106,0.58320147,1.1055937,-1.1871743,2
-0.9421189,0.44785172,0.5090787,0.29547584,-0.80747324,1
0.245285,1.0056319,-0.18167616,1.2093371,-0.94761765,2
-0.8135863,-0.97154516,-0.34327066,0.49789605,-0.031104684,2
-0.2133233,2.3017068,-1.4266899,-0.93686056,-0.73305094,1
2.9836051,-1.0866051,0.3230343,-0.607837,-0.4887594,1
-0.94428974,-0.2971026,-0.6256027,0.25341254,-0.15293737,2
-0.5488088,-0.4362302,0.1743738,1.0789165,1.2702048,2
-0.5408535,0.66471046,1.5070361,-1.4138042,-0.589236,1
-0.35879552,-0.4469216,1.4576744,0.8191177,1.3114297,2
-0.7071405,0.091237694,0.11318131,-0.12916005,-0.25356767,1
-0.9092062,-0.9134295,0.11269156,1.7122933,-1.3986213,2
0.29849774,1.4911,0.7231294,0.22025898,1.2880557,2
-0.16493346,1.8385655,1.0776778,-0.7875986,-0.5737685,2
-0.22930239,0.31048596,0.62643427,1.6540058,-1.0102917,2
-0.2708236,0.5874854,-0.4553672,-0.21838285,-0.29747325,1
-0.5803056,-0.7111294,-0.32029063,1.1031529,-0.17837481,1
-0.90112805,-0.5342581,-0.120383024,0.74150884,-0.055577263,2
0.2718437,1.5022155,0.7011533,0.047413662,-0.37791514,2
-0.56226647,-0.63905907,0.1826455,1.9862199,3.1561291,2
-0.512401,0.14873832,-0.015840525,0.20042041,0.07660715,2
0.18779588,1.3053354,-1.2403272,-0.90249026,-0.4214611,1
0.29472563,1.8550378,0.98936534,-1.3766062,-0.53287,2
-0.82836014,-1.7890422,-1.6370084,-1.2919021,1.5743005,2
0.86623704,0.04379995,-1.1597269,-0.22282907,-0.0887513,1
-0.7785599,1.1232011,-1.6054165,-0.14281224,0.112086475,1
-0.359668,-0.2547915,1.6743784,-1.4950784,-0.044987485,1
-0.9277643,-0.652071,0.84267706,0.8744485,-0.008379906,1
1.3596741,0.19139162,-1.0232022,-0.249364,0.35088006,1
-1.2687954,-2.427852,-2.3036904,-1.9840548,-1.1297141,2
-0.56442845,-0.64158255,0.29693854,0.27648768,0.8983653,1
-0.5037931,0.5862478,0.20546639,-1.2969154,-0.6127174,1
-0.33673915,-0.30947027,1.4595004,-1.6181207,0.021045804,1
-0.453343,1.4354315,-1.6823938,1.1838329,-0.8046481,1
1.4701902,1.6074196,-1.2834637,-0.7327761,-0.33074817,1
-0.6661993,-0.37759736,0.39832106,1.3175164,0.00495556,1
-0.3746317,1.8019228,-1.2521373,-0.6176456,-0.2702325,1
-0.49431798,0.1122104,1.2938582,0.8941657,-0.1980961,2
-0.45570946,-1.1175959,1.2727774,0.49094203,0.6189482,2
1.0774103,0.18230668,-1.3774365,-0.7510005,-0.111897625,1
1.7885253,-1.3012533,-0.99913824,-0.70913565,-0.19250071,1
2.3291726,-0.09267163,-0.5309124,-0.36229992,0.5980388,1
3.8538635,-1.5886227,-1.1424495,-0.64410704,-0.06729758,1
0.22924331,1.9590346,-1.2279135,-1.0401924,1.3113483,1
-0.8805233,0.19069053,1.2421206,-1.3150144,-0.8472301,1
2.6284268,-0.91066456,-0.14928702,0.648424,-0.5724934,1
-0.48784256,-0.12359181,0.4969996,0.36154604,3.083826,2
-0.58854514,1.7888093,-1.3713406,-0.35813418,0.18982086,1
-0.054990828,-0.4902938,0.071351536,1.3843639,-0.83513117,2
0.05553618,1.7875916,-1.6383715,-0.83390516,-0.6717752,1
-0.38005018,0.09459329,0.07808676,0.06953451,-1.0940253,1
-0.34651056,-0.55640024,1.2938669,1.0742339,2.2761478,2
-0.20261377,-0.7842861,-0.39465788,1.2720634,-1.1158366,2
-0.17667814,-0.17874664,1.6376398,-1.4869347,-0.48992944,2
-0.50228053,-0.60022146,-0.50581753,0.79569376,1.7077423,2
0.7439888,-0.008271486,-0.31807,-0.30328882,-0.4585093,1
0.0036462024,0.06311937,-1.192559,-0.6903155,-0.43937856,1
0.87728316,-0.59761167,-1.0372436,-0.5151152,-0.0571528,1
-0.6294151,-0.09619069,-0.29824132,0.54176134,1.3237039,2
-0.5532676,1.7128114,1.2223734,-1.0707854,-0.3003741,2
-0.65814984,-0.833782,-0.06636536,1.613489,0.036334977,1
-0.554118,-0.64991605,0.9479075,0.85136044,-0.38211977,1
-1.3618257,-2.0768647,-1.4731328,-1.0419248,-0.49475414,1
-0.5930163,-0.84655064,-2.1771758,0.8421575,-1.7613497,2
1.7306197,-0.16984844,-0.73015827,-0.2926332,0.027588367,1
-0.16855448,-0.9617929,-0.5771264,0.9967804,2.1986063,2
-0.40245128,-0.4276362,1.704069,-1.2664317,-0.61966914,1
1.0198542,0.59055233,-0.3292132,1.3285831,-0.75502527,1
-1.0444671,-1.0147493,-0.0044587553,0.86631274,-0.99486864,2
0.5731783,-0.5821457,1.1896416,0.92322314,1.9554433,2
-0.5389837,-0.35420406,-0.79511017,0.32095355,-1.1642262,2
0.15382466,0.25934643,1.160792,0.4125176,1.2749114,2
0.041372433,1.6971158,-1.5468411,0.4316131,-0.73043233,2
-0.099848256,-0.21660055,0.9002958,-1.9931062,-1.2546977,2
-0.58971596,-1.077777,-0.13047956,-0.10191576,-0.8861988,2
-0.7079307,-1.0872527,-0.63076043,-1.4718407,2.2853076,1
-0.35284692,2.552681,-1.8231022,-0.15491313,-0.45916057,1
-0.52045786,-1.0933855,0.719688,0.9000407,0.8518316,1
-1.1503886,-0.5062828,-0.4658702,1.2663075,-1.7565756,2
-0.77758425,-0.99814624,0.33548784,1.6787581,-1.3384967,2
0.14251956,0.1818412,0.593348,-1.2687838,-0.69134474,2
0.8351203,1.2102747,-1.559297,-0.87289023,0.13535997,1
0.90691954,0.46921092,-0.17490032,-0.6759909,-0.4055358,1
-0.8821353,0.2997095,1.3216076,-1.5079446,-0.16320209,1
-0.6280882,-1.0978067,0.34066537,-1.3880693,0.29746017,2
-0.85049295,-0.3893851,0.1121124,1.475972,-1.3181585,2
-0.38592052,-0.17080477,-0.113487296,1.5004194,-1.1019304,2
0.105127305,-0.8648273,0.5485312,1.0120072,2.3084784,2
0.6507824,0.9489469,0.21849692,0.19388562,0.8035769,1
0.71692073,0.29753757,1.298817,-1.1189425,-0.5788443,2
-0.77795315,0.0058985353,0.6515988,-0.18621975,-0.27829993,1
-0.38156188,-0.5156928,0.35565516,1.296713,-1.8896235,2
3.4789586,-0.60691166,-1.3827056,-0.7349318,-0.22933184,1
-1.0659181,-0.6220933,-0.5949633,-1.5802914,-0.2610234,2
-0.9519705,-0.9144435,-0.86448026,-0.31420112,1.415194,1
-0.5569009,-0.12027228,1.7228218,0.68635464,-1.2312164,1
2.050986,-1.1141878,-1.2554165,-0.50985974,-0.15424995,1
-0.93034244,-0.31551734,1.263392,-0.9930955,-0.23561953,1
-0.54485875,-0.64483136,0.03135337,0.23518899,0.7523792,2
-0.4864747,-0.73999083,0.74199665,1.0780799,2.975023,2
-0.72700346,-0.8333125,1.040644,1.1304821,-1.0623693,1
0.30341488,0.24931562,1.0635145,0.6673062,1.023593,2
-0.67082703,-0.66222566,-0.14011905,1.798783,1.9511292,2
-0.48246455,-0.5528237,-0.37062678,0.64913046,1.3653027,2
-0.47479302,0.33564457,0.111082,1.6724343,-0.053402334,2
-0.93278366,-1.2565229,-0.69609463,-1.09068,-0.25530738,2
0.9902384,1.1004779,-1.6859838,-0.86413413,0.01657942,1
-0.76182824,0.088062495,-0.01370275,-1.0639395,0.05512692,1
-0.70643425,0.07546742,1.1443413,-1.4849136,-0.9720166,2
-0.10917562,-0.2022788,1.5721747,-1.2666659,1.1203883,2
2.5084195,0.0020041913,-0.03709668,0.36026543,-0.37510943,1
-0.2584775,0.15035602,0.6290519,1.4603584,-0.124210455,2
-0.6775521,-0.30333412,-0.16246375,1.471004,-1.6894869,2
1.453498,1.1662836,-1.5808221,-0.8218793,0.07755759,1
0.18320262,1.2572416,1.0099753,-0.99893904,0.45538092,1
-0.36449653,2.2395725,-2.072722,-0.7954784,-0.24277675,1
-0.8155389,-0.96146476,0.046567604,-1.4177489,1.8062423,2
0.20617028,2.0403826,0.094130404,-0.16403247,-0.36624622,2
-0.3190617,-0.47423112,0.31979296,1.734499,-0.15536569,2
-0.67981154,-0.82925326,-0.90339255,0.07191625,1.2048998,1
0.49263436,1.8692199,-1.6570878,-1.0584782,1.1697059,1
-0.13326901,-0.7364151,0.3430312,1.6667986,-0.24945503,2
-0.64230067,-0.68808484,1.4563843,0.06630692,1.1335711,2
-1.0966936,-1.139818,-0.3281709,1.332248,-1.6882797,2
-0.3933735,-0.4267652,1.1433542,0.8124085,-0.30319688,2
1.6860727,-1.0175202,-1.033197,-0.36059773,-0.28744903,1
-0.4856602,-0.3505359,0.16365358,-1.2539595,1.2009546,2
3.0108225,-0.7120511,-1.0831335,-0.55568993,-0.2121467,1
2.3974786,-1.0468041,-0.6333792,0.7076996,-0.69110686,1
-0.17633632,-0.37086672,2.4394245,-1.4540249,-0.95380884,1
-0.10544138,2.2502027,-1.5527313,-1.0572629,-0.6583906,1
1.3097608,0.6980253,-0.2922698,0.73857504,-0.8330443,1
-0.73993635,-0.56395406,1.758293,0.33544904,1.2668121,2
-0.33013287,1.2261469,-1.3209772,-0.43173108,0.12270746,1
-0.6658745,-1.020012,1.3674546,0.2537236,0.731542,1
0.8125694,-0.027318396,-1.8898337,-1.4048175,-0.92949843,1
0.92920625,1.0443231,-1.5862969,0.43640447,1.0746307,1
4.0103836,0.36461735,-1.1016614,-0.96046036,-0.4350404,1
-0.1792321,0.07705373,1.0528841,0.6507297,-0.2404128,2
0.047399357,2.101089,-1.7921249,-1.0964168,-0.38211593,1
-0.7607363,-0.61467004,-0.06896812,0.87193924,-0.9954102,1
-0.79338676,-1.0095093,-0.42198533,0.09625293,-1.0073372,2
-0.59673494,-0.66304225,0.80180925,1.0988933,-1.6434813,2
0.18685952,1.8127856,-1.7276399,-0.86878014,-0.42271417,1
-0.72657514,-1.0628939,-0.41232055,0.8996412,2.7452278,2
0.80043614,1.4284911,-1.3123869,-0.27880767,-0.41533694,1
0.12296134,0.96496046,-1.4746655,-0.967634,-0.21197529,1
-0.74157095,-0.77191585,-0.49797302,-1.3413332,1.4613212,2
1.0230523,0.6694617,-0.29950505,-0.059974343,-0.27189672,1
-0.58274305,-0.0662249,0.13165137,0.4633947,-1.0293725,2
-0.46556497,-0.17632183,1.0132409,-1.3905578,-0.66797173,1
-0.5532208,0.07612088,0.9800499,0.019192576,-0.17232922,1
0.8288067,-0.28614077,-1.0001384,-0.37062073,-0.014130431,1
1.4106994,0.94167113,-0.41768366,-0.8863678,-0.37017217,1
-0.7094071,-1.3003299,-0.7033741,-0.18360603,1.1881019,2
4.1202984,-2.0656958,-1.1607535,-1.0227108,-0.38816035,1
1.2138089,-0.07130876,-1.3416306,-0.6499229,-0.3526962,1
-0.30770773,-0.1409961,0.0072025955,0.68160427,-0.20582947,2
-0.48271203,-0.53302455,0.34414566,2.0197186,2.8134751,2
-0.17501843,0.3161988,-0.572609,-0.22954112,-0.30575976,1
1.7548795,0.20135674,-0.73750526,-0.28560448,-0.36893332,1
1.0233132,1.4977959,-1.497931,-0.24907035,-0.776862,1
-0.5904995,-0.109555736,1.5360687,-1.3930591,-0.5070843,1
-0.582792,0.83723545,0.17018996,0.14489296,-0.98896194,1
-0.61772925,-0.58046544,1.4119492,-1.5054659,-0.3248762,1
-0.46517405,0.4138078,0.4094367,-0.053017933,0.0414446,1
1.0254757,-0.4620977,0.849171,0.35336626,0.53049487,2
-0.59936136,-0.8629478,-0.21792375,0.7967669,1.7347431,2
-0.5529249,-0.61892533,0.039313406,1.7710872,-1.5695063,2
-0.4222493,0.50161976,1.94831,-1.5837878,-0.7864033,1
-0.2536765,0.6151514,0.6021272,-0.14380415,0.03285405,1
-0.4924948,-0.09198094,1.3106909,-1.3660188,-1.198474,2
0.4663117,0.5340607,-1.4290636,-0.24137199,-0.28867343,1
-0.75393695,-0.579443,-0.8420136,0.332571,-0.04432285,2
0.105652064,1.0409249,1.0685505,-1.0407531,-0.43275836,2
-0.69119704,-0.5640309,-0.9871578,0.3446816,-0.1320068,2
-0.31259704,-0.35079366,0.769884,0.7518909,2.4989629,2
-0.90793234,-0.78386194,-0.24955657,-0.2010892,-0.5522857,2
-0.03864544,2.0885413,-1.3129431,-0.9546594,-0.6746415,1
0.7843227,-0.4809721,0.5101088,1.1353992,-1.1153523,2
2.7353272,0.06329596,-0.7043616,-0.049917877,0.4011545,1
-0.90357953,-0.500074,0.9486993,-1.3662093,0.4461754,1
0.35938203,1.5023007,1.0629619,0.4450959,-0.5004435,2
-0.6947088,-0.8240131,-0.13460588,1.86184,-1.4064226,2
-0.4911381,-0.85506713,2.1797912,-1.3764869,0.280923,1
-0.692055,-0.8916144,1.2756256,0.6503258,2.0194445,2
-0.98847425,-1.0038543,-0.34186095,-1.3143228,-0.40380716,1
2.8001206,-1.2501432,-0.804351,-0.528405,-0.3057309,1
-0.07746842,-0.66899824,1.3002402,-1.344431,-1.4641032,2
-0.8115466,-1.0610721,0.9756237,-1.6304708,-0.71191967,2
-0.19545773,-0.046480924,0.5971184,0.5006096,-0.8072026,2
0.19824034,-1.0883884,0.85417575,0.87000287,1.4805857,2
0.062120914,0.04169236,1.84261,0.4610664,-0.56411064,2
0.017319702,0.016047612,0.76907057,0.3993989,2.0003774,2
-0.7367412,-0.9305758,-0.56779414,0.03856813,1.2337065,2
-0.6457804,-0.8084713,-0.46481258,1.9131448,-1.2949741,1
2.2366004,-0.9801292,-0.6231935,-0.7382918,-0.06612931,1
0.6704393,-0.55689114,-1.0794106,-0.3780799,-0.44478887,1
-0.06752072,2.173973,-1.485944,0.13212979,-0.6731728,1
-0.6545348,-0.50055283,0.66828865,1.4591076,-1.3147863,2
-0.14978652,1.5408865,-1.7304257,-0.25405645,-0.520947,1
-0.4943662,0.28969193,2.448907,-1.1413312,-0.7117427,1
-0.8010778,-1.1011922,0.0160052,2.393346,-1.5047072,1
2.967082,-0.8802311,-0.81281835,-0.6475701,0.046075005,1
1.4217944,0.5179242,-0.16653824,0.92889935,-0.8224806,1
1.6778063,1.8126756,-1.3208885,-0.2895218,-0.37065282,1
-0.49662668,0.23239543,2.225354,-1.4222779,-0.699717,1
-0.12625553,0.42253008,1.2867697,0.1316599,-0.68237764,2
-0.7033142,-0.6489823,-0.12196939,1.2012062,-0.017399296,2
-0.762459,-0.8136542,-0.20774835,-1.5733222,2.6297185,1
-0.92050344,-1.1900849,-0.66818506,-1.2368765,1.5483198,1
-0.5296765,-0.9629456,-0.12515846,0.73705864,-1.0479895,2
2.6396344,-0.16735004,-0.19658959,-0.20156583,-0.57317334,1
-0.277148,-0.09516704,0.16545725,0.88556486,2.8072972,2
0.1286239,0.3737958,0.59741926,0.92522156,-0.49496576,2
-0.48494077,1.8373132e-05,-0.014787957,-0.9928292,0.5865827,1
-0.2958763,-1.0359805,1.5312636,0.30978438,0.7780272,2
-0.3075723,-0.24351108,1.4745481,-1.3778714,-0.59363294,2
-0.5031065,-0.0076937526,0.6712364,-1.0300083,-0.67313135,1
-0.12867722,1.7395914,-1.7798336,-1.1060804,-0.6458982,2
0.44794565,0.18837176,0.55989355,-0.9907644,1.3542213,2
-0.6395943,-0.65268874,0.46395475,-1.941104,3.3814392,2
-0.14178374,-1.2759286,0.9902352,0.43505612,-0.986812,2
2.1229248,-0.5448019,-1.3647568,-0.5849115,-0.26951534,1
-1.3173667,1.4982947,-0.25825256,0.06284051,-0.425731,1
-1.2074212,-1.672682,-1.5580401,1.1040239,-1.9834412,2
-0.48979434,-0.38488054,1.7019261,-1.4784049,-1.0599539,2
-0.97653383,-0.46876693,-2.1905718,2.790295,0.25885916,1
-0.41123775,-0.024262235,0.5647624,0.37533113,-0.9095098,1
-0.71086204,-1.1723155,-0.023845524,0.6480691,1.2941532,2
-0.7077944,-0.24617413,-0.086886555,0.6391864,-0.670459,1
0.25389674,0.6929163,0.18114628,-1.4758996,1.5296679,2
-0.08485409,-1.1032257,1.0437237,0.38630915,-0.26889285,2
0.12803581,0.36928016,0.57363474,-0.94027704,-0.45165452,2
0.46196082,1.3068337,0.40174735,0.03695187,-0.46506026,2
3.6774545,-0.21581109,-1.4552584,-0.6033167,-0.39639944,1
-0.11577591,1.9415321,-0.05569061,-0.0061475784,0.6253401,2
0.8641886,1.30003,-0.14443421,-0.1246506,-0.5307011,2
-0.4085219,-0.83608145,0.89351225,0.54871887,2.6701698,2
-0.70555043,-0.8580564,0.19980519,0.32362533,-1.0219408,2
-0.39420545,0.9844273,1.1668093,-0.93330634,-0.7904632,1
-0.67389333,0.15323874,0.63122106,-0.98442185,-0.32821363,1
3.3329754,-0.80874866,-1.4555881,-0.5335222,-0.4730075,1
1.0163771,0.1639352,-1.347433,-0.64142,-0.16495225,1
1.1316553,1.4088367,0.4246499,-0.72502995,-0.6205701,2
-0.72780174,-0.35891628,1.5229068,0.5739953,1.8602588,2
-0.6686805,-0.7302748,-0.7430322,0.74040055,1.4273448,2
-0.12945373,2.7816527,-1.3229629,-1.214002,0.5277587,1
-0.7098207,-0.123563185,0.952063,-1.7758932,-0.80327886,1
-0.65673757,-1.0762354,-0.124321684,1.8922443,-1.1552547,2
2.2307122,0.20729013,-0.38291067,-0.49739894,0.18011911,1
-1.2844034,-1.7775404,-1.5613588,-1.3436649,1.5526606,2
1.6992344,1.6012928,-1.338855,-0.052078813,-0.42846197,1
-0.46538895,-0.33141872,2.0194788,-1.5176349,0.83509505,1
0.013645947,0.19337949,1.5992305,-1.1544958,-0.57723236,2
-1.2103934,-0.25511903,1.1331978,-1.2199546,-0.73840684,1
2.9608138,-0.1381335,-0.47481132,-1.0575424,0.3740429,1
-0.76853245,-0.12959513,1.381004,-1.5509378,-0.26884016,1
3.424508,-1.0512261,-1.3241171,-0.32584286,-0.118395254,1
-0.7959604,-0.44886154,-0.081086755,1.9005946,-0.011743724,2
-0.23971394,-0.41184437,1.0991042,-0.92012346,-0.87388027,2
-0.6155222,-0.5388283,0.3917712,0.58052063,-1.1603134,2
-0.050397262,1.6793828,0.1819296,0.28064436,0.9971215,2
2.3462458,-0.6784838,-0.6253307,-0.6719854,0.012796611,1
-0.08302613,0.13455269,-1.4323487,-0.9883604,0.09418875,1
-0.23678412,-0.7311269,-0.42098075,2.1876628,-1.0062408,2
0.11039735,-0.46113843,1.3431841,0.6050984,1.4421352,2
-0.97207195,-0.9516738,-0.11234361,-0.16788158,1.7618315,1
2.2466133,-1.1130009,-1.3648354,-0.5410189,-0.1540418,1
-0.25569302,1.6593487,1.0533055,-1.0383625,-0.5065259,1
-0.7295672,-0.9075314,-0.3213558,0.25354758,-0.066179104,1
0.74516636,1.2778218,-1.256604,-0.21289529,-0.48873848,1
-0.061772585,1.6983863,-0.006467065,0.9249109,0.6183287,2
-0.5858433,1.3768604,0.22516885,0.24010612,-0.15945756,1
-0.07476261,2.0670466,-0.2446215,0.9242466,0.5647433,2
3.2154024,-0.7394145,-1.125093,-0.8891635,-0.16325378,1
-0.61722916,-0.667403,-1.6626569,-1.8538731,1.2289746,2
-0.45058694,-0.104012914,0.6381358,0.5573027,-0.7398774,1
-0.81451267,-0.7509879,-0.97609544,-1.0572479,0.06699522,2
0.71132517,1.7534075,-1.269971,-0.8501684,0.13949099,1
-0.56336313,-0.09230598,1.5615245,0.61414295,-0.62686104,1
3.751804,-1.1314623,-1.3847947,-0.4788233,0.29434937,1
-0.8441193,1.6701666,0.24846119,0.13471365,0.2218218,1
-0.7453368,-0.56453395,0.4139628,0.4345636,1.933493,2
-0.45191056,-0.8757527,1.9162632,0.4924033,0.97113425,2
-0.6226864,0.54444885,-1.3719081,-0.94868046,-0.40664276,1
0.14469841,-0.1855245,1.1612113,-1.4582491,-0.33067274,2
-0.11780548,0.15494654,0.81234044,-0.8405106,0.10182466,1
4.027359,-0.6495197,-1.2446566,-0.57482445,-0.28598952,1
0.7205798,1.253413,-1.3212211,-0.74033207,-0.22010818,1
0.17724398,1.6935691,-1.402718,-0.08851841,-0.82803273,1
-0.87636,-0.7091658,-0.74162394,0.17962678,-0.1408693,2
-0.8091068,-0.9996689,-0.33699983,1.7282456,-0.8583417,1
-0.91730314,-1.34092,-0.67337304,0.22353013,-0.46951395,1
2.6049051,-0.7728236,-0.58285433,-0.83766353,0.1782353,1
3.047322,-0.539812,-1.0891815,-0.22325346,-0.17683458,1
-0.5205523,-0.6063491,-0.38535047,2.1467302,-0.09332857,1
-0.57210904,-0.8156345,-0.33039343,2.4573183,-0.04906849,1
-0.5268601,0.30337137,-0.2650347,0.42448384,0.6487081,2
2.9642882,-0.8352593,-1.1739147,-0.61617476,-0.24925534,1
3.2177672,-1.9345796,-1.0640681,-0.7213903,-0.35927796,1
-0.0043946225,-0.55380803,0.73473877,-0.06624823,0.6367523,2
-0.2453238,0.6702177,0.34084904,-0.306439,-0.19398731,1
-0.061087325,0.7012344,0.5307796,0.7935816,-0.7608143,2
0.4395979,-0.24610436,0.94631016,-1.6146548,1.4458654,2
0.9897301,1.7179773,0.000955835,-0.90382767,-0.19162194,2
-0.3466038,-0.2889235,0.30407673,-1.2512586,-0.91723347,1
0.90889204,2.0317929,-1.3590497,-0.56711996,-0.60529006,1
-0.44833225,1.2046143,1.3551719,-0.9086727,-0.5208379,2
0.5069651,1.6965221,-1.719307,-0.38843703,0.8141552,1
3.1240208,-0.106166005,-0.6245186,0.016154438,0.5599358,1
-0.501348,-0.37238955,0.7872722,1.4765334,-0.82452166,2
-0.39278913,-0.25256243,0.9461361,-2.0685573,-0.10261705,2
-0.5340911,1.7488269,-1.679609,-0.1928669,-0.384681,1
-0.44477642,-0.92390895,1.1771183,0.30187055,0.7685221,1
0.29803112,1.635102,0.118951224,0.18294407,-0.6792776,2
-0.92146665,-0.7947593,-0.1416772,0.89225286,-0.8557984,1
-0.7033795,-0.6194497,0.5455313,-0.074227124,-0.831414,2
-0.52715784,2.569843,-1.666343,-1.3195268,-0.5052052,1
-0.4788927,-0.7897714,-0.26276436,0.26111528,-0.252964,2
-0.29907528,2.1443245,-1.875769,0.57098454,-0.6583027,1
-0.78400105,-0.5632436,1.6466773,-1.6966423,-0.54036975,1
-0.6044155,0.36052603,2.1341815,-1.5946208,-0.78169173,1
0.047495842,-0.11566581,0.37983108,-1.5819639,2.504105,2
0.042129636,1.4397745,1.3866047,-1.2471472,-0.7261466,1
-0.7355321,-0.56891656,0.9126604,0.5414456,1.1403329,2
-0.01316905,-0.8403654,0.5779653,-0.007896721,0.85746294,2
-0.67348653,-1.0386609,-0.3209527,0.2898621,-0.340043,2
-0.6510526,0.12586878,0.9778571,1.183563,-0.4675228,1
-0.7342646,-0.68038714,-0.12728003,1.147034,1.045073,2
-0.050921343,0.04609771,1.5687939,1.063309,0.06334449,2
2.9412766,0.32896578,-1.4352344,0.044058412,-0.3386086,1
-0.47195205,0.2939467,0.45845145,-0.07640481,-0.47175956,1
0.6207422,1.6458025,-1.3373021,0.8577966,-0.4866146,1
-0.60971147,-1.2329001,-0.45249373,-1.8151395,2.1146405,1
-0.296925,0.948877,1.3661363,-1.5072975,-0.9118465,1
-0.51585495,-0.8793588,0.45486382,1.6525602,-0.9889692,2
0.12167835,-0.9132509,1.3472013,1.1679378,-0.95242846,2
-0.63540995,0.25135744,0.92176,-1.2909409,-0.66624403,1
2.9995146,-1.6861098,-0.9985528,-0.4094427,-0.40679127,1
-0.5959945,1.8918681,-1.5775611,-0.36978623,-0.08156927,1
2.6609807,-0.30415648,-0.2413288,0.72175574,-0.5470772,1
-0.65728825,-0.15140672,-0.21111697,1.1327945,-0.11452468,2
2.1519465,-0.9497464,-0.6619467,-0.65371203,-0.42948496,1
-1.2101781,-1.0900873,-0.20088372,-0.119463,-1.5171353,1
-0.71523064,-0.86200607,0.009409577,1.5542374,-1.5993687,1
-0.39989564,0.28648347,1.5253694,-1.2907243,-0.16598432,1
-0.5310873,1.64681,0.47894594,-0.78143543,-0.34729916,1
-0.17455871,-0.4241475,1.2555547,0.31924784,2.046747,2
2.5793388,-1.009012,-1.1014045,-0.5068613,-0.28638285,1
-0.7129719,-0.82065153,-0.26140723,0.957973,-0.10194037,2
-0.6205019,0.7445272,-0.4787415,-0.23126946,-0.42206165,1
-2.2317972,0.42594618,-1.1715938,-0.5895426,-0.40244254,1
1.4932855,-0.15718508,-1.3411759,-0.9592976,-0.45924756,1
-0.36914307,0.87249756,1.2430559,1.0851755,-1.0539464,2
-0.7936611,-0.7231177,0.06137882,-1.4405104,0.67336273,2
-0.90564805,1.0920701,0.6000912,0.17925268,-0.97265464,1
-0.6568923,0.6971775,1.3831664,-1.5761367,1.0421789,1
-0.3298958,0.71750504,1.561239,-1.4996051,-0.5979996,1
0.39549914,1.458377,1.1621227,-1.0086453,-0.3800228,2
-0.5771813,-0.43995398,-0.18905604,1.8406836,-1.6085725,1
1.0419962,1.0593374,-1.5161881,-0.9877839,0.07957412,1
0.3402787,0.5028802,-0.62732816,0.054665983,-0.059147365,2
-0.709708,-0.8199823,1.354458,0.9950819,2.0461318,2
-0.73553884,0.0092715025,1.393109,0.37077335,-1.2669958,1
-0.641366,-0.88577574,-0.49571764,-1.294128,1.5877602,2
-0.59541047,-0.7004223,0.0060045645,0.33273005,-1.4441762,2
-0.5451582,-0.022466868,2.311634,-1.7885239,-0.7602958,1
-0.6259069,-0.2767802,1.2105932,-1.4002331,-0.093272775,1
0.08704752,1.13318,-0.017780513,1.2906014,-0.94898736,1
-0.63288796,-0.41113925,0.016729781,2.2188594,-1.6038253,2
1.2310079,0.73706746,-0.077782154,-0.41333658,0.19805576,1
-0.3184201,-0.5890459,-0.38886327,1.0076396,2.1509504,2
-0.43529117,-0.16091834,0.6041288,2.7994704,-1.3497021,2
-0.14477496,-0.26663756,0.31112346,1.5708507,-0.88336915,1
-0.9565227,-0.98423314,-0.052124258,1.6296684,-1.1313937,2
3.060768,-0.84582734,0.20771961,-0.88160044,-0.15438303,1
2.1365635,0.6442988,0.08976846,-1.1249276,-0.37138107,1
1.0497265,0.60071826,1.5921109,-1.199067,-0.15471548,2
-0.74877435,-1.1323439,-0.2739935,-1.1913612,3.3171935,1
-0.32872075,0.37194142,2.2392836,-1.5261816,-0.8036247,1
-0.9323246,-0.81943303,-0.15736435,-2.1538713,-0.27433753,2
0.43504,-0.80536366,0.44688576,0.8373338,2.1245904,2
-0.5955245,-0.19985357,1.3662376,0.69795835,-1.1669945,2
-0.92144686,-0.50833064,-0.7064802,0.42233646,1.0258089,1
-0.45806745,1.2192123,0.67854434,0.31132656,-0.54562473,2
-0.4244802,-0.1797456,2.005406,-1.3554118,-0.9138792,2
-0.5030246,0.111474894,-0.48230553,-1.1212026,-0.18341175,2
-0.3451736,-0.3462655,0.6787243,0.07539998,1.5244038,2
-0.81611574,-0.39836335,0.37610325,1.4405324,-1.173585,2
-0.4918843,-0.6101545,0.10461523,0.39067155,0.40893757,2
2.3996377,-0.8712243,-0.7421749,-0.27823928,-0.4506117,1
-0.8301058,-0.28209698,0.22054139,-1.190464,-0.09616665,2
-0.763656,-0.7552086,-0.37989825,1.7135243,-1.1708759,1
-0.4295463,-0.8144394,-0.10268143,1.475056,1.8884455,2
-0.8488337,-0.97554296,0.015080117,-0.1830104,-0.28996104,2
-0.7506577,-0.96640575,0.18904866,0.92966723,-0.30706075,2
0.50786173,1.198991,-1.4501947,-0.53322303,-0.5354435,1
-0.27121097,1.2430683,-1.3441349,-0.8132226,-0.028122187,1
-0.80299777,-0.8678578,0.015113771,1.9427009,-1.1933259,1
1.6737424,0.53678757,-0.5046242,-0.3340743,-0.7690042,1
-1.3384271,-0.8504323,0.3672442,1.6065876,-1.4940054,2
-0.83003724,-0.35299382,-0.6834366,-0.015457876,1.1300187,2
-0.92798406,-0.8455764,0.27536148,0.404007,-1.0964749,2
0.32239407,1.4783937,0.4811249,0.4443239,-0.4384159,2
-0.6079278,-0.64161104,0.08982531,2.2490075,2.2007244,2
-0.1477972,-0.7965842,0.3706924,-0.15037139,0.581862,2
-0.9104092,0.173457,0.35607168,-1.0306649,-0.57774556,1
-0.7977184,-0.646627,-0.25604784,2.2302737,-1.2060502,2
-0.3611797,-1.02747,-0.067647554,1.4906182,-0.91564834,2
-0.9087013,-0.6746515,0.017003106,0.6069274,-1.1880771,2
0.5235841,0.7754935,0.1022305,1.1690195,-0.9680723,2
-0.9587801,-1.1427321,-0.3828738,1.7370185,-0.82019717,2
0.17378142,1.8122997,-1.5781906,-0.7246632,-0.34369713,1
2.4460766,-1.2964886,0.34679255,-0.92632085,-0.5180257,1
1.1052425,0.91167986,-0.56282586,0.006454926,0.86617136,1
2.17333,-0.7653775,-1.251548,-0.57776356,-0.424868,1
0.420879,1.7252171,-1.6432252,1.3024247,-0.67114216,1
2.4867234,-0.99691856,-0.5426095,-0.62967396,-0.44510388,1
0.30366066,2.3192406,-1.4637234,0.19202605,-0.74155104,1
-0.92273855,-1.3335716,-0.26230377,1.957542,-0.9776584,1
-0.08959417,1.6264638,-1.494916,-0.83367187,-0.41699928,1
-0.75597656,-0.7257197,-0.20024471,2.324498,-1.2685236,1
-0.6502451,2.3174174,-0.02536549,0.034932904,-0.5180192,2
2.6140933,0.34375498,-0.34995288,-0.67584354,0.4948917,1
0.6192218,1.693975,0.623498,0.21414176,-0.36292952,2
-0.6920054,2.0913916,-1.5398244,-0.23634839,0.13006055,1
-0.8053578,-0.14730605,1.1113914,-1.2522607,-0.21240062,1
-0.2905263,-0.99006426,1.114863,0.5115708,-0.90419245,2
-0.35861748,-0.49671572,1.7037803,-1.1403959,0.76906717,1
-0.38845238,-0.6377851,1.0907923,2.39068,-1.1892234,2
-0.032183982,1.8372022,-1.6051306,-0.2083311,-0.20281306,1
0.4296236,-0.8010758,2.3234186,-1.1544116,-0.5233776,2
1.1918161,1.051822,-0.0858019,0.6935577,0.6127766,1
-0.22134668,-0.13884315,1.5175937,-1.695859,0.30958194,2
-0.5578584,-0.07463981,0.8679391,-1.1175243,-0.5678156,1
-0.54749584,-0.9754918,-0.45421922,1.7345039,1.9096314,2
0.44263142,1.1560997,1.4381511,-1.3864204,0.7304766,1
-0.02425988,-0.03687553,0.8960037,2.0036566,-1.1887848,2
-0.5900184,-0.57403237,0.048404202,0.44385856,-1.3699737,2
-0.43846077,-0.65642864,1.100515,1.7415656,2.1181421,2
-1.0501357,-0.8029957,-0.5238914,0.8037031,1.7456586,2
1.1880391,1.0398128,0.81259644,0.21592875,-0.21083783,2
2.4667335,-0.88376737,-0.6623724,0.23489244,-0.8936375,1
3.466443,-0.5436233,-1.0634166,-0.3651367,-0.050998434,1
-0.52337086,-0.16047981,0.4537965,1.9526414,-0.121626556,2
1.1951306,1.2219865,-1.5861619,-1.2850711,0.26598793,1
-0.39808524,-0.8601676,1.0329612,0.4642387,-0.7351038,2
-0.32896227,-0.61582553,1.2233995,0.43984705,0.85275626,2
-0.8877318,-0.59190863,0.52256364,0.10176928,-0.38343757,2
-0.18124539,-0.78782845,1.195989,0.5441954,1.693797,2
-0.5318175,2.090399,-1.6604233,-0.17895202,0.8350496,1
0.16784048,1.7014761,-0.24791093,0.028987989,-0.78390026,1
2.9372368,-0.61306477,-1.4274712,-0.45686734,-0.7265213,1
1.3451941,-0.3378694,-0.98351705,-0.40400705,-0.1689992,1
-0.83020675,-0.5693525,0.42168063,-0.66451734,-0.68412715,2
-0.015490615,-0.8114522,-0.2565602,1.8589253,-0.99947506,2
0.69810534,2.0568292,0.11847933,-0.41398475,-0.45227593,1
3.0183346,-0.79508936,0.27796224,-0.89049757,-0.3489799,1
-1.7032884,-2.7467577,-1.182993,-1.5110745,-0.24300581,2
-0.042506576,-0.5479248,0.50813675,1.0415139,2.934005,2
-0.33638266,3.1067815,-1.6931925,0.29049656,-0.36908734,1
2.6283295,-1.0969492,-0.41261482,-0.41761446,-0.23715334,1
-1.0149016,-0.91422176,-0.20712902,-2.0658946,-0.2192958,1
-0.53020746,-0.018100679,2.208535,-1.769345,-0.6994799,1
-0.6316551,-0.73075235,0.91866624,0.17002732,0.95860934,2
-0.61716235,-0.62027216,-0.08244899,1.0837541,-1.9498818,2
0.14630498,1.7351856,-1.4568714,-0.12863687,0.02309899,1
-0.04185617,-0.03969977,0.37564173,-0.9771986,-0.749948,2
0.2961106,-0.6886125,0.9824788,1.696382,1.4643096,2
-0.5499737,-0.043233886,0.9437334,-1.0583327,-0.20936999,1
3.2738752,-0.58456224,-0.6700185,0.07161446,-0.63389426,1
-0.14890726,0.21366954,0.68157583,0.73017764,1.891325,2
-0.98425126,-1.1899728,-0.30341494,-1.5725179,-0.28594112,1
-0.678995,-0.76640314,1.108825,-1.3191851,3.0519745,2
1.6438909,-0.16976142,-1.3741202,-0.8146106,-0.356542,1
-0.19324788,2.957638,-2.0601845,-0.97939926,-0.22779025,1
0.94785213,0.4701556,1.6919272,-1.3342502,-0.350885,2
-0.24875301,-0.10125188,0.9881005,0.3361708,1.6593363,2
-0.57707727,0.35331523,1.1126363,0.9039415,-0.8506824,2
0.031541616,-0.14363717,1.8530452,0.18085508,-0.6826306,2
-0.8627216,-0.69752985,0.4739399,1.002719,-1.409059,2
-0.79373306,-0.6308224,0.5325525,1.1166209,-0.89415705,2
-0.6439011,-0.16410649,-0.32513613,0.57712543,-0.25053245,2
-0.52574867,-0.5849892,-0.39868778,-0.9848999,1.8377253,2
2.0344863,0.20268098,-0.32613403,-0.6037698,0.006975174,1
-0.18381453,0.9711008,-1.2650108,-0.30614963,-0.400682,1
-0.5146556,-0.24274126,0.5055325,-1.2948843,-0.5565421,2
-0.12937656,1.4673549,0.24011981,0.19344935,-0.055472605,1
-0.030689612,1.2245775,-1.798566,0.002452761,-0.11230653,1
-0.20393936,0.097247705,0.808312,1.0620838,-0.12051687,2
0.255277,-1.0076033,0.9997646,-1.2246888,0.547055,2
-0.596149,0.07598789,-0.26437593,0.15256956,-0.4460305,2
-0.49736372,0.14003891,1.1698341,-1.4013138,-0.71874845,1
1.5058331,0.85598195,-1.496002,-0.48484674,0.32827142,1
0.89560884,1.5511196,-0.17169066,0.09410745,-0.56455946,2
2.9408498,-0.97726095,0.7935668,-0.97458273,-0.37154454,1
-0.4995414,-0.80533683,-0.54258925,-1.5248601,1.7066128,2
-1.0338278,-0.6204512,-0.3873393,0.39049113,1.5991064,2
-0.5837561,-0.42906618,1.1223383,0.8520869,0.15516524,2
-0.19052301,1.3097312,-1.3820735,-0.79595125,-0.316933,1
2.3937845,-0.77523446,-0.5922004,-0.32558626,0.04188344,1
-0.21603586,0.69843996,-0.07970677,-0.70043457,-0.52901495,2
-0.8218892,-0.6371119,1.5189166,0.5151509,-0.84974116,1
1.5602094,0.6998973,1.0227449,-1.2444768,-0.21752407,1
-0.3624113,-0.987221,-0.22203419,0.24392761,-0.2918998,1
-1.0219315,-1.1495794,-0.6827237,0.04253726,-0.84452057,1
-0.45824334,0.32141748,0.47721928,-0.9276504,-0.04384005,1
-0.47089207,-0.010910919,1.8133771,-1.6928979,0.68303394,2
0.5272635,1.7079728,-1.7245507,-0.910759,-0.49893975,1
0.017796904,0.20408362,-0.31634983,-0.3858351,1.096209,2
0.36758122,0.6209413,-1.0990744,-1.0846363,-0.23935561,1
-0.6849529,-0.8713355,0.35382622,0.1436823,1.845181,2
-0.29384226,0.1380038,1.8838954,-1.3002069,-0.61789554,1
-0.032618552,0.5468356,1.3171281,-1.2046511,-0.007287264,1
-0.84204996,0.37527838,-0.39346436,-0.37161064,0.23221126,1
3.5724492,-0.8907206,-1.1707644,-0.4297137,-0.39615273,1
-0.92675275,-1.2655439,-0.017065376,1.5356847,-1.0829931,2
-0.4636377,-0.07791674,1.3751731,-1.6285641,-0.9944038,1
-0.52172756,1.332773,0.25641027,-1.164519,1.8315759,1
-0.22270365,0.6922193,-0.2649242,-0.54376584,-0.46289307,1
-1.1440642,-2.6487215,-1.2881553,-1.1069626,-0.09326449,1
-0.71429193,-0.8111898,-0.47190538,-1.474988,1.9439144,1
-0.38020346,-1.1723495,-0.46771932,0.5569596,2.3173187,1
-0.80113065,-0.7683702,-0.05703084,1.8207475,2.4273052,2
0.17598653,1.7342267,-1.6504433,-0.9719079,0.28111184,1
-0.54571116,0.31065765,1.5036694,-1.1301172,-0.45655334,2
-0.5900257,-0.07724242,-0.44273645,0.7105696,0.9674172,2
0.10785417,-1.4810295,1.0076214,-0.062247306,0.46361446,2
0.8489854,0.73579377,-1.6813124,-0.016105562,1.9076706,1
-0.56648093,-0.5649799,2.1089714,-1.4495906,0.99879754,1
0.28414354,-0.12240721,0.9508134,0.94443166,0.9522608,2
0.44148672,2.1773214,-1.6201518,-0.99509615,-0.56981,1
2.0085833,-0.6986532,-0.9415848,-0.5723063,-0.8144539,1
-0.66411924,-0.47238508,-0.36504298,1.2330021,-1.377868,2
-0.55923796,2.4715028,0.77715415,-0.9794091,-0.69177675,2
-0.88793314,-0.5648344,-0.060504053,-0.18525535,1.2500306,2
-0.3710469,0.04341428,-0.54769564,-1.3013264,1.7616287,2
-0.76303744,-1.1127853,-0.114257395,0.06602305,1.519283,1
-0.07091375,1.2828033,0.055445705,0.8425328,-0.6475795,1
-0.747068,-0.115152135,-0.3893758,1.1458966,-0.4473902,2
-0.8147163,-1.137825,-0.13216253,-0.7480059,-0.5110956,2
-0.16547738,1.7352281,-0.08214079,-1.1207565,-0.5278147,1
-0.5570257,-0.41052303,-1.9201448,-1.3694253,0.37003964,2
-0.17817461,-0.8553129,0.5725036,0.98993677,3.1146564,2
0.33833468,1.1578652,-1.410326,-0.39462197,-0.90108967,1
0.04120949,0.92622256,-1.2704892,-0.2435598,0.09398287,1
-0.96473587,-1.0088577,-0.6136539,0.85764223,-0.8335662,2
0.20328435,1.2207611,-0.3105548,0.8573441,-0.70979303,2
0.7950066,0.7258865,0.19324377,0.09331563,1.3536639,2
2.8642921,-2.0393414,-1.2177683,-0.6938264,-0.24399026,1
0.8778907,1.0838839,0.6151586,-0.027465641,-0.47504458,2
-0.8978574,-0.9845001,0.071706235,-0.8731482,-0.6628587,2
-0.062010422,-0.5606905,0.4195764,0.053558186,-0.9912944,2
0.8463117,0.90330446,-0.9505267,-0.2174127,-0.15746723,1
-0.3025151,-0.64668304,1.6936188,0.6309437,0.2823632,2
-0.59463286,-0.6294152,-0.24765831,2.1846766,-0.28845775,1
-0.3966907,-1.082277,0.28276625,1.3759342,2.8638225,2
-0.8295156,-0.4516763,0.110263735,0.09078099,1.6826359,2
0.103202544,2.0882473,-1.8921052,0.016732126,0.18692704,1
0.13110311,1.8377647,-1.3912234,-0.73815453,-0.010736704,1
-0.33073297,-0.71016824,1.1877276,1.2462692,-1.1340345,2
-0.48576364,-0.9852164,0.0909376,1.9211378,-1.5552922,1
-0.298344,0.23050785,1.021219,1.1992887,-1.0797284,2
-0.6154364,-0.79420453,-0.14957713,0.7508442,-0.41802505,2
1.3104866,0.68484926,-1.3343471,-0.478026,-0.42896903,1
-0.90255934,-0.60388404,0.07826,2.232486,-1.3907707,2
-0.1121031,-0.22438279,1.4227921,0.94156826,1.1402115,2
-1.1383692,-1.519885,-1.7487128,0.64045584,1.742322,2
-0.7628228,-1.1099519,-0.5109991,1.1525934,1.3306674,2
2.3885002,0.17595702,-0.10298078,-0.29998675,-0.27802297,1
3.8547769,-1.5528336,-0.881009,-0.93988925,-0.7211634,1
0.15584128,0.2975482,1.3475878,0.43635634,-0.48092568,2
-0.8183372,-1.8285999,-1.4852775,0.7230511,1.7747664,2
-0.50810117,-0.79519933,-0.09757379,-1.3266071,2.780865,1
-0.68761885,-1.0710312,0.1355157,1.5330182,2.1721466,2
-0.039879307,-0.9862912,1.0008837,0.507025,0.77417666,2
-0.3049386,-0.46170902,-0.19475725,0.8046061,0.94090474,2
-0.33352816,-0.68463063,1.1553234,0.26858857,1.055976,2
0.4547754,0.30823708,1.047807,0.4760498,0.8031376,2
0.6441828,-0.16591835,-1.2091949,-1.0787117,-0.33592147,1
-0.6244487,-0.3583527,0.008005381,1.779386,2.1482737,2
-0.29651076,-0.0591553,-0.3318968,-1.1191939,0.10784052,2
-0.52668196,-0.723168,-0.070792004,0.68577284,1.6161202,2
-0.02086373,-0.7465689,-0.107519746,1.9723814,-1.2096161,2
0.60803795,2.0477772,-1.2800233,-0.9334637,0.16693965,1
0.881123,0.57726693,-0.31141606,-0.92279786,2.2458632,1
-0.54389614,-0.6590451,-0.5263138,1.1360157,1.1805341,2
-0.7429844,-0.028432135,1.3981574,-1.6349627,-0.831111,2
2.1650195,-0.6327946,-0.51113373,-0.9045913,-0.21158773,1
0.8863508,1.1361036,0.19168435,0.2464902,-0.67983866,2
-0.5208805,-0.44320953,-0.07060602,1.5739619,-0.2116394,2
0.6314484,0.04892966,-1.3733846,-0.64209753,-0.015792578,1
-0.91586775,-0.9630373,0.13785724,1.3383527,-1.2582133,2
-0.92341554,-0.25323284,-1.7393763,1.5462735,-0.9383557,2
0.79294574,-0.77324235,2.122011,-1.1895591,-0.7441149,2
-0.51639193,-1.3266859,-0.21101147,2.1769536,-1.5383992,1
-0.34344682,-0.15556428,1.703181,0.6085488,-0.7970648,1
-0.1835147,-0.7012414,0.9910993,0.75481445,2.5241072,2
