,face_baseline,face_kde,face_eps,bayesace_nf_v0,bayesace_clg_v0
0,0.12763118743896484,0.06574630737304688,0.009002447128295898,1.5613596439361572,0.6833028793334961
