,face_baseline,face_kde,face_eps,bayesace_nf_v0,bayesace_clg_v0
0,1.290510892868042,0.727623701095581,0.028999805450439453,1.7616703510284424,0.6618785858154297
