,face_baseline,face_kde,face_eps,bayesace_nf_v0,bayesace_clg_v0
0,0.11154770851135254,0.0554959774017334,0.00599980354309082,1.802941083908081,0.8304593563079834
