,face_baseline,face_kde,face_eps,bayesace_nf_v0,bayesace_clg_v0
0,0.1584484577178955,0.0637056827545166,0.007099151611328125,1.8517112731933594,0.8102083206176758
