,face_baseline,face_kde,face_eps,bayesace_nf_v0,bayesace_clg_v0
0,1.2556300163269043,0.6486010551452637,0.0299990177154541,1.5890240669250488,0.772712230682373
