,face_baseline,face_kde,face_eps,bayesace_nf_v0,bayesace_clg_v0
0,1.0706119537353516,0.7011280059814453,0.030513525009155273,1.8504951000213623,0.8157298564910889
