,face_baseline,face_kde,face_eps,bayesace_nf_v0,bayesace_clg_v0
0,0.11359500885009766,0.054979801177978516,0.0064067840576171875,1.6393322944641113,0.8417484760284424
