,face_baseline,face_kde,face_eps,bayesace_nf_v0,bayesace_clg_v0
0,0.11484146118164062,0.05750751495361328,0.005987644195556641,1.7200376987457275,0.8168885707855225
