,face_baseline,face_kde,face_eps,bayesace_nf_v0,bayesace_clg_v0
0,0.14143633842468262,0.08379578590393066,0.007012367248535156,1.5590355396270752,0.6672890186309814
